solid OpenSCAD_Model
  facet normal 0.321407 -0.946941 0
    outer loop
      vertex 44.2941 -32.3296 0
      vertex 44.9134 -32.1194 21
      vertex 44.2941 -32.3296 21
    endloop
  endfacet
  facet normal 0.321407 -0.946941 0
    outer loop
      vertex 44.9134 -32.1194 21
      vertex 44.2941 -32.3296 0
      vertex 44.9134 -32.1194 0
    endloop
  endfacet
  facet normal 0.195087 -0.980786 0
    outer loop
      vertex 43.6526 -32.4572 0
      vertex 44.2941 -32.3296 21
      vertex 43.6526 -32.4572 21
    endloop
  endfacet
  facet normal 0.195087 -0.980786 0
    outer loop
      vertex 44.2941 -32.3296 21
      vertex 43.6526 -32.4572 0
      vertex 44.2941 -32.3296 0
    endloop
  endfacet
  facet normal -1 0 0
    outer loop
      vertex -48 -12.2099 14.55
      vertex -48 -8.11513 14.55
      vertex -48 -12.1462 14.421
    endloop
  endfacet
  facet normal -1 0 0
    outer loop
      vertex -48 -8.03519 18.3304
      vertex -48 -12.0719 18.8564
      vertex -48 -12.0625 19
    endloop
  endfacet
  facet normal -1 0 0
    outer loop
      vertex -48 -8.11513 14.55
      vertex -48 -12.2099 14.55
      vertex -48 -8.03519 14.6696
    endloop
  endfacet
  facet normal -1 0 0
    outer loop
      vertex -48 -8.03519 18.3304
      vertex -48 -12.1 18.7153
      vertex -48 -12.0719 18.8564
    endloop
  endfacet
  facet normal -1 0 0
    outer loop
      vertex -48 -12.2898 14.6696
      vertex -48 -8.03519 14.6696
      vertex -48 -12.2099 14.55
    endloop
  endfacet
  facet normal -1 0 0
    outer loop
      vertex -48 -8.03519 18.3304
      vertex -48 -12.1462 18.579
      vertex -48 -12.1 18.7153
    endloop
  endfacet
  facet normal -1 0 0
    outer loop
      vertex -48 -8.03519 14.6696
      vertex -48 -12.2898 14.6696
      vertex -48 -8.03519 18.3304
    endloop
  endfacet
  facet normal -1 0 0
    outer loop
      vertex -48 -8.03519 18.3304
      vertex -48 -12.2099 18.45
      vertex -48 -12.1462 18.579
    endloop
  endfacet
  facet normal -1 0 0
    outer loop
      vertex -48 -12.2898 18.3304
      vertex -48 -8.03519 18.3304
      vertex -48 -12.2898 14.6696
    endloop
  endfacet
  facet normal -1 0 0
    outer loop
      vertex -48 -8.03519 18.3304
      vertex -48 -12.2898 18.3304
      vertex -48 -12.2099 18.45
    endloop
  endfacet
  facet normal -1 0 0
    outer loop
      vertex -48 -12.3847 14.7778
      vertex -48 -12.2898 18.3304
      vertex -48 -12.2898 14.6696
    endloop
  endfacet
  facet normal -1 0 0
    outer loop
      vertex -48 -12.3847 14.7778
      vertex -48 -12.3847 18.2222
      vertex -48 -12.2898 18.3304
    endloop
  endfacet
  facet normal -1 0 0
    outer loop
      vertex -48 -12.4929 14.8727
      vertex -48 -12.3847 18.2222
      vertex -48 -12.3847 14.7778
    endloop
  endfacet
  facet normal -1 0 0
    outer loop
      vertex -48 -12.4929 14.8727
      vertex -48 -12.4929 18.1273
      vertex -48 -12.3847 18.2222
    endloop
  endfacet
  facet normal -1 0 0
    outer loop
      vertex -48 -12.6125 14.9526
      vertex -48 -12.4929 18.1273
      vertex -48 -12.4929 14.8727
    endloop
  endfacet
  facet normal -1 0 0
    outer loop
      vertex -48 -12.6125 14.9526
      vertex -48 -12.6125 18.0474
      vertex -48 -12.4929 18.1273
    endloop
  endfacet
  facet normal -1 0 0
    outer loop
      vertex -48 -12.7415 15.0163
      vertex -48 -12.6125 18.0474
      vertex -48 -12.6125 14.9526
    endloop
  endfacet
  facet normal -1 0 0
    outer loop
      vertex -48 -12.7415 15.0163
      vertex -48 -12.7415 17.9837
      vertex -48 -12.6125 18.0474
    endloop
  endfacet
  facet normal -1 0 0
    outer loop
      vertex -48 -12.8778 15.0625
      vertex -48 -12.7415 17.9837
      vertex -48 -12.7415 15.0163
    endloop
  endfacet
  facet normal -1 0 0
    outer loop
      vertex -48 -12.8778 15.0625
      vertex -48 -12.8778 17.9375
      vertex -48 -12.7415 17.9837
    endloop
  endfacet
  facet normal -1 0 0
    outer loop
      vertex -48 -13.0189 15.0906
      vertex -48 -12.8778 17.9375
      vertex -48 -12.8778 15.0625
    endloop
  endfacet
  facet normal -1 0 0
    outer loop
      vertex -48 -13.0189 15.0906
      vertex -48 -13.0189 17.9094
      vertex -48 -12.8778 17.9375
    endloop
  endfacet
  facet normal -1 0 0
    outer loop
      vertex -48 -13.1625 15.1
      vertex -48 -13.0189 17.9094
      vertex -48 -13.0189 15.0906
    endloop
  endfacet
  facet normal -1 0 0
    outer loop
      vertex -48 -13.1625 15.1
      vertex -48 -13.1625 17.9
      vertex -48 -13.0189 17.9094
    endloop
  endfacet
  facet normal -1 0 0
    outer loop
      vertex -48 -13.3061 15.0906
      vertex -48 -13.1625 17.9
      vertex -48 -13.1625 15.1
    endloop
  endfacet
  facet normal -1 0 0
    outer loop
      vertex -48 -13.3061 15.0906
      vertex -48 -13.3061 17.9094
      vertex -48 -13.1625 17.9
    endloop
  endfacet
  facet normal -1 0 0
    outer loop
      vertex -48 -13.4472 15.0625
      vertex -48 -13.3061 17.9094
      vertex -48 -13.3061 15.0906
    endloop
  endfacet
  facet normal -1 0 0
    outer loop
      vertex -48 -13.4472 15.0625
      vertex -48 -13.4472 17.9375
      vertex -48 -13.3061 17.9094
    endloop
  endfacet
  facet normal -1 0 0
    outer loop
      vertex -48 -13.5835 15.0163
      vertex -48 -13.4472 17.9375
      vertex -48 -13.4472 15.0625
    endloop
  endfacet
  facet normal -1 0 0
    outer loop
      vertex -48 -13.5835 15.0163
      vertex -48 -13.5835 17.9837
      vertex -48 -13.4472 17.9375
    endloop
  endfacet
  facet normal -1 0 0
    outer loop
      vertex -48 -13.7125 14.9526
      vertex -48 -13.5835 17.9837
      vertex -48 -13.5835 15.0163
    endloop
  endfacet
  facet normal -1 0 0
    outer loop
      vertex -48 -13.7125 14.9526
      vertex -48 -13.7125 18.0474
      vertex -48 -13.5835 17.9837
    endloop
  endfacet
  facet normal -1 0 0
    outer loop
      vertex -48 -13.8321 14.8727
      vertex -48 -13.7125 18.0474
      vertex -48 -13.7125 14.9526
    endloop
  endfacet
  facet normal -1 0 0
    outer loop
      vertex -48 -13.8321 14.8727
      vertex -48 -13.8321 18.1273
      vertex -48 -13.7125 18.0474
    endloop
  endfacet
  facet normal -1 0 0
    outer loop
      vertex -48 -13.9403 14.7778
      vertex -48 -13.8321 18.1273
      vertex -48 -13.8321 14.8727
    endloop
  endfacet
  facet normal -1 0 0
    outer loop
      vertex -48 -13.9403 14.7778
      vertex -48 -13.9403 18.2222
      vertex -48 -13.8321 18.1273
    endloop
  endfacet
  facet normal -1 0 0
    outer loop
      vertex -48 -14.0352 14.6696
      vertex -48 -13.9403 18.2222
      vertex -48 -13.9403 14.7778
    endloop
  endfacet
  facet normal -1 0 0
    outer loop
      vertex -48 -14.0352 14.6696
      vertex -48 -14.0352 18.3304
      vertex -48 -13.9403 18.2222
    endloop
  endfacet
  facet normal -1 0 0
    outer loop
      vertex -48 -14.1151 14.55
      vertex -48 -14.0352 18.3304
      vertex -48 -14.0352 14.6696
    endloop
  endfacet
  facet normal -1 0 0
    outer loop
      vertex -48 -14.1151 14.55
      vertex -48 -14.1151 18.45
      vertex -48 -14.0352 18.3304
    endloop
  endfacet
  facet normal -1 0 0
    outer loop
      vertex -48 -14.1788 14.421
      vertex -48 -14.1151 18.45
      vertex -48 -14.1151 14.55
    endloop
  endfacet
  facet normal -1 0 0
    outer loop
      vertex -48 -14.1788 14.421
      vertex -48 -14.1788 18.579
      vertex -48 -14.1151 18.45
    endloop
  endfacet
  facet normal -1 0 0
    outer loop
      vertex -48 -14.225 14.2847
      vertex -48 -14.1788 18.579
      vertex -48 -14.1788 14.421
    endloop
  endfacet
  facet normal -1 0 0
    outer loop
      vertex -48 -14.225 14.2847
      vertex -48 -14.225 18.7153
      vertex -48 -14.1788 18.579
    endloop
  endfacet
  facet normal -1 0 0
    outer loop
      vertex -48 -27.5 21
      vertex -48 -14.225 14.2847
      vertex -48 -14.2531 14.1436
    endloop
  endfacet
  facet normal -1 0 0
    outer loop
      vertex -48 -14.225 14.2847
      vertex -48 -27.5 21
      vertex -48 -14.225 18.7153
    endloop
  endfacet
  facet normal -1 0 0
    outer loop
      vertex -48 -27.5 21
      vertex -48 -14.2531 14.1436
      vertex -48 -14.2625 14
    endloop
  endfacet
  facet normal -1 0 0
    outer loop
      vertex -48 -14.225 18.7153
      vertex -48 -27.5 21
      vertex -48 -14.2531 18.8564
    endloop
  endfacet
  facet normal -1 0 0
    outer loop
      vertex -48 -6.20987 14.55
      vertex -48 -2.11513 14.55
      vertex -48 -6.14623 14.421
    endloop
  endfacet
  facet normal -1 0 0
    outer loop
      vertex -48 -2.03519 18.3304
      vertex -48 -6.07191 18.8564
      vertex -48 -6.0625 19
    endloop
  endfacet
  facet normal -1 0 0
    outer loop
      vertex -48 -2.11513 14.55
      vertex -48 -6.20987 14.55
      vertex -48 -2.03519 14.6696
    endloop
  endfacet
  facet normal -1 0 0
    outer loop
      vertex -48 -2.03519 18.3304
      vertex -48 -6.09998 18.7153
      vertex -48 -6.07191 18.8564
    endloop
  endfacet
  facet normal -1 0 0
    outer loop
      vertex -48 -6.28981 14.6696
      vertex -48 -2.03519 14.6696
      vertex -48 -6.20987 14.55
    endloop
  endfacet
  facet normal -1 0 0
    outer loop
      vertex -48 -2.03519 18.3304
      vertex -48 -6.14623 18.579
      vertex -48 -6.09998 18.7153
    endloop
  endfacet
  facet normal -1 0 0
    outer loop
      vertex -48 -2.03519 14.6696
      vertex -48 -6.28981 14.6696
      vertex -48 -2.03519 18.3304
    endloop
  endfacet
  facet normal -1 0 0
    outer loop
      vertex -48 -2.03519 18.3304
      vertex -48 -6.20987 18.45
      vertex -48 -6.14623 18.579
    endloop
  endfacet
  facet normal -1 0 0
    outer loop
      vertex -48 -6.28981 18.3304
      vertex -48 -2.03519 18.3304
      vertex -48 -6.28981 14.6696
    endloop
  endfacet
  facet normal -1 0 0
    outer loop
      vertex -48 -2.03519 18.3304
      vertex -48 -6.28981 18.3304
      vertex -48 -6.20987 18.45
    endloop
  endfacet
  facet normal -1 0 0
    outer loop
      vertex -48 -6.38468 14.7778
      vertex -48 -6.28981 18.3304
      vertex -48 -6.28981 14.6696
    endloop
  endfacet
  facet normal -1 0 0
    outer loop
      vertex -48 -6.38468 14.7778
      vertex -48 -6.38468 18.2222
      vertex -48 -6.28981 18.3304
    endloop
  endfacet
  facet normal -1 0 0
    outer loop
      vertex -48 -6.49286 14.8727
      vertex -48 -6.38468 18.2222
      vertex -48 -6.38468 14.7778
    endloop
  endfacet
  facet normal -1 0 0
    outer loop
      vertex -48 -6.49286 14.8727
      vertex -48 -6.49286 18.1273
      vertex -48 -6.38468 18.2222
    endloop
  endfacet
  facet normal -1 0 0
    outer loop
      vertex -48 -6.6125 14.9526
      vertex -48 -6.49286 18.1273
      vertex -48 -6.49286 14.8727
    endloop
  endfacet
  facet normal -1 0 0
    outer loop
      vertex -48 -6.6125 14.9526
      vertex -48 -6.6125 18.0474
      vertex -48 -6.49286 18.1273
    endloop
  endfacet
  facet normal -1 0 0
    outer loop
      vertex -48 -6.74155 15.0163
      vertex -48 -6.6125 18.0474
      vertex -48 -6.6125 14.9526
    endloop
  endfacet
  facet normal -1 0 0
    outer loop
      vertex -48 -6.74155 15.0163
      vertex -48 -6.74155 17.9837
      vertex -48 -6.6125 18.0474
    endloop
  endfacet
  facet normal -1 0 0
    outer loop
      vertex -48 -6.8778 15.0625
      vertex -48 -6.74155 17.9837
      vertex -48 -6.74155 15.0163
    endloop
  endfacet
  facet normal -1 0 0
    outer loop
      vertex -48 -6.8778 15.0625
      vertex -48 -6.8778 17.9375
      vertex -48 -6.74155 17.9837
    endloop
  endfacet
  facet normal -1 0 0
    outer loop
      vertex -48 -7.01892 15.0906
      vertex -48 -6.8778 17.9375
      vertex -48 -6.8778 15.0625
    endloop
  endfacet
  facet normal -1 0 0
    outer loop
      vertex -48 -7.01892 15.0906
      vertex -48 -7.01892 17.9094
      vertex -48 -6.8778 17.9375
    endloop
  endfacet
  facet normal -1 0 0
    outer loop
      vertex -48 -7.1625 15.1
      vertex -48 -7.01892 17.9094
      vertex -48 -7.01892 15.0906
    endloop
  endfacet
  facet normal -1 0 0
    outer loop
      vertex -48 -7.1625 15.1
      vertex -48 -7.1625 17.9
      vertex -48 -7.01892 17.9094
    endloop
  endfacet
  facet normal -1 0 0
    outer loop
      vertex -48 -7.30608 15.0906
      vertex -48 -7.1625 17.9
      vertex -48 -7.1625 15.1
    endloop
  endfacet
  facet normal -1 0 0
    outer loop
      vertex -48 -7.30608 15.0906
      vertex -48 -7.30608 17.9094
      vertex -48 -7.1625 17.9
    endloop
  endfacet
  facet normal -1 0 0
    outer loop
      vertex -48 -7.4472 15.0625
      vertex -48 -7.30608 17.9094
      vertex -48 -7.30608 15.0906
    endloop
  endfacet
  facet normal -1 0 0
    outer loop
      vertex -48 -7.4472 15.0625
      vertex -48 -7.4472 17.9375
      vertex -48 -7.30608 17.9094
    endloop
  endfacet
  facet normal -1 0 0
    outer loop
      vertex -48 -7.58345 15.0163
      vertex -48 -7.4472 17.9375
      vertex -48 -7.4472 15.0625
    endloop
  endfacet
  facet normal -1 0 0
    outer loop
      vertex -48 -7.58345 15.0163
      vertex -48 -7.58345 17.9837
      vertex -48 -7.4472 17.9375
    endloop
  endfacet
  facet normal -1 0 0
    outer loop
      vertex -48 -7.7125 14.9526
      vertex -48 -7.58345 17.9837
      vertex -48 -7.58345 15.0163
    endloop
  endfacet
  facet normal -1 0 0
    outer loop
      vertex -48 -7.7125 14.9526
      vertex -48 -7.7125 18.0474
      vertex -48 -7.58345 17.9837
    endloop
  endfacet
  facet normal -1 0 0
    outer loop
      vertex -48 -7.83214 14.8727
      vertex -48 -7.7125 18.0474
      vertex -48 -7.7125 14.9526
    endloop
  endfacet
  facet normal -1 0 0
    outer loop
      vertex -48 -7.83214 14.8727
      vertex -48 -7.83214 18.1273
      vertex -48 -7.7125 18.0474
    endloop
  endfacet
  facet normal -1 0 0
    outer loop
      vertex -48 -7.94032 14.7778
      vertex -48 -7.83214 18.1273
      vertex -48 -7.83214 14.8727
    endloop
  endfacet
  facet normal -1 0 0
    outer loop
      vertex -48 -7.94032 14.7778
      vertex -48 -7.94032 18.2222
      vertex -48 -7.83214 18.1273
    endloop
  endfacet
  facet normal -1 0 0
    outer loop
      vertex -48 -8.03519 14.6696
      vertex -48 -7.94032 18.2222
      vertex -48 -7.94032 14.7778
    endloop
  endfacet
  facet normal -1 0 0
    outer loop
      vertex -48 -8.03519 14.6696
      vertex -48 -8.03519 18.3304
      vertex -48 -7.94032 18.2222
    endloop
  endfacet
  facet normal -1 0 0
    outer loop
      vertex -48 -8.22502 14.2847
      vertex -48 -12.1 14.2847
      vertex -48 -8.17877 14.421
    endloop
  endfacet
  facet normal -1 0 0
    outer loop
      vertex -48 -12.1462 14.421
      vertex -48 -8.17877 14.421
      vertex -48 -12.1 14.2847
    endloop
  endfacet
  facet normal -1 0 0
    outer loop
      vertex -48 -12.1 14.2847
      vertex -48 -8.22502 14.2847
      vertex -48 -12.0719 14.1436
    endloop
  endfacet
  facet normal -1 0 0
    outer loop
      vertex -48 -8.17877 14.421
      vertex -48 -12.1462 14.421
      vertex -48 -8.11513 14.55
    endloop
  endfacet
  facet normal -1 0 0
    outer loop
      vertex -48 -8.25309 14.1436
      vertex -48 -12.0719 14.1436
      vertex -48 -8.22502 14.2847
    endloop
  endfacet
  facet normal -1 0 0
    outer loop
      vertex -48 -8.03519 18.3304
      vertex -48 -12.0625 19
      vertex -48 -8.11513 18.45
    endloop
  endfacet
  facet normal -1 0 0
    outer loop
      vertex -48 -12.0719 14.1436
      vertex -48 -8.25309 14.1436
      vertex -48 -12.0625 14
    endloop
  endfacet
  facet normal -1 0 0
    outer loop
      vertex -48 -8.11513 18.45
      vertex -48 -12.0625 19
      vertex -48 -8.17877 18.579
    endloop
  endfacet
  facet normal -1 0 0
    outer loop
      vertex -48 -12.0625 14
      vertex -48 -8.25309 14.1436
      vertex -48 -8.2625 14
    endloop
  endfacet
  facet normal -1 0 0
    outer loop
      vertex -48 -8.17877 18.579
      vertex -48 -12.0625 19
      vertex -48 -8.22502 18.7153
    endloop
  endfacet
  facet normal -1 0 0
    outer loop
      vertex -48 -0.209871 14.55
      vertex -48 3.88487 14.55
      vertex -48 -0.146232 14.421
    endloop
  endfacet
  facet normal -1 0 0
    outer loop
      vertex -48 3.96481 18.3304
      vertex -48 -0.0719099 18.8564
      vertex -48 -0.0625 19
    endloop
  endfacet
  facet normal -1 0 0
    outer loop
      vertex -48 3.88487 14.55
      vertex -48 -0.209871 14.55
      vertex -48 3.96481 14.6696
    endloop
  endfacet
  facet normal -1 0 0
    outer loop
      vertex -48 3.96481 18.3304
      vertex -48 -0.0999813 18.7153
      vertex -48 -0.0719099 18.8564
    endloop
  endfacet
  facet normal -1 0 0
    outer loop
      vertex -48 -0.289811 14.6696
      vertex -48 3.96481 14.6696
      vertex -48 -0.209871 14.55
    endloop
  endfacet
  facet normal -1 0 0
    outer loop
      vertex -48 3.96481 18.3304
      vertex -48 -0.146232 18.579
      vertex -48 -0.0999813 18.7153
    endloop
  endfacet
  facet normal -1 0 0
    outer loop
      vertex -48 3.96481 14.6696
      vertex -48 -0.289811 14.6696
      vertex -48 3.96481 18.3304
    endloop
  endfacet
  facet normal -1 0 0
    outer loop
      vertex -48 3.96481 18.3304
      vertex -48 -0.209871 18.45
      vertex -48 -0.146232 18.579
    endloop
  endfacet
  facet normal -1 0 0
    outer loop
      vertex -48 -0.289811 18.3304
      vertex -48 3.96481 18.3304
      vertex -48 -0.289811 14.6696
    endloop
  endfacet
  facet normal -1 0 0
    outer loop
      vertex -48 3.96481 18.3304
      vertex -48 -0.289811 18.3304
      vertex -48 -0.209871 18.45
    endloop
  endfacet
  facet normal -1 0 0
    outer loop
      vertex -48 -0.384682 14.7778
      vertex -48 -0.289811 18.3304
      vertex -48 -0.289811 14.6696
    endloop
  endfacet
  facet normal -1 0 0
    outer loop
      vertex -48 -0.384682 14.7778
      vertex -48 -0.384682 18.2222
      vertex -48 -0.289811 18.3304
    endloop
  endfacet
  facet normal -1 0 0
    outer loop
      vertex -48 -0.492862 14.8727
      vertex -48 -0.384682 18.2222
      vertex -48 -0.384682 14.7778
    endloop
  endfacet
  facet normal -1 0 0
    outer loop
      vertex -48 -0.492862 14.8727
      vertex -48 -0.492862 18.1273
      vertex -48 -0.384682 18.2222
    endloop
  endfacet
  facet normal -1 0 0
    outer loop
      vertex -48 -0.612499 14.9526
      vertex -48 -0.492862 18.1273
      vertex -48 -0.492862 14.8727
    endloop
  endfacet
  facet normal -1 0 0
    outer loop
      vertex -48 -0.612499 14.9526
      vertex -48 -0.612499 18.0474
      vertex -48 -0.492862 18.1273
    endloop
  endfacet
  facet normal -1 0 0
    outer loop
      vertex -48 -0.741548 15.0163
      vertex -48 -0.612499 18.0474
      vertex -48 -0.612499 14.9526
    endloop
  endfacet
  facet normal -1 0 0
    outer loop
      vertex -48 -0.741548 15.0163
      vertex -48 -0.741548 17.9837
      vertex -48 -0.612499 18.0474
    endloop
  endfacet
  facet normal -1 0 0
    outer loop
      vertex -48 -0.877799 15.0625
      vertex -48 -0.741548 17.9837
      vertex -48 -0.741548 15.0163
    endloop
  endfacet
  facet normal -1 0 0
    outer loop
      vertex -48 -0.877799 15.0625
      vertex -48 -0.877799 17.9375
      vertex -48 -0.741548 17.9837
    endloop
  endfacet
  facet normal -1 0 0
    outer loop
      vertex -48 -1.01892 15.0906
      vertex -48 -0.877799 17.9375
      vertex -48 -0.877799 15.0625
    endloop
  endfacet
  facet normal -1 0 0
    outer loop
      vertex -48 -1.01892 15.0906
      vertex -48 -1.01892 17.9094
      vertex -48 -0.877799 17.9375
    endloop
  endfacet
  facet normal -1 0 0
    outer loop
      vertex -48 -1.1625 15.1
      vertex -48 -1.01892 17.9094
      vertex -48 -1.01892 15.0906
    endloop
  endfacet
  facet normal -1 0 0
    outer loop
      vertex -48 -1.1625 15.1
      vertex -48 -1.1625 17.9
      vertex -48 -1.01892 17.9094
    endloop
  endfacet
  facet normal -1 0 0
    outer loop
      vertex -48 -1.30608 15.0906
      vertex -48 -1.1625 17.9
      vertex -48 -1.1625 15.1
    endloop
  endfacet
  facet normal -1 0 0
    outer loop
      vertex -48 -1.30608 15.0906
      vertex -48 -1.30608 17.9094
      vertex -48 -1.1625 17.9
    endloop
  endfacet
  facet normal -1 0 0
    outer loop
      vertex -48 -1.4472 15.0625
      vertex -48 -1.30608 17.9094
      vertex -48 -1.30608 15.0906
    endloop
  endfacet
  facet normal -1 0 0
    outer loop
      vertex -48 -1.4472 15.0625
      vertex -48 -1.4472 17.9375
      vertex -48 -1.30608 17.9094
    endloop
  endfacet
  facet normal -1 0 0
    outer loop
      vertex -48 -1.58345 15.0163
      vertex -48 -1.4472 17.9375
      vertex -48 -1.4472 15.0625
    endloop
  endfacet
  facet normal -1 0 0
    outer loop
      vertex -48 -1.58345 15.0163
      vertex -48 -1.58345 17.9837
      vertex -48 -1.4472 17.9375
    endloop
  endfacet
  facet normal -1 0 0
    outer loop
      vertex -48 -1.7125 14.9526
      vertex -48 -1.58345 17.9837
      vertex -48 -1.58345 15.0163
    endloop
  endfacet
  facet normal -1 0 0
    outer loop
      vertex -48 -1.7125 14.9526
      vertex -48 -1.7125 18.0474
      vertex -48 -1.58345 17.9837
    endloop
  endfacet
  facet normal -1 0 0
    outer loop
      vertex -48 -1.83214 14.8727
      vertex -48 -1.7125 18.0474
      vertex -48 -1.7125 14.9526
    endloop
  endfacet
  facet normal -1 0 0
    outer loop
      vertex -48 -1.83214 14.8727
      vertex -48 -1.83214 18.1273
      vertex -48 -1.7125 18.0474
    endloop
  endfacet
  facet normal -1 0 0
    outer loop
      vertex -48 -1.94032 14.7778
      vertex -48 -1.83214 18.1273
      vertex -48 -1.83214 14.8727
    endloop
  endfacet
  facet normal -1 0 0
    outer loop
      vertex -48 -1.94032 14.7778
      vertex -48 -1.94032 18.2222
      vertex -48 -1.83214 18.1273
    endloop
  endfacet
  facet normal -1 0 0
    outer loop
      vertex -48 -2.03519 14.6696
      vertex -48 -1.94032 18.2222
      vertex -48 -1.94032 14.7778
    endloop
  endfacet
  facet normal -1 0 0
    outer loop
      vertex -48 -2.03519 14.6696
      vertex -48 -2.03519 18.3304
      vertex -48 -1.94032 18.2222
    endloop
  endfacet
  facet normal -1 0 0
    outer loop
      vertex -48 -2.22502 14.2847
      vertex -48 -6.09998 14.2847
      vertex -48 -2.17877 14.421
    endloop
  endfacet
  facet normal -1 0 0
    outer loop
      vertex -48 -6.14623 14.421
      vertex -48 -2.17877 14.421
      vertex -48 -6.09998 14.2847
    endloop
  endfacet
  facet normal -1 0 0
    outer loop
      vertex -48 -6.09998 14.2847
      vertex -48 -2.22502 14.2847
      vertex -48 -6.07191 14.1436
    endloop
  endfacet
  facet normal -1 0 0
    outer loop
      vertex -48 -2.17877 14.421
      vertex -48 -6.14623 14.421
      vertex -48 -2.11513 14.55
    endloop
  endfacet
  facet normal -1 0 0
    outer loop
      vertex -48 -2.25309 14.1436
      vertex -48 -6.07191 14.1436
      vertex -48 -2.22502 14.2847
    endloop
  endfacet
  facet normal -1 0 0
    outer loop
      vertex -48 -2.03519 18.3304
      vertex -48 -6.0625 19
      vertex -48 -2.11513 18.45
    endloop
  endfacet
  facet normal -1 0 0
    outer loop
      vertex -48 -6.07191 14.1436
      vertex -48 -2.25309 14.1436
      vertex -48 -6.0625 14
    endloop
  endfacet
  facet normal -1 0 0
    outer loop
      vertex -48 -2.11513 18.45
      vertex -48 -6.0625 19
      vertex -48 -2.17877 18.579
    endloop
  endfacet
  facet normal -1 0 0
    outer loop
      vertex -48 -6.0625 14
      vertex -48 -2.25309 14.1436
      vertex -48 -2.2625 14
    endloop
  endfacet
  facet normal -1 0 0
    outer loop
      vertex -48 -2.17877 18.579
      vertex -48 -6.0625 19
      vertex -48 -2.22502 18.7153
    endloop
  endfacet
  facet normal -1 0 0
    outer loop
      vertex -48 5.79013 14.55
      vertex -48 9.88487 14.55
      vertex -48 5.85377 14.421
    endloop
  endfacet
  facet normal -1 0 0
    outer loop
      vertex -48 9.96481 18.3304
      vertex -48 5.92809 18.8564
      vertex -48 5.9375 19
    endloop
  endfacet
  facet normal -1 0 0
    outer loop
      vertex -48 9.88487 14.55
      vertex -48 5.79013 14.55
      vertex -48 9.96481 14.6696
    endloop
  endfacet
  facet normal -1 0 0
    outer loop
      vertex -48 9.96481 18.3304
      vertex -48 5.90002 18.7153
      vertex -48 5.92809 18.8564
    endloop
  endfacet
  facet normal -1 0 0
    outer loop
      vertex -48 5.71019 14.6696
      vertex -48 9.96481 14.6696
      vertex -48 5.79013 14.55
    endloop
  endfacet
  facet normal -1 0 0
    outer loop
      vertex -48 9.96481 18.3304
      vertex -48 5.85377 18.579
      vertex -48 5.90002 18.7153
    endloop
  endfacet
  facet normal -1 0 0
    outer loop
      vertex -48 9.96481 14.6696
      vertex -48 5.71019 14.6696
      vertex -48 9.96481 18.3304
    endloop
  endfacet
  facet normal -1 0 0
    outer loop
      vertex -48 9.96481 18.3304
      vertex -48 5.79013 18.45
      vertex -48 5.85377 18.579
    endloop
  endfacet
  facet normal -1 0 0
    outer loop
      vertex -48 5.71019 18.3304
      vertex -48 9.96481 18.3304
      vertex -48 5.71019 14.6696
    endloop
  endfacet
  facet normal -1 0 0
    outer loop
      vertex -48 9.96481 18.3304
      vertex -48 5.71019 18.3304
      vertex -48 5.79013 18.45
    endloop
  endfacet
  facet normal -1 0 0
    outer loop
      vertex -48 5.61532 14.7778
      vertex -48 5.71019 18.3304
      vertex -48 5.71019 14.6696
    endloop
  endfacet
  facet normal -1 0 0
    outer loop
      vertex -48 5.61532 14.7778
      vertex -48 5.61532 18.2222
      vertex -48 5.71019 18.3304
    endloop
  endfacet
  facet normal -1 0 0
    outer loop
      vertex -48 5.50714 14.8727
      vertex -48 5.61532 18.2222
      vertex -48 5.61532 14.7778
    endloop
  endfacet
  facet normal -1 0 0
    outer loop
      vertex -48 5.50714 14.8727
      vertex -48 5.50714 18.1273
      vertex -48 5.61532 18.2222
    endloop
  endfacet
  facet normal -1 0 0
    outer loop
      vertex -48 5.3875 14.9526
      vertex -48 5.50714 18.1273
      vertex -48 5.50714 14.8727
    endloop
  endfacet
  facet normal -1 0 0
    outer loop
      vertex -48 5.3875 14.9526
      vertex -48 5.3875 18.0474
      vertex -48 5.50714 18.1273
    endloop
  endfacet
  facet normal -1 0 0
    outer loop
      vertex -48 5.25845 15.0163
      vertex -48 5.3875 18.0474
      vertex -48 5.3875 14.9526
    endloop
  endfacet
  facet normal -1 0 0
    outer loop
      vertex -48 5.25845 15.0163
      vertex -48 5.25845 17.9837
      vertex -48 5.3875 18.0474
    endloop
  endfacet
  facet normal -1 0 0
    outer loop
      vertex -48 5.1222 15.0625
      vertex -48 5.25845 17.9837
      vertex -48 5.25845 15.0163
    endloop
  endfacet
  facet normal -1 0 0
    outer loop
      vertex -48 5.1222 15.0625
      vertex -48 5.1222 17.9375
      vertex -48 5.25845 17.9837
    endloop
  endfacet
  facet normal -1 0 0
    outer loop
      vertex -48 4.98108 15.0906
      vertex -48 5.1222 17.9375
      vertex -48 5.1222 15.0625
    endloop
  endfacet
  facet normal -1 0 0
    outer loop
      vertex -48 4.98108 15.0906
      vertex -48 4.98108 17.9094
      vertex -48 5.1222 17.9375
    endloop
  endfacet
  facet normal -1 0 0
    outer loop
      vertex -48 4.8375 15.1
      vertex -48 4.98108 17.9094
      vertex -48 4.98108 15.0906
    endloop
  endfacet
  facet normal -1 0 0
    outer loop
      vertex -48 4.8375 15.1
      vertex -48 4.8375 17.9
      vertex -48 4.98108 17.9094
    endloop
  endfacet
  facet normal -1 0 0
    outer loop
      vertex -48 4.69392 15.0906
      vertex -48 4.8375 17.9
      vertex -48 4.8375 15.1
    endloop
  endfacet
  facet normal -1 0 0
    outer loop
      vertex -48 4.69392 15.0906
      vertex -48 4.69392 17.9094
      vertex -48 4.8375 17.9
    endloop
  endfacet
  facet normal -1 0 0
    outer loop
      vertex -48 4.5528 15.0625
      vertex -48 4.69392 17.9094
      vertex -48 4.69392 15.0906
    endloop
  endfacet
  facet normal -1 0 0
    outer loop
      vertex -48 4.5528 15.0625
      vertex -48 4.5528 17.9375
      vertex -48 4.69392 17.9094
    endloop
  endfacet
  facet normal -1 0 0
    outer loop
      vertex -48 4.41655 15.0163
      vertex -48 4.5528 17.9375
      vertex -48 4.5528 15.0625
    endloop
  endfacet
  facet normal -1 0 0
    outer loop
      vertex -48 4.41655 15.0163
      vertex -48 4.41655 17.9837
      vertex -48 4.5528 17.9375
    endloop
  endfacet
  facet normal -1 0 0
    outer loop
      vertex -48 4.2875 14.9526
      vertex -48 4.41655 17.9837
      vertex -48 4.41655 15.0163
    endloop
  endfacet
  facet normal -1 0 0
    outer loop
      vertex -48 4.2875 14.9526
      vertex -48 4.2875 18.0474
      vertex -48 4.41655 17.9837
    endloop
  endfacet
  facet normal -1 0 0
    outer loop
      vertex -48 4.16786 14.8727
      vertex -48 4.2875 18.0474
      vertex -48 4.2875 14.9526
    endloop
  endfacet
  facet normal -1 0 0
    outer loop
      vertex -48 4.16786 14.8727
      vertex -48 4.16786 18.1273
      vertex -48 4.2875 18.0474
    endloop
  endfacet
  facet normal -1 0 0
    outer loop
      vertex -48 4.05968 14.7778
      vertex -48 4.16786 18.1273
      vertex -48 4.16786 14.8727
    endloop
  endfacet
  facet normal -1 0 0
    outer loop
      vertex -48 4.05968 14.7778
      vertex -48 4.05968 18.2222
      vertex -48 4.16786 18.1273
    endloop
  endfacet
  facet normal -1 0 0
    outer loop
      vertex -48 3.96481 14.6696
      vertex -48 4.05968 18.2222
      vertex -48 4.05968 14.7778
    endloop
  endfacet
  facet normal -1 0 0
    outer loop
      vertex -48 3.96481 14.6696
      vertex -48 3.96481 18.3304
      vertex -48 4.05968 18.2222
    endloop
  endfacet
  facet normal -1 0 0
    outer loop
      vertex -48 3.77498 14.2847
      vertex -48 -0.0999813 14.2847
      vertex -48 3.82123 14.421
    endloop
  endfacet
  facet normal -1 0 0
    outer loop
      vertex -48 -0.146232 14.421
      vertex -48 3.82123 14.421
      vertex -48 -0.0999813 14.2847
    endloop
  endfacet
  facet normal -1 0 0
    outer loop
      vertex -48 -0.0999813 14.2847
      vertex -48 3.77498 14.2847
      vertex -48 -0.0719099 14.1436
    endloop
  endfacet
  facet normal -1 0 0
    outer loop
      vertex -48 3.82123 14.421
      vertex -48 -0.146232 14.421
      vertex -48 3.88487 14.55
    endloop
  endfacet
  facet normal -1 0 0
    outer loop
      vertex -48 3.74691 14.1436
      vertex -48 -0.0719099 14.1436
      vertex -48 3.77498 14.2847
    endloop
  endfacet
  facet normal -1 0 0
    outer loop
      vertex -48 3.96481 18.3304
      vertex -48 -0.0625 19
      vertex -48 3.88487 18.45
    endloop
  endfacet
  facet normal -1 0 0
    outer loop
      vertex -48 -0.0719099 14.1436
      vertex -48 3.74691 14.1436
      vertex -48 -0.0625 14
    endloop
  endfacet
  facet normal -1 0 0
    outer loop
      vertex -48 3.88487 18.45
      vertex -48 -0.0625 19
      vertex -48 3.82123 18.579
    endloop
  endfacet
  facet normal -1 0 0
    outer loop
      vertex -48 -0.0625 14
      vertex -48 3.74691 14.1436
      vertex -48 3.7375 14
    endloop
  endfacet
  facet normal -1 0 0
    outer loop
      vertex -48 3.82123 18.579
      vertex -48 -0.0625 19
      vertex -48 3.77498 18.7153
    endloop
  endfacet
  facet normal -1 0 0
    outer loop
      vertex -48 11.9 14.2847
      vertex -48 27.5 21
      vertex -48 11.9281 14.1436
    endloop
  endfacet
  facet normal -1 0 0
    outer loop
      vertex -48 27.5 21
      vertex -48 11.9281 18.8564
      vertex -48 11.9375 19
    endloop
  endfacet
  facet normal -1 0 0
    outer loop
      vertex -48 11.9 18.7153
      vertex -48 27.5 21
      vertex -48 11.9 14.2847
    endloop
  endfacet
  facet normal -1 0 0
    outer loop
      vertex -48 27.5 21
      vertex -48 11.9 18.7153
      vertex -48 11.9281 18.8564
    endloop
  endfacet
  facet normal -1 0 0
    outer loop
      vertex -48 11.8538 14.421
      vertex -48 11.9 18.7153
      vertex -48 11.9 14.2847
    endloop
  endfacet
  facet normal -1 0 0
    outer loop
      vertex -48 11.8538 14.421
      vertex -48 11.8538 18.579
      vertex -48 11.9 18.7153
    endloop
  endfacet
  facet normal -1 0 0
    outer loop
      vertex -48 11.7901 14.55
      vertex -48 11.8538 18.579
      vertex -48 11.8538 14.421
    endloop
  endfacet
  facet normal -1 0 0
    outer loop
      vertex -48 11.7901 14.55
      vertex -48 11.7901 18.45
      vertex -48 11.8538 18.579
    endloop
  endfacet
  facet normal -1 0 0
    outer loop
      vertex -48 11.7102 14.6696
      vertex -48 11.7901 18.45
      vertex -48 11.7901 14.55
    endloop
  endfacet
  facet normal -1 0 0
    outer loop
      vertex -48 11.7102 14.6696
      vertex -48 11.7102 18.3304
      vertex -48 11.7901 18.45
    endloop
  endfacet
  facet normal -1 0 0
    outer loop
      vertex -48 11.6153 14.7778
      vertex -48 11.7102 18.3304
      vertex -48 11.7102 14.6696
    endloop
  endfacet
  facet normal -1 0 0
    outer loop
      vertex -48 11.6153 14.7778
      vertex -48 11.6153 18.2222
      vertex -48 11.7102 18.3304
    endloop
  endfacet
  facet normal -1 0 0
    outer loop
      vertex -48 11.5071 14.8727
      vertex -48 11.6153 18.2222
      vertex -48 11.6153 14.7778
    endloop
  endfacet
  facet normal -1 0 0
    outer loop
      vertex -48 11.5071 14.8727
      vertex -48 11.5071 18.1273
      vertex -48 11.6153 18.2222
    endloop
  endfacet
  facet normal -1 0 0
    outer loop
      vertex -48 11.3875 14.9526
      vertex -48 11.5071 18.1273
      vertex -48 11.5071 14.8727
    endloop
  endfacet
  facet normal -1 0 0
    outer loop
      vertex -48 11.3875 14.9526
      vertex -48 11.3875 18.0474
      vertex -48 11.5071 18.1273
    endloop
  endfacet
  facet normal -1 0 0
    outer loop
      vertex -48 11.2585 15.0163
      vertex -48 11.3875 18.0474
      vertex -48 11.3875 14.9526
    endloop
  endfacet
  facet normal -1 0 0
    outer loop
      vertex -48 11.2585 15.0163
      vertex -48 11.2585 17.9837
      vertex -48 11.3875 18.0474
    endloop
  endfacet
  facet normal -1 0 0
    outer loop
      vertex -48 11.1222 15.0625
      vertex -48 11.2585 17.9837
      vertex -48 11.2585 15.0163
    endloop
  endfacet
  facet normal -1 0 0
    outer loop
      vertex -48 11.1222 15.0625
      vertex -48 11.1222 17.9375
      vertex -48 11.2585 17.9837
    endloop
  endfacet
  facet normal -1 0 0
    outer loop
      vertex -48 10.9811 15.0906
      vertex -48 11.1222 17.9375
      vertex -48 11.1222 15.0625
    endloop
  endfacet
  facet normal -1 0 0
    outer loop
      vertex -48 10.9811 15.0906
      vertex -48 10.9811 17.9094
      vertex -48 11.1222 17.9375
    endloop
  endfacet
  facet normal -1 0 0
    outer loop
      vertex -48 10.8375 15.1
      vertex -48 10.9811 17.9094
      vertex -48 10.9811 15.0906
    endloop
  endfacet
  facet normal -1 0 0
    outer loop
      vertex -48 10.8375 15.1
      vertex -48 10.8375 17.9
      vertex -48 10.9811 17.9094
    endloop
  endfacet
  facet normal -1 0 0
    outer loop
      vertex -48 10.6939 15.0906
      vertex -48 10.8375 17.9
      vertex -48 10.8375 15.1
    endloop
  endfacet
  facet normal -1 0 0
    outer loop
      vertex -48 10.6939 15.0906
      vertex -48 10.6939 17.9094
      vertex -48 10.8375 17.9
    endloop
  endfacet
  facet normal -1 0 0
    outer loop
      vertex -48 10.5528 15.0625
      vertex -48 10.6939 17.9094
      vertex -48 10.6939 15.0906
    endloop
  endfacet
  facet normal -1 0 0
    outer loop
      vertex -48 10.5528 15.0625
      vertex -48 10.5528 17.9375
      vertex -48 10.6939 17.9094
    endloop
  endfacet
  facet normal -1 0 0
    outer loop
      vertex -48 10.4165 15.0163
      vertex -48 10.5528 17.9375
      vertex -48 10.5528 15.0625
    endloop
  endfacet
  facet normal -1 0 0
    outer loop
      vertex -48 10.4165 15.0163
      vertex -48 10.4165 17.9837
      vertex -48 10.5528 17.9375
    endloop
  endfacet
  facet normal -1 0 0
    outer loop
      vertex -48 10.2875 14.9526
      vertex -48 10.4165 17.9837
      vertex -48 10.4165 15.0163
    endloop
  endfacet
  facet normal -1 0 0
    outer loop
      vertex -48 10.2875 14.9526
      vertex -48 10.2875 18.0474
      vertex -48 10.4165 17.9837
    endloop
  endfacet
  facet normal -1 0 0
    outer loop
      vertex -48 10.1679 14.8727
      vertex -48 10.2875 18.0474
      vertex -48 10.2875 14.9526
    endloop
  endfacet
  facet normal -1 0 0
    outer loop
      vertex -48 10.1679 14.8727
      vertex -48 10.1679 18.1273
      vertex -48 10.2875 18.0474
    endloop
  endfacet
  facet normal -1 0 0
    outer loop
      vertex -48 10.0597 14.7778
      vertex -48 10.1679 18.1273
      vertex -48 10.1679 14.8727
    endloop
  endfacet
  facet normal -1 0 0
    outer loop
      vertex -48 10.0597 14.7778
      vertex -48 10.0597 18.2222
      vertex -48 10.1679 18.1273
    endloop
  endfacet
  facet normal -1 0 0
    outer loop
      vertex -48 9.96481 14.6696
      vertex -48 10.0597 18.2222
      vertex -48 10.0597 14.7778
    endloop
  endfacet
  facet normal -1 0 0
    outer loop
      vertex -48 9.96481 14.6696
      vertex -48 9.96481 18.3304
      vertex -48 10.0597 18.2222
    endloop
  endfacet
  facet normal -1 0 0
    outer loop
      vertex -48 9.77498 14.2847
      vertex -48 5.90002 14.2847
      vertex -48 9.82123 14.421
    endloop
  endfacet
  facet normal -1 0 0
    outer loop
      vertex -48 5.85377 14.421
      vertex -48 9.82123 14.421
      vertex -48 5.90002 14.2847
    endloop
  endfacet
  facet normal -1 0 0
    outer loop
      vertex -48 5.90002 14.2847
      vertex -48 9.77498 14.2847
      vertex -48 5.92809 14.1436
    endloop
  endfacet
  facet normal -1 0 0
    outer loop
      vertex -48 9.82123 14.421
      vertex -48 5.85377 14.421
      vertex -48 9.88487 14.55
    endloop
  endfacet
  facet normal -1 0 0
    outer loop
      vertex -48 9.74691 14.1436
      vertex -48 5.92809 14.1436
      vertex -48 9.77498 14.2847
    endloop
  endfacet
  facet normal -1 0 0
    outer loop
      vertex -48 9.96481 18.3304
      vertex -48 5.9375 19
      vertex -48 9.88487 18.45
    endloop
  endfacet
  facet normal -1 0 0
    outer loop
      vertex -48 5.92809 14.1436
      vertex -48 9.74691 14.1436
      vertex -48 5.9375 14
    endloop
  endfacet
  facet normal -1 0 0
    outer loop
      vertex -48 9.88487 18.45
      vertex -48 5.9375 19
      vertex -48 9.82123 18.579
    endloop
  endfacet
  facet normal -1 0 0
    outer loop
      vertex -48 5.9375 14
      vertex -48 9.74691 14.1436
      vertex -48 9.7375 14
    endloop
  endfacet
  facet normal -1 0 0
    outer loop
      vertex -48 9.82123 18.579
      vertex -48 5.9375 19
      vertex -48 9.77498 18.7153
    endloop
  endfacet
  facet normal -1 0 0
    outer loop
      vertex -48 11.9 13.7153
      vertex -48 27.5 21
      vertex -48 27.5 0
    endloop
  endfacet
  facet normal -1 0 0
    outer loop
      vertex -48 27.5 21
      vertex -48 11.9281 13.8564
      vertex -48 11.9375 14
    endloop
  endfacet
  facet normal -1 0 0
    outer loop
      vertex -48 27.5 21
      vertex -48 11.9 13.7153
      vertex -48 11.9281 13.8564
    endloop
  endfacet
  facet normal -1 0 0
    outer loop
      vertex -48 27.5 0
      vertex -48 11.8538 13.579
      vertex -48 11.9 13.7153
    endloop
  endfacet
  facet normal -1 0 0
    outer loop
      vertex -48 27.5 0
      vertex -48 11.7901 13.45
      vertex -48 11.8538 13.579
    endloop
  endfacet
  facet normal -1 0 0
    outer loop
      vertex -48 27.5 0
      vertex -48 11.7102 13.3304
      vertex -48 11.7901 13.45
    endloop
  endfacet
  facet normal -1 0 0
    outer loop
      vertex -48 27.5 0
      vertex -48 11.6153 13.2222
      vertex -48 11.7102 13.3304
    endloop
  endfacet
  facet normal -1 0 0
    outer loop
      vertex -48 27.5 0
      vertex -48 11.5071 13.1273
      vertex -48 11.6153 13.2222
    endloop
  endfacet
  facet normal -1 0 0
    outer loop
      vertex -48 27.5 0
      vertex -48 11.3875 13.0474
      vertex -48 11.5071 13.1273
    endloop
  endfacet
  facet normal -1 0 0
    outer loop
      vertex -48 27.5 0
      vertex -48 11.2585 12.9837
      vertex -48 11.3875 13.0474
    endloop
  endfacet
  facet normal -1 0 0
    outer loop
      vertex -48 27.5 0
      vertex -48 11.1222 12.9375
      vertex -48 11.2585 12.9837
    endloop
  endfacet
  facet normal -1 0 0
    outer loop
      vertex -48 27.5 0
      vertex -48 10.9811 12.9094
      vertex -48 11.1222 12.9375
    endloop
  endfacet
  facet normal -1 0 0
    outer loop
      vertex -48 27.5 0
      vertex -48 10.8375 12.9
      vertex -48 10.9811 12.9094
    endloop
  endfacet
  facet normal -1 0 0
    outer loop
      vertex -48 27.5 0
      vertex -48 10.6939 12.9094
      vertex -48 10.8375 12.9
    endloop
  endfacet
  facet normal -1 0 0
    outer loop
      vertex -48 4.98108 12.9094
      vertex -48 10.6939 12.9094
      vertex -48 27.5 0
    endloop
  endfacet
  facet normal -1 0 0
    outer loop
      vertex -48 10.6939 12.9094
      vertex -48 4.98108 12.9094
      vertex -48 10.5528 12.9375
    endloop
  endfacet
  facet normal -1 0 -0
    outer loop
      vertex -48 5.1222 12.9375
      vertex -48 10.5528 12.9375
      vertex -48 4.98108 12.9094
    endloop
  endfacet
  facet normal -1 0 0
    outer loop
      vertex -48 10.5528 12.9375
      vertex -48 5.1222 12.9375
      vertex -48 10.4165 12.9837
    endloop
  endfacet
  facet normal -1 0 0
    outer loop
      vertex -48 9.77498 18.7153
      vertex -48 5.9375 19
      vertex -48 9.74691 18.8564
    endloop
  endfacet
  facet normal -1 0 0
    outer loop
      vertex -48 9.74691 13.8564
      vertex -48 5.9375 14
      vertex -48 9.7375 14
    endloop
  endfacet
  facet normal -1 0 0
    outer loop
      vertex -48 5.92809 13.8564
      vertex -48 9.74691 13.8564
      vertex -48 9.77498 13.7153
    endloop
  endfacet
  facet normal -1 0 0
    outer loop
      vertex -48 5.90002 13.7153
      vertex -48 9.77498 13.7153
      vertex -48 9.82123 13.579
    endloop
  endfacet
  facet normal -1 0 0
    outer loop
      vertex -48 5.85377 13.579
      vertex -48 9.82123 13.579
      vertex -48 9.88487 13.45
    endloop
  endfacet
  facet normal -1 0 0
    outer loop
      vertex -48 5.79013 13.45
      vertex -48 9.88487 13.45
      vertex -48 9.96481 13.3304
    endloop
  endfacet
  facet normal -1 0 0
    outer loop
      vertex -48 5.71019 13.3304
      vertex -48 9.96481 13.3304
      vertex -48 10.0597 13.2222
    endloop
  endfacet
  facet normal -1 0 0
    outer loop
      vertex -48 5.61532 13.2222
      vertex -48 10.0597 13.2222
      vertex -48 10.1679 13.1273
    endloop
  endfacet
  facet normal -1 0 -0
    outer loop
      vertex -48 5.25845 12.9837
      vertex -48 10.4165 12.9837
      vertex -48 5.1222 12.9375
    endloop
  endfacet
  facet normal -1 0 0
    outer loop
      vertex -48 9.74691 13.8564
      vertex -48 5.92809 13.8564
      vertex -48 5.9375 14
    endloop
  endfacet
  facet normal -1 0 0
    outer loop
      vertex -48 9.77498 13.7153
      vertex -48 5.90002 13.7153
      vertex -48 5.92809 13.8564
    endloop
  endfacet
  facet normal -1 0 0
    outer loop
      vertex -48 9.82123 13.579
      vertex -48 5.85377 13.579
      vertex -48 5.90002 13.7153
    endloop
  endfacet
  facet normal -1 0 0
    outer loop
      vertex -48 9.88487 13.45
      vertex -48 5.79013 13.45
      vertex -48 5.85377 13.579
    endloop
  endfacet
  facet normal -1 0 0
    outer loop
      vertex -48 9.96481 13.3304
      vertex -48 5.71019 13.3304
      vertex -48 5.79013 13.45
    endloop
  endfacet
  facet normal -1 0 0
    outer loop
      vertex -48 10.0597 13.2222
      vertex -48 5.61532 13.2222
      vertex -48 5.71019 13.3304
    endloop
  endfacet
  facet normal -1 0 0
    outer loop
      vertex -48 10.1679 13.1273
      vertex -48 5.50714 13.1273
      vertex -48 5.61532 13.2222
    endloop
  endfacet
  facet normal -1 -0 0
    outer loop
      vertex -48 10.1679 13.1273
      vertex -48 5.3875 13.0474
      vertex -48 5.50714 13.1273
    endloop
  endfacet
  facet normal -1 0 0
    outer loop
      vertex -48 10.2875 13.0474
      vertex -48 5.3875 13.0474
      vertex -48 10.1679 13.1273
    endloop
  endfacet
  facet normal -1 0 -0
    outer loop
      vertex -48 5.3875 13.0474
      vertex -48 10.2875 13.0474
      vertex -48 5.25845 12.9837
    endloop
  endfacet
  facet normal -1 0 0
    outer loop
      vertex -48 10.4165 12.9837
      vertex -48 5.25845 12.9837
      vertex -48 10.2875 13.0474
    endloop
  endfacet
  facet normal -1 0 0
    outer loop
      vertex -48 27.5 0
      vertex -48 4.8375 12.9
      vertex -48 4.98108 12.9094
    endloop
  endfacet
  facet normal -1 0 0
    outer loop
      vertex -48 27.5 0
      vertex -48 4.69392 12.9094
      vertex -48 4.8375 12.9
    endloop
  endfacet
  facet normal -1 0 0
    outer loop
      vertex -48 -1.01892 12.9094
      vertex -48 4.69392 12.9094
      vertex -48 27.5 0
    endloop
  endfacet
  facet normal -1 0 0
    outer loop
      vertex -48 4.69392 12.9094
      vertex -48 -1.01892 12.9094
      vertex -48 4.5528 12.9375
    endloop
  endfacet
  facet normal -1 0 -0
    outer loop
      vertex -48 -0.877799 12.9375
      vertex -48 4.5528 12.9375
      vertex -48 -1.01892 12.9094
    endloop
  endfacet
  facet normal -1 0 0
    outer loop
      vertex -48 3.77498 18.7153
      vertex -48 -0.0625 19
      vertex -48 3.74691 18.8564
    endloop
  endfacet
  facet normal -1 0 0
    outer loop
      vertex -48 3.74691 13.8564
      vertex -48 -0.0625 14
      vertex -48 3.7375 14
    endloop
  endfacet
  facet normal -1 0 0
    outer loop
      vertex -48 -0.0719099 13.8564
      vertex -48 3.74691 13.8564
      vertex -48 3.77498 13.7153
    endloop
  endfacet
  facet normal -1 0 0
    outer loop
      vertex -48 -0.0999813 13.7153
      vertex -48 3.77498 13.7153
      vertex -48 3.82123 13.579
    endloop
  endfacet
  facet normal -1 0 0
    outer loop
      vertex -48 -0.146232 13.579
      vertex -48 3.82123 13.579
      vertex -48 3.88487 13.45
    endloop
  endfacet
  facet normal -1 0 0
    outer loop
      vertex -48 -0.209871 13.45
      vertex -48 3.88487 13.45
      vertex -48 3.96481 13.3304
    endloop
  endfacet
  facet normal -1 0 0
    outer loop
      vertex -48 -0.289811 13.3304
      vertex -48 3.96481 13.3304
      vertex -48 4.05968 13.2222
    endloop
  endfacet
  facet normal -1 0 0
    outer loop
      vertex -48 -0.384682 13.2222
      vertex -48 4.05968 13.2222
      vertex -48 4.16786 13.1273
    endloop
  endfacet
  facet normal -1 0 0
    outer loop
      vertex -48 -0.492862 13.1273
      vertex -48 4.16786 13.1273
      vertex -48 4.2875 13.0474
    endloop
  endfacet
  facet normal -1 0 0
    outer loop
      vertex -48 4.5528 12.9375
      vertex -48 -0.877799 12.9375
      vertex -48 4.41655 12.9837
    endloop
  endfacet
  facet normal -1 0 0
    outer loop
      vertex -48 3.74691 13.8564
      vertex -48 -0.0719099 13.8564
      vertex -48 -0.0625 14
    endloop
  endfacet
  facet normal -1 0 0
    outer loop
      vertex -48 3.77498 13.7153
      vertex -48 -0.0999813 13.7153
      vertex -48 -0.0719099 13.8564
    endloop
  endfacet
  facet normal -1 0 0
    outer loop
      vertex -48 3.82123 13.579
      vertex -48 -0.146232 13.579
      vertex -48 -0.0999813 13.7153
    endloop
  endfacet
  facet normal -1 0 0
    outer loop
      vertex -48 3.88487 13.45
      vertex -48 -0.209871 13.45
      vertex -48 -0.146232 13.579
    endloop
  endfacet
  facet normal -1 0 0
    outer loop
      vertex -48 3.96481 13.3304
      vertex -48 -0.289811 13.3304
      vertex -48 -0.209871 13.45
    endloop
  endfacet
  facet normal -1 0 0
    outer loop
      vertex -48 4.05968 13.2222
      vertex -48 -0.384682 13.2222
      vertex -48 -0.289811 13.3304
    endloop
  endfacet
  facet normal -1 0 0
    outer loop
      vertex -48 4.16786 13.1273
      vertex -48 -0.492862 13.1273
      vertex -48 -0.384682 13.2222
    endloop
  endfacet
  facet normal -1 0 0
    outer loop
      vertex -48 4.2875 13.0474
      vertex -48 -0.612499 13.0474
      vertex -48 -0.492862 13.1273
    endloop
  endfacet
  facet normal -1 -0 0
    outer loop
      vertex -48 4.2875 13.0474
      vertex -48 -0.741548 12.9837
      vertex -48 -0.612499 13.0474
    endloop
  endfacet
  facet normal -1 0 0
    outer loop
      vertex -48 4.41655 12.9837
      vertex -48 -0.741548 12.9837
      vertex -48 4.2875 13.0474
    endloop
  endfacet
  facet normal -1 0 -0
    outer loop
      vertex -48 -0.741548 12.9837
      vertex -48 4.41655 12.9837
      vertex -48 -0.877799 12.9375
    endloop
  endfacet
  facet normal -1 0 0
    outer loop
      vertex -48 27.5 0
      vertex -48 -1.1625 12.9
      vertex -48 -1.01892 12.9094
    endloop
  endfacet
  facet normal -1 0 0
    outer loop
      vertex -48 -27.5 0
      vertex -48 -1.1625 12.9
      vertex -48 27.5 0
    endloop
  endfacet
  facet normal -1 -0 0
    outer loop
      vertex -48 -1.1625 12.9
      vertex -48 -27.5 0
      vertex -48 -1.30608 12.9094
    endloop
  endfacet
  facet normal -1 0 -0
    outer loop
      vertex -48 -7.01892 12.9094
      vertex -48 -1.30608 12.9094
      vertex -48 -27.5 0
    endloop
  endfacet
  facet normal -1 0 0
    outer loop
      vertex -48 -2.22502 18.7153
      vertex -48 -6.0625 19
      vertex -48 -2.25309 18.8564
    endloop
  endfacet
  facet normal -1 0 0
    outer loop
      vertex -48 -2.25309 13.8564
      vertex -48 -6.0625 14
      vertex -48 -2.2625 14
    endloop
  endfacet
  facet normal -1 0 0
    outer loop
      vertex -48 -6.07191 13.8564
      vertex -48 -2.25309 13.8564
      vertex -48 -2.22502 13.7153
    endloop
  endfacet
  facet normal -1 0 0
    outer loop
      vertex -48 -6.09998 13.7153
      vertex -48 -2.22502 13.7153
      vertex -48 -2.17877 13.579
    endloop
  endfacet
  facet normal -1 0 0
    outer loop
      vertex -48 -6.14623 13.579
      vertex -48 -2.17877 13.579
      vertex -48 -2.11513 13.45
    endloop
  endfacet
  facet normal -1 0 0
    outer loop
      vertex -48 -6.20987 13.45
      vertex -48 -2.11513 13.45
      vertex -48 -2.03519 13.3304
    endloop
  endfacet
  facet normal -1 0 0
    outer loop
      vertex -48 -6.28981 13.3304
      vertex -48 -2.03519 13.3304
      vertex -48 -1.94032 13.2222
    endloop
  endfacet
  facet normal -1 0 0
    outer loop
      vertex -48 -6.38468 13.2222
      vertex -48 -1.94032 13.2222
      vertex -48 -1.83214 13.1273
    endloop
  endfacet
  facet normal -1 0 0
    outer loop
      vertex -48 -6.49286 13.1273
      vertex -48 -1.83214 13.1273
      vertex -48 -1.7125 13.0474
    endloop
  endfacet
  facet normal -1 0 0
    outer loop
      vertex -48 -6.6125 13.0474
      vertex -48 -1.7125 13.0474
      vertex -48 -1.58345 12.9837
    endloop
  endfacet
  facet normal -1 0 0
    outer loop
      vertex -48 -1.30608 12.9094
      vertex -48 -7.01892 12.9094
      vertex -48 -1.4472 12.9375
    endloop
  endfacet
  facet normal -1 0 0
    outer loop
      vertex -48 -2.25309 13.8564
      vertex -48 -6.07191 13.8564
      vertex -48 -6.0625 14
    endloop
  endfacet
  facet normal -1 0 0
    outer loop
      vertex -48 -2.22502 13.7153
      vertex -48 -6.09998 13.7153
      vertex -48 -6.07191 13.8564
    endloop
  endfacet
  facet normal -1 0 0
    outer loop
      vertex -48 -2.17877 13.579
      vertex -48 -6.14623 13.579
      vertex -48 -6.09998 13.7153
    endloop
  endfacet
  facet normal -1 0 0
    outer loop
      vertex -48 -2.11513 13.45
      vertex -48 -6.20987 13.45
      vertex -48 -6.14623 13.579
    endloop
  endfacet
  facet normal -1 0 0
    outer loop
      vertex -48 -2.03519 13.3304
      vertex -48 -6.28981 13.3304
      vertex -48 -6.20987 13.45
    endloop
  endfacet
  facet normal -1 0 0
    outer loop
      vertex -48 -1.94032 13.2222
      vertex -48 -6.38468 13.2222
      vertex -48 -6.28981 13.3304
    endloop
  endfacet
  facet normal -1 0 0
    outer loop
      vertex -48 -1.83214 13.1273
      vertex -48 -6.49286 13.1273
      vertex -48 -6.38468 13.2222
    endloop
  endfacet
  facet normal -1 0 0
    outer loop
      vertex -48 -1.7125 13.0474
      vertex -48 -6.6125 13.0474
      vertex -48 -6.49286 13.1273
    endloop
  endfacet
  facet normal -1 0 0
    outer loop
      vertex -48 -1.58345 12.9837
      vertex -48 -6.74155 12.9837
      vertex -48 -6.6125 13.0474
    endloop
  endfacet
  facet normal -1 -0 0
    outer loop
      vertex -48 -1.58345 12.9837
      vertex -48 -6.8778 12.9375
      vertex -48 -6.74155 12.9837
    endloop
  endfacet
  facet normal -1 0 0
    outer loop
      vertex -48 -1.4472 12.9375
      vertex -48 -6.8778 12.9375
      vertex -48 -1.58345 12.9837
    endloop
  endfacet
  facet normal -1 0 -0
    outer loop
      vertex -48 -6.8778 12.9375
      vertex -48 -1.4472 12.9375
      vertex -48 -7.01892 12.9094
    endloop
  endfacet
  facet normal -1 0 0
    outer loop
      vertex -48 -7.01892 12.9094
      vertex -48 -27.5 0
      vertex -48 -7.1625 12.9
    endloop
  endfacet
  facet normal -1 -0 0
    outer loop
      vertex -48 -7.1625 12.9
      vertex -48 -27.5 0
      vertex -48 -7.30608 12.9094
    endloop
  endfacet
  facet normal -1 0 -0
    outer loop
      vertex -48 -13.0189 12.9094
      vertex -48 -7.30608 12.9094
      vertex -48 -27.5 0
    endloop
  endfacet
  facet normal -1 0 0
    outer loop
      vertex -48 -8.22502 18.7153
      vertex -48 -12.0625 19
      vertex -48 -8.25309 18.8564
    endloop
  endfacet
  facet normal -1 0 0
    outer loop
      vertex -48 -8.25309 13.8564
      vertex -48 -12.0625 14
      vertex -48 -8.2625 14
    endloop
  endfacet
  facet normal -1 0 0
    outer loop
      vertex -48 -12.0719 13.8564
      vertex -48 -8.25309 13.8564
      vertex -48 -8.22502 13.7153
    endloop
  endfacet
  facet normal -1 0 0
    outer loop
      vertex -48 -12.1 13.7153
      vertex -48 -8.22502 13.7153
      vertex -48 -8.17877 13.579
    endloop
  endfacet
  facet normal -1 0 0
    outer loop
      vertex -48 -12.1462 13.579
      vertex -48 -8.17877 13.579
      vertex -48 -8.11513 13.45
    endloop
  endfacet
  facet normal -1 0 0
    outer loop
      vertex -48 -12.2099 13.45
      vertex -48 -8.11513 13.45
      vertex -48 -8.03519 13.3304
    endloop
  endfacet
  facet normal -1 0 0
    outer loop
      vertex -48 -12.2898 13.3304
      vertex -48 -8.03519 13.3304
      vertex -48 -7.94032 13.2222
    endloop
  endfacet
  facet normal -1 0 0
    outer loop
      vertex -48 -12.3847 13.2222
      vertex -48 -7.94032 13.2222
      vertex -48 -7.83214 13.1273
    endloop
  endfacet
  facet normal -1 0 0
    outer loop
      vertex -48 -12.4929 13.1273
      vertex -48 -7.83214 13.1273
      vertex -48 -7.7125 13.0474
    endloop
  endfacet
  facet normal -1 0 0
    outer loop
      vertex -48 -12.6125 13.0474
      vertex -48 -7.7125 13.0474
      vertex -48 -7.58345 12.9837
    endloop
  endfacet
  facet normal -1 0 0
    outer loop
      vertex -48 -7.30608 12.9094
      vertex -48 -13.0189 12.9094
      vertex -48 -7.4472 12.9375
    endloop
  endfacet
  facet normal -1 0 0
    outer loop
      vertex -48 -8.25309 13.8564
      vertex -48 -12.0719 13.8564
      vertex -48 -12.0625 14
    endloop
  endfacet
  facet normal -1 0 0
    outer loop
      vertex -48 -8.22502 13.7153
      vertex -48 -12.1 13.7153
      vertex -48 -12.0719 13.8564
    endloop
  endfacet
  facet normal -1 0 0
    outer loop
      vertex -48 -8.17877 13.579
      vertex -48 -12.1462 13.579
      vertex -48 -12.1 13.7153
    endloop
  endfacet
  facet normal -1 0 0
    outer loop
      vertex -48 -8.11513 13.45
      vertex -48 -12.2099 13.45
      vertex -48 -12.1462 13.579
    endloop
  endfacet
  facet normal -1 0 0
    outer loop
      vertex -48 -8.03519 13.3304
      vertex -48 -12.2898 13.3304
      vertex -48 -12.2099 13.45
    endloop
  endfacet
  facet normal -1 0 0
    outer loop
      vertex -48 -7.94032 13.2222
      vertex -48 -12.3847 13.2222
      vertex -48 -12.2898 13.3304
    endloop
  endfacet
  facet normal -1 0 0
    outer loop
      vertex -48 -7.83214 13.1273
      vertex -48 -12.4929 13.1273
      vertex -48 -12.3847 13.2222
    endloop
  endfacet
  facet normal -1 0 0
    outer loop
      vertex -48 -7.7125 13.0474
      vertex -48 -12.6125 13.0474
      vertex -48 -12.4929 13.1273
    endloop
  endfacet
  facet normal -1 0 0
    outer loop
      vertex -48 -7.58345 12.9837
      vertex -48 -12.7415 12.9837
      vertex -48 -12.6125 13.0474
    endloop
  endfacet
  facet normal -1 0 -0
    outer loop
      vertex -48 -12.8778 12.9375
      vertex -48 -7.4472 12.9375
      vertex -48 -13.0189 12.9094
    endloop
  endfacet
  facet normal -1 -0 0
    outer loop
      vertex -48 -7.58345 12.9837
      vertex -48 -12.8778 12.9375
      vertex -48 -12.7415 12.9837
    endloop
  endfacet
  facet normal -1 0 0
    outer loop
      vertex -48 -7.4472 12.9375
      vertex -48 -12.8778 12.9375
      vertex -48 -7.58345 12.9837
    endloop
  endfacet
  facet normal -1 0 0
    outer loop
      vertex -48 -13.0189 12.9094
      vertex -48 -27.5 0
      vertex -48 -13.1625 12.9
    endloop
  endfacet
  facet normal -1 -0 0
    outer loop
      vertex -48 -13.1625 12.9
      vertex -48 -27.5 0
      vertex -48 -13.3061 12.9094
    endloop
  endfacet
  facet normal -1 0 0
    outer loop
      vertex -48 -14.2531 13.8564
      vertex -48 -27.5 21
      vertex -48 -14.2625 14
    endloop
  endfacet
  facet normal -1 0 0
    outer loop
      vertex -48 -14.225 13.7153
      vertex -48 -27.5 21
      vertex -48 -14.2531 13.8564
    endloop
  endfacet
  facet normal -1 0 0
    outer loop
      vertex -48 -27.5 21
      vertex -48 -14.225 13.7153
      vertex -48 -27.5 0
    endloop
  endfacet
  facet normal -1 -0 0
    outer loop
      vertex -48 -14.1788 13.579
      vertex -48 -27.5 0
      vertex -48 -14.225 13.7153
    endloop
  endfacet
  facet normal -1 -0 0
    outer loop
      vertex -48 -14.1151 13.45
      vertex -48 -27.5 0
      vertex -48 -14.1788 13.579
    endloop
  endfacet
  facet normal -1 -0 0
    outer loop
      vertex -48 -14.0352 13.3304
      vertex -48 -27.5 0
      vertex -48 -14.1151 13.45
    endloop
  endfacet
  facet normal -1 -0 0
    outer loop
      vertex -48 -13.9403 13.2222
      vertex -48 -27.5 0
      vertex -48 -14.0352 13.3304
    endloop
  endfacet
  facet normal -1 -0 0
    outer loop
      vertex -48 -13.8321 13.1273
      vertex -48 -27.5 0
      vertex -48 -13.9403 13.2222
    endloop
  endfacet
  facet normal -1 -0 0
    outer loop
      vertex -48 -13.7125 13.0474
      vertex -48 -27.5 0
      vertex -48 -13.8321 13.1273
    endloop
  endfacet
  facet normal -1 -0 0
    outer loop
      vertex -48 -13.5835 12.9837
      vertex -48 -27.5 0
      vertex -48 -13.7125 13.0474
    endloop
  endfacet
  facet normal -1 -0 0
    outer loop
      vertex -48 -13.4472 12.9375
      vertex -48 -27.5 0
      vertex -48 -13.5835 12.9837
    endloop
  endfacet
  facet normal -1 -0 0
    outer loop
      vertex -48 -13.3061 12.9094
      vertex -48 -27.5 0
      vertex -48 -13.4472 12.9375
    endloop
  endfacet
  facet normal -1 0 0
    outer loop
      vertex -48 11.9281 14.1436
      vertex -48 27.5 21
      vertex -48 11.9375 14
    endloop
  endfacet
  facet normal -1 0 0
    outer loop
      vertex -48 11.9281 19.1436
      vertex -48 27.5 21
      vertex -48 11.9375 19
    endloop
  endfacet
  facet normal -1 0 0
    outer loop
      vertex -48 11.9 19.2847
      vertex -48 27.5 21
      vertex -48 11.9281 19.1436
    endloop
  endfacet
  facet normal -1 0 0
    outer loop
      vertex -48 11.8538 19.421
      vertex -48 27.5 21
      vertex -48 11.9 19.2847
    endloop
  endfacet
  facet normal -1 0 0
    outer loop
      vertex -48 11.7901 19.55
      vertex -48 27.5 21
      vertex -48 11.8538 19.421
    endloop
  endfacet
  facet normal -1 0 0
    outer loop
      vertex -48 11.7102 19.6696
      vertex -48 27.5 21
      vertex -48 11.7901 19.55
    endloop
  endfacet
  facet normal -1 0 0
    outer loop
      vertex -48 11.6153 19.7778
      vertex -48 27.5 21
      vertex -48 11.7102 19.6696
    endloop
  endfacet
  facet normal -1 0 0
    outer loop
      vertex -48 11.5071 19.8727
      vertex -48 27.5 21
      vertex -48 11.6153 19.7778
    endloop
  endfacet
  facet normal -1 0 0
    outer loop
      vertex -48 11.3875 19.9526
      vertex -48 27.5 21
      vertex -48 11.5071 19.8727
    endloop
  endfacet
  facet normal -1 0 0
    outer loop
      vertex -48 11.2585 20.0163
      vertex -48 27.5 21
      vertex -48 11.3875 19.9526
    endloop
  endfacet
  facet normal -1 0 0
    outer loop
      vertex -48 11.1222 20.0625
      vertex -48 27.5 21
      vertex -48 11.2585 20.0163
    endloop
  endfacet
  facet normal -1 0 0
    outer loop
      vertex -48 10.9811 20.0906
      vertex -48 27.5 21
      vertex -48 11.1222 20.0625
    endloop
  endfacet
  facet normal -1 0 0
    outer loop
      vertex -48 10.8375 20.1
      vertex -48 27.5 21
      vertex -48 10.9811 20.0906
    endloop
  endfacet
  facet normal -1 0 0
    outer loop
      vertex -48 9.74691 18.8564
      vertex -48 5.9375 19
      vertex -48 9.7375 19
    endloop
  endfacet
  facet normal -1 0 0
    outer loop
      vertex -48 9.7375 19
      vertex -48 5.9375 19
      vertex -48 9.74691 19.1436
    endloop
  endfacet
  facet normal -1 0 0
    outer loop
      vertex -48 5.92809 19.1436
      vertex -48 9.74691 19.1436
      vertex -48 5.9375 19
    endloop
  endfacet
  facet normal -1 0 0
    outer loop
      vertex -48 9.74691 19.1436
      vertex -48 5.92809 19.1436
      vertex -48 9.77498 19.2847
    endloop
  endfacet
  facet normal -1 0 0
    outer loop
      vertex -48 5.90002 19.2847
      vertex -48 9.77498 19.2847
      vertex -48 5.92809 19.1436
    endloop
  endfacet
  facet normal -1 0 0
    outer loop
      vertex -48 9.77498 19.2847
      vertex -48 5.90002 19.2847
      vertex -48 9.82123 19.421
    endloop
  endfacet
  facet normal -1 0 0
    outer loop
      vertex -48 5.85377 19.421
      vertex -48 9.82123 19.421
      vertex -48 5.90002 19.2847
    endloop
  endfacet
  facet normal -1 0 0
    outer loop
      vertex -48 9.82123 19.421
      vertex -48 5.85377 19.421
      vertex -48 9.88487 19.55
    endloop
  endfacet
  facet normal -1 0 0
    outer loop
      vertex -48 5.79013 19.55
      vertex -48 9.88487 19.55
      vertex -48 5.85377 19.421
    endloop
  endfacet
  facet normal -1 0 0
    outer loop
      vertex -48 9.88487 19.55
      vertex -48 5.79013 19.55
      vertex -48 9.96481 19.6696
    endloop
  endfacet
  facet normal -1 0 0
    outer loop
      vertex -48 5.71019 19.6696
      vertex -48 9.96481 19.6696
      vertex -48 5.79013 19.55
    endloop
  endfacet
  facet normal -1 0 0
    outer loop
      vertex -48 9.96481 19.6696
      vertex -48 5.71019 19.6696
      vertex -48 10.0597 19.7778
    endloop
  endfacet
  facet normal -1 0 0
    outer loop
      vertex -48 5.61532 19.7778
      vertex -48 10.0597 19.7778
      vertex -48 5.71019 19.6696
    endloop
  endfacet
  facet normal -1 0 0
    outer loop
      vertex -48 10.0597 19.7778
      vertex -48 5.61532 19.7778
      vertex -48 10.1679 19.8727
    endloop
  endfacet
  facet normal -1 0 0
    outer loop
      vertex -48 5.50714 19.8727
      vertex -48 10.1679 19.8727
      vertex -48 5.61532 19.7778
    endloop
  endfacet
  facet normal -1 0 0
    outer loop
      vertex -48 10.1679 19.8727
      vertex -48 5.50714 19.8727
      vertex -48 10.2875 19.9526
    endloop
  endfacet
  facet normal -1 0 0
    outer loop
      vertex -48 5.3875 19.9526
      vertex -48 10.2875 19.9526
      vertex -48 5.50714 19.8727
    endloop
  endfacet
  facet normal -1 0 0
    outer loop
      vertex -48 10.2875 19.9526
      vertex -48 5.3875 19.9526
      vertex -48 10.4165 20.0163
    endloop
  endfacet
  facet normal -1 0 0
    outer loop
      vertex -48 5.25845 20.0163
      vertex -48 10.4165 20.0163
      vertex -48 5.3875 19.9526
    endloop
  endfacet
  facet normal -1 0 0
    outer loop
      vertex -48 10.4165 20.0163
      vertex -48 5.25845 20.0163
      vertex -48 10.5528 20.0625
    endloop
  endfacet
  facet normal -1 0 0
    outer loop
      vertex -48 5.1222 20.0625
      vertex -48 10.5528 20.0625
      vertex -48 5.25845 20.0163
    endloop
  endfacet
  facet normal -1 0 0
    outer loop
      vertex -48 10.5528 20.0625
      vertex -48 5.1222 20.0625
      vertex -48 10.6939 20.0906
    endloop
  endfacet
  facet normal -1 0 0
    outer loop
      vertex -48 4.98108 20.0906
      vertex -48 10.6939 20.0906
      vertex -48 5.1222 20.0625
    endloop
  endfacet
  facet normal -1 0 0
    outer loop
      vertex -48 10.6939 20.0906
      vertex -48 4.98108 20.0906
      vertex -48 10.8375 20.1
    endloop
  endfacet
  facet normal -1 0 0
    outer loop
      vertex -48 4.8375 20.1
      vertex -48 10.8375 20.1
      vertex -48 4.98108 20.0906
    endloop
  endfacet
  facet normal -1 0 0
    outer loop
      vertex -48 10.8375 20.1
      vertex -48 4.8375 20.1
      vertex -48 27.5 21
    endloop
  endfacet
  facet normal -1 0 0
    outer loop
      vertex -48 3.74691 18.8564
      vertex -48 -0.0625 19
      vertex -48 3.7375 19
    endloop
  endfacet
  facet normal -1 0 0
    outer loop
      vertex -48 3.7375 19
      vertex -48 -0.0625 19
      vertex -48 3.74691 19.1436
    endloop
  endfacet
  facet normal -1 0 0
    outer loop
      vertex -48 -0.0719099 19.1436
      vertex -48 3.74691 19.1436
      vertex -48 -0.0625 19
    endloop
  endfacet
  facet normal -1 0 0
    outer loop
      vertex -48 3.74691 19.1436
      vertex -48 -0.0719099 19.1436
      vertex -48 3.77498 19.2847
    endloop
  endfacet
  facet normal -1 0 0
    outer loop
      vertex -48 -0.0999813 19.2847
      vertex -48 3.77498 19.2847
      vertex -48 -0.0719099 19.1436
    endloop
  endfacet
  facet normal -1 0 0
    outer loop
      vertex -48 3.77498 19.2847
      vertex -48 -0.0999813 19.2847
      vertex -48 3.82123 19.421
    endloop
  endfacet
  facet normal -1 0 0
    outer loop
      vertex -48 -0.146232 19.421
      vertex -48 3.82123 19.421
      vertex -48 -0.0999813 19.2847
    endloop
  endfacet
  facet normal -1 0 0
    outer loop
      vertex -48 3.82123 19.421
      vertex -48 -0.146232 19.421
      vertex -48 3.88487 19.55
    endloop
  endfacet
  facet normal -1 0 0
    outer loop
      vertex -48 -0.209871 19.55
      vertex -48 3.88487 19.55
      vertex -48 -0.146232 19.421
    endloop
  endfacet
  facet normal -1 0 0
    outer loop
      vertex -48 3.88487 19.55
      vertex -48 -0.209871 19.55
      vertex -48 3.96481 19.6696
    endloop
  endfacet
  facet normal -1 0 0
    outer loop
      vertex -48 -0.289811 19.6696
      vertex -48 3.96481 19.6696
      vertex -48 -0.209871 19.55
    endloop
  endfacet
  facet normal -1 0 0
    outer loop
      vertex -48 3.96481 19.6696
      vertex -48 -0.289811 19.6696
      vertex -48 4.05968 19.7778
    endloop
  endfacet
  facet normal -1 0 0
    outer loop
      vertex -48 -0.384682 19.7778
      vertex -48 4.05968 19.7778
      vertex -48 -0.289811 19.6696
    endloop
  endfacet
  facet normal -1 0 0
    outer loop
      vertex -48 4.05968 19.7778
      vertex -48 -0.384682 19.7778
      vertex -48 4.16786 19.8727
    endloop
  endfacet
  facet normal -1 0 0
    outer loop
      vertex -48 -0.492862 19.8727
      vertex -48 4.16786 19.8727
      vertex -48 -0.384682 19.7778
    endloop
  endfacet
  facet normal -1 0 0
    outer loop
      vertex -48 4.16786 19.8727
      vertex -48 -0.492862 19.8727
      vertex -48 4.2875 19.9526
    endloop
  endfacet
  facet normal -1 0 0
    outer loop
      vertex -48 -0.612499 19.9526
      vertex -48 4.2875 19.9526
      vertex -48 -0.492862 19.8727
    endloop
  endfacet
  facet normal -1 0 0
    outer loop
      vertex -48 4.2875 19.9526
      vertex -48 -0.612499 19.9526
      vertex -48 4.41655 20.0163
    endloop
  endfacet
  facet normal -1 0 0
    outer loop
      vertex -48 -0.741548 20.0163
      vertex -48 4.41655 20.0163
      vertex -48 -0.612499 19.9526
    endloop
  endfacet
  facet normal -1 0 0
    outer loop
      vertex -48 4.41655 20.0163
      vertex -48 -0.741548 20.0163
      vertex -48 4.5528 20.0625
    endloop
  endfacet
  facet normal -1 0 0
    outer loop
      vertex -48 -0.877799 20.0625
      vertex -48 4.5528 20.0625
      vertex -48 -0.741548 20.0163
    endloop
  endfacet
  facet normal -1 0 0
    outer loop
      vertex -48 4.5528 20.0625
      vertex -48 -0.877799 20.0625
      vertex -48 4.69392 20.0906
    endloop
  endfacet
  facet normal -1 0 0
    outer loop
      vertex -48 -1.01892 20.0906
      vertex -48 4.69392 20.0906
      vertex -48 -0.877799 20.0625
    endloop
  endfacet
  facet normal -1 0 0
    outer loop
      vertex -48 4.69392 20.0906
      vertex -48 -1.01892 20.0906
      vertex -48 4.8375 20.1
    endloop
  endfacet
  facet normal -1 0 0
    outer loop
      vertex -48 -1.1625 20.1
      vertex -48 4.8375 20.1
      vertex -48 -1.01892 20.0906
    endloop
  endfacet
  facet normal -1 0 0
    outer loop
      vertex -48 4.8375 20.1
      vertex -48 -1.1625 20.1
      vertex -48 27.5 21
    endloop
  endfacet
  facet normal -1 0 0
    outer loop
      vertex -48 -2.25309 18.8564
      vertex -48 -6.0625 19
      vertex -48 -2.2625 19
    endloop
  endfacet
  facet normal -1 0 0
    outer loop
      vertex -48 -2.2625 19
      vertex -48 -6.0625 19
      vertex -48 -2.25309 19.1436
    endloop
  endfacet
  facet normal -1 0 0
    outer loop
      vertex -48 -6.07191 19.1436
      vertex -48 -2.25309 19.1436
      vertex -48 -6.0625 19
    endloop
  endfacet
  facet normal -1 0 0
    outer loop
      vertex -48 -2.25309 19.1436
      vertex -48 -6.07191 19.1436
      vertex -48 -2.22502 19.2847
    endloop
  endfacet
  facet normal -1 0 0
    outer loop
      vertex -48 -6.09998 19.2847
      vertex -48 -2.22502 19.2847
      vertex -48 -6.07191 19.1436
    endloop
  endfacet
  facet normal -1 0 0
    outer loop
      vertex -48 -2.22502 19.2847
      vertex -48 -6.09998 19.2847
      vertex -48 -2.17877 19.421
    endloop
  endfacet
  facet normal -1 0 0
    outer loop
      vertex -48 -6.14623 19.421
      vertex -48 -2.17877 19.421
      vertex -48 -6.09998 19.2847
    endloop
  endfacet
  facet normal -1 0 0
    outer loop
      vertex -48 -2.17877 19.421
      vertex -48 -6.14623 19.421
      vertex -48 -2.11513 19.55
    endloop
  endfacet
  facet normal -1 0 0
    outer loop
      vertex -48 -6.20987 19.55
      vertex -48 -2.11513 19.55
      vertex -48 -6.14623 19.421
    endloop
  endfacet
  facet normal -1 0 0
    outer loop
      vertex -48 -2.11513 19.55
      vertex -48 -6.20987 19.55
      vertex -48 -2.03519 19.6696
    endloop
  endfacet
  facet normal -1 0 0
    outer loop
      vertex -48 -6.28981 19.6696
      vertex -48 -2.03519 19.6696
      vertex -48 -6.20987 19.55
    endloop
  endfacet
  facet normal -1 0 0
    outer loop
      vertex -48 -2.03519 19.6696
      vertex -48 -6.28981 19.6696
      vertex -48 -1.94032 19.7778
    endloop
  endfacet
  facet normal -1 0 0
    outer loop
      vertex -48 -6.38468 19.7778
      vertex -48 -1.94032 19.7778
      vertex -48 -6.28981 19.6696
    endloop
  endfacet
  facet normal -1 0 0
    outer loop
      vertex -48 -1.94032 19.7778
      vertex -48 -6.38468 19.7778
      vertex -48 -1.83214 19.8727
    endloop
  endfacet
  facet normal -1 0 0
    outer loop
      vertex -48 -6.49286 19.8727
      vertex -48 -1.83214 19.8727
      vertex -48 -6.38468 19.7778
    endloop
  endfacet
  facet normal -1 0 0
    outer loop
      vertex -48 -1.83214 19.8727
      vertex -48 -6.49286 19.8727
      vertex -48 -1.7125 19.9526
    endloop
  endfacet
  facet normal -1 0 0
    outer loop
      vertex -48 -6.6125 19.9526
      vertex -48 -1.7125 19.9526
      vertex -48 -6.49286 19.8727
    endloop
  endfacet
  facet normal -1 0 0
    outer loop
      vertex -48 -1.7125 19.9526
      vertex -48 -6.6125 19.9526
      vertex -48 -1.58345 20.0163
    endloop
  endfacet
  facet normal -1 0 0
    outer loop
      vertex -48 -6.74155 20.0163
      vertex -48 -1.58345 20.0163
      vertex -48 -6.6125 19.9526
    endloop
  endfacet
  facet normal -1 0 0
    outer loop
      vertex -48 -1.58345 20.0163
      vertex -48 -6.74155 20.0163
      vertex -48 -1.4472 20.0625
    endloop
  endfacet
  facet normal -1 0 0
    outer loop
      vertex -48 -6.8778 20.0625
      vertex -48 -1.4472 20.0625
      vertex -48 -6.74155 20.0163
    endloop
  endfacet
  facet normal -1 0 0
    outer loop
      vertex -48 -1.4472 20.0625
      vertex -48 -6.8778 20.0625
      vertex -48 -1.30608 20.0906
    endloop
  endfacet
  facet normal -1 0 0
    outer loop
      vertex -48 -7.01892 20.0906
      vertex -48 -1.30608 20.0906
      vertex -48 -6.8778 20.0625
    endloop
  endfacet
  facet normal -1 0 0
    outer loop
      vertex -48 -1.30608 20.0906
      vertex -48 -7.01892 20.0906
      vertex -48 -1.1625 20.1
    endloop
  endfacet
  facet normal -1 0 0
    outer loop
      vertex -48 -7.1625 20.1
      vertex -48 -1.1625 20.1
      vertex -48 -7.01892 20.0906
    endloop
  endfacet
  facet normal -1 0 0
    outer loop
      vertex -48 -27.5 21
      vertex -48 -1.1625 20.1
      vertex -48 -7.1625 20.1
    endloop
  endfacet
  facet normal -1 0 0
    outer loop
      vertex -48 -8.25309 18.8564
      vertex -48 -12.0625 19
      vertex -48 -8.2625 19
    endloop
  endfacet
  facet normal -1 0 0
    outer loop
      vertex -48 -8.2625 19
      vertex -48 -12.0625 19
      vertex -48 -8.25309 19.1436
    endloop
  endfacet
  facet normal -1 0 0
    outer loop
      vertex -48 -12.0719 19.1436
      vertex -48 -8.25309 19.1436
      vertex -48 -12.0625 19
    endloop
  endfacet
  facet normal -1 0 0
    outer loop
      vertex -48 -8.25309 19.1436
      vertex -48 -12.0719 19.1436
      vertex -48 -8.22502 19.2847
    endloop
  endfacet
  facet normal -1 0 0
    outer loop
      vertex -48 -12.1 19.2847
      vertex -48 -8.22502 19.2847
      vertex -48 -12.0719 19.1436
    endloop
  endfacet
  facet normal -1 0 0
    outer loop
      vertex -48 -8.22502 19.2847
      vertex -48 -12.1 19.2847
      vertex -48 -8.17877 19.421
    endloop
  endfacet
  facet normal -1 0 0
    outer loop
      vertex -48 -12.1462 19.421
      vertex -48 -8.17877 19.421
      vertex -48 -12.1 19.2847
    endloop
  endfacet
  facet normal -1 0 0
    outer loop
      vertex -48 -8.17877 19.421
      vertex -48 -12.1462 19.421
      vertex -48 -8.11513 19.55
    endloop
  endfacet
  facet normal -1 0 0
    outer loop
      vertex -48 -12.2099 19.55
      vertex -48 -8.11513 19.55
      vertex -48 -12.1462 19.421
    endloop
  endfacet
  facet normal -1 0 0
    outer loop
      vertex -48 -8.11513 19.55
      vertex -48 -12.2099 19.55
      vertex -48 -8.03519 19.6696
    endloop
  endfacet
  facet normal -1 0 0
    outer loop
      vertex -48 -12.2898 19.6696
      vertex -48 -8.03519 19.6696
      vertex -48 -12.2099 19.55
    endloop
  endfacet
  facet normal -1 0 0
    outer loop
      vertex -48 -8.03519 19.6696
      vertex -48 -12.2898 19.6696
      vertex -48 -7.94032 19.7778
    endloop
  endfacet
  facet normal -1 0 0
    outer loop
      vertex -48 -12.3847 19.7778
      vertex -48 -7.94032 19.7778
      vertex -48 -12.2898 19.6696
    endloop
  endfacet
  facet normal -1 0 0
    outer loop
      vertex -48 -7.94032 19.7778
      vertex -48 -12.3847 19.7778
      vertex -48 -7.83214 19.8727
    endloop
  endfacet
  facet normal -1 0 0
    outer loop
      vertex -48 -12.4929 19.8727
      vertex -48 -7.83214 19.8727
      vertex -48 -12.3847 19.7778
    endloop
  endfacet
  facet normal -1 0 0
    outer loop
      vertex -48 -7.83214 19.8727
      vertex -48 -12.4929 19.8727
      vertex -48 -7.7125 19.9526
    endloop
  endfacet
  facet normal -1 0 0
    outer loop
      vertex -48 -12.6125 19.9526
      vertex -48 -7.7125 19.9526
      vertex -48 -12.4929 19.8727
    endloop
  endfacet
  facet normal -1 0 0
    outer loop
      vertex -48 -7.7125 19.9526
      vertex -48 -12.6125 19.9526
      vertex -48 -7.58345 20.0163
    endloop
  endfacet
  facet normal -1 0 0
    outer loop
      vertex -48 -12.7415 20.0163
      vertex -48 -7.58345 20.0163
      vertex -48 -12.6125 19.9526
    endloop
  endfacet
  facet normal -1 0 0
    outer loop
      vertex -48 -7.58345 20.0163
      vertex -48 -12.7415 20.0163
      vertex -48 -7.4472 20.0625
    endloop
  endfacet
  facet normal -1 0 0
    outer loop
      vertex -48 -12.8778 20.0625
      vertex -48 -7.4472 20.0625
      vertex -48 -12.7415 20.0163
    endloop
  endfacet
  facet normal -1 0 0
    outer loop
      vertex -48 -7.4472 20.0625
      vertex -48 -12.8778 20.0625
      vertex -48 -7.30608 20.0906
    endloop
  endfacet
  facet normal -1 0 0
    outer loop
      vertex -48 -13.0189 20.0906
      vertex -48 -7.30608 20.0906
      vertex -48 -12.8778 20.0625
    endloop
  endfacet
  facet normal -1 0 0
    outer loop
      vertex -48 -7.30608 20.0906
      vertex -48 -13.0189 20.0906
      vertex -48 -7.1625 20.1
    endloop
  endfacet
  facet normal -1 0 0
    outer loop
      vertex -48 -13.1625 20.1
      vertex -48 -7.1625 20.1
      vertex -48 -13.0189 20.0906
    endloop
  endfacet
  facet normal -1 0 0
    outer loop
      vertex -48 -27.5 21
      vertex -48 -7.1625 20.1
      vertex -48 -13.1625 20.1
    endloop
  endfacet
  facet normal -1 0 0
    outer loop
      vertex -48 -14.2531 18.8564
      vertex -48 -27.5 21
      vertex -48 -14.2625 19
    endloop
  endfacet
  facet normal -1 0 0
    outer loop
      vertex -48 -14.2625 19
      vertex -48 -27.5 21
      vertex -48 -14.2531 19.1436
    endloop
  endfacet
  facet normal -1 0 0
    outer loop
      vertex -48 -14.2531 19.1436
      vertex -48 -27.5 21
      vertex -48 -14.225 19.2847
    endloop
  endfacet
  facet normal -1 0 0
    outer loop
      vertex -48 -14.225 19.2847
      vertex -48 -27.5 21
      vertex -48 -14.1788 19.421
    endloop
  endfacet
  facet normal -1 0 0
    outer loop
      vertex -48 -14.1788 19.421
      vertex -48 -27.5 21
      vertex -48 -14.1151 19.55
    endloop
  endfacet
  facet normal -1 0 0
    outer loop
      vertex -48 -1.1625 20.1
      vertex -48 -27.5 21
      vertex -48 27.5 21
    endloop
  endfacet
  facet normal -1 0 0
    outer loop
      vertex -48 -13.3061 20.0906
      vertex -48 -27.5 21
      vertex -48 -13.1625 20.1
    endloop
  endfacet
  facet normal -1 0 0
    outer loop
      vertex -48 -13.4472 20.0625
      vertex -48 -27.5 21
      vertex -48 -13.3061 20.0906
    endloop
  endfacet
  facet normal -1 0 0
    outer loop
      vertex -48 -13.5835 20.0163
      vertex -48 -27.5 21
      vertex -48 -13.4472 20.0625
    endloop
  endfacet
  facet normal -1 0 0
    outer loop
      vertex -48 -13.7125 19.9526
      vertex -48 -27.5 21
      vertex -48 -13.5835 20.0163
    endloop
  endfacet
  facet normal -1 0 0
    outer loop
      vertex -48 -13.8321 19.8727
      vertex -48 -27.5 21
      vertex -48 -13.7125 19.9526
    endloop
  endfacet
  facet normal -1 0 0
    outer loop
      vertex -48 -13.9403 19.7778
      vertex -48 -27.5 21
      vertex -48 -13.8321 19.8727
    endloop
  endfacet
  facet normal -1 0 0
    outer loop
      vertex -48 -14.0352 19.6696
      vertex -48 -27.5 21
      vertex -48 -13.9403 19.7778
    endloop
  endfacet
  facet normal -1 0 0
    outer loop
      vertex -48 -14.1151 19.55
      vertex -48 -27.5 21
      vertex -48 -14.0352 19.6696
    endloop
  endfacet
  facet normal 0.0654432 -0.997856 0
    outer loop
      vertex 43 -32.5 0
      vertex 43.6526 -32.4572 21
      vertex 43 -32.5 21
    endloop
  endfacet
  facet normal 0.0654432 -0.997856 0
    outer loop
      vertex 43.6526 -32.4572 21
      vertex 43 -32.5 0
      vertex 43.6526 -32.4572 0
    endloop
  endfacet
  facet normal 0.555512 0.831509 -0
    outer loop
      vertex 46.0438 31.4668 0
      vertex 45.5 31.8301 21
      vertex 46.0438 31.4668 21
    endloop
  endfacet
  facet normal 0.555512 0.831509 0
    outer loop
      vertex 45.5 31.8301 21
      vertex 46.0438 31.4668 0
      vertex 45.5 31.8301 0
    endloop
  endfacet
  facet normal -0.946941 0.321407 0
    outer loop
      vertex -47.8296 28.7941 0
      vertex -47.6194 29.4134 21
      vertex -47.6194 29.4134 0
    endloop
  endfacet
  facet normal -0.946941 0.321407 0
    outer loop
      vertex -47.6194 29.4134 21
      vertex -47.8296 28.7941 0
      vertex -47.8296 28.7941 21
    endloop
  endfacet
  facet normal 0 -1 0
    outer loop
      vertex -43 -32.5 0
      vertex 43 -32.5 21
      vertex -43 -32.5 21
    endloop
  endfacet
  facet normal 0 -1 -0
    outer loop
      vertex 43 -32.5 21
      vertex -43 -32.5 0
      vertex 43 -32.5 0
    endloop
  endfacet
  facet normal -0.0654432 0.997856 0
    outer loop
      vertex -43 32.5 0
      vertex -43.6526 32.4572 21
      vertex -43 32.5 21
    endloop
  endfacet
  facet normal -0.0654432 0.997856 0
    outer loop
      vertex -43.6526 32.4572 21
      vertex -43 32.5 0
      vertex -43.6526 32.4572 0
    endloop
  endfacet
  facet normal 1 -0 0
    outer loop
      vertex 48 -27.5 21
      vertex 48 27.5 0
      vertex 48 27.5 21
    endloop
  endfacet
  facet normal 1 0 0
    outer loop
      vertex 48 27.5 0
      vertex 48 -27.5 21
      vertex 48 -27.5 0
    endloop
  endfacet
  facet normal 0 0 1
    outer loop
      vertex -45.35 -27.5 21
      vertex -44.15 -26.7293 21
      vertex -45.35 27.5 21
    endloop
  endfacet
  facet normal 0 0 1
    outer loop
      vertex -44.15 -26.7293 21
      vertex -45.35 -27.5 21
      vertex -45.3415 -27.6297 21
    endloop
  endfacet
  facet normal 0 0 1
    outer loop
      vertex -44.0906 -29.3564 21
      vertex -45.5578 -27.9397 21
      vertex -44.1 -29.5 21
    endloop
  endfacet
  facet normal 0 0 1
    outer loop
      vertex -46.9668 -30.5438 21
      vertex -44.1 -29.5 21
      vertex -45.5578 -27.9397 21
    endloop
  endfacet
  facet normal 0 0 1
    outer loop
      vertex -44.1 -29.5 21
      vertex -46.9668 -30.5438 21
      vertex -44.0906 -29.6436 21
    endloop
  endfacet
  facet normal 0 0 1
    outer loop
      vertex -44.0906 -29.6436 21
      vertex -45.5 -31.8301 21
      vertex -44.9134 -32.1194 21
    endloop
  endfacet
  facet normal 0 0 1
    outer loop
      vertex -47.9572 -28.1526 21
      vertex -45.5578 -27.9397 21
      vertex -45.5778 -27.8394 21
    endloop
  endfacet
  facet normal 0 0 1
    outer loop
      vertex -47.9572 -28.1526 21
      vertex -45.5778 -27.8394 21
      vertex -45.6 -27.5 21
    endloop
  endfacet
  facet normal 0 0 1
    outer loop
      vertex -44.0906 -29.6436 21
      vertex -46.0438 -31.4668 21
      vertex -45.5 -31.8301 21
    endloop
  endfacet
  facet normal 0 0 1
    outer loop
      vertex -45.6 27.5 21
      vertex -48 27.5 21
      vertex -45.6 -27.5 21
    endloop
  endfacet
  facet normal 0 0 1
    outer loop
      vertex -48 27.5 21
      vertex -46.0438 31.4668 21
      vertex -46.5355 31.0355 21
    endloop
  endfacet
  facet normal 0 0 1
    outer loop
      vertex -48 -27.5 21
      vertex -45.6 -27.5 21
      vertex -48 27.5 21
    endloop
  endfacet
  facet normal 0 0 1
    outer loop
      vertex -48 27.5 21
      vertex -46.5355 31.0355 21
      vertex -46.9668 30.5438 21
    endloop
  endfacet
  facet normal 0 -0 1
    outer loop
      vertex -47.9572 -28.1526 21
      vertex -45.6 -27.5 21
      vertex -48 -27.5 21
    endloop
  endfacet
  facet normal 0 0 1
    outer loop
      vertex -48 27.5 21
      vertex -46.9668 30.5438 21
      vertex -47.3301 30 21
    endloop
  endfacet
  facet normal 0 0 1
    outer loop
      vertex -44.0906 -29.6436 21
      vertex -46.5355 -31.0355 21
      vertex -46.0438 -31.4668 21
    endloop
  endfacet
  facet normal 0 0 1
    outer loop
      vertex -48 27.5 21
      vertex -47.3301 30 21
      vertex -47.6194 29.4134 21
    endloop
  endfacet
  facet normal 0 0 1
    outer loop
      vertex -44.0906 -29.6436 21
      vertex -46.9668 -30.5438 21
      vertex -46.5355 -31.0355 21
    endloop
  endfacet
  facet normal 0 0 1
    outer loop
      vertex -48 27.5 21
      vertex -47.6194 29.4134 21
      vertex -47.8296 28.7941 21
    endloop
  endfacet
  facet normal 0 0 1
    outer loop
      vertex -45.5578 -27.9397 21
      vertex -47.3301 -30 21
      vertex -46.9668 -30.5438 21
    endloop
  endfacet
  facet normal 0 0 1
    outer loop
      vertex -48 27.5 21
      vertex -47.8296 28.7941 21
      vertex -47.9572 28.1526 21
    endloop
  endfacet
  facet normal 0 0 1
    outer loop
      vertex -45.5578 -27.9397 21
      vertex -47.6194 -29.4134 21
      vertex -47.3301 -30 21
    endloop
  endfacet
  facet normal 0 0 1
    outer loop
      vertex -45.5578 -27.9397 21
      vertex -47.8296 -28.7941 21
      vertex -47.6194 -29.4134 21
    endloop
  endfacet
  facet normal 0 0 1
    outer loop
      vertex -45.5578 -27.9397 21
      vertex -47.9572 -28.1526 21
      vertex -47.8296 -28.7941 21
    endloop
  endfacet
  facet normal 0 0 1
    outer loop
      vertex -40.0229 -29.85 21
      vertex -41.9094 -29.3564 21
      vertex -41.9 -29.5 21
    endloop
  endfacet
  facet normal 0 0 1
    outer loop
      vertex -41.5 -26.9019 21
      vertex -41.9375 -29.2153 21
      vertex -41.9094 -29.3564 21
    endloop
  endfacet
  facet normal 0 0 1
    outer loop
      vertex -41.5 -26.9019 21
      vertex -41.9837 -29.079 21
      vertex -41.9375 -29.2153 21
    endloop
  endfacet
  facet normal 0 0 1
    outer loop
      vertex -41.5 -26.9019 21
      vertex -42.0474 -28.95 21
      vertex -41.9837 -29.079 21
    endloop
  endfacet
  facet normal 0 0 1
    outer loop
      vertex -41.5 -26.9019 21
      vertex -42.1273 -28.8304 21
      vertex -42.0474 -28.95 21
    endloop
  endfacet
  facet normal 0 0 1
    outer loop
      vertex -41.5 -26.9019 21
      vertex -42.2222 -28.7222 21
      vertex -42.1273 -28.8304 21
    endloop
  endfacet
  facet normal 0 0 1
    outer loop
      vertex -42.579 -28.4837 21
      vertex -41.852 -26.7284 21
      vertex -42.2235 -26.6022 21
    endloop
  endfacet
  facet normal 0 0 1
    outer loop
      vertex -41.5 -26.9019 21
      vertex -42.3304 -28.6273 21
      vertex -42.2222 -28.7222 21
    endloop
  endfacet
  facet normal 0 0 1
    outer loop
      vertex -41.5 -26.9019 21
      vertex -42.45 -28.5474 21
      vertex -42.3304 -28.6273 21
    endloop
  endfacet
  facet normal 0 0 1
    outer loop
      vertex -41.852 -26.7284 21
      vertex -42.579 -28.4837 21
      vertex -42.45 -28.5474 21
    endloop
  endfacet
  facet normal 0 0 1
    outer loop
      vertex -42.7153 -28.4375 21
      vertex -42.2235 -26.6022 21
      vertex -42.6084 -26.5257 21
    endloop
  endfacet
  facet normal 0 0 1
    outer loop
      vertex -42.2235 -26.6022 21
      vertex -42.7153 -28.4375 21
      vertex -42.579 -28.4837 21
    endloop
  endfacet
  facet normal 0 0 1
    outer loop
      vertex -42.6084 -26.5257 21
      vertex -42.8564 -28.4094 21
      vertex -42.7153 -28.4375 21
    endloop
  endfacet
  facet normal 0 0 1
    outer loop
      vertex -43 -26.5 21
      vertex -42.8564 -28.4094 21
      vertex -42.6084 -26.5257 21
    endloop
  endfacet
  facet normal 0 0 1
    outer loop
      vertex -43 -26.5 21
      vertex -43 -28.4 21
      vertex -42.8564 -28.4094 21
    endloop
  endfacet
  facet normal 0 0 1
    outer loop
      vertex -43 -26.5 21
      vertex -43.1436 -28.4094 21
      vertex -43 -28.4 21
    endloop
  endfacet
  facet normal -0 0 1
    outer loop
      vertex -43.3916 -26.5257 21
      vertex -43.1436 -28.4094 21
      vertex -43 -26.5 21
    endloop
  endfacet
  facet normal 0 0 1
    outer loop
      vertex -43.1436 -28.4094 21
      vertex -43.3916 -26.5257 21
      vertex -43.2847 -28.4375 21
    endloop
  endfacet
  facet normal -0 0 1
    outer loop
      vertex -43.7765 -26.6022 21
      vertex -43.2847 -28.4375 21
      vertex -43.3916 -26.5257 21
    endloop
  endfacet
  facet normal 0 0 1
    outer loop
      vertex -43.2847 -28.4375 21
      vertex -43.7765 -26.6022 21
      vertex -43.421 -28.4837 21
    endloop
  endfacet
  facet normal -0 0 1
    outer loop
      vertex -44.148 -26.7284 21
      vertex -43.421 -28.4837 21
      vertex -43.7765 -26.6022 21
    endloop
  endfacet
  facet normal -0 0 1
    outer loop
      vertex -44.15 -26.7293 21
      vertex -43.421 -28.4837 21
      vertex -44.148 -26.7284 21
    endloop
  endfacet
  facet normal 0 0 1
    outer loop
      vertex -43.421 -28.4837 21
      vertex -44.15 -26.7293 21
      vertex -43.55 -28.5474 21
    endloop
  endfacet
  facet normal 0 0 1
    outer loop
      vertex -43.55 -28.5474 21
      vertex -44.15 -26.7293 21
      vertex -43.6696 -28.6273 21
    endloop
  endfacet
  facet normal -0 0 1
    outer loop
      vertex -45.3415 -27.6297 21
      vertex -43.6696 -28.6273 21
      vertex -44.15 -26.7293 21
    endloop
  endfacet
  facet normal 0 0 1
    outer loop
      vertex -43.6696 -28.6273 21
      vertex -45.3415 -27.6297 21
      vertex -43.7778 -28.7222 21
    endloop
  endfacet
  facet normal 0 0 1
    outer loop
      vertex -43.7778 -28.7222 21
      vertex -45.3415 -27.6297 21
      vertex -43.8727 -28.8304 21
    endloop
  endfacet
  facet normal -0 0 1
    outer loop
      vertex -45.3801 -27.6737 21
      vertex -43.8727 -28.8304 21
      vertex -45.3415 -27.6297 21
    endloop
  endfacet
  facet normal 0 0 1
    outer loop
      vertex -43.8727 -28.8304 21
      vertex -45.5578 -27.9397 21
      vertex -43.9526 -28.95 21
    endloop
  endfacet
  facet normal -0 0 1
    outer loop
      vertex -45.5578 -27.9397 21
      vertex -43.8727 -28.8304 21
      vertex -45.3801 -27.6737 21
    endloop
  endfacet
  facet normal -0 0 1
    outer loop
      vertex -42.1273 28.8304 21
      vertex -40.6199 27.6737 21
      vertex -42.0474 28.95 21
    endloop
  endfacet
  facet normal 0 0 1
    outer loop
      vertex -40.6199 27.6737 21
      vertex -42.1273 28.8304 21
      vertex -40.8787 27.3787 21
    endloop
  endfacet
  facet normal -0 0 1
    outer loop
      vertex -42.2222 28.7222 21
      vertex -40.8787 27.3787 21
      vertex -42.1273 28.8304 21
    endloop
  endfacet
  facet normal 0 0 1
    outer loop
      vertex -40.8787 27.3787 21
      vertex -42.2222 28.7222 21
      vertex -41.1737 27.1199 21
    endloop
  endfacet
  facet normal -0 0 1
    outer loop
      vertex -42.3304 28.6273 21
      vertex -41.1737 27.1199 21
      vertex -42.2222 28.7222 21
    endloop
  endfacet
  facet normal 0 0 1
    outer loop
      vertex -41.1737 27.1199 21
      vertex -42.3304 28.6273 21
      vertex -41.5 26.9019 21
    endloop
  endfacet
  facet normal -0 0 1
    outer loop
      vertex -42.45 28.5474 21
      vertex -41.5 26.9019 21
      vertex -42.3304 28.6273 21
    endloop
  endfacet
  facet normal 0 0 1
    outer loop
      vertex -41.5 26.9019 21
      vertex -42.45 28.5474 21
      vertex -41.852 26.7284 21
    endloop
  endfacet
  facet normal -0 0 1
    outer loop
      vertex -42.579 28.4837 21
      vertex -41.852 26.7284 21
      vertex -42.45 28.5474 21
    endloop
  endfacet
  facet normal 0 0 1
    outer loop
      vertex -41.852 26.7284 21
      vertex -42.579 28.4837 21
      vertex -42.2235 26.6022 21
    endloop
  endfacet
  facet normal -0 0 1
    outer loop
      vertex -42.7153 28.4375 21
      vertex -42.2235 26.6022 21
      vertex -42.579 28.4837 21
    endloop
  endfacet
  facet normal 0 0 1
    outer loop
      vertex -42.2235 26.6022 21
      vertex -42.7153 28.4375 21
      vertex -42.6084 26.5257 21
    endloop
  endfacet
  facet normal -0 0 1
    outer loop
      vertex -42.8564 28.4094 21
      vertex -42.6084 26.5257 21
      vertex -42.7153 28.4375 21
    endloop
  endfacet
  facet normal -0 0 1
    outer loop
      vertex -43 28.4 21
      vertex -42.6084 26.5257 21
      vertex -42.8564 28.4094 21
    endloop
  endfacet
  facet normal 0 0 1
    outer loop
      vertex -43 28.4 21
      vertex -43 26.5 21
      vertex -42.6084 26.5257 21
    endloop
  endfacet
  facet normal 0 0 1
    outer loop
      vertex -43.1436 28.4094 21
      vertex -43 26.5 21
      vertex -43 28.4 21
    endloop
  endfacet
  facet normal 0 0 1
    outer loop
      vertex -43.3916 26.5257 21
      vertex -43.1436 28.4094 21
      vertex -43.2847 28.4375 21
    endloop
  endfacet
  facet normal 0 0 1
    outer loop
      vertex -43.1436 28.4094 21
      vertex -43.3916 26.5257 21
      vertex -43 26.5 21
    endloop
  endfacet
  facet normal 0 0 1
    outer loop
      vertex -43.7765 26.6022 21
      vertex -43.2847 28.4375 21
      vertex -43.421 28.4837 21
    endloop
  endfacet
  facet normal 0 0 1
    outer loop
      vertex -44.15 26.7293 21
      vertex -43.421 28.4837 21
      vertex -43.55 28.5474 21
    endloop
  endfacet
  facet normal 0 0 1
    outer loop
      vertex -44.15 26.7293 21
      vertex -43.55 28.5474 21
      vertex -43.6696 28.6273 21
    endloop
  endfacet
  facet normal 0 0 1
    outer loop
      vertex -43.2847 28.4375 21
      vertex -43.7765 26.6022 21
      vertex -43.3916 26.5257 21
    endloop
  endfacet
  facet normal 0 0 1
    outer loop
      vertex -45.3415 27.6297 21
      vertex -43.6696 28.6273 21
      vertex -43.7778 28.7222 21
    endloop
  endfacet
  facet normal 0 0 1
    outer loop
      vertex -45.3415 27.6297 21
      vertex -43.7778 28.7222 21
      vertex -43.8727 28.8304 21
    endloop
  endfacet
  facet normal 0 0 1
    outer loop
      vertex -45.3415 27.6297 21
      vertex -43.8727 28.8304 21
      vertex -43.9526 28.95 21
    endloop
  endfacet
  facet normal 0 0 1
    outer loop
      vertex -45.3415 27.6297 21
      vertex -43.9526 28.95 21
      vertex -44.0163 29.079 21
    endloop
  endfacet
  facet normal 0 0 1
    outer loop
      vertex -45.3415 27.6297 21
      vertex -44.0163 29.079 21
      vertex -44.0625 29.2153 21
    endloop
  endfacet
  facet normal 0 0 1
    outer loop
      vertex -45.3415 27.6297 21
      vertex -44.0625 29.2153 21
      vertex -44.0906 29.3564 21
    endloop
  endfacet
  facet normal 0 0 1
    outer loop
      vertex -43.421 28.4837 21
      vertex -44.148 26.7284 21
      vertex -43.7765 26.6022 21
    endloop
  endfacet
  facet normal 0 0 1
    outer loop
      vertex -45.3415 27.6297 21
      vertex -44.0906 29.3564 21
      vertex -44.1 29.5 21
    endloop
  endfacet
  facet normal 0 0 1
    outer loop
      vertex 41.9094 -29.6436 21
      vertex 40.0257 -29.8916 21
      vertex 40.0671 -30.1 21
    endloop
  endfacet
  facet normal 0 0 1
    outer loop
      vertex 41.9094 -29.3564 21
      vertex 40.0229 -29.85 21
      vertex 40.0257 -29.8916 21
    endloop
  endfacet
  facet normal 0 0 1
    outer loop
      vertex 40.1272 -28.65 21
      vertex -40.0229 -29.85 21
      vertex 40.0229 -29.85 21
    endloop
  endfacet
  facet normal 0 0 1
    outer loop
      vertex -40.0229 -29.85 21
      vertex -40.0671 -30.1 21
      vertex -40.0257 -29.8916 21
    endloop
  endfacet
  facet normal -0 0 1
    outer loop
      vertex -41.9094 -29.3564 21
      vertex -40.0229 -29.85 21
      vertex -40.1272 -28.65 21
    endloop
  endfacet
  facet normal -0 0 1
    outer loop
      vertex -40.1272 -28.65 21
      vertex -40.0229 -29.85 21
      vertex 40.1272 -28.65 21
    endloop
  endfacet
  facet normal 0 0 1
    outer loop
      vertex 41.9 29.5 21
      vertex 40.0229 29.85 21
      vertex 41.9094 29.3564 21
    endloop
  endfacet
  facet normal 0 0 1
    outer loop
      vertex 41.9094 29.3564 21
      vertex 40.0229 29.85 21
      vertex 40.1272 28.65 21
    endloop
  endfacet
  facet normal -0 0 1
    outer loop
      vertex -40.0229 29.85 21
      vertex 40.1272 28.65 21
      vertex 40.0229 29.85 21
    endloop
  endfacet
  facet normal 0 0 1
    outer loop
      vertex -40.0671 30.1 21
      vertex -40.0229 29.85 21
      vertex -40.0257 29.8916 21
    endloop
  endfacet
  facet normal 0 0 1
    outer loop
      vertex -40.0229 29.85 21
      vertex -40.1272 28.65 21
      vertex 40.1272 28.65 21
    endloop
  endfacet
  facet normal 0 0 1
    outer loop
      vertex -41.9094 29.6436 21
      vertex -40.0229 29.85 21
      vertex -40.0671 30.1 21
    endloop
  endfacet
  facet normal 0 0 1
    outer loop
      vertex 45.3415 -27.6297 21
      vertex 44.0906 -29.3564 21
      vertex 44.1 -29.5 21
    endloop
  endfacet
  facet normal 0 0 1
    outer loop
      vertex 44.15 -26.7293 21
      vertex 44.0625 -29.2153 21
      vertex 44.0906 -29.3564 21
    endloop
  endfacet
  facet normal 0 0 1
    outer loop
      vertex 44.15 -26.7293 21
      vertex 44.0163 -29.079 21
      vertex 44.0625 -29.2153 21
    endloop
  endfacet
  facet normal 0 0 1
    outer loop
      vertex 44.15 -26.7293 21
      vertex 43.9526 -28.95 21
      vertex 44.0163 -29.079 21
    endloop
  endfacet
  facet normal 0 0 1
    outer loop
      vertex 44.15 -26.7293 21
      vertex 43.8727 -28.8304 21
      vertex 43.9526 -28.95 21
    endloop
  endfacet
  facet normal 0 0 1
    outer loop
      vertex 44.15 -26.7293 21
      vertex 43.7778 -28.7222 21
      vertex 43.8727 -28.8304 21
    endloop
  endfacet
  facet normal 0 0 1
    outer loop
      vertex 43.421 -28.4837 21
      vertex 44.148 -26.7284 21
      vertex 43.7765 -26.6022 21
    endloop
  endfacet
  facet normal 0 0 1
    outer loop
      vertex 44.15 -26.7293 21
      vertex 43.6696 -28.6273 21
      vertex 43.7778 -28.7222 21
    endloop
  endfacet
  facet normal 0 0 1
    outer loop
      vertex 44.15 -26.7293 21
      vertex 43.55 -28.5474 21
      vertex 43.6696 -28.6273 21
    endloop
  endfacet
  facet normal 0 0 1
    outer loop
      vertex 44.15 -26.7293 21
      vertex 43.421 -28.4837 21
      vertex 43.55 -28.5474 21
    endloop
  endfacet
  facet normal 0 0 1
    outer loop
      vertex 43.2847 -28.4375 21
      vertex 43.7765 -26.6022 21
      vertex 43.3916 -26.5257 21
    endloop
  endfacet
  facet normal 0 0 1
    outer loop
      vertex 43.7765 -26.6022 21
      vertex 43.2847 -28.4375 21
      vertex 43.421 -28.4837 21
    endloop
  endfacet
  facet normal 0 0 1
    outer loop
      vertex 43.3916 -26.5257 21
      vertex 43.1436 -28.4094 21
      vertex 43.2847 -28.4375 21
    endloop
  endfacet
  facet normal 0 0 1
    outer loop
      vertex 43 -26.5 21
      vertex 43.1436 -28.4094 21
      vertex 43.3916 -26.5257 21
    endloop
  endfacet
  facet normal 0 0 1
    outer loop
      vertex 43 -26.5 21
      vertex 43 -28.4 21
      vertex 43.1436 -28.4094 21
    endloop
  endfacet
  facet normal 0 0 1
    outer loop
      vertex 43 -26.5 21
      vertex 42.8564 -28.4094 21
      vertex 43 -28.4 21
    endloop
  endfacet
  facet normal -0 0 1
    outer loop
      vertex 42.6084 -26.5257 21
      vertex 42.8564 -28.4094 21
      vertex 43 -26.5 21
    endloop
  endfacet
  facet normal 0 0 1
    outer loop
      vertex 42.8564 -28.4094 21
      vertex 42.6084 -26.5257 21
      vertex 42.7153 -28.4375 21
    endloop
  endfacet
  facet normal -0 0 1
    outer loop
      vertex 42.2235 -26.6022 21
      vertex 42.7153 -28.4375 21
      vertex 42.6084 -26.5257 21
    endloop
  endfacet
  facet normal 0 0 1
    outer loop
      vertex 42.7153 -28.4375 21
      vertex 42.2235 -26.6022 21
      vertex 42.579 -28.4837 21
    endloop
  endfacet
  facet normal -0 0 1
    outer loop
      vertex 41.852 -26.7284 21
      vertex 42.579 -28.4837 21
      vertex 42.2235 -26.6022 21
    endloop
  endfacet
  facet normal 0 0 1
    outer loop
      vertex 42.579 -28.4837 21
      vertex 41.852 -26.7284 21
      vertex 42.45 -28.5474 21
    endloop
  endfacet
  facet normal -0 0 1
    outer loop
      vertex 41.5 -26.9019 21
      vertex 42.45 -28.5474 21
      vertex 41.852 -26.7284 21
    endloop
  endfacet
  facet normal 0 0 1
    outer loop
      vertex 42.45 -28.5474 21
      vertex 41.5 -26.9019 21
      vertex 42.3304 -28.6273 21
    endloop
  endfacet
  facet normal -0 0 1
    outer loop
      vertex 41.1737 -27.1199 21
      vertex 42.3304 -28.6273 21
      vertex 41.5 -26.9019 21
    endloop
  endfacet
  facet normal 0 0 1
    outer loop
      vertex 42.3304 -28.6273 21
      vertex 41.1737 -27.1199 21
      vertex 42.2222 -28.7222 21
    endloop
  endfacet
  facet normal -0 0 1
    outer loop
      vertex 40.8787 -27.3787 21
      vertex 42.2222 -28.7222 21
      vertex 41.1737 -27.1199 21
    endloop
  endfacet
  facet normal 0 0 1
    outer loop
      vertex 42.2222 -28.7222 21
      vertex 40.8787 -27.3787 21
      vertex 42.1273 -28.8304 21
    endloop
  endfacet
  facet normal 0 0 1
    outer loop
      vertex 42.1273 -28.8304 21
      vertex 40.6199 -27.6737 21
      vertex 42.0474 -28.95 21
    endloop
  endfacet
  facet normal -0 0 1
    outer loop
      vertex 40.6199 -27.6737 21
      vertex 42.1273 -28.8304 21
      vertex 40.8787 -27.3787 21
    endloop
  endfacet
  facet normal 0 0 1
    outer loop
      vertex 44.0906 -29.3564 21
      vertex 45.3415 -27.6297 21
      vertex 44.15 -26.7293 21
    endloop
  endfacet
  facet normal 0 0 1
    outer loop
      vertex 43.421 -28.4837 21
      vertex 44.15 -26.7293 21
      vertex 44.148 -26.7284 21
    endloop
  endfacet
  facet normal 0 0 1
    outer loop
      vertex 44.0906 -29.6436 21
      vertex 45.3415 -27.6297 21
      vertex 44.1 -29.5 21
    endloop
  endfacet
  facet normal 0 0 1
    outer loop
      vertex 44.0625 -29.7847 21
      vertex 45.3415 -27.6297 21
      vertex 44.0906 -29.6436 21
    endloop
  endfacet
  facet normal 0 0 1
    outer loop
      vertex 45.3415 -27.6297 21
      vertex 44.0625 -29.7847 21
      vertex 44.2941 -32.3296 21
    endloop
  endfacet
  facet normal -0 0 1
    outer loop
      vertex 44.0163 -29.921 21
      vertex 44.2941 -32.3296 21
      vertex 44.0625 -29.7847 21
    endloop
  endfacet
  facet normal -0 0 1
    outer loop
      vertex 43.9526 -30.05 21
      vertex 44.2941 -32.3296 21
      vertex 44.0163 -29.921 21
    endloop
  endfacet
  facet normal -0 0 1
    outer loop
      vertex 43.8727 -30.1696 21
      vertex 44.2941 -32.3296 21
      vertex 43.9526 -30.05 21
    endloop
  endfacet
  facet normal -0 0 1
    outer loop
      vertex 43.7778 -30.2778 21
      vertex 44.2941 -32.3296 21
      vertex 43.8727 -30.1696 21
    endloop
  endfacet
  facet normal -0 0 1
    outer loop
      vertex 43.6696 -30.3727 21
      vertex 44.2941 -32.3296 21
      vertex 43.7778 -30.2778 21
    endloop
  endfacet
  facet normal -0 0 1
    outer loop
      vertex 43.55 -30.4526 21
      vertex 44.2941 -32.3296 21
      vertex 43.6696 -30.3727 21
    endloop
  endfacet
  facet normal -0 0 1
    outer loop
      vertex 43.421 -30.5163 21
      vertex 44.2941 -32.3296 21
      vertex 43.55 -30.4526 21
    endloop
  endfacet
  facet normal 0 0 1
    outer loop
      vertex 44.2941 -32.3296 21
      vertex 43.421 -30.5163 21
      vertex 43.6526 -32.4572 21
    endloop
  endfacet
  facet normal -0 0 1
    outer loop
      vertex 43.2847 -30.5625 21
      vertex 43.6526 -32.4572 21
      vertex 43.421 -30.5163 21
    endloop
  endfacet
  facet normal -0 0 1
    outer loop
      vertex 43.1436 -30.5906 21
      vertex 43.6526 -32.4572 21
      vertex 43.2847 -30.5625 21
    endloop
  endfacet
  facet normal 0 0 1
    outer loop
      vertex 43 -32.5 21
      vertex 43.1436 -30.5906 21
      vertex 43 -30.6 21
    endloop
  endfacet
  facet normal 0 0 1
    outer loop
      vertex 43.1436 -30.5906 21
      vertex 43 -32.5 21
      vertex 43.6526 -32.4572 21
    endloop
  endfacet
  facet normal 0 0 1
    outer loop
      vertex 42.8564 -30.5906 21
      vertex 43 -32.5 21
      vertex 43 -30.6 21
    endloop
  endfacet
  facet normal 0 0 1
    outer loop
      vertex 42.7153 -30.5625 21
      vertex 43 -32.5 21
      vertex 42.8564 -30.5906 21
    endloop
  endfacet
  facet normal 0 0 1
    outer loop
      vertex 42.579 -30.5163 21
      vertex 43 -32.5 21
      vertex 42.7153 -30.5625 21
    endloop
  endfacet
  facet normal 0 0 1
    outer loop
      vertex 42.45 -30.4526 21
      vertex 43 -32.5 21
      vertex 42.579 -30.5163 21
    endloop
  endfacet
  facet normal 0 0 1
    outer loop
      vertex 42.3304 -30.3727 21
      vertex 43 -32.5 21
      vertex 42.45 -30.4526 21
    endloop
  endfacet
  facet normal 0 0 1
    outer loop
      vertex 40.0671 -30.1 21
      vertex 42.3304 -30.3727 21
      vertex 42.2222 -30.2778 21
    endloop
  endfacet
  facet normal 0 0 1
    outer loop
      vertex 40.0671 -30.1 21
      vertex 42.2222 -30.2778 21
      vertex 42.1273 -30.1696 21
    endloop
  endfacet
  facet normal -0 0 1
    outer loop
      vertex 40.0671 -30.1 21
      vertex 42.1273 -30.1696 21
      vertex 42.0474 -30.05 21
    endloop
  endfacet
  facet normal 0 0 1
    outer loop
      vertex 40.0671 -30.1 21
      vertex 42.0474 -30.05 21
      vertex 41.9837 -29.921 21
    endloop
  endfacet
  facet normal -0 0 1
    outer loop
      vertex 40.4019 -28 21
      vertex 42.0474 -28.95 21
      vertex 40.6199 -27.6737 21
    endloop
  endfacet
  facet normal 0 0 1
    outer loop
      vertex 42.0474 -28.95 21
      vertex 40.4019 -28 21
      vertex 41.9837 -29.079 21
    endloop
  endfacet
  facet normal -0 0 1
    outer loop
      vertex 40.2284 -28.3519 21
      vertex 41.9837 -29.079 21
      vertex 40.4019 -28 21
    endloop
  endfacet
  facet normal -0 0 1
    outer loop
      vertex 40.1272 -28.65 21
      vertex 41.9837 -29.079 21
      vertex 40.2284 -28.3519 21
    endloop
  endfacet
  facet normal 0 0 1
    outer loop
      vertex 41.9837 -29.079 21
      vertex 40.1272 -28.65 21
      vertex 41.9375 -29.2153 21
    endloop
  endfacet
  facet normal 0 0 1
    outer loop
      vertex 41.9375 -29.2153 21
      vertex 40.1272 -28.65 21
      vertex 41.9094 -29.3564 21
    endloop
  endfacet
  facet normal 0 0 1
    outer loop
      vertex 40.0229 -29.85 21
      vertex 41.9094 -29.3564 21
      vertex 40.1272 -28.65 21
    endloop
  endfacet
  facet normal 0 0 1
    outer loop
      vertex 41.9094 -29.3564 21
      vertex 40.0257 -29.8916 21
      vertex 41.9 -29.5 21
    endloop
  endfacet
  facet normal 0 0 1
    outer loop
      vertex 40.0257 -29.8916 21
      vertex 41.9094 -29.6436 21
      vertex 41.9 -29.5 21
    endloop
  endfacet
  facet normal 0 0 1
    outer loop
      vertex 41.9094 -29.6436 21
      vertex 40.0671 -30.1 21
      vertex 41.9375 -29.7847 21
    endloop
  endfacet
  facet normal 0 0 1
    outer loop
      vertex 41.9375 -29.7847 21
      vertex 40.0671 -30.1 21
      vertex 41.9837 -29.921 21
    endloop
  endfacet
  facet normal 0 0 1
    outer loop
      vertex 42.3304 -30.3727 21
      vertex 40.0671 -30.1 21
      vertex 43 -32.5 21
    endloop
  endfacet
  facet normal -0 0 1
    outer loop
      vertex -40.0671 -30.1 21
      vertex 43 -32.5 21
      vertex 40.0671 -30.1 21
    endloop
  endfacet
  facet normal 0 0 1
    outer loop
      vertex -41.9094 -29.3564 21
      vertex -40.1272 -28.65 21
      vertex -40.2284 -28.3519 21
    endloop
  endfacet
  facet normal 0 0 1
    outer loop
      vertex -41.9094 -29.3564 21
      vertex -40.2284 -28.3519 21
      vertex -40.4019 -28 21
    endloop
  endfacet
  facet normal 0 0 1
    outer loop
      vertex -41.9094 -29.3564 21
      vertex -40.4019 -28 21
      vertex -40.6199 -27.6737 21
    endloop
  endfacet
  facet normal 0 0 1
    outer loop
      vertex -41.9094 -29.3564 21
      vertex -40.6199 -27.6737 21
      vertex -40.8787 -27.3787 21
    endloop
  endfacet
  facet normal 0 0 1
    outer loop
      vertex -41.9094 -29.3564 21
      vertex -40.8787 -27.3787 21
      vertex -41.1737 -27.1199 21
    endloop
  endfacet
  facet normal 0 0 1
    outer loop
      vertex -41.9094 -29.3564 21
      vertex -41.1737 -27.1199 21
      vertex -41.5 -26.9019 21
    endloop
  endfacet
  facet normal 0 0 1
    outer loop
      vertex -42.45 -28.5474 21
      vertex -41.5 -26.9019 21
      vertex -41.852 -26.7284 21
    endloop
  endfacet
  facet normal -0 0 1
    outer loop
      vertex -41.9094 -29.6436 21
      vertex -40.0229 -29.85 21
      vertex -41.9 -29.5 21
    endloop
  endfacet
  facet normal 0 0 1
    outer loop
      vertex -40.0229 -29.85 21
      vertex -41.9094 -29.6436 21
      vertex -40.0671 -30.1 21
    endloop
  endfacet
  facet normal -0 0 1
    outer loop
      vertex -41.9375 -29.7847 21
      vertex -40.0671 -30.1 21
      vertex -41.9094 -29.6436 21
    endloop
  endfacet
  facet normal -0 0 1
    outer loop
      vertex -41.9837 -29.921 21
      vertex -40.0671 -30.1 21
      vertex -41.9375 -29.7847 21
    endloop
  endfacet
  facet normal -0 0 1
    outer loop
      vertex -42.0474 -30.05 21
      vertex -40.0671 -30.1 21
      vertex -41.9837 -29.921 21
    endloop
  endfacet
  facet normal 0 0 1
    outer loop
      vertex -42.1273 -30.1696 21
      vertex -40.0671 -30.1 21
      vertex -42.0474 -30.05 21
    endloop
  endfacet
  facet normal 0 0 1
    outer loop
      vertex -42.2222 -30.2778 21
      vertex -40.0671 -30.1 21
      vertex -42.1273 -30.1696 21
    endloop
  endfacet
  facet normal 0 0 1
    outer loop
      vertex -42.3304 -30.3727 21
      vertex -40.0671 -30.1 21
      vertex -42.2222 -30.2778 21
    endloop
  endfacet
  facet normal 0 0 1
    outer loop
      vertex -40.0671 -30.1 21
      vertex -42.3304 -30.3727 21
      vertex -43 -32.5 21
    endloop
  endfacet
  facet normal 0 0 1
    outer loop
      vertex -43 -32.5 21
      vertex -42.3304 -30.3727 21
      vertex -42.45 -30.4526 21
    endloop
  endfacet
  facet normal 0 0 1
    outer loop
      vertex -43 -32.5 21
      vertex -42.45 -30.4526 21
      vertex -42.579 -30.5163 21
    endloop
  endfacet
  facet normal 0 0 1
    outer loop
      vertex -43 -32.5 21
      vertex -42.579 -30.5163 21
      vertex -42.7153 -30.5625 21
    endloop
  endfacet
  facet normal 0 0 1
    outer loop
      vertex -43 -32.5 21
      vertex -42.7153 -30.5625 21
      vertex -42.8564 -30.5906 21
    endloop
  endfacet
  facet normal 0 0 1
    outer loop
      vertex -43 -32.5 21
      vertex -42.8564 -30.5906 21
      vertex -43 -30.6 21
    endloop
  endfacet
  facet normal 0 0 1
    outer loop
      vertex -40.0671 -30.1 21
      vertex -43 -32.5 21
      vertex 43 -32.5 21
    endloop
  endfacet
  facet normal 0 0 1
    outer loop
      vertex -43.1436 -30.5906 21
      vertex -43 -32.5 21
      vertex -43 -30.6 21
    endloop
  endfacet
  facet normal 0 0 1
    outer loop
      vertex -43.6526 -32.4572 21
      vertex -43.1436 -30.5906 21
      vertex -43.2847 -30.5625 21
    endloop
  endfacet
  facet normal 0 0 1
    outer loop
      vertex -43.6526 -32.4572 21
      vertex -43.2847 -30.5625 21
      vertex -43.421 -30.5163 21
    endloop
  endfacet
  facet normal 0 0 1
    outer loop
      vertex -44.2941 -32.3296 21
      vertex -43.421 -30.5163 21
      vertex -43.55 -30.4526 21
    endloop
  endfacet
  facet normal 0 0 1
    outer loop
      vertex -43.1436 -30.5906 21
      vertex -43.6526 -32.4572 21
      vertex -43 -32.5 21
    endloop
  endfacet
  facet normal 0 0 1
    outer loop
      vertex -44.2941 -32.3296 21
      vertex -43.55 -30.4526 21
      vertex -43.6696 -30.3727 21
    endloop
  endfacet
  facet normal 0 0 1
    outer loop
      vertex -44.9134 -32.1194 21
      vertex -43.6696 -30.3727 21
      vertex -43.7778 -30.2778 21
    endloop
  endfacet
  facet normal 0 0 1
    outer loop
      vertex -44.9134 -32.1194 21
      vertex -43.7778 -30.2778 21
      vertex -43.8727 -30.1696 21
    endloop
  endfacet
  facet normal 0 0 1
    outer loop
      vertex -44.9134 -32.1194 21
      vertex -43.8727 -30.1696 21
      vertex -43.9526 -30.05 21
    endloop
  endfacet
  facet normal 0 0 1
    outer loop
      vertex -44.9134 -32.1194 21
      vertex -43.9526 -30.05 21
      vertex -44.0163 -29.921 21
    endloop
  endfacet
  facet normal 0 0 1
    outer loop
      vertex -44.9134 -32.1194 21
      vertex -44.0163 -29.921 21
      vertex -44.0625 -29.7847 21
    endloop
  endfacet
  facet normal 0 0 1
    outer loop
      vertex -44.9134 -32.1194 21
      vertex -44.0625 -29.7847 21
      vertex -44.0906 -29.6436 21
    endloop
  endfacet
  facet normal 0 0 1
    outer loop
      vertex -43.9526 -28.95 21
      vertex -45.5578 -27.9397 21
      vertex -44.0163 -29.079 21
    endloop
  endfacet
  facet normal 0 0 1
    outer loop
      vertex -43.421 -30.5163 21
      vertex -44.2941 -32.3296 21
      vertex -43.6526 -32.4572 21
    endloop
  endfacet
  facet normal 0 0 1
    outer loop
      vertex -44.0625 -29.2153 21
      vertex -45.5578 -27.9397 21
      vertex -44.0906 -29.3564 21
    endloop
  endfacet
  facet normal 0 0 1
    outer loop
      vertex -44.0163 -29.079 21
      vertex -45.5578 -27.9397 21
      vertex -44.0625 -29.2153 21
    endloop
  endfacet
  facet normal -0 0 1
    outer loop
      vertex -45.35 27.5 21
      vertex -44.15 26.7293 21
      vertex -45.3415 27.6297 21
    endloop
  endfacet
  facet normal 0 0 1
    outer loop
      vertex -45.5578 27.9397 21
      vertex -44.2941 32.3296 21
      vertex -44.9134 32.1194 21
    endloop
  endfacet
  facet normal 0 0 1
    outer loop
      vertex -44.15 26.7293 21
      vertex -45.35 27.5 21
      vertex -44.15 -26.7293 21
    endloop
  endfacet
  facet normal 0 0 1
    outer loop
      vertex -43.6696 -30.3727 21
      vertex -44.9134 -32.1194 21
      vertex -44.2941 -32.3296 21
    endloop
  endfacet
  facet normal 0 0 1
    outer loop
      vertex -44.2941 32.3296 21
      vertex -45.5578 27.9397 21
      vertex -45.3415 27.6297 21
    endloop
  endfacet
  facet normal 0 0 1
    outer loop
      vertex -45.5578 27.9397 21
      vertex -44.9134 32.1194 21
      vertex -45.5 31.8301 21
    endloop
  endfacet
  facet normal 0 0 1
    outer loop
      vertex -45.3415 27.6297 21
      vertex -45.5578 27.9397 21
      vertex -45.3801 27.6737 21
    endloop
  endfacet
  facet normal -0 0 1
    outer loop
      vertex -46.0438 31.4668 21
      vertex -45.5578 27.9397 21
      vertex -45.5 31.8301 21
    endloop
  endfacet
  facet normal 0 0 1
    outer loop
      vertex -48 27.5 21
      vertex -45.5578 27.9397 21
      vertex -46.0438 31.4668 21
    endloop
  endfacet
  facet normal 0 0 1
    outer loop
      vertex -45.5778 27.8394 21
      vertex -48 27.5 21
      vertex -45.6 27.5 21
    endloop
  endfacet
  facet normal 0 0 1
    outer loop
      vertex -45.5578 27.9397 21
      vertex -48 27.5 21
      vertex -45.5778 27.8394 21
    endloop
  endfacet
  facet normal -0 0 1
    outer loop
      vertex 43.8727 28.8304 21
      vertex 45.5578 27.9397 21
      vertex 43.9526 28.95 21
    endloop
  endfacet
  facet normal 0 0 1
    outer loop
      vertex 45.5578 27.9397 21
      vertex 43.8727 28.8304 21
      vertex 45.3801 27.6737 21
    endloop
  endfacet
  facet normal 0 0 1
    outer loop
      vertex 45.3801 27.6737 21
      vertex 43.8727 28.8304 21
      vertex 45.3415 27.6297 21
    endloop
  endfacet
  facet normal -0 0 1
    outer loop
      vertex 43.7778 28.7222 21
      vertex 45.3415 27.6297 21
      vertex 43.8727 28.8304 21
    endloop
  endfacet
  facet normal -0 0 1
    outer loop
      vertex 43.6696 28.6273 21
      vertex 45.3415 27.6297 21
      vertex 43.7778 28.7222 21
    endloop
  endfacet
  facet normal 0 0 1
    outer loop
      vertex 45.3415 27.6297 21
      vertex 43.6696 28.6273 21
      vertex 44.15 26.7293 21
    endloop
  endfacet
  facet normal -0 0 1
    outer loop
      vertex 43.55 28.5474 21
      vertex 44.15 26.7293 21
      vertex 43.6696 28.6273 21
    endloop
  endfacet
  facet normal -0 0 1
    outer loop
      vertex 43.421 28.4837 21
      vertex 44.15 26.7293 21
      vertex 43.55 28.5474 21
    endloop
  endfacet
  facet normal 0 0 1
    outer loop
      vertex 44.15 26.7293 21
      vertex 43.421 28.4837 21
      vertex 44.148 26.7284 21
    endloop
  endfacet
  facet normal 0 0 1
    outer loop
      vertex 44.148 26.7284 21
      vertex 43.421 28.4837 21
      vertex 43.7765 26.6022 21
    endloop
  endfacet
  facet normal -0 0 1
    outer loop
      vertex 43.2847 28.4375 21
      vertex 43.7765 26.6022 21
      vertex 43.421 28.4837 21
    endloop
  endfacet
  facet normal 0 0 1
    outer loop
      vertex 43.7765 26.6022 21
      vertex 43.2847 28.4375 21
      vertex 43.3916 26.5257 21
    endloop
  endfacet
  facet normal -0 0 1
    outer loop
      vertex 43.1436 28.4094 21
      vertex 43.3916 26.5257 21
      vertex 43.2847 28.4375 21
    endloop
  endfacet
  facet normal -0 0 1
    outer loop
      vertex 43 28.4 21
      vertex 43.3916 26.5257 21
      vertex 43.1436 28.4094 21
    endloop
  endfacet
  facet normal 0 0 1
    outer loop
      vertex 43 28.4 21
      vertex 43 26.5 21
      vertex 43.3916 26.5257 21
    endloop
  endfacet
  facet normal 0 0 1
    outer loop
      vertex 42.8564 28.4094 21
      vertex 43 26.5 21
      vertex 43 28.4 21
    endloop
  endfacet
  facet normal 0 0 1
    outer loop
      vertex 42.6084 26.5257 21
      vertex 42.8564 28.4094 21
      vertex 42.7153 28.4375 21
    endloop
  endfacet
  facet normal 0 0 1
    outer loop
      vertex 42.8564 28.4094 21
      vertex 42.6084 26.5257 21
      vertex 43 26.5 21
    endloop
  endfacet
  facet normal 0 0 1
    outer loop
      vertex 42.2235 26.6022 21
      vertex 42.7153 28.4375 21
      vertex 42.579 28.4837 21
    endloop
  endfacet
  facet normal 0 0 1
    outer loop
      vertex 41.852 26.7284 21
      vertex 42.579 28.4837 21
      vertex 42.45 28.5474 21
    endloop
  endfacet
  facet normal 0 0 1
    outer loop
      vertex 41.5 26.9019 21
      vertex 42.45 28.5474 21
      vertex 42.3304 28.6273 21
    endloop
  endfacet
  facet normal 0 0 1
    outer loop
      vertex 42.7153 28.4375 21
      vertex 42.2235 26.6022 21
      vertex 42.6084 26.5257 21
    endloop
  endfacet
  facet normal 0 0 1
    outer loop
      vertex 41.1737 27.1199 21
      vertex 42.3304 28.6273 21
      vertex 42.2222 28.7222 21
    endloop
  endfacet
  facet normal 0 0 1
    outer loop
      vertex 40.8787 27.3787 21
      vertex 42.2222 28.7222 21
      vertex 42.1273 28.8304 21
    endloop
  endfacet
  facet normal 0 0 1
    outer loop
      vertex 40.6199 27.6737 21
      vertex 42.1273 28.8304 21
      vertex 42.0474 28.95 21
    endloop
  endfacet
  facet normal 0 0 1
    outer loop
      vertex 40.4019 28 21
      vertex 42.0474 28.95 21
      vertex 41.9837 29.079 21
    endloop
  endfacet
  facet normal 0 0 1
    outer loop
      vertex 40.1272 28.65 21
      vertex 41.9837 29.079 21
      vertex 41.9375 29.2153 21
    endloop
  endfacet
  facet normal 0 0 1
    outer loop
      vertex 40.1272 28.65 21
      vertex 41.9375 29.2153 21
      vertex 41.9094 29.3564 21
    endloop
  endfacet
  facet normal 0 0 1
    outer loop
      vertex 42.579 28.4837 21
      vertex 41.852 26.7284 21
      vertex 42.2235 26.6022 21
    endloop
  endfacet
  facet normal 0 0 1
    outer loop
      vertex 41.9094 29.6436 21
      vertex 40.0229 29.85 21
      vertex 41.9 29.5 21
    endloop
  endfacet
  facet normal 0 0 1
    outer loop
      vertex 45.6 27.5 21
      vertex 48 27.5 21
      vertex 47.9572 28.1526 21
    endloop
  endfacet
  facet normal 0 0 1
    outer loop
      vertex 48 27.5 21
      vertex 47.75 -18.35 21
      vertex 48 -27.5 21
    endloop
  endfacet
  facet normal 0 0 1
    outer loop
      vertex 45.5578 27.9397 21
      vertex 47.9572 28.1526 21
      vertex 47.8296 28.7941 21
    endloop
  endfacet
  facet normal -0 0 1
    outer loop
      vertex 47.75 -25.65 21
      vertex 48 -27.5 21
      vertex 47.75 -18.35 21
    endloop
  endfacet
  facet normal 0 0 1
    outer loop
      vertex 45.6 -27.5 21
      vertex 48 -27.5 21
      vertex 47.75 -25.65 21
    endloop
  endfacet
  facet normal 0 0 1
    outer loop
      vertex 45.5578 27.9397 21
      vertex 47.8296 28.7941 21
      vertex 47.6194 29.4134 21
    endloop
  endfacet
  facet normal 0 0 1
    outer loop
      vertex 45.5578 27.9397 21
      vertex 47.6194 29.4134 21
      vertex 47.3301 30 21
    endloop
  endfacet
  facet normal 0 0 1
    outer loop
      vertex 45.5578 27.9397 21
      vertex 47.3301 30 21
      vertex 46.9668 30.5438 21
    endloop
  endfacet
  facet normal 0 0 1
    outer loop
      vertex 44.0906 29.6436 21
      vertex 46.9668 30.5438 21
      vertex 46.5355 31.0355 21
    endloop
  endfacet
  facet normal 0 0 1
    outer loop
      vertex 44.0625 29.7847 21
      vertex 46.5355 31.0355 21
      vertex 46.0438 31.4668 21
    endloop
  endfacet
  facet normal 0 0 1
    outer loop
      vertex 48 27.5 21
      vertex 45.6 27.5 21
      vertex 47.75 -18.35 21
    endloop
  endfacet
  facet normal 0 0 1
    outer loop
      vertex 45.6 -27.5 21
      vertex 45.85 -18.35 21
      vertex 45.6 27.5 21
    endloop
  endfacet
  facet normal 0 0 1
    outer loop
      vertex 47.75 -18.35 21
      vertex 45.6 27.5 21
      vertex 45.85 -18.35 21
    endloop
  endfacet
  facet normal 0 0 1
    outer loop
      vertex 47.9572 28.1526 21
      vertex 45.5778 27.8394 21
      vertex 45.6 27.5 21
    endloop
  endfacet
  facet normal 0 0 1
    outer loop
      vertex 47.9572 28.1526 21
      vertex 45.5578 27.9397 21
      vertex 45.5778 27.8394 21
    endloop
  endfacet
  facet normal 0 0 1
    outer loop
      vertex 44.0625 29.7847 21
      vertex 46.0438 31.4668 21
      vertex 45.5 31.8301 21
    endloop
  endfacet
  facet normal 0 0 1
    outer loop
      vertex 44.0625 29.7847 21
      vertex 45.5 31.8301 21
      vertex 44.9134 32.1194 21
    endloop
  endfacet
  facet normal 0 0 1
    outer loop
      vertex 46.5355 31.0355 21
      vertex 44.0625 29.7847 21
      vertex 44.0906 29.6436 21
    endloop
  endfacet
  facet normal 0 0 1
    outer loop
      vertex 45.35 27.5 21
      vertex 44.15 26.7293 21
      vertex 45.35 -27.5 21
    endloop
  endfacet
  facet normal -0 0 1
    outer loop
      vertex 44.0625 29.2153 21
      vertex 45.5578 27.9397 21
      vertex 44.0906 29.3564 21
    endloop
  endfacet
  facet normal 0 0 1
    outer loop
      vertex 48 -27.5 21
      vertex 45.6 -27.5 21
      vertex 47.9572 -28.1526 21
    endloop
  endfacet
  facet normal -0 0 1
    outer loop
      vertex 45.5778 -27.8394 21
      vertex 47.9572 -28.1526 21
      vertex 45.6 -27.5 21
    endloop
  endfacet
  facet normal -0 0 1
    outer loop
      vertex 45.5578 -27.9397 21
      vertex 47.9572 -28.1526 21
      vertex 45.5778 -27.8394 21
    endloop
  endfacet
  facet normal 0 0 1
    outer loop
      vertex 47.8296 -28.7941 21
      vertex 45.5578 -27.9397 21
      vertex 47.6194 -29.4134 21
    endloop
  endfacet
  facet normal 0 0 1
    outer loop
      vertex 47.6194 -29.4134 21
      vertex 45.5578 -27.9397 21
      vertex 47.3301 -30 21
    endloop
  endfacet
  facet normal 0 0 1
    outer loop
      vertex 46.9668 -30.5438 21
      vertex 45.5578 -27.9397 21
      vertex 46.5355 -31.0355 21
    endloop
  endfacet
  facet normal 0 0 1
    outer loop
      vertex 45.6 -27.5 21
      vertex 47.75 -25.65 21
      vertex 45.85 -25.65 21
    endloop
  endfacet
  facet normal 0 0 1
    outer loop
      vertex 45.85 -18.35 21
      vertex 45.6 -27.5 21
      vertex 45.85 -25.65 21
    endloop
  endfacet
  facet normal 0 0 1
    outer loop
      vertex 47.9572 -28.1526 21
      vertex 45.5578 -27.9397 21
      vertex 47.8296 -28.7941 21
    endloop
  endfacet
  facet normal 0 0 1
    outer loop
      vertex 47.3301 -30 21
      vertex 45.5578 -27.9397 21
      vertex 46.9668 -30.5438 21
    endloop
  endfacet
  facet normal 0 0 1
    outer loop
      vertex 46.5355 -31.0355 21
      vertex 45.5578 -27.9397 21
      vertex 46.0438 -31.4668 21
    endloop
  endfacet
  facet normal 0 0 1
    outer loop
      vertex 45.5578 -27.9397 21
      vertex 45.5 -31.8301 21
      vertex 46.0438 -31.4668 21
    endloop
  endfacet
  facet normal 0 0 1
    outer loop
      vertex 45.3415 -27.6297 21
      vertex 45.5578 -27.9397 21
      vertex 45.3801 -27.6737 21
    endloop
  endfacet
  facet normal 0 0 1
    outer loop
      vertex 45.5578 -27.9397 21
      vertex 45.3415 -27.6297 21
      vertex 44.2941 -32.3296 21
    endloop
  endfacet
  facet normal 0 0 1
    outer loop
      vertex 45.5578 -27.9397 21
      vertex 44.9134 -32.1194 21
      vertex 45.5 -31.8301 21
    endloop
  endfacet
  facet normal -0 0 1
    outer loop
      vertex 44.15 -26.7293 21
      vertex 45.35 -27.5 21
      vertex 44.15 26.7293 21
    endloop
  endfacet
  facet normal 0 0 1
    outer loop
      vertex 43.6696 30.3727 21
      vertex 44.9134 32.1194 21
      vertex 44.2941 32.3296 21
    endloop
  endfacet
  facet normal 0 0 1
    outer loop
      vertex 44.15 -26.7293 21
      vertex 45.3415 -27.6297 21
      vertex 45.35 -27.5 21
    endloop
  endfacet
  facet normal 0 0 1
    outer loop
      vertex 45.5578 -27.9397 21
      vertex 44.2941 -32.3296 21
      vertex 44.9134 -32.1194 21
    endloop
  endfacet
  facet normal -0 0 1
    outer loop
      vertex 44.0906 29.3564 21
      vertex 45.5578 27.9397 21
      vertex 44.1 29.5 21
    endloop
  endfacet
  facet normal -0 0 1
    outer loop
      vertex 43.9526 28.95 21
      vertex 45.5578 27.9397 21
      vertex 44.0163 29.079 21
    endloop
  endfacet
  facet normal 0 0 1
    outer loop
      vertex 46.9668 30.5438 21
      vertex 44.1 29.5 21
      vertex 45.5578 27.9397 21
    endloop
  endfacet
  facet normal 0 0 1
    outer loop
      vertex 46.9668 30.5438 21
      vertex 44.0906 29.6436 21
      vertex 44.1 29.5 21
    endloop
  endfacet
  facet normal 0 0 1
    outer loop
      vertex 44.9134 32.1194 21
      vertex 44.0163 29.921 21
      vertex 44.0625 29.7847 21
    endloop
  endfacet
  facet normal 0 0 1
    outer loop
      vertex 44.9134 32.1194 21
      vertex 43.9526 30.05 21
      vertex 44.0163 29.921 21
    endloop
  endfacet
  facet normal 0 0 1
    outer loop
      vertex 44.9134 32.1194 21
      vertex 43.8727 30.1696 21
      vertex 43.9526 30.05 21
    endloop
  endfacet
  facet normal 0 0 1
    outer loop
      vertex 44.9134 32.1194 21
      vertex 43.7778 30.2778 21
      vertex 43.8727 30.1696 21
    endloop
  endfacet
  facet normal 0 0 1
    outer loop
      vertex 44.9134 32.1194 21
      vertex 43.6696 30.3727 21
      vertex 43.7778 30.2778 21
    endloop
  endfacet
  facet normal 0 0 1
    outer loop
      vertex 43.421 30.5163 21
      vertex 44.2941 32.3296 21
      vertex 43.6526 32.4572 21
    endloop
  endfacet
  facet normal 0 0 1
    outer loop
      vertex 44.2941 32.3296 21
      vertex 43.55 30.4526 21
      vertex 43.6696 30.3727 21
    endloop
  endfacet
  facet normal 0 0 1
    outer loop
      vertex 44.2941 32.3296 21
      vertex 43.421 30.5163 21
      vertex 43.55 30.4526 21
    endloop
  endfacet
  facet normal 0 0 1
    outer loop
      vertex 43.6526 32.4572 21
      vertex 43.2847 30.5625 21
      vertex 43.421 30.5163 21
    endloop
  endfacet
  facet normal 0 0 1
    outer loop
      vertex 43.6526 32.4572 21
      vertex 43.1436 30.5906 21
      vertex 43.2847 30.5625 21
    endloop
  endfacet
  facet normal 0 0 1
    outer loop
      vertex 43 32.5 21
      vertex 43.1436 30.5906 21
      vertex 43.6526 32.4572 21
    endloop
  endfacet
  facet normal 0 0 1
    outer loop
      vertex 43 32.5 21
      vertex 43 30.6 21
      vertex 43.1436 30.5906 21
    endloop
  endfacet
  facet normal 0 0 1
    outer loop
      vertex 43 32.5 21
      vertex 42.8564 30.5906 21
      vertex 43 30.6 21
    endloop
  endfacet
  facet normal 0 0 1
    outer loop
      vertex 43 32.5 21
      vertex 42.7153 30.5625 21
      vertex 42.8564 30.5906 21
    endloop
  endfacet
  facet normal 0 0 1
    outer loop
      vertex 43 32.5 21
      vertex 42.579 30.5163 21
      vertex 42.7153 30.5625 21
    endloop
  endfacet
  facet normal 0 0 1
    outer loop
      vertex 43 32.5 21
      vertex 42.45 30.4526 21
      vertex 42.579 30.5163 21
    endloop
  endfacet
  facet normal 0 0 1
    outer loop
      vertex 43 32.5 21
      vertex 42.3304 30.3727 21
      vertex 42.45 30.4526 21
    endloop
  endfacet
  facet normal 0 0 1
    outer loop
      vertex 40.0671 30.1 21
      vertex 42.3304 30.3727 21
      vertex 43 32.5 21
    endloop
  endfacet
  facet normal 0 0 1
    outer loop
      vertex 42.3304 30.3727 21
      vertex 40.0671 30.1 21
      vertex 42.2222 30.2778 21
    endloop
  endfacet
  facet normal 0 0 1
    outer loop
      vertex 42.2222 30.2778 21
      vertex 40.0671 30.1 21
      vertex 42.1273 30.1696 21
    endloop
  endfacet
  facet normal 0 0 1
    outer loop
      vertex 42.1273 30.1696 21
      vertex 40.0671 30.1 21
      vertex 42.0474 30.05 21
    endloop
  endfacet
  facet normal 0 0 1
    outer loop
      vertex 42.45 28.5474 21
      vertex 41.5 26.9019 21
      vertex 41.852 26.7284 21
    endloop
  endfacet
  facet normal -0 0 1
    outer loop
      vertex 40.0257 29.8916 21
      vertex 41.9094 29.6436 21
      vertex 40.0671 30.1 21
    endloop
  endfacet
  facet normal 0 0 1
    outer loop
      vertex 42.3304 28.6273 21
      vertex 41.1737 27.1199 21
      vertex 41.5 26.9019 21
    endloop
  endfacet
  facet normal 0 0 1
    outer loop
      vertex 40.0671 30.1 21
      vertex 41.9094 29.6436 21
      vertex 41.9375 29.7847 21
    endloop
  endfacet
  facet normal 0 0 1
    outer loop
      vertex 42.2222 28.7222 21
      vertex 40.8787 27.3787 21
      vertex 41.1737 27.1199 21
    endloop
  endfacet
  facet normal 0 0 1
    outer loop
      vertex 40.0671 30.1 21
      vertex 41.9375 29.7847 21
      vertex 41.9837 29.921 21
    endloop
  endfacet
  facet normal 0 0 1
    outer loop
      vertex 42.0474 30.05 21
      vertex 40.0671 30.1 21
      vertex 41.9837 29.921 21
    endloop
  endfacet
  facet normal 0 0 1
    outer loop
      vertex 42.1273 28.8304 21
      vertex 40.6199 27.6737 21
      vertex 40.8787 27.3787 21
    endloop
  endfacet
  facet normal 0 0 1
    outer loop
      vertex 42.0474 28.95 21
      vertex 40.4019 28 21
      vertex 40.6199 27.6737 21
    endloop
  endfacet
  facet normal 0 0 1
    outer loop
      vertex 41.9837 29.079 21
      vertex 40.1272 28.65 21
      vertex 40.2284 28.3519 21
    endloop
  endfacet
  facet normal 0 0 1
    outer loop
      vertex 41.9837 29.079 21
      vertex 40.2284 28.3519 21
      vertex 40.4019 28 21
    endloop
  endfacet
  facet normal -0 0 1
    outer loop
      vertex 40.0229 29.85 21
      vertex 41.9094 29.6436 21
      vertex 40.0257 29.8916 21
    endloop
  endfacet
  facet normal 0 0 1
    outer loop
      vertex 43 32.5 21
      vertex -40.0671 30.1 21
      vertex 40.0671 30.1 21
    endloop
  endfacet
  facet normal 0 0 1
    outer loop
      vertex -41.9094 29.3564 21
      vertex -40.0229 29.85 21
      vertex -41.9 29.5 21
    endloop
  endfacet
  facet normal 0 0 1
    outer loop
      vertex -40.0229 29.85 21
      vertex -41.9094 29.3564 21
      vertex -40.1272 28.65 21
    endloop
  endfacet
  facet normal -0 0 1
    outer loop
      vertex -41.9375 29.2153 21
      vertex -40.1272 28.65 21
      vertex -41.9094 29.3564 21
    endloop
  endfacet
  facet normal -0 0 1
    outer loop
      vertex -41.9837 29.079 21
      vertex -40.1272 28.65 21
      vertex -41.9375 29.2153 21
    endloop
  endfacet
  facet normal 0 0 1
    outer loop
      vertex -40.1272 28.65 21
      vertex -41.9837 29.079 21
      vertex -40.2284 28.3519 21
    endloop
  endfacet
  facet normal 0 0 1
    outer loop
      vertex -40.2284 28.3519 21
      vertex -41.9837 29.079 21
      vertex -40.4019 28 21
    endloop
  endfacet
  facet normal -0 0 1
    outer loop
      vertex -42.0474 28.95 21
      vertex -40.4019 28 21
      vertex -41.9837 29.079 21
    endloop
  endfacet
  facet normal 0 0 1
    outer loop
      vertex -40.4019 28 21
      vertex -42.0474 28.95 21
      vertex -40.6199 27.6737 21
    endloop
  endfacet
  facet normal 0 0 1
    outer loop
      vertex -40.0229 29.85 21
      vertex -41.9094 29.6436 21
      vertex -41.9 29.5 21
    endloop
  endfacet
  facet normal 0 0 1
    outer loop
      vertex -40.0671 30.1 21
      vertex -41.9375 29.7847 21
      vertex -41.9094 29.6436 21
    endloop
  endfacet
  facet normal 0 0 1
    outer loop
      vertex -40.0671 30.1 21
      vertex -41.9837 29.921 21
      vertex -41.9375 29.7847 21
    endloop
  endfacet
  facet normal 0 0 1
    outer loop
      vertex -40.0671 30.1 21
      vertex -42.0474 30.05 21
      vertex -41.9837 29.921 21
    endloop
  endfacet
  facet normal -0 0 1
    outer loop
      vertex -43 32.5 21
      vertex -40.0671 30.1 21
      vertex 43 32.5 21
    endloop
  endfacet
  facet normal -0 -0 1
    outer loop
      vertex -42.3304 30.3727 21
      vertex -40.0671 30.1 21
      vertex -43 32.5 21
    endloop
  endfacet
  facet normal 0 0 1
    outer loop
      vertex -40.0671 30.1 21
      vertex -42.1273 30.1696 21
      vertex -42.0474 30.05 21
    endloop
  endfacet
  facet normal 0 0 1
    outer loop
      vertex -40.0671 30.1 21
      vertex -42.2222 30.2778 21
      vertex -42.1273 30.1696 21
    endloop
  endfacet
  facet normal 0 0 1
    outer loop
      vertex -40.0671 30.1 21
      vertex -42.3304 30.3727 21
      vertex -42.2222 30.2778 21
    endloop
  endfacet
  facet normal 0 0 1
    outer loop
      vertex -42.3304 30.3727 21
      vertex -43 32.5 21
      vertex -42.45 30.4526 21
    endloop
  endfacet
  facet normal 0 0 1
    outer loop
      vertex -42.45 30.4526 21
      vertex -43 32.5 21
      vertex -42.579 30.5163 21
    endloop
  endfacet
  facet normal 0 0 1
    outer loop
      vertex -42.579 30.5163 21
      vertex -43 32.5 21
      vertex -42.7153 30.5625 21
    endloop
  endfacet
  facet normal 0 0 1
    outer loop
      vertex -42.7153 30.5625 21
      vertex -43 32.5 21
      vertex -42.8564 30.5906 21
    endloop
  endfacet
  facet normal 0 0 1
    outer loop
      vertex -43 32.5 21
      vertex -43 30.6 21
      vertex -42.8564 30.5906 21
    endloop
  endfacet
  facet normal 0 0 1
    outer loop
      vertex -43 32.5 21
      vertex -43.1436 30.5906 21
      vertex -43 30.6 21
    endloop
  endfacet
  facet normal -0 0 1
    outer loop
      vertex -43.6526 32.4572 21
      vertex -43.1436 30.5906 21
      vertex -43 32.5 21
    endloop
  endfacet
  facet normal 0 0 1
    outer loop
      vertex -43.1436 30.5906 21
      vertex -43.6526 32.4572 21
      vertex -43.2847 30.5625 21
    endloop
  endfacet
  facet normal 0 0 1
    outer loop
      vertex -43.2847 30.5625 21
      vertex -43.6526 32.4572 21
      vertex -43.421 30.5163 21
    endloop
  endfacet
  facet normal -0 0 1
    outer loop
      vertex -44.2941 32.3296 21
      vertex -43.421 30.5163 21
      vertex -43.6526 32.4572 21
    endloop
  endfacet
  facet normal 0 0 1
    outer loop
      vertex -43.421 30.5163 21
      vertex -44.2941 32.3296 21
      vertex -43.55 30.4526 21
    endloop
  endfacet
  facet normal 0 0 1
    outer loop
      vertex -43.55 30.4526 21
      vertex -44.2941 32.3296 21
      vertex -43.6696 30.3727 21
    endloop
  endfacet
  facet normal 0 0 1
    outer loop
      vertex -43.6696 30.3727 21
      vertex -44.2941 32.3296 21
      vertex -43.7778 30.2778 21
    endloop
  endfacet
  facet normal 0 0 1
    outer loop
      vertex -43.7778 30.2778 21
      vertex -44.2941 32.3296 21
      vertex -43.8727 30.1696 21
    endloop
  endfacet
  facet normal 0 0 1
    outer loop
      vertex -43.8727 30.1696 21
      vertex -44.2941 32.3296 21
      vertex -43.9526 30.05 21
    endloop
  endfacet
  facet normal 0 0 1
    outer loop
      vertex -43.9526 30.05 21
      vertex -44.2941 32.3296 21
      vertex -44.0163 29.921 21
    endloop
  endfacet
  facet normal 0 0 1
    outer loop
      vertex -44.0163 29.921 21
      vertex -44.2941 32.3296 21
      vertex -44.0625 29.7847 21
    endloop
  endfacet
  facet normal 0 0 1
    outer loop
      vertex -43.421 28.4837 21
      vertex -44.15 26.7293 21
      vertex -44.148 26.7284 21
    endloop
  endfacet
  facet normal 0 0 1
    outer loop
      vertex -43.6696 28.6273 21
      vertex -45.3415 27.6297 21
      vertex -44.15 26.7293 21
    endloop
  endfacet
  facet normal 0 0 1
    outer loop
      vertex -44.0906 29.6436 21
      vertex -45.3415 27.6297 21
      vertex -44.1 29.5 21
    endloop
  endfacet
  facet normal 0 0 1
    outer loop
      vertex -44.0625 29.7847 21
      vertex -45.3415 27.6297 21
      vertex -44.0906 29.6436 21
    endloop
  endfacet
  facet normal 0 0 1
    outer loop
      vertex -45.3415 27.6297 21
      vertex -44.0625 29.7847 21
      vertex -44.2941 32.3296 21
    endloop
  endfacet
  facet normal -0 0 1
    outer loop
      vertex 44.0163 29.079 21
      vertex 45.5578 27.9397 21
      vertex 44.0625 29.2153 21
    endloop
  endfacet
  facet normal 0 0 1
    outer loop
      vertex 45.3415 27.6297 21
      vertex 44.15 26.7293 21
      vertex 45.35 27.5 21
    endloop
  endfacet
  facet normal -0.321407 -0.946941 0
    outer loop
      vertex -44.9134 -32.1194 0
      vertex -44.2941 -32.3296 21
      vertex -44.9134 -32.1194 21
    endloop
  endfacet
  facet normal -0.321407 -0.946941 -0
    outer loop
      vertex -44.2941 -32.3296 21
      vertex -44.9134 -32.1194 0
      vertex -44.2941 -32.3296 0
    endloop
  endfacet
  facet normal -0.195087 -0.980786 0
    outer loop
      vertex -44.2941 -32.3296 0
      vertex -43.6526 -32.4572 21
      vertex -44.2941 -32.3296 21
    endloop
  endfacet
  facet normal -0.195087 -0.980786 -0
    outer loop
      vertex -43.6526 -32.4572 21
      vertex -44.2941 -32.3296 0
      vertex -43.6526 -32.4572 0
    endloop
  endfacet
  facet normal -0.195087 0.980786 0
    outer loop
      vertex -43.6526 32.4572 0
      vertex -44.2941 32.3296 21
      vertex -43.6526 32.4572 21
    endloop
  endfacet
  facet normal -0.195087 0.980786 0
    outer loop
      vertex -44.2941 32.3296 21
      vertex -43.6526 32.4572 0
      vertex -44.2941 32.3296 0
    endloop
  endfacet
  facet normal 0.321407 0.946941 -0
    outer loop
      vertex 44.9134 32.1194 0
      vertex 44.2941 32.3296 21
      vertex 44.9134 32.1194 21
    endloop
  endfacet
  facet normal 0.321407 0.946941 0
    outer loop
      vertex 44.2941 32.3296 21
      vertex 44.9134 32.1194 0
      vertex 44.2941 32.3296 0
    endloop
  endfacet
  facet normal 0.0654432 0.997856 -0
    outer loop
      vertex 43.6526 32.4572 0
      vertex 43 32.5 21
      vertex 43.6526 32.4572 21
    endloop
  endfacet
  facet normal 0.0654432 0.997856 0
    outer loop
      vertex 43 32.5 21
      vertex 43.6526 32.4572 0
      vertex 43 32.5 0
    endloop
  endfacet
  facet normal 0.195087 0.980786 -0
    outer loop
      vertex 44.2941 32.3296 0
      vertex 43.6526 32.4572 21
      vertex 44.2941 32.3296 21
    endloop
  endfacet
  facet normal 0.195087 0.980786 0
    outer loop
      vertex 43.6526 32.4572 21
      vertex 44.2941 32.3296 0
      vertex 43.6526 32.4572 0
    endloop
  endfacet
  facet normal 0 1 0
    outer loop
      vertex -3.184 32.5 11.4
      vertex 43 32.5 21
      vertex 10.216 32.5 11.4
    endloop
  endfacet
  facet normal 0 1 -0
    outer loop
      vertex 43 32.5 0
      vertex 10.216 32.5 11.4
      vertex 43 32.5 21
    endloop
  endfacet
  facet normal 0 1 0
    outer loop
      vertex 10.216 32.5 4
      vertex 43 32.5 0
      vertex -3.184 32.5 4
    endloop
  endfacet
  facet normal 0 1 0
    outer loop
      vertex 10.216 32.5 11.4
      vertex 43 32.5 0
      vertex 10.216 32.5 4
    endloop
  endfacet
  facet normal 0 1 0
    outer loop
      vertex 43 32.5 21
      vertex -3.184 32.5 11.4
      vertex -43 32.5 21
    endloop
  endfacet
  facet normal 0 1 0
    outer loop
      vertex -43 32.5 0
      vertex -3.184 32.5 11.4
      vertex -3.184 32.5 4
    endloop
  endfacet
  facet normal 0 1 0
    outer loop
      vertex -3.184 32.5 11.4
      vertex -43 32.5 0
      vertex -43 32.5 21
    endloop
  endfacet
  facet normal 0 1 0
    outer loop
      vertex -43 32.5 0
      vertex -3.184 32.5 4
      vertex 43 32.5 0
    endloop
  endfacet
  facet normal -0.659424 0.751771 0
    outer loop
      vertex -46.0438 31.4668 0
      vertex -46.5355 31.0355 21
      vertex -46.0438 31.4668 21
    endloop
  endfacet
  facet normal -0.659424 0.751771 0
    outer loop
      vertex -46.5355 31.0355 21
      vertex -46.0438 31.4668 0
      vertex -46.5355 31.0355 0
    endloop
  endfacet
  facet normal -0.321407 0.946941 0
    outer loop
      vertex -44.2941 32.3296 0
      vertex -44.9134 32.1194 21
      vertex -44.2941 32.3296 21
    endloop
  endfacet
  facet normal -0.321407 0.946941 0
    outer loop
      vertex -44.9134 32.1194 21
      vertex -44.2941 32.3296 0
      vertex -44.9134 32.1194 0
    endloop
  endfacet
  facet normal -0.997856 0.0654432 0
    outer loop
      vertex -48 27.5 0
      vertex -47.9572 28.1526 21
      vertex -47.9572 28.1526 0
    endloop
  endfacet
  facet normal -0.997856 0.0654432 0
    outer loop
      vertex -47.9572 28.1526 21
      vertex -48 27.5 0
      vertex -48 27.5 21
    endloop
  endfacet
  facet normal 0 0 -1
    outer loop
      vertex 29.5768 -14.7262 0
      vertex 30.5643 -13.0158 0
      vertex 29.6717 -14.8344 0
    endloop
  endfacet
  facet normal -0 0 -1
    outer loop
      vertex 30.5643 -13.0158 0
      vertex 29.5768 -14.7262 0
      vertex 30.428 -12.9696 0
    endloop
  endfacet
  facet normal 0 0 -1
    outer loop
      vertex 29.4686 -14.6313 0
      vertex 30.428 -12.9696 0
      vertex 29.5768 -14.7262 0
    endloop
  endfacet
  facet normal -0 0 -1
    outer loop
      vertex 30.428 -12.9696 0
      vertex 29.4686 -14.6313 0
      vertex 30.299 -12.9059 0
    endloop
  endfacet
  facet normal 0 0 -1
    outer loop
      vertex 29.349 -14.5514 0
      vertex 30.299 -12.9059 0
      vertex 29.4686 -14.6313 0
    endloop
  endfacet
  facet normal -0 0 -1
    outer loop
      vertex 30.299 -12.9059 0
      vertex 29.349 -14.5514 0
      vertex 30.1794 -12.826 0
    endloop
  endfacet
  facet normal 0 0 -1
    outer loop
      vertex 29.22 -14.4877 0
      vertex 30.1794 -12.826 0
      vertex 29.349 -14.5514 0
    endloop
  endfacet
  facet normal -0 0 -1
    outer loop
      vertex 30.1794 -12.826 0
      vertex 29.22 -14.4877 0
      vertex 30.0712 -12.7311 0
    endloop
  endfacet
  facet normal 0 0 -1
    outer loop
      vertex 29.0837 -14.4415 0
      vertex 30.0712 -12.7311 0
      vertex 29.22 -14.4877 0
    endloop
  endfacet
  facet normal -0 0 -1
    outer loop
      vertex 30.0712 -12.7311 0
      vertex 29.0837 -14.4415 0
      vertex 29.9763 -12.6229 0
    endloop
  endfacet
  facet normal 0 0 -1
    outer loop
      vertex 30.9926 -13.0439 0
      vertex 32.0263 -14.8344 0
      vertex 31.9464 -14.954 0
    endloop
  endfacet
  facet normal 0 0 -1
    outer loop
      vertex 32.0263 -14.8344 0
      vertex 31.9396 -12.0969 0
      vertex 31.949 -11.9533 0
    endloop
  endfacet
  facet normal 0 0 -1
    outer loop
      vertex 32.0263 -14.8344 0
      vertex 31.9115 -12.238 0
      vertex 31.9396 -12.0969 0
    endloop
  endfacet
  facet normal 0 0 -1
    outer loop
      vertex 29.8615 -15.2193 0
      vertex 31.8365 -15.2193 0
      vertex 29.8896 -15.3604 0
    endloop
  endfacet
  facet normal 0 0 -1
    outer loop
      vertex 32.0263 -14.8344 0
      vertex 31.8653 -12.3742 0
      vertex 31.9115 -12.238 0
    endloop
  endfacet
  facet normal 0 0 -1
    outer loop
      vertex 31.8084 -15.3604 0
      vertex 29.8896 -15.3604 0
      vertex 31.8365 -15.2193 0
    endloop
  endfacet
  facet normal 0 0 -1
    outer loop
      vertex 29.8896 -15.3604 0
      vertex 31.8084 -15.3604 0
      vertex 29.899 -15.504 0
    endloop
  endfacet
  facet normal 0 0 -1
    outer loop
      vertex 32.0263 -14.8344 0
      vertex 31.8016 -12.5033 0
      vertex 31.8653 -12.3742 0
    endloop
  endfacet
  facet normal 0 0 -1
    outer loop
      vertex 29.899 -15.504 0
      vertex 31.8084 -15.3604 0
      vertex 31.799 -15.504 0
    endloop
  endfacet
  facet normal 0 0 -1
    outer loop
      vertex 30.9926 -17.9641 0
      vertex 32.0263 -16.1736 0
      vertex 31.1337 -17.9922 0
    endloop
  endfacet
  facet normal 0 0 -1
    outer loop
      vertex 32.0263 -14.8344 0
      vertex 31.7217 -12.6229 0
      vertex 31.8016 -12.5033 0
    endloop
  endfacet
  facet normal -0 0 -1
    outer loop
      vertex 32.0263 -16.1736 0
      vertex 30.9926 -17.9641 0
      vertex 31.9464 -16.054 0
    endloop
  endfacet
  facet normal 0 0 -1
    outer loop
      vertex 32.0263 -14.8344 0
      vertex 31.6268 -12.7311 0
      vertex 31.7217 -12.6229 0
    endloop
  endfacet
  facet normal 0 0 -1
    outer loop
      vertex 30.849 -17.9547 0
      vertex 31.9464 -16.054 0
      vertex 30.9926 -17.9641 0
    endloop
  endfacet
  facet normal 0 0 -1
    outer loop
      vertex 32.0263 -14.8344 0
      vertex 31.5186 -12.826 0
      vertex 31.6268 -12.7311 0
    endloop
  endfacet
  facet normal 0 0 -1
    outer loop
      vertex 29.7516 -16.054 0
      vertex 31.9464 -16.054 0
      vertex 30.849 -17.9547 0
    endloop
  endfacet
  facet normal 0 0 -1
    outer loop
      vertex 32.0263 -14.8344 0
      vertex 31.399 -12.9059 0
      vertex 31.5186 -12.826 0
    endloop
  endfacet
  facet normal 0 0 -1
    outer loop
      vertex 31.9464 -16.054 0
      vertex 29.7516 -16.054 0
      vertex 31.8827 -15.925 0
    endloop
  endfacet
  facet normal 0 0 -1
    outer loop
      vertex 31.8365 -15.2193 0
      vertex 29.8615 -15.2193 0
      vertex 31.8827 -15.083 0
    endloop
  endfacet
  facet normal 0 -0 -1
    outer loop
      vertex 29.8153 -15.925 0
      vertex 31.8827 -15.925 0
      vertex 29.7516 -16.054 0
    endloop
  endfacet
  facet normal 0 0 -1
    outer loop
      vertex 32.0263 -14.8344 0
      vertex 31.27 -12.9696 0
      vertex 31.399 -12.9059 0
    endloop
  endfacet
  facet normal 0 0 -1
    outer loop
      vertex 31.8827 -15.925 0
      vertex 29.8153 -15.925 0
      vertex 31.8365 -15.7887 0
    endloop
  endfacet
  facet normal 0 0 -1
    outer loop
      vertex 32.0263 -14.8344 0
      vertex 31.1337 -13.0158 0
      vertex 31.27 -12.9696 0
    endloop
  endfacet
  facet normal 0 -0 -1
    outer loop
      vertex 29.8615 -15.7887 0
      vertex 31.8365 -15.7887 0
      vertex 29.8153 -15.925 0
    endloop
  endfacet
  facet normal 0 0 -1
    outer loop
      vertex 32.0263 -14.8344 0
      vertex 30.9926 -13.0439 0
      vertex 31.1337 -13.0158 0
    endloop
  endfacet
  facet normal 0 0 -1
    outer loop
      vertex 29.7516 -16.054 0
      vertex 30.849 -17.9547 0
      vertex 30.7054 -17.9641 0
    endloop
  endfacet
  facet normal 0 0 -1
    outer loop
      vertex 31.9464 -14.954 0
      vertex 30.849 -13.0533 0
      vertex 30.9926 -13.0439 0
    endloop
  endfacet
  facet normal 0 0 -1
    outer loop
      vertex 29.6717 -16.1736 0
      vertex 30.7054 -17.9641 0
      vertex 30.5643 -17.9922 0
    endloop
  endfacet
  facet normal 0 0 -1
    outer loop
      vertex 29.8153 -15.083 0
      vertex 31.8827 -15.083 0
      vertex 29.8615 -15.2193 0
    endloop
  endfacet
  facet normal 0 0 -1
    outer loop
      vertex 29.5768 -16.2818 0
      vertex 30.5643 -17.9922 0
      vertex 30.428 -18.0384 0
    endloop
  endfacet
  facet normal 0 0 -1
    outer loop
      vertex 31.8827 -15.083 0
      vertex 29.8153 -15.083 0
      vertex 31.9464 -14.954 0
    endloop
  endfacet
  facet normal 0 0 -1
    outer loop
      vertex 29.4686 -16.3767 0
      vertex 30.428 -18.0384 0
      vertex 30.299 -18.1021 0
    endloop
  endfacet
  facet normal 0 0 -1
    outer loop
      vertex 29.7516 -14.954 0
      vertex 31.9464 -14.954 0
      vertex 29.8153 -15.083 0
    endloop
  endfacet
  facet normal 0 0 -1
    outer loop
      vertex 29.349 -16.4566 0
      vertex 30.299 -18.1021 0
      vertex 30.1794 -18.182 0
    endloop
  endfacet
  facet normal 0 0 -1
    outer loop
      vertex 31.9464 -14.954 0
      vertex 29.7516 -14.954 0
      vertex 30.849 -13.0533 0
    endloop
  endfacet
  facet normal 0 0 -1
    outer loop
      vertex 29.22 -16.5203 0
      vertex 30.1794 -18.182 0
      vertex 30.0712 -18.2769 0
    endloop
  endfacet
  facet normal -0 0 -1
    outer loop
      vertex 30.849 -13.0533 0
      vertex 29.7516 -14.954 0
      vertex 30.7054 -13.0439 0
    endloop
  endfacet
  facet normal 0 0 -1
    outer loop
      vertex 29.0837 -16.5665 0
      vertex 30.0712 -18.2769 0
      vertex 29.9763 -18.3851 0
    endloop
  endfacet
  facet normal 0 0 -1
    outer loop
      vertex 29.6717 -14.8344 0
      vertex 30.7054 -13.0439 0
      vertex 29.7516 -14.954 0
    endloop
  endfacet
  facet normal -0 0 -1
    outer loop
      vertex 30.7054 -13.0439 0
      vertex 29.6717 -14.8344 0
      vertex 30.5643 -13.0158 0
    endloop
  endfacet
  facet normal 0 0 -1
    outer loop
      vertex 28.9426 -16.5946 0
      vertex 29.9763 -18.3851 0
      vertex 29.8964 -18.5047 0
    endloop
  endfacet
  facet normal -0 0 -1
    outer loop
      vertex 31.799 -15.504 0
      vertex 29.8896 -15.6476 0
      vertex 29.899 -15.504 0
    endloop
  endfacet
  facet normal 0 0 -1
    outer loop
      vertex 31.8084 -15.6476 0
      vertex 29.8896 -15.6476 0
      vertex 31.799 -15.504 0
    endloop
  endfacet
  facet normal 0 0 -1
    outer loop
      vertex 28.799 -16.604 0
      vertex 29.8964 -18.5047 0
      vertex 29.8327 -18.6338 0
    endloop
  endfacet
  facet normal 0 -0 -1
    outer loop
      vertex 29.8896 -15.6476 0
      vertex 31.8084 -15.6476 0
      vertex 29.8615 -15.7887 0
    endloop
  endfacet
  facet normal 0 0 -1
    outer loop
      vertex 28.6554 -16.5946 0
      vertex 29.8327 -18.6338 0
      vertex 29.7865 -18.77 0
    endloop
  endfacet
  facet normal 0 0 -1
    outer loop
      vertex 28.5143 -16.5665 0
      vertex 29.7865 -18.77 0
      vertex 29.7584 -18.9111 0
    endloop
  endfacet
  facet normal 0 0 -1
    outer loop
      vertex 31.8365 -15.7887 0
      vertex 29.8615 -15.7887 0
      vertex 31.8084 -15.6476 0
    endloop
  endfacet
  facet normal 0 0 -1
    outer loop
      vertex 28.378 -16.5203 0
      vertex 29.7584 -18.9111 0
      vertex 29.749 -19.0547 0
    endloop
  endfacet
  facet normal 0 0 -1
    outer loop
      vertex 30.7054 -17.9641 0
      vertex 29.6717 -16.1736 0
      vertex 29.7516 -16.054 0
    endloop
  endfacet
  facet normal 0 0 -1
    outer loop
      vertex 31.6268 -18.2769 0
      vertex 32.6143 -16.5665 0
      vertex 31.7217 -18.3851 0
    endloop
  endfacet
  facet normal -0 0 -1
    outer loop
      vertex 32.6143 -16.5665 0
      vertex 31.6268 -18.2769 0
      vertex 32.478 -16.5203 0
    endloop
  endfacet
  facet normal 0 0 -1
    outer loop
      vertex 31.5186 -18.182 0
      vertex 32.478 -16.5203 0
      vertex 31.6268 -18.2769 0
    endloop
  endfacet
  facet normal -0 0 -1
    outer loop
      vertex 32.478 -16.5203 0
      vertex 31.5186 -18.182 0
      vertex 32.349 -16.4566 0
    endloop
  endfacet
  facet normal 0 0 -1
    outer loop
      vertex 31.399 -18.1021 0
      vertex 32.349 -16.4566 0
      vertex 31.5186 -18.182 0
    endloop
  endfacet
  facet normal -0 0 -1
    outer loop
      vertex 32.349 -16.4566 0
      vertex 31.399 -18.1021 0
      vertex 32.2294 -16.3767 0
    endloop
  endfacet
  facet normal 0 0 -1
    outer loop
      vertex 31.27 -18.0384 0
      vertex 32.2294 -16.3767 0
      vertex 31.399 -18.1021 0
    endloop
  endfacet
  facet normal -0 0 -1
    outer loop
      vertex 32.2294 -16.3767 0
      vertex 31.27 -18.0384 0
      vertex 32.1212 -16.2818 0
    endloop
  endfacet
  facet normal 0 0 -1
    outer loop
      vertex 31.1337 -17.9922 0
      vertex 32.1212 -16.2818 0
      vertex 31.27 -18.0384 0
    endloop
  endfacet
  facet normal -0 0 -1
    outer loop
      vertex 32.1212 -16.2818 0
      vertex 31.1337 -17.9922 0
      vertex 32.0263 -16.1736 0
    endloop
  endfacet
  facet normal 0 0 -1
    outer loop
      vertex 33.6768 -14.7262 0
      vertex 34.6643 -13.0158 0
      vertex 33.7717 -14.8344 0
    endloop
  endfacet
  facet normal -0 0 -1
    outer loop
      vertex 34.6643 -13.0158 0
      vertex 33.6768 -14.7262 0
      vertex 34.528 -12.9696 0
    endloop
  endfacet
  facet normal 0 0 -1
    outer loop
      vertex 33.5686 -14.6313 0
      vertex 34.528 -12.9696 0
      vertex 33.6768 -14.7262 0
    endloop
  endfacet
  facet normal -0 0 -1
    outer loop
      vertex 34.528 -12.9696 0
      vertex 33.5686 -14.6313 0
      vertex 34.399 -12.9059 0
    endloop
  endfacet
  facet normal 0 0 -1
    outer loop
      vertex 33.449 -14.5514 0
      vertex 34.399 -12.9059 0
      vertex 33.5686 -14.6313 0
    endloop
  endfacet
  facet normal -0 0 -1
    outer loop
      vertex 34.399 -12.9059 0
      vertex 33.449 -14.5514 0
      vertex 34.2794 -12.826 0
    endloop
  endfacet
  facet normal 0 0 -1
    outer loop
      vertex 33.32 -14.4877 0
      vertex 34.2794 -12.826 0
      vertex 33.449 -14.5514 0
    endloop
  endfacet
  facet normal -0 0 -1
    outer loop
      vertex 34.2794 -12.826 0
      vertex 33.32 -14.4877 0
      vertex 34.1712 -12.7311 0
    endloop
  endfacet
  facet normal 0 0 -1
    outer loop
      vertex 33.1837 -14.4415 0
      vertex 34.1712 -12.7311 0
      vertex 33.32 -14.4877 0
    endloop
  endfacet
  facet normal -0 0 -1
    outer loop
      vertex 34.1712 -12.7311 0
      vertex 33.1837 -14.4415 0
      vertex 34.0763 -12.6229 0
    endloop
  endfacet
  facet normal 0 0 -1
    outer loop
      vertex 35.0926 -13.0439 0
      vertex 36.1263 -14.8344 0
      vertex 36.0464 -14.954 0
    endloop
  endfacet
  facet normal 0 0 -1
    outer loop
      vertex 36.1263 -14.8344 0
      vertex 36.0396 -12.0969 0
      vertex 36.049 -11.9533 0
    endloop
  endfacet
  facet normal 0 0 -1
    outer loop
      vertex 36.1263 -14.8344 0
      vertex 36.0115 -12.238 0
      vertex 36.0396 -12.0969 0
    endloop
  endfacet
  facet normal 0 0 -1
    outer loop
      vertex 33.9615 -15.2193 0
      vertex 35.9365 -15.2193 0
      vertex 33.9896 -15.3604 0
    endloop
  endfacet
  facet normal 0 0 -1
    outer loop
      vertex 36.1263 -14.8344 0
      vertex 35.9653 -12.3742 0
      vertex 36.0115 -12.238 0
    endloop
  endfacet
  facet normal 0 0 -1
    outer loop
      vertex 35.9084 -15.3604 0
      vertex 33.9896 -15.3604 0
      vertex 35.9365 -15.2193 0
    endloop
  endfacet
  facet normal 0 0 -1
    outer loop
      vertex 33.9896 -15.3604 0
      vertex 35.9084 -15.3604 0
      vertex 33.999 -15.504 0
    endloop
  endfacet
  facet normal 0 0 -1
    outer loop
      vertex 36.1263 -14.8344 0
      vertex 35.9016 -12.5033 0
      vertex 35.9653 -12.3742 0
    endloop
  endfacet
  facet normal 0 0 -1
    outer loop
      vertex 33.999 -15.504 0
      vertex 35.9084 -15.3604 0
      vertex 35.899 -15.504 0
    endloop
  endfacet
  facet normal 0 0 -1
    outer loop
      vertex 35.0926 -17.9641 0
      vertex 36.1263 -16.1736 0
      vertex 35.2337 -17.9922 0
    endloop
  endfacet
  facet normal 0 0 -1
    outer loop
      vertex 36.1263 -14.8344 0
      vertex 35.8217 -12.6229 0
      vertex 35.9016 -12.5033 0
    endloop
  endfacet
  facet normal -0 0 -1
    outer loop
      vertex 36.1263 -16.1736 0
      vertex 35.0926 -17.9641 0
      vertex 36.0464 -16.054 0
    endloop
  endfacet
  facet normal 0 0 -1
    outer loop
      vertex 36.1263 -14.8344 0
      vertex 35.7268 -12.7311 0
      vertex 35.8217 -12.6229 0
    endloop
  endfacet
  facet normal 0 0 -1
    outer loop
      vertex 34.949 -17.9547 0
      vertex 36.0464 -16.054 0
      vertex 35.0926 -17.9641 0
    endloop
  endfacet
  facet normal 0 0 -1
    outer loop
      vertex 36.1263 -14.8344 0
      vertex 35.6186 -12.826 0
      vertex 35.7268 -12.7311 0
    endloop
  endfacet
  facet normal 0 0 -1
    outer loop
      vertex 33.8516 -16.054 0
      vertex 36.0464 -16.054 0
      vertex 34.949 -17.9547 0
    endloop
  endfacet
  facet normal 0 0 -1
    outer loop
      vertex 36.1263 -14.8344 0
      vertex 35.499 -12.9059 0
      vertex 35.6186 -12.826 0
    endloop
  endfacet
  facet normal 0 0 -1
    outer loop
      vertex 36.0464 -16.054 0
      vertex 33.8516 -16.054 0
      vertex 35.9827 -15.925 0
    endloop
  endfacet
  facet normal 0 0 -1
    outer loop
      vertex 35.9365 -15.2193 0
      vertex 33.9615 -15.2193 0
      vertex 35.9827 -15.083 0
    endloop
  endfacet
  facet normal 0 -0 -1
    outer loop
      vertex 33.9153 -15.925 0
      vertex 35.9827 -15.925 0
      vertex 33.8516 -16.054 0
    endloop
  endfacet
  facet normal 0 0 -1
    outer loop
      vertex 36.1263 -14.8344 0
      vertex 35.3699 -12.9696 0
      vertex 35.499 -12.9059 0
    endloop
  endfacet
  facet normal 0 0 -1
    outer loop
      vertex 35.9827 -15.925 0
      vertex 33.9153 -15.925 0
      vertex 35.9365 -15.7887 0
    endloop
  endfacet
  facet normal 0 0 -1
    outer loop
      vertex 36.1263 -14.8344 0
      vertex 35.2337 -13.0158 0
      vertex 35.3699 -12.9696 0
    endloop
  endfacet
  facet normal 0 -0 -1
    outer loop
      vertex 33.9615 -15.7887 0
      vertex 35.9365 -15.7887 0
      vertex 33.9153 -15.925 0
    endloop
  endfacet
  facet normal 0 0 -1
    outer loop
      vertex 36.1263 -14.8344 0
      vertex 35.0926 -13.0439 0
      vertex 35.2337 -13.0158 0
    endloop
  endfacet
  facet normal 0 0 -1
    outer loop
      vertex 33.8516 -16.054 0
      vertex 34.949 -17.9547 0
      vertex 34.8054 -17.9641 0
    endloop
  endfacet
  facet normal 0 0 -1
    outer loop
      vertex 36.0464 -14.954 0
      vertex 34.949 -13.0533 0
      vertex 35.0926 -13.0439 0
    endloop
  endfacet
  facet normal 0 0 -1
    outer loop
      vertex 33.7717 -16.1736 0
      vertex 34.8054 -17.9641 0
      vertex 34.6643 -17.9922 0
    endloop
  endfacet
  facet normal 0 0 -1
    outer loop
      vertex 33.9153 -15.083 0
      vertex 35.9827 -15.083 0
      vertex 33.9615 -15.2193 0
    endloop
  endfacet
  facet normal 0 0 -1
    outer loop
      vertex 33.6768 -16.2818 0
      vertex 34.6643 -17.9922 0
      vertex 34.528 -18.0384 0
    endloop
  endfacet
  facet normal 0 0 -1
    outer loop
      vertex 35.9827 -15.083 0
      vertex 33.9153 -15.083 0
      vertex 36.0464 -14.954 0
    endloop
  endfacet
  facet normal 0 0 -1
    outer loop
      vertex 33.5686 -16.3767 0
      vertex 34.528 -18.0384 0
      vertex 34.399 -18.1021 0
    endloop
  endfacet
  facet normal 0 0 -1
    outer loop
      vertex 33.8516 -14.954 0
      vertex 36.0464 -14.954 0
      vertex 33.9153 -15.083 0
    endloop
  endfacet
  facet normal 0 0 -1
    outer loop
      vertex 33.449 -16.4566 0
      vertex 34.399 -18.1021 0
      vertex 34.2794 -18.182 0
    endloop
  endfacet
  facet normal 0 0 -1
    outer loop
      vertex 36.0464 -14.954 0
      vertex 33.8516 -14.954 0
      vertex 34.949 -13.0533 0
    endloop
  endfacet
  facet normal 0 0 -1
    outer loop
      vertex 33.32 -16.5203 0
      vertex 34.2794 -18.182 0
      vertex 34.1712 -18.2769 0
    endloop
  endfacet
  facet normal -0 0 -1
    outer loop
      vertex 34.949 -13.0533 0
      vertex 33.8516 -14.954 0
      vertex 34.8054 -13.0439 0
    endloop
  endfacet
  facet normal 0 0 -1
    outer loop
      vertex 33.1837 -16.5665 0
      vertex 34.1712 -18.2769 0
      vertex 34.0763 -18.3851 0
    endloop
  endfacet
  facet normal 0 0 -1
    outer loop
      vertex 33.7717 -14.8344 0
      vertex 34.8054 -13.0439 0
      vertex 33.8516 -14.954 0
    endloop
  endfacet
  facet normal -0 0 -1
    outer loop
      vertex 34.8054 -13.0439 0
      vertex 33.7717 -14.8344 0
      vertex 34.6643 -13.0158 0
    endloop
  endfacet
  facet normal 0 0 -1
    outer loop
      vertex 33.0426 -16.5946 0
      vertex 34.0763 -18.3851 0
      vertex 33.9964 -18.5047 0
    endloop
  endfacet
  facet normal -0 0 -1
    outer loop
      vertex 35.899 -15.504 0
      vertex 33.9896 -15.6476 0
      vertex 33.999 -15.504 0
    endloop
  endfacet
  facet normal 0 0 -1
    outer loop
      vertex 35.9084 -15.6476 0
      vertex 33.9896 -15.6476 0
      vertex 35.899 -15.504 0
    endloop
  endfacet
  facet normal 0 0 -1
    outer loop
      vertex 31.9115 -18.77 0
      vertex 33.8865 -18.77 0
      vertex 31.9396 -18.9111 0
    endloop
  endfacet
  facet normal 0 -0 -1
    outer loop
      vertex 33.9896 -15.6476 0
      vertex 35.9084 -15.6476 0
      vertex 33.9615 -15.7887 0
    endloop
  endfacet
  facet normal 0 0 -1
    outer loop
      vertex 33.8584 -18.9111 0
      vertex 31.9396 -18.9111 0
      vertex 33.8865 -18.77 0
    endloop
  endfacet
  facet normal 0 0 -1
    outer loop
      vertex 31.9396 -18.9111 0
      vertex 33.8584 -18.9111 0
      vertex 31.949 -19.0547 0
    endloop
  endfacet
  facet normal 0 0 -1
    outer loop
      vertex 35.9365 -15.7887 0
      vertex 33.9615 -15.7887 0
      vertex 35.9084 -15.6476 0
    endloop
  endfacet
  facet normal 0 0 -1
    outer loop
      vertex 31.949 -19.0547 0
      vertex 33.8584 -18.9111 0
      vertex 33.849 -19.0547 0
    endloop
  endfacet
  facet normal 0 0 -1
    outer loop
      vertex 34.8054 -17.9641 0
      vertex 33.7717 -16.1736 0
      vertex 33.8516 -16.054 0
    endloop
  endfacet
  facet normal 0 0 -1
    outer loop
      vertex 43 -32.5 0
      vertex 48 -27.5 0
      vertex 47.9572 -28.1526 0
    endloop
  endfacet
  facet normal 0 0 -1
    outer loop
      vertex 48 -27.5 0
      vertex 38.0153 -15.083 0
      vertex 48 27.5 0
    endloop
  endfacet
  facet normal 0 0 -1
    outer loop
      vertex 43 -32.5 0
      vertex 47.9572 -28.1526 0
      vertex 47.8296 -28.7941 0
    endloop
  endfacet
  facet normal 0 0 -1
    outer loop
      vertex 37.9516 -14.954 0
      vertex 48 27.5 0
      vertex 38.0153 -15.083 0
    endloop
  endfacet
  facet normal 0 0 -1
    outer loop
      vertex 43 -32.5 0
      vertex 47.8296 -28.7941 0
      vertex 47.6194 -29.4134 0
    endloop
  endfacet
  facet normal 0 0 -1
    outer loop
      vertex 35.9016 -11.4033 0
      vertex 48 27.5 0
      vertex 37.9516 -14.954 0
    endloop
  endfacet
  facet normal 0 0 -1
    outer loop
      vertex 43 -32.5 0
      vertex 47.6194 -29.4134 0
      vertex 47.3301 -30 0
    endloop
  endfacet
  facet normal 0 0 -1
    outer loop
      vertex 35.8217 -11.2837 0
      vertex 48 27.5 0
      vertex 35.9016 -11.4033 0
    endloop
  endfacet
  facet normal 0 0 -1
    outer loop
      vertex 43 -32.5 0
      vertex 47.3301 -30 0
      vertex 46.9668 -30.5438 0
    endloop
  endfacet
  facet normal 0 0 -1
    outer loop
      vertex 48 -27.5 0
      vertex 38.0615 -15.2193 0
      vertex 38.0153 -15.083 0
    endloop
  endfacet
  facet normal 0 0 -1
    outer loop
      vertex 43 -32.5 0
      vertex 46.9668 -30.5438 0
      vertex 46.5355 -31.0355 0
    endloop
  endfacet
  facet normal 0 0 -1
    outer loop
      vertex 35.7268 -11.1755 0
      vertex 48 27.5 0
      vertex 35.8217 -11.2837 0
    endloop
  endfacet
  facet normal 0 0 -1
    outer loop
      vertex 43 -32.5 0
      vertex 46.5355 -31.0355 0
      vertex 46.0438 -31.4668 0
    endloop
  endfacet
  facet normal 0 0 -1
    outer loop
      vertex 35.6186 -11.0806 0
      vertex 48 27.5 0
      vertex 35.7268 -11.1755 0
    endloop
  endfacet
  facet normal 0 0 -1
    outer loop
      vertex 43 -32.5 0
      vertex 46.0438 -31.4668 0
      vertex 45.5 -31.8301 0
    endloop
  endfacet
  facet normal 0 0 -1
    outer loop
      vertex 35.499 -11.0007 0
      vertex 48 27.5 0
      vertex 35.6186 -11.0806 0
    endloop
  endfacet
  facet normal 0 0 -1
    outer loop
      vertex 43 -32.5 0
      vertex 45.5 -31.8301 0
      vertex 44.9134 -32.1194 0
    endloop
  endfacet
  facet normal 0 0 -1
    outer loop
      vertex 35.3699 -10.937 0
      vertex 48 27.5 0
      vertex 35.499 -11.0007 0
    endloop
  endfacet
  facet normal 0 0 -1
    outer loop
      vertex 43 -32.5 0
      vertex 44.9134 -32.1194 0
      vertex 44.2941 -32.3296 0
    endloop
  endfacet
  facet normal 0 0 -1
    outer loop
      vertex 35.2337 -10.8908 0
      vertex 48 27.5 0
      vertex 35.3699 -10.937 0
    endloop
  endfacet
  facet normal 0 0 -1
    outer loop
      vertex 43 -32.5 0
      vertex 44.2941 -32.3296 0
      vertex 43.6526 -32.4572 0
    endloop
  endfacet
  facet normal 0 0 -1
    outer loop
      vertex 48 -27.5 0
      vertex 38.0896 -15.3604 0
      vertex 38.0615 -15.2193 0
    endloop
  endfacet
  facet normal -0 0 -1
    outer loop
      vertex 48 -27.5 0
      vertex 43 -32.5 0
      vertex 35.7268 -19.8325 0
    endloop
  endfacet
  facet normal 0 0 -1
    outer loop
      vertex 35.0926 -10.8627 0
      vertex 48 27.5 0
      vertex 35.2337 -10.8908 0
    endloop
  endfacet
  facet normal 0 0 -1
    outer loop
      vertex 48 -27.5 0
      vertex 38.099 -15.504 0
      vertex 38.0896 -15.3604 0
    endloop
  endfacet
  facet normal 0 0 -1
    outer loop
      vertex 48 -27.5 0
      vertex 38.0896 -15.6476 0
      vertex 38.099 -15.504 0
    endloop
  endfacet
  facet normal 0 0 -1
    outer loop
      vertex 48 -27.5 0
      vertex 38.0615 -15.7887 0
      vertex 38.0896 -15.6476 0
    endloop
  endfacet
  facet normal 0 0 -1
    outer loop
      vertex 48 -27.5 0
      vertex 38.0153 -15.925 0
      vertex 38.0615 -15.7887 0
    endloop
  endfacet
  facet normal 0 0 -1
    outer loop
      vertex 48 -27.5 0
      vertex 37.9516 -16.054 0
      vertex 38.0153 -15.925 0
    endloop
  endfacet
  facet normal 0 0 -1
    outer loop
      vertex 48 -27.5 0
      vertex 37.8717 -16.1736 0
      vertex 37.9516 -16.054 0
    endloop
  endfacet
  facet normal 0 0 -1
    outer loop
      vertex 48 -27.5 0
      vertex 35.9653 -19.4757 0
      vertex 36.0115 -19.3394 0
    endloop
  endfacet
  facet normal 0 0 -1
    outer loop
      vertex 48 -27.5 0
      vertex 37.7768 -16.2818 0
      vertex 37.8717 -16.1736 0
    endloop
  endfacet
  facet normal 0 0 -1
    outer loop
      vertex 37.7768 -16.2818 0
      vertex 36.0115 -19.3394 0
      vertex 37.6686 -16.3767 0
    endloop
  endfacet
  facet normal 0 -0 -1
    outer loop
      vertex 36.0396 -19.1983 0
      vertex 37.6686 -16.3767 0
      vertex 36.0115 -19.3394 0
    endloop
  endfacet
  facet normal 0 0 -1
    outer loop
      vertex 37.6686 -16.3767 0
      vertex 36.0396 -19.1983 0
      vertex 37.549 -16.4566 0
    endloop
  endfacet
  facet normal 0 -0 -1
    outer loop
      vertex 36.049 -19.0547 0
      vertex 37.549 -16.4566 0
      vertex 36.0396 -19.1983 0
    endloop
  endfacet
  facet normal 0 0 -1
    outer loop
      vertex 37.549 -16.4566 0
      vertex 36.049 -19.0547 0
      vertex 37.42 -16.5203 0
    endloop
  endfacet
  facet normal 0 0 -1
    outer loop
      vertex 36.0396 -18.9111 0
      vertex 37.42 -16.5203 0
      vertex 36.049 -19.0547 0
    endloop
  endfacet
  facet normal 0 0 -1
    outer loop
      vertex 36.0115 -18.77 0
      vertex 37.2837 -16.5665 0
      vertex 36.0396 -18.9111 0
    endloop
  endfacet
  facet normal 0 0 -1
    outer loop
      vertex 37.2837 -16.5665 0
      vertex 36.0115 -18.77 0
      vertex 37.1426 -16.5946 0
    endloop
  endfacet
  facet normal 0 0 -1
    outer loop
      vertex 35.9653 -18.6338 0
      vertex 37.1426 -16.5946 0
      vertex 36.0115 -18.77 0
    endloop
  endfacet
  facet normal 0 0 -1
    outer loop
      vertex 35.9016 -18.5047 0
      vertex 36.999 -16.604 0
      vertex 35.9653 -18.6338 0
    endloop
  endfacet
  facet normal -0 0 -1
    outer loop
      vertex 36.999 -16.604 0
      vertex 35.9016 -18.5047 0
      vertex 36.8554 -16.5946 0
    endloop
  endfacet
  facet normal 0 0 -1
    outer loop
      vertex 35.8217 -18.3851 0
      vertex 36.8554 -16.5946 0
      vertex 35.9016 -18.5047 0
    endloop
  endfacet
  facet normal -0 0 -1
    outer loop
      vertex 36.8554 -16.5946 0
      vertex 35.8217 -18.3851 0
      vertex 36.7143 -16.5665 0
    endloop
  endfacet
  facet normal 0 0 -1
    outer loop
      vertex 37.1426 -16.5946 0
      vertex 35.9653 -18.6338 0
      vertex 36.999 -16.604 0
    endloop
  endfacet
  facet normal 0 0 -1
    outer loop
      vertex 37.42 -16.5203 0
      vertex 36.0396 -18.9111 0
      vertex 37.2837 -16.5665 0
    endloop
  endfacet
  facet normal 0 0 -1
    outer loop
      vertex 48 -27.5 0
      vertex 36.0115 -19.3394 0
      vertex 37.7768 -16.2818 0
    endloop
  endfacet
  facet normal 0 0 -1
    outer loop
      vertex 48 -27.5 0
      vertex 35.9016 -19.6047 0
      vertex 35.9653 -19.4757 0
    endloop
  endfacet
  facet normal 0 0 -1
    outer loop
      vertex 48 -27.5 0
      vertex 35.8217 -19.7243 0
      vertex 35.9016 -19.6047 0
    endloop
  endfacet
  facet normal 0 0 -1
    outer loop
      vertex 48 -27.5 0
      vertex 35.7268 -19.8325 0
      vertex 35.8217 -19.7243 0
    endloop
  endfacet
  facet normal 0 0 -1
    outer loop
      vertex 43 -32.5 0
      vertex 35.6186 -19.9274 0
      vertex 35.7268 -19.8325 0
    endloop
  endfacet
  facet normal 0 0 -1
    outer loop
      vertex 43 -32.5 0
      vertex 35.499 -20.0073 0
      vertex 35.6186 -19.9274 0
    endloop
  endfacet
  facet normal 0 0 -1
    outer loop
      vertex 43 -32.5 0
      vertex 35.3699 -20.071 0
      vertex 35.499 -20.0073 0
    endloop
  endfacet
  facet normal 0 0 -1
    outer loop
      vertex 43 -32.5 0
      vertex 35.2337 -20.1172 0
      vertex 35.3699 -20.071 0
    endloop
  endfacet
  facet normal 0 0 -1
    outer loop
      vertex 43 -32.5 0
      vertex 35.0926 -20.1453 0
      vertex 35.2337 -20.1172 0
    endloop
  endfacet
  facet normal 0 0 -1
    outer loop
      vertex 43 -32.5 0
      vertex 34.949 -20.1547 0
      vertex 35.0926 -20.1453 0
    endloop
  endfacet
  facet normal 0 0 -1
    outer loop
      vertex 43 -32.5 0
      vertex 34.8054 -20.1453 0
      vertex 34.949 -20.1547 0
    endloop
  endfacet
  facet normal 0 0 -1
    outer loop
      vertex 30.9926 -20.1453 0
      vertex 34.8054 -20.1453 0
      vertex 43 -32.5 0
    endloop
  endfacet
  facet normal 0 0 -1
    outer loop
      vertex 34.8054 -20.1453 0
      vertex 30.9926 -20.1453 0
      vertex 34.6643 -20.1172 0
    endloop
  endfacet
  facet normal 0 0 -1
    outer loop
      vertex 34.6643 -20.1172 0
      vertex 31.1337 -20.1172 0
      vertex 34.528 -20.071 0
    endloop
  endfacet
  facet normal 0 -0 -1
    outer loop
      vertex 31.27 -20.071 0
      vertex 34.528 -20.071 0
      vertex 31.1337 -20.1172 0
    endloop
  endfacet
  facet normal 0 0 -1
    outer loop
      vertex 34.528 -20.071 0
      vertex 31.27 -20.071 0
      vertex 34.399 -20.0073 0
    endloop
  endfacet
  facet normal 0 -0 -1
    outer loop
      vertex 31.399 -20.0073 0
      vertex 34.399 -20.0073 0
      vertex 31.27 -20.071 0
    endloop
  endfacet
  facet normal 0 0 -1
    outer loop
      vertex 34.6643 -17.9922 0
      vertex 33.6768 -16.2818 0
      vertex 33.7717 -16.1736 0
    endloop
  endfacet
  facet normal 0 0 -1
    outer loop
      vertex 34.528 -18.0384 0
      vertex 33.5686 -16.3767 0
      vertex 33.6768 -16.2818 0
    endloop
  endfacet
  facet normal 0 0 -1
    outer loop
      vertex 31.949 -19.0547 0
      vertex 33.849 -19.0547 0
      vertex 33.8584 -19.1983 0
    endloop
  endfacet
  facet normal 0 0 -1
    outer loop
      vertex 34.399 -18.1021 0
      vertex 33.449 -16.4566 0
      vertex 33.5686 -16.3767 0
    endloop
  endfacet
  facet normal 0 0 -1
    outer loop
      vertex 34.2794 -18.182 0
      vertex 33.32 -16.5203 0
      vertex 33.449 -16.4566 0
    endloop
  endfacet
  facet normal 0 0 -1
    outer loop
      vertex 31.9396 -19.1983 0
      vertex 33.8584 -19.1983 0
      vertex 33.8865 -19.3394 0
    endloop
  endfacet
  facet normal 0 0 -1
    outer loop
      vertex 34.1712 -18.2769 0
      vertex 33.1837 -16.5665 0
      vertex 33.32 -16.5203 0
    endloop
  endfacet
  facet normal 0 0 -1
    outer loop
      vertex 34.0763 -18.3851 0
      vertex 33.0426 -16.5946 0
      vertex 33.1837 -16.5665 0
    endloop
  endfacet
  facet normal 0 0 -1
    outer loop
      vertex 33.9964 -18.5047 0
      vertex 32.899 -16.604 0
      vertex 33.0426 -16.5946 0
    endloop
  endfacet
  facet normal 0 0 -1
    outer loop
      vertex 31.9115 -19.3394 0
      vertex 33.8865 -19.3394 0
      vertex 33.9327 -19.4757 0
    endloop
  endfacet
  facet normal 0 0 -1
    outer loop
      vertex 33.8865 -18.77 0
      vertex 31.9115 -18.77 0
      vertex 33.9327 -18.6338 0
    endloop
  endfacet
  facet normal 0 0 -1
    outer loop
      vertex 31.8653 -18.6338 0
      vertex 33.9327 -18.6338 0
      vertex 31.9115 -18.77 0
    endloop
  endfacet
  facet normal 0 0 -1
    outer loop
      vertex 33.9327 -18.6338 0
      vertex 31.8653 -18.6338 0
      vertex 33.9964 -18.5047 0
    endloop
  endfacet
  facet normal 0 0 -1
    outer loop
      vertex 31.8016 -18.5047 0
      vertex 33.9964 -18.5047 0
      vertex 31.8653 -18.6338 0
    endloop
  endfacet
  facet normal 0 0 -1
    outer loop
      vertex 31.8653 -19.4757 0
      vertex 33.9327 -19.4757 0
      vertex 33.9964 -19.6047 0
    endloop
  endfacet
  facet normal 0 0 -1
    outer loop
      vertex 33.9964 -18.5047 0
      vertex 31.8016 -18.5047 0
      vertex 32.899 -16.604 0
    endloop
  endfacet
  facet normal -0 0 -1
    outer loop
      vertex 32.899 -16.604 0
      vertex 31.8016 -18.5047 0
      vertex 32.7554 -16.5946 0
    endloop
  endfacet
  facet normal 0 0 -1
    outer loop
      vertex 31.7217 -18.3851 0
      vertex 32.7554 -16.5946 0
      vertex 31.8016 -18.5047 0
    endloop
  endfacet
  facet normal -0 0 -1
    outer loop
      vertex 32.7554 -16.5946 0
      vertex 31.7217 -18.3851 0
      vertex 32.6143 -16.5665 0
    endloop
  endfacet
  facet normal 0 0 -1
    outer loop
      vertex 31.8016 -19.6047 0
      vertex 33.9964 -19.6047 0
      vertex 34.0763 -19.7243 0
    endloop
  endfacet
  facet normal 0 0 -1
    outer loop
      vertex 34.399 -20.0073 0
      vertex 31.399 -20.0073 0
      vertex 34.2794 -19.9274 0
    endloop
  endfacet
  facet normal 0 0 -1
    outer loop
      vertex 33.8584 -19.1983 0
      vertex 31.9396 -19.1983 0
      vertex 31.949 -19.0547 0
    endloop
  endfacet
  facet normal 0 0 -1
    outer loop
      vertex 33.8865 -19.3394 0
      vertex 31.9115 -19.3394 0
      vertex 31.9396 -19.1983 0
    endloop
  endfacet
  facet normal 0 0 -1
    outer loop
      vertex 33.9327 -19.4757 0
      vertex 31.8653 -19.4757 0
      vertex 31.9115 -19.3394 0
    endloop
  endfacet
  facet normal 0 0 -1
    outer loop
      vertex 33.9964 -19.6047 0
      vertex 31.8016 -19.6047 0
      vertex 31.8653 -19.4757 0
    endloop
  endfacet
  facet normal 0 0 -1
    outer loop
      vertex 34.0763 -19.7243 0
      vertex 31.7217 -19.7243 0
      vertex 31.8016 -19.6047 0
    endloop
  endfacet
  facet normal -0 0 -1
    outer loop
      vertex 34.0763 -19.7243 0
      vertex 31.6268 -19.8325 0
      vertex 31.7217 -19.7243 0
    endloop
  endfacet
  facet normal 0 0 -1
    outer loop
      vertex 34.1712 -19.8325 0
      vertex 31.6268 -19.8325 0
      vertex 34.0763 -19.7243 0
    endloop
  endfacet
  facet normal 0 -0 -1
    outer loop
      vertex 31.6268 -19.8325 0
      vertex 34.1712 -19.8325 0
      vertex 31.5186 -19.9274 0
    endloop
  endfacet
  facet normal 0 0 -1
    outer loop
      vertex 34.2794 -19.9274 0
      vertex 31.5186 -19.9274 0
      vertex 34.1712 -19.8325 0
    endloop
  endfacet
  facet normal 0 -0 -1
    outer loop
      vertex 31.5186 -19.9274 0
      vertex 34.2794 -19.9274 0
      vertex 31.399 -20.0073 0
    endloop
  endfacet
  facet normal -0 0 -1
    outer loop
      vertex 34.6643 -20.1172 0
      vertex 30.9926 -20.1453 0
      vertex 31.1337 -20.1172 0
    endloop
  endfacet
  facet normal 0 0 -1
    outer loop
      vertex 22.266 -29.6 0
      vertex 30.9926 -20.1453 0
      vertex 43 -32.5 0
    endloop
  endfacet
  facet normal 0 0 -1
    outer loop
      vertex 30.9926 -20.1453 0
      vertex 22.266 -29.6 0
      vertex 30.849 -20.1547 0
    endloop
  endfacet
  facet normal -0 0 -1
    outer loop
      vertex 30.849 -20.1547 0
      vertex 22.266 -29.6 0
      vertex 30.7054 -20.1453 0
    endloop
  endfacet
  facet normal -0 0 -1
    outer loop
      vertex 30.7054 -20.1453 0
      vertex 22.266 -29.6 0
      vertex 30.5643 -20.1172 0
    endloop
  endfacet
  facet normal -0 0 -1
    outer loop
      vertex 30.5643 -20.1172 0
      vertex 22.266 -29.6 0
      vertex 30.428 -20.071 0
    endloop
  endfacet
  facet normal -0 0 -1
    outer loop
      vertex 30.428 -20.071 0
      vertex 22.266 -29.6 0
      vertex 30.299 -20.0073 0
    endloop
  endfacet
  facet normal -0 0 -1
    outer loop
      vertex 30.299 -20.0073 0
      vertex 22.266 -29.6 0
      vertex 30.1794 -19.9274 0
    endloop
  endfacet
  facet normal 0 0 -1
    outer loop
      vertex 30.5643 -17.9922 0
      vertex 29.5768 -16.2818 0
      vertex 29.6717 -16.1736 0
    endloop
  endfacet
  facet normal 0 0 -1
    outer loop
      vertex 30.428 -18.0384 0
      vertex 29.4686 -16.3767 0
      vertex 29.5768 -16.2818 0
    endloop
  endfacet
  facet normal 0 0 -1
    outer loop
      vertex 28.249 -16.4566 0
      vertex 29.749 -19.0547 0
      vertex 29.7584 -19.1983 0
    endloop
  endfacet
  facet normal 0 0 -1
    outer loop
      vertex 30.299 -18.1021 0
      vertex 29.349 -16.4566 0
      vertex 29.4686 -16.3767 0
    endloop
  endfacet
  facet normal 0 0 -1
    outer loop
      vertex 30.1794 -18.182 0
      vertex 29.22 -16.5203 0
      vertex 29.349 -16.4566 0
    endloop
  endfacet
  facet normal 0 0 -1
    outer loop
      vertex 28.1294 -16.3767 0
      vertex 29.7584 -19.1983 0
      vertex 29.7865 -19.3394 0
    endloop
  endfacet
  facet normal 0 0 -1
    outer loop
      vertex 30.0712 -18.2769 0
      vertex 29.0837 -16.5665 0
      vertex 29.22 -16.5203 0
    endloop
  endfacet
  facet normal 0 0 -1
    outer loop
      vertex 29.9763 -18.3851 0
      vertex 28.9426 -16.5946 0
      vertex 29.0837 -16.5665 0
    endloop
  endfacet
  facet normal 0 0 -1
    outer loop
      vertex 29.8964 -18.5047 0
      vertex 28.799 -16.604 0
      vertex 28.9426 -16.5946 0
    endloop
  endfacet
  facet normal 0 0 -1
    outer loop
      vertex 22.266 -29.6 0
      vertex 29.7865 -19.3394 0
      vertex 29.8327 -19.4757 0
    endloop
  endfacet
  facet normal 0 0 -1
    outer loop
      vertex 29.8327 -18.6338 0
      vertex 28.6554 -16.5946 0
      vertex 28.799 -16.604 0
    endloop
  endfacet
  facet normal 0 0 -1
    outer loop
      vertex 29.7865 -18.77 0
      vertex 28.5143 -16.5665 0
      vertex 28.6554 -16.5946 0
    endloop
  endfacet
  facet normal 0 0 -1
    outer loop
      vertex 29.7584 -18.9111 0
      vertex 28.378 -16.5203 0
      vertex 28.5143 -16.5665 0
    endloop
  endfacet
  facet normal 0 0 -1
    outer loop
      vertex 29.749 -19.0547 0
      vertex 28.249 -16.4566 0
      vertex 28.378 -16.5203 0
    endloop
  endfacet
  facet normal 0 0 -1
    outer loop
      vertex 22.266 -29.6 0
      vertex 29.8327 -19.4757 0
      vertex 29.8964 -19.6047 0
    endloop
  endfacet
  facet normal 0 0 -1
    outer loop
      vertex 29.7584 -19.1983 0
      vertex 28.1294 -16.3767 0
      vertex 28.249 -16.4566 0
    endloop
  endfacet
  facet normal 0 0 -1
    outer loop
      vertex 29.7865 -19.3394 0
      vertex 28.0212 -16.2818 0
      vertex 28.1294 -16.3767 0
    endloop
  endfacet
  facet normal -0 0 -1
    outer loop
      vertex 29.7865 -19.3394 0
      vertex 22.266 -29.6 0
      vertex 28.0212 -16.2818 0
    endloop
  endfacet
  facet normal -0 0 -1
    outer loop
      vertex 28.0212 -16.2818 0
      vertex 22.266 -29.6 0
      vertex 27.9263 -16.1736 0
    endloop
  endfacet
  facet normal -0 0 -1
    outer loop
      vertex 27.7084 -15.6476 0
      vertex 22.266 -29.6 0
      vertex 27.699 -15.504 0
    endloop
  endfacet
  facet normal -0 0 -1
    outer loop
      vertex 27.7365 -15.7887 0
      vertex 22.266 -29.6 0
      vertex 27.7084 -15.6476 0
    endloop
  endfacet
  facet normal -0 0 -1
    outer loop
      vertex 27.7827 -15.925 0
      vertex 22.266 -29.6 0
      vertex 27.7365 -15.7887 0
    endloop
  endfacet
  facet normal -0 0 -1
    outer loop
      vertex 27.8464 -16.054 0
      vertex 22.266 -29.6 0
      vertex 27.7827 -15.925 0
    endloop
  endfacet
  facet normal -0 0 -1
    outer loop
      vertex 27.9263 -16.1736 0
      vertex 22.266 -29.6 0
      vertex 27.8464 -16.054 0
    endloop
  endfacet
  facet normal -0 0 -1
    outer loop
      vertex 29.9763 -19.7243 0
      vertex 22.266 -29.6 0
      vertex 29.8964 -19.6047 0
    endloop
  endfacet
  facet normal -0 0 -1
    outer loop
      vertex 30.0712 -19.8325 0
      vertex 22.266 -29.6 0
      vertex 29.9763 -19.7243 0
    endloop
  endfacet
  facet normal -0 0 -1
    outer loop
      vertex 30.1794 -19.9274 0
      vertex 22.266 -29.6 0
      vertex 30.0712 -19.8325 0
    endloop
  endfacet
  facet normal 0 0 -1
    outer loop
      vertex 43 -32.5 0
      vertex -15.234 -29.6 0
      vertex 22.266 -29.6 0
    endloop
  endfacet
  facet normal 0 0 -1
    outer loop
      vertex -48 -27.5 0
      vertex -15.234 -29.6 0
      vertex -43 -32.5 0
    endloop
  endfacet
  facet normal 0 0 -1
    outer loop
      vertex -43 -32.5 0
      vertex -15.234 -29.6 0
      vertex 43 -32.5 0
    endloop
  endfacet
  facet normal 0 0 -1
    outer loop
      vertex 34.949 -10.8533 0
      vertex 48 27.5 0
      vertex 35.0926 -10.8627 0
    endloop
  endfacet
  facet normal 0 0 -1
    outer loop
      vertex 22.266 29.6 0
      vertex 48 27.5 0
      vertex 34.949 -10.8533 0
    endloop
  endfacet
  facet normal 0 -0 -1
    outer loop
      vertex 43 32.5 0
      vertex 48 27.5 0
      vertex 22.266 29.6 0
    endloop
  endfacet
  facet normal 0 0 -1
    outer loop
      vertex 48 27.5 0
      vertex 43 32.5 0
      vertex 47.9572 28.1526 0
    endloop
  endfacet
  facet normal 0 0 -1
    outer loop
      vertex 35.9016 -11.4033 0
      vertex 37.9516 -14.954 0
      vertex 37.8717 -14.8344 0
    endloop
  endfacet
  facet normal 0 0 -1
    outer loop
      vertex 35.9653 -11.5323 0
      vertex 37.8717 -14.8344 0
      vertex 37.7768 -14.7262 0
    endloop
  endfacet
  facet normal 0 0 -1
    outer loop
      vertex 36.0115 -11.6686 0
      vertex 37.7768 -14.7262 0
      vertex 37.6686 -14.6313 0
    endloop
  endfacet
  facet normal 0 0 -1
    outer loop
      vertex 36.0396 -11.8097 0
      vertex 37.6686 -14.6313 0
      vertex 37.549 -14.5514 0
    endloop
  endfacet
  facet normal 0 0 -1
    outer loop
      vertex 36.049 -11.9533 0
      vertex 37.549 -14.5514 0
      vertex 37.42 -14.4877 0
    endloop
  endfacet
  facet normal 0 0 -1
    outer loop
      vertex 36.049 -11.9533 0
      vertex 37.42 -14.4877 0
      vertex 37.2837 -14.4415 0
    endloop
  endfacet
  facet normal 0 0 -1
    outer loop
      vertex 36.049 -11.9533 0
      vertex 37.2837 -14.4415 0
      vertex 37.1426 -14.4134 0
    endloop
  endfacet
  facet normal 0 0 -1
    outer loop
      vertex 36.049 -11.9533 0
      vertex 37.1426 -14.4134 0
      vertex 36.999 -14.404 0
    endloop
  endfacet
  facet normal 0 0 -1
    outer loop
      vertex 36.049 -11.9533 0
      vertex 36.999 -14.404 0
      vertex 36.8554 -14.4134 0
    endloop
  endfacet
  facet normal 0 0 -1
    outer loop
      vertex 36.049 -11.9533 0
      vertex 36.8554 -14.4134 0
      vertex 36.7143 -14.4415 0
    endloop
  endfacet
  facet normal 0 0 -1
    outer loop
      vertex 36.049 -11.9533 0
      vertex 36.7143 -14.4415 0
      vertex 36.578 -14.4877 0
    endloop
  endfacet
  facet normal 0 0 -1
    outer loop
      vertex 36.049 -11.9533 0
      vertex 36.578 -14.4877 0
      vertex 36.449 -14.5514 0
    endloop
  endfacet
  facet normal 0 0 -1
    outer loop
      vertex 36.049 -11.9533 0
      vertex 36.449 -14.5514 0
      vertex 36.3294 -14.6313 0
    endloop
  endfacet
  facet normal 0 0 -1
    outer loop
      vertex 36.049 -11.9533 0
      vertex 36.3294 -14.6313 0
      vertex 36.2212 -14.7262 0
    endloop
  endfacet
  facet normal 0 0 -1
    outer loop
      vertex 36.049 -11.9533 0
      vertex 36.2212 -14.7262 0
      vertex 36.1263 -14.8344 0
    endloop
  endfacet
  facet normal 0 0 -1
    outer loop
      vertex 37.549 -14.5514 0
      vertex 36.049 -11.9533 0
      vertex 36.0396 -11.8097 0
    endloop
  endfacet
  facet normal 0 0 -1
    outer loop
      vertex 37.6686 -14.6313 0
      vertex 36.0396 -11.8097 0
      vertex 36.0115 -11.6686 0
    endloop
  endfacet
  facet normal 0 0 -1
    outer loop
      vertex 37.7768 -14.7262 0
      vertex 36.0115 -11.6686 0
      vertex 35.9653 -11.5323 0
    endloop
  endfacet
  facet normal 0 0 -1
    outer loop
      vertex 35.9016 -11.4033 0
      vertex 37.8717 -14.8344 0
      vertex 35.9653 -11.5323 0
    endloop
  endfacet
  facet normal 0 0 -1
    outer loop
      vertex 47.9572 28.1526 0
      vertex 43 32.5 0
      vertex 47.8296 28.7941 0
    endloop
  endfacet
  facet normal 0 0 -1
    outer loop
      vertex 47.8296 28.7941 0
      vertex 43 32.5 0
      vertex 47.6194 29.4134 0
    endloop
  endfacet
  facet normal 0 0 -1
    outer loop
      vertex 46.9668 30.5438 0
      vertex 43 32.5 0
      vertex 46.5355 31.0355 0
    endloop
  endfacet
  facet normal 0 0 -1
    outer loop
      vertex 46.5355 31.0355 0
      vertex 43 32.5 0
      vertex 46.0438 31.4668 0
    endloop
  endfacet
  facet normal 0 0 -1
    outer loop
      vertex 45.5 31.8301 0
      vertex 43 32.5 0
      vertex 44.9134 32.1194 0
    endloop
  endfacet
  facet normal 0 0 -1
    outer loop
      vertex 44.9134 32.1194 0
      vertex 43 32.5 0
      vertex 44.2941 32.3296 0
    endloop
  endfacet
  facet normal 0 0 -1
    outer loop
      vertex 44.2941 32.3296 0
      vertex 43 32.5 0
      vertex 43.6526 32.4572 0
    endloop
  endfacet
  facet normal 0 0 -1
    outer loop
      vertex 46.0438 31.4668 0
      vertex 43 32.5 0
      vertex 45.5 31.8301 0
    endloop
  endfacet
  facet normal 0 0 -1
    outer loop
      vertex 47.6194 29.4134 0
      vertex 43 32.5 0
      vertex 47.3301 30 0
    endloop
  endfacet
  facet normal 0 0 -1
    outer loop
      vertex 22.266 29.6 0
      vertex 34.949 -10.8533 0
      vertex 34.8054 -10.8627 0
    endloop
  endfacet
  facet normal 0 0 -1
    outer loop
      vertex 30.9926 -10.8627 0
      vertex 34.8054 -10.8627 0
      vertex 34.6643 -10.8908 0
    endloop
  endfacet
  facet normal 0 0 -1
    outer loop
      vertex 31.1337 -10.8908 0
      vertex 34.6643 -10.8908 0
      vertex 34.528 -10.937 0
    endloop
  endfacet
  facet normal 0 0 -1
    outer loop
      vertex 31.27 -10.937 0
      vertex 34.528 -10.937 0
      vertex 34.399 -11.0007 0
    endloop
  endfacet
  facet normal 0 0 -1
    outer loop
      vertex 31.399 -11.0007 0
      vertex 34.399 -11.0007 0
      vertex 34.2794 -11.0806 0
    endloop
  endfacet
  facet normal 0 0 -1
    outer loop
      vertex 31.5186 -11.0806 0
      vertex 34.2794 -11.0806 0
      vertex 34.1712 -11.1755 0
    endloop
  endfacet
  facet normal 0 0 -1
    outer loop
      vertex 31.6268 -11.1755 0
      vertex 34.1712 -11.1755 0
      vertex 34.0763 -11.2837 0
    endloop
  endfacet
  facet normal 0 0 -1
    outer loop
      vertex 31.7217 -11.2837 0
      vertex 34.0763 -11.2837 0
      vertex 33.9964 -11.4033 0
    endloop
  endfacet
  facet normal 0 0 -1
    outer loop
      vertex 31.8016 -11.4033 0
      vertex 33.9964 -11.4033 0
      vertex 33.9327 -11.5323 0
    endloop
  endfacet
  facet normal 0 0 -1
    outer loop
      vertex 31.8653 -11.5323 0
      vertex 33.9327 -11.5323 0
      vertex 33.8865 -11.6686 0
    endloop
  endfacet
  facet normal 0 0 -1
    outer loop
      vertex 33.0426 -14.4134 0
      vertex 34.0763 -12.6229 0
      vertex 33.1837 -14.4415 0
    endloop
  endfacet
  facet normal -0 0 -1
    outer loop
      vertex 34.0763 -12.6229 0
      vertex 33.0426 -14.4134 0
      vertex 33.9964 -12.5033 0
    endloop
  endfacet
  facet normal 0 0 -1
    outer loop
      vertex 32.899 -14.404 0
      vertex 33.9964 -12.5033 0
      vertex 33.0426 -14.4134 0
    endloop
  endfacet
  facet normal 0 0 -1
    outer loop
      vertex 31.949 -11.9533 0
      vertex 33.9964 -12.5033 0
      vertex 32.899 -14.404 0
    endloop
  endfacet
  facet normal 0 0 -1
    outer loop
      vertex 33.9964 -12.5033 0
      vertex 31.949 -11.9533 0
      vertex 33.9327 -12.3742 0
    endloop
  endfacet
  facet normal 0 0 -1
    outer loop
      vertex 33.9327 -12.3742 0
      vertex 31.949 -11.9533 0
      vertex 33.8865 -12.238 0
    endloop
  endfacet
  facet normal 0 0 -1
    outer loop
      vertex 33.8865 -12.238 0
      vertex 31.949 -11.9533 0
      vertex 33.8584 -12.0969 0
    endloop
  endfacet
  facet normal 0 0 -1
    outer loop
      vertex 33.8584 -12.0969 0
      vertex 31.949 -11.9533 0
      vertex 33.849 -11.9533 0
    endloop
  endfacet
  facet normal 0 0 -1
    outer loop
      vertex 31.9396 -11.8097 0
      vertex 33.8584 -11.8097 0
      vertex 31.949 -11.9533 0
    endloop
  endfacet
  facet normal 0 0 -1
    outer loop
      vertex 33.849 -11.9533 0
      vertex 31.949 -11.9533 0
      vertex 33.8584 -11.8097 0
    endloop
  endfacet
  facet normal 0 0 -1
    outer loop
      vertex 31.949 -11.9533 0
      vertex 32.899 -14.404 0
      vertex 32.7554 -14.4134 0
    endloop
  endfacet
  facet normal 0 0 -1
    outer loop
      vertex 31.949 -11.9533 0
      vertex 32.7554 -14.4134 0
      vertex 32.6143 -14.4415 0
    endloop
  endfacet
  facet normal 0 0 -1
    outer loop
      vertex 31.949 -11.9533 0
      vertex 32.6143 -14.4415 0
      vertex 32.478 -14.4877 0
    endloop
  endfacet
  facet normal 0 0 -1
    outer loop
      vertex 31.949 -11.9533 0
      vertex 32.478 -14.4877 0
      vertex 32.349 -14.5514 0
    endloop
  endfacet
  facet normal 0 0 -1
    outer loop
      vertex 31.949 -11.9533 0
      vertex 32.349 -14.5514 0
      vertex 32.2294 -14.6313 0
    endloop
  endfacet
  facet normal 0 0 -1
    outer loop
      vertex 31.949 -11.9533 0
      vertex 32.2294 -14.6313 0
      vertex 32.1212 -14.7262 0
    endloop
  endfacet
  facet normal 0 0 -1
    outer loop
      vertex 31.949 -11.9533 0
      vertex 32.1212 -14.7262 0
      vertex 32.0263 -14.8344 0
    endloop
  endfacet
  facet normal 0 0 -1
    outer loop
      vertex 33.8584 -11.8097 0
      vertex 31.9396 -11.8097 0
      vertex 33.8865 -11.6686 0
    endloop
  endfacet
  facet normal -0 0 -1
    outer loop
      vertex 33.8865 -11.6686 0
      vertex 31.9396 -11.8097 0
      vertex 31.9115 -11.6686 0
    endloop
  endfacet
  facet normal 0 0 -1
    outer loop
      vertex 33.8865 -11.6686 0
      vertex 31.9115 -11.6686 0
      vertex 31.8653 -11.5323 0
    endloop
  endfacet
  facet normal 0 0 -1
    outer loop
      vertex 33.9327 -11.5323 0
      vertex 31.8653 -11.5323 0
      vertex 31.8016 -11.4033 0
    endloop
  endfacet
  facet normal 0 0 -1
    outer loop
      vertex 33.9964 -11.4033 0
      vertex 31.8016 -11.4033 0
      vertex 31.7217 -11.2837 0
    endloop
  endfacet
  facet normal 0 0 -1
    outer loop
      vertex 34.0763 -11.2837 0
      vertex 31.7217 -11.2837 0
      vertex 31.6268 -11.1755 0
    endloop
  endfacet
  facet normal 0 0 -1
    outer loop
      vertex 34.1712 -11.1755 0
      vertex 31.6268 -11.1755 0
      vertex 31.5186 -11.0806 0
    endloop
  endfacet
  facet normal 0 0 -1
    outer loop
      vertex 34.2794 -11.0806 0
      vertex 31.5186 -11.0806 0
      vertex 31.399 -11.0007 0
    endloop
  endfacet
  facet normal 0 0 -1
    outer loop
      vertex 34.399 -11.0007 0
      vertex 31.399 -11.0007 0
      vertex 31.27 -10.937 0
    endloop
  endfacet
  facet normal 0 0 -1
    outer loop
      vertex 34.528 -10.937 0
      vertex 31.27 -10.937 0
      vertex 31.1337 -10.8908 0
    endloop
  endfacet
  facet normal 0 0 -1
    outer loop
      vertex 34.6643 -10.8908 0
      vertex 31.1337 -10.8908 0
      vertex 30.9926 -10.8627 0
    endloop
  endfacet
  facet normal 0 0 -1
    outer loop
      vertex 34.8054 -10.8627 0
      vertex 30.9926 -10.8627 0
      vertex 22.266 29.6 0
    endloop
  endfacet
  facet normal 0 0 -1
    outer loop
      vertex 22.266 29.6 0
      vertex 30.9926 -10.8627 0
      vertex 30.849 -10.8533 0
    endloop
  endfacet
  facet normal 0 0 -1
    outer loop
      vertex 22.266 29.6 0
      vertex 30.849 -10.8533 0
      vertex 30.7054 -10.8627 0
    endloop
  endfacet
  facet normal 0 0 -1
    outer loop
      vertex 22.266 29.6 0
      vertex 30.7054 -10.8627 0
      vertex 30.5643 -10.8908 0
    endloop
  endfacet
  facet normal 0 0 -1
    outer loop
      vertex 22.266 29.6 0
      vertex 30.5643 -10.8908 0
      vertex 30.428 -10.937 0
    endloop
  endfacet
  facet normal 0 0 -1
    outer loop
      vertex 22.266 29.6 0
      vertex 30.428 -10.937 0
      vertex 30.299 -11.0007 0
    endloop
  endfacet
  facet normal 0 0 -1
    outer loop
      vertex 22.266 29.6 0
      vertex 30.299 -11.0007 0
      vertex 30.1794 -11.0806 0
    endloop
  endfacet
  facet normal 0 0 -1
    outer loop
      vertex 22.266 29.6 0
      vertex 30.1794 -11.0806 0
      vertex 30.0712 -11.1755 0
    endloop
  endfacet
  facet normal 0 0 -1
    outer loop
      vertex 22.266 29.6 0
      vertex 30.0712 -11.1755 0
      vertex 29.9763 -11.2837 0
    endloop
  endfacet
  facet normal 0 0 -1
    outer loop
      vertex 22.266 29.6 0
      vertex 29.9763 -11.2837 0
      vertex 29.8964 -11.4033 0
    endloop
  endfacet
  facet normal 0 0 -1
    outer loop
      vertex 22.266 29.6 0
      vertex 29.8964 -11.4033 0
      vertex 29.8327 -11.5323 0
    endloop
  endfacet
  facet normal 0 0 -1
    outer loop
      vertex 27.9263 -14.8344 0
      vertex 29.8327 -11.5323 0
      vertex 29.7865 -11.6686 0
    endloop
  endfacet
  facet normal 0 0 -1
    outer loop
      vertex 28.9426 -14.4134 0
      vertex 29.9763 -12.6229 0
      vertex 29.0837 -14.4415 0
    endloop
  endfacet
  facet normal -0 0 -1
    outer loop
      vertex 29.9763 -12.6229 0
      vertex 28.9426 -14.4134 0
      vertex 29.8964 -12.5033 0
    endloop
  endfacet
  facet normal 0 0 -1
    outer loop
      vertex 28.799 -14.404 0
      vertex 29.8964 -12.5033 0
      vertex 28.9426 -14.4134 0
    endloop
  endfacet
  facet normal -0 0 -1
    outer loop
      vertex 29.8964 -12.5033 0
      vertex 28.799 -14.404 0
      vertex 29.8327 -12.3742 0
    endloop
  endfacet
  facet normal 0 0 -1
    outer loop
      vertex 28.6554 -14.4134 0
      vertex 29.8327 -12.3742 0
      vertex 28.799 -14.404 0
    endloop
  endfacet
  facet normal -0 0 -1
    outer loop
      vertex 29.8327 -12.3742 0
      vertex 28.6554 -14.4134 0
      vertex 29.7865 -12.238 0
    endloop
  endfacet
  facet normal 0 0 -1
    outer loop
      vertex 28.5143 -14.4415 0
      vertex 29.7865 -12.238 0
      vertex 28.6554 -14.4134 0
    endloop
  endfacet
  facet normal -0 0 -1
    outer loop
      vertex 29.7865 -12.238 0
      vertex 28.5143 -14.4415 0
      vertex 29.7584 -12.0969 0
    endloop
  endfacet
  facet normal 0 0 -1
    outer loop
      vertex 28.378 -14.4877 0
      vertex 29.7584 -12.0969 0
      vertex 28.5143 -14.4415 0
    endloop
  endfacet
  facet normal -0 0 -1
    outer loop
      vertex 29.7584 -12.0969 0
      vertex 28.378 -14.4877 0
      vertex 29.749 -11.9533 0
    endloop
  endfacet
  facet normal 0 0 -1
    outer loop
      vertex 28.249 -14.5514 0
      vertex 29.749 -11.9533 0
      vertex 28.378 -14.4877 0
    endloop
  endfacet
  facet normal -0 0 -1
    outer loop
      vertex 29.749 -11.9533 0
      vertex 28.249 -14.5514 0
      vertex 29.7584 -11.8097 0
    endloop
  endfacet
  facet normal 0 0 -1
    outer loop
      vertex 28.1294 -14.6313 0
      vertex 29.7584 -11.8097 0
      vertex 28.249 -14.5514 0
    endloop
  endfacet
  facet normal -0 0 -1
    outer loop
      vertex 29.7584 -11.8097 0
      vertex 28.1294 -14.6313 0
      vertex 29.7865 -11.6686 0
    endloop
  endfacet
  facet normal 0 0 -1
    outer loop
      vertex 28.0212 -14.7262 0
      vertex 29.7865 -11.6686 0
      vertex 28.1294 -14.6313 0
    endloop
  endfacet
  facet normal 0 0 -1
    outer loop
      vertex 27.9263 -14.8344 0
      vertex 29.7865 -11.6686 0
      vertex 28.0212 -14.7262 0
    endloop
  endfacet
  facet normal -0 0 -1
    outer loop
      vertex 29.8327 -11.5323 0
      vertex 27.9263 -14.8344 0
      vertex 22.266 29.6 0
    endloop
  endfacet
  facet normal 0 0 -1
    outer loop
      vertex 22.266 29.6 0
      vertex 27.9263 -14.8344 0
      vertex 27.8464 -14.954 0
    endloop
  endfacet
  facet normal 0 0 -1
    outer loop
      vertex 22.266 29.6 0
      vertex 27.8464 -14.954 0
      vertex 27.7827 -15.083 0
    endloop
  endfacet
  facet normal 0 0 -1
    outer loop
      vertex 22.266 29.6 0
      vertex 27.7827 -15.083 0
      vertex 27.7365 -15.2193 0
    endloop
  endfacet
  facet normal 0 0 -1
    outer loop
      vertex 22.266 -29.6 0
      vertex 27.7084 -15.3604 0
      vertex 27.699 -15.504 0
    endloop
  endfacet
  facet normal 0 0 -1
    outer loop
      vertex 22.266 -29.6 0
      vertex 27.7365 -15.2193 0
      vertex 27.7084 -15.3604 0
    endloop
  endfacet
  facet normal 0 0 -1
    outer loop
      vertex 22.266 29.6 0
      vertex 27.7365 -15.2193 0
      vertex 22.266 -29.6 0
    endloop
  endfacet
  facet normal 0 0 -1
    outer loop
      vertex 47.3301 30 0
      vertex 43 32.5 0
      vertex 46.9668 30.5438 0
    endloop
  endfacet
  facet normal 0 0 -1
    outer loop
      vertex -15.234 29.6 0
      vertex 43 32.5 0
      vertex 22.266 29.6 0
    endloop
  endfacet
  facet normal 0 0 -1
    outer loop
      vertex -15.234 29.6 0
      vertex -43 32.5 0
      vertex 43 32.5 0
    endloop
  endfacet
  facet normal 0 0 -1
    outer loop
      vertex -15.234 -29.6 0
      vertex -48 -27.5 0
      vertex -15.234 29.6 0
    endloop
  endfacet
  facet normal 0 0 -1
    outer loop
      vertex -48 -27.5 0
      vertex -43 -32.5 0
      vertex -43.6526 -32.4572 0
    endloop
  endfacet
  facet normal 0 0 -1
    outer loop
      vertex -48 27.5 0
      vertex -15.234 29.6 0
      vertex -48 -27.5 0
    endloop
  endfacet
  facet normal 0 0 -1
    outer loop
      vertex -48 -27.5 0
      vertex -43.6526 -32.4572 0
      vertex -44.2941 -32.3296 0
    endloop
  endfacet
  facet normal -0 0 -1
    outer loop
      vertex -15.234 29.6 0
      vertex -48 27.5 0
      vertex -43 32.5 0
    endloop
  endfacet
  facet normal 0 0 -1
    outer loop
      vertex -48 -27.5 0
      vertex -44.2941 -32.3296 0
      vertex -44.9134 -32.1194 0
    endloop
  endfacet
  facet normal 0 0 -1
    outer loop
      vertex -43 32.5 0
      vertex -48 27.5 0
      vertex -43.6526 32.4572 0
    endloop
  endfacet
  facet normal 0 0 -1
    outer loop
      vertex -48 -27.5 0
      vertex -44.9134 -32.1194 0
      vertex -45.5 -31.8301 0
    endloop
  endfacet
  facet normal 0 0 -1
    outer loop
      vertex -43.6526 32.4572 0
      vertex -48 27.5 0
      vertex -44.2941 32.3296 0
    endloop
  endfacet
  facet normal 0 0 -1
    outer loop
      vertex -48 -27.5 0
      vertex -45.5 -31.8301 0
      vertex -46.0438 -31.4668 0
    endloop
  endfacet
  facet normal 0 0 -1
    outer loop
      vertex -44.2941 32.3296 0
      vertex -48 27.5 0
      vertex -44.9134 32.1194 0
    endloop
  endfacet
  facet normal 0 0 -1
    outer loop
      vertex -48 -27.5 0
      vertex -46.0438 -31.4668 0
      vertex -46.5355 -31.0355 0
    endloop
  endfacet
  facet normal 0 0 -1
    outer loop
      vertex -44.9134 32.1194 0
      vertex -48 27.5 0
      vertex -45.5 31.8301 0
    endloop
  endfacet
  facet normal 0 0 -1
    outer loop
      vertex -48 -27.5 0
      vertex -46.5355 -31.0355 0
      vertex -46.9668 -30.5438 0
    endloop
  endfacet
  facet normal 0 0 -1
    outer loop
      vertex -45.5 31.8301 0
      vertex -48 27.5 0
      vertex -46.0438 31.4668 0
    endloop
  endfacet
  facet normal 0 0 -1
    outer loop
      vertex -48 -27.5 0
      vertex -46.9668 -30.5438 0
      vertex -47.3301 -30 0
    endloop
  endfacet
  facet normal 0 0 -1
    outer loop
      vertex -46.0438 31.4668 0
      vertex -48 27.5 0
      vertex -46.5355 31.0355 0
    endloop
  endfacet
  facet normal 0 0 -1
    outer loop
      vertex -48 -27.5 0
      vertex -47.3301 -30 0
      vertex -47.6194 -29.4134 0
    endloop
  endfacet
  facet normal 0 0 -1
    outer loop
      vertex -46.5355 31.0355 0
      vertex -48 27.5 0
      vertex -46.9668 30.5438 0
    endloop
  endfacet
  facet normal 0 0 -1
    outer loop
      vertex -48 -27.5 0
      vertex -47.6194 -29.4134 0
      vertex -47.8296 -28.7941 0
    endloop
  endfacet
  facet normal 0 0 -1
    outer loop
      vertex -46.9668 30.5438 0
      vertex -48 27.5 0
      vertex -47.3301 30 0
    endloop
  endfacet
  facet normal 0 0 -1
    outer loop
      vertex -48 -27.5 0
      vertex -47.8296 -28.7941 0
      vertex -47.9572 -28.1526 0
    endloop
  endfacet
  facet normal 0 0 -1
    outer loop
      vertex -47.3301 30 0
      vertex -48 27.5 0
      vertex -47.6194 29.4134 0
    endloop
  endfacet
  facet normal 0 0 -1
    outer loop
      vertex -47.6194 29.4134 0
      vertex -48 27.5 0
      vertex -47.8296 28.7941 0
    endloop
  endfacet
  facet normal 0 0 -1
    outer loop
      vertex -47.8296 28.7941 0
      vertex -48 27.5 0
      vertex -47.9572 28.1526 0
    endloop
  endfacet
  facet normal 0 0 -1
    outer loop
      vertex 35.7268 -18.2769 0
      vertex 36.7143 -16.5665 0
      vertex 35.8217 -18.3851 0
    endloop
  endfacet
  facet normal -0 0 -1
    outer loop
      vertex 36.7143 -16.5665 0
      vertex 35.7268 -18.2769 0
      vertex 36.578 -16.5203 0
    endloop
  endfacet
  facet normal 0 0 -1
    outer loop
      vertex 35.6186 -18.182 0
      vertex 36.578 -16.5203 0
      vertex 35.7268 -18.2769 0
    endloop
  endfacet
  facet normal -0 0 -1
    outer loop
      vertex 36.578 -16.5203 0
      vertex 35.6186 -18.182 0
      vertex 36.449 -16.4566 0
    endloop
  endfacet
  facet normal 0 0 -1
    outer loop
      vertex 35.499 -18.1021 0
      vertex 36.449 -16.4566 0
      vertex 35.6186 -18.182 0
    endloop
  endfacet
  facet normal -0 0 -1
    outer loop
      vertex 36.449 -16.4566 0
      vertex 35.499 -18.1021 0
      vertex 36.3294 -16.3767 0
    endloop
  endfacet
  facet normal 0 0 -1
    outer loop
      vertex 35.3699 -18.0384 0
      vertex 36.3294 -16.3767 0
      vertex 35.499 -18.1021 0
    endloop
  endfacet
  facet normal -0 0 -1
    outer loop
      vertex 36.3294 -16.3767 0
      vertex 35.3699 -18.0384 0
      vertex 36.2212 -16.2818 0
    endloop
  endfacet
  facet normal 0 0 -1
    outer loop
      vertex 35.2337 -17.9922 0
      vertex 36.2212 -16.2818 0
      vertex 35.3699 -18.0384 0
    endloop
  endfacet
  facet normal -0 0 -1
    outer loop
      vertex 36.2212 -16.2818 0
      vertex 35.2337 -17.9922 0
      vertex 36.1263 -16.1736 0
    endloop
  endfacet
  facet normal -0.555512 -0.831509 0
    outer loop
      vertex -46.0438 -31.4668 0
      vertex -45.5 -31.8301 21
      vertex -46.0438 -31.4668 21
    endloop
  endfacet
  facet normal -0.555512 -0.831509 -0
    outer loop
      vertex -45.5 -31.8301 21
      vertex -46.0438 -31.4668 0
      vertex -45.5 -31.8301 0
    endloop
  endfacet
  facet normal -0.0654432 -0.997856 0
    outer loop
      vertex -43.6526 -32.4572 0
      vertex -43 -32.5 21
      vertex -43.6526 -32.4572 21
    endloop
  endfacet
  facet normal -0.0654432 -0.997856 -0
    outer loop
      vertex -43 -32.5 21
      vertex -43.6526 -32.4572 0
      vertex -43 -32.5 0
    endloop
  endfacet
  facet normal 0.442314 0.89686 -0
    outer loop
      vertex 45.5 31.8301 0
      vertex 44.9134 32.1194 21
      vertex 45.5 31.8301 21
    endloop
  endfacet
  facet normal 0.442314 0.89686 0
    outer loop
      vertex 44.9134 32.1194 21
      vertex 45.5 31.8301 0
      vertex 44.9134 32.1194 0
    endloop
  endfacet
  facet normal 0.980786 -0.195087 0
    outer loop
      vertex 47.8296 -28.7941 21
      vertex 47.9572 -28.1526 0
      vertex 47.9572 -28.1526 21
    endloop
  endfacet
  facet normal 0.980786 -0.195087 0
    outer loop
      vertex 47.9572 -28.1526 0
      vertex 47.8296 -28.7941 21
      vertex 47.8296 -28.7941 0
    endloop
  endfacet
  facet normal 0.659424 -0.751771 0
    outer loop
      vertex 46.0438 -31.4668 0
      vertex 46.5355 -31.0355 21
      vertex 46.0438 -31.4668 21
    endloop
  endfacet
  facet normal 0.659424 -0.751771 0
    outer loop
      vertex 46.5355 -31.0355 21
      vertex 46.0438 -31.4668 0
      vertex 46.5355 -31.0355 0
    endloop
  endfacet
  facet normal 0.442314 -0.89686 0
    outer loop
      vertex 44.9134 -32.1194 0
      vertex 45.5 -31.8301 21
      vertex 44.9134 -32.1194 21
    endloop
  endfacet
  facet normal 0.442314 -0.89686 0
    outer loop
      vertex 45.5 -31.8301 21
      vertex 44.9134 -32.1194 0
      vertex 45.5 -31.8301 0
    endloop
  endfacet
  facet normal 0.946941 0.321407 0
    outer loop
      vertex 47.8296 28.7941 21
      vertex 47.6194 29.4134 0
      vertex 47.6194 29.4134 21
    endloop
  endfacet
  facet normal 0.946941 0.321407 0
    outer loop
      vertex 47.6194 29.4134 0
      vertex 47.8296 28.7941 21
      vertex 47.8296 28.7941 0
    endloop
  endfacet
  facet normal 0.980786 0.195087 0
    outer loop
      vertex 47.9572 28.1526 21
      vertex 47.8296 28.7941 0
      vertex 47.8296 28.7941 21
    endloop
  endfacet
  facet normal 0.980786 0.195087 0
    outer loop
      vertex 47.8296 28.7941 0
      vertex 47.9572 28.1526 21
      vertex 47.9572 28.1526 0
    endloop
  endfacet
  facet normal -0.751771 0.659424 0
    outer loop
      vertex -46.9668 30.5438 0
      vertex -46.5355 31.0355 21
      vertex -46.5355 31.0355 0
    endloop
  endfacet
  facet normal -0.751771 0.659424 0
    outer loop
      vertex -46.5355 31.0355 21
      vertex -46.9668 30.5438 0
      vertex -46.9668 30.5438 21
    endloop
  endfacet
  facet normal -0.980786 0.195087 0
    outer loop
      vertex -47.9572 28.1526 0
      vertex -47.8296 28.7941 21
      vertex -47.8296 28.7941 0
    endloop
  endfacet
  facet normal -0.980786 0.195087 0
    outer loop
      vertex -47.8296 28.7941 21
      vertex -47.9572 28.1526 0
      vertex -47.9572 28.1526 21
    endloop
  endfacet
  facet normal -0.997856 -0.0654432 0
    outer loop
      vertex -47.9572 -28.1526 0
      vertex -48 -27.5 21
      vertex -48 -27.5 0
    endloop
  endfacet
  facet normal -0.997856 -0.0654432 0
    outer loop
      vertex -48 -27.5 21
      vertex -47.9572 -28.1526 0
      vertex -47.9572 -28.1526 21
    endloop
  endfacet
  facet normal -0.89686 -0.442314 0
    outer loop
      vertex -47.3301 -30 0
      vertex -47.6194 -29.4134 21
      vertex -47.6194 -29.4134 0
    endloop
  endfacet
  facet normal -0.89686 -0.442314 0
    outer loop
      vertex -47.6194 -29.4134 21
      vertex -47.3301 -30 0
      vertex -47.3301 -30 21
    endloop
  endfacet
  facet normal -0.751771 -0.659424 0
    outer loop
      vertex -46.5355 -31.0355 0
      vertex -46.9668 -30.5438 21
      vertex -46.9668 -30.5438 0
    endloop
  endfacet
  facet normal -0.751771 -0.659424 0
    outer loop
      vertex -46.9668 -30.5438 21
      vertex -46.5355 -31.0355 0
      vertex -46.5355 -31.0355 21
    endloop
  endfacet
  facet normal -0.946941 -0.321407 0
    outer loop
      vertex -47.6194 -29.4134 0
      vertex -47.8296 -28.7941 21
      vertex -47.8296 -28.7941 0
    endloop
  endfacet
  facet normal -0.946941 -0.321407 0
    outer loop
      vertex -47.8296 -28.7941 21
      vertex -47.6194 -29.4134 0
      vertex -47.6194 -29.4134 21
    endloop
  endfacet
  facet normal -0.442314 -0.89686 0
    outer loop
      vertex -45.5 -31.8301 0
      vertex -44.9134 -32.1194 21
      vertex -45.5 -31.8301 21
    endloop
  endfacet
  facet normal -0.442314 -0.89686 -0
    outer loop
      vertex -44.9134 -32.1194 21
      vertex -45.5 -31.8301 0
      vertex -44.9134 -32.1194 0
    endloop
  endfacet
  facet normal 0.831509 -0.555512 0
    outer loop
      vertex 46.9668 -30.5438 21
      vertex 47.3301 -30 0
      vertex 47.3301 -30 21
    endloop
  endfacet
  facet normal 0.831509 -0.555512 0
    outer loop
      vertex 47.3301 -30 0
      vertex 46.9668 -30.5438 21
      vertex 46.9668 -30.5438 0
    endloop
  endfacet
  facet normal 0.946941 -0.321407 0
    outer loop
      vertex 47.6194 -29.4134 21
      vertex 47.8296 -28.7941 0
      vertex 47.8296 -28.7941 21
    endloop
  endfacet
  facet normal 0.946941 -0.321407 0
    outer loop
      vertex 47.8296 -28.7941 0
      vertex 47.6194 -29.4134 21
      vertex 47.6194 -29.4134 0
    endloop
  endfacet
  facet normal 0.997856 -0.0654432 0
    outer loop
      vertex 47.9572 -28.1526 21
      vertex 48 -27.5 0
      vertex 48 -27.5 21
    endloop
  endfacet
  facet normal 0.997856 -0.0654432 0
    outer loop
      vertex 48 -27.5 0
      vertex 47.9572 -28.1526 21
      vertex 47.9572 -28.1526 0
    endloop
  endfacet
  facet normal 0.751771 -0.659424 0
    outer loop
      vertex 46.5355 -31.0355 21
      vertex 46.9668 -30.5438 0
      vertex 46.9668 -30.5438 21
    endloop
  endfacet
  facet normal 0.751771 -0.659424 0
    outer loop
      vertex 46.9668 -30.5438 0
      vertex 46.5355 -31.0355 21
      vertex 46.5355 -31.0355 0
    endloop
  endfacet
  facet normal 0.555512 -0.831509 0
    outer loop
      vertex 45.5 -31.8301 0
      vertex 46.0438 -31.4668 21
      vertex 45.5 -31.8301 21
    endloop
  endfacet
  facet normal 0.555512 -0.831509 0
    outer loop
      vertex 46.0438 -31.4668 21
      vertex 45.5 -31.8301 0
      vertex 46.0438 -31.4668 0
    endloop
  endfacet
  facet normal 0.997856 0.0654432 0
    outer loop
      vertex 48 27.5 21
      vertex 47.9572 28.1526 0
      vertex 47.9572 28.1526 21
    endloop
  endfacet
  facet normal 0.997856 0.0654432 0
    outer loop
      vertex 47.9572 28.1526 0
      vertex 48 27.5 21
      vertex 48 27.5 0
    endloop
  endfacet
  facet normal 0.831509 0.555512 0
    outer loop
      vertex 47.3301 30 21
      vertex 46.9668 30.5438 0
      vertex 46.9668 30.5438 21
    endloop
  endfacet
  facet normal 0.831509 0.555512 0
    outer loop
      vertex 46.9668 30.5438 0
      vertex 47.3301 30 21
      vertex 47.3301 30 0
    endloop
  endfacet
  facet normal 0.751771 0.659424 0
    outer loop
      vertex 46.9668 30.5438 21
      vertex 46.5355 31.0355 0
      vertex 46.5355 31.0355 21
    endloop
  endfacet
  facet normal 0.751771 0.659424 0
    outer loop
      vertex 46.5355 31.0355 0
      vertex 46.9668 30.5438 21
      vertex 46.9668 30.5438 0
    endloop
  endfacet
  facet normal 0.89686 0.442314 0
    outer loop
      vertex 47.6194 29.4134 21
      vertex 47.3301 30 0
      vertex 47.3301 30 21
    endloop
  endfacet
  facet normal 0.89686 0.442314 0
    outer loop
      vertex 47.3301 30 0
      vertex 47.6194 29.4134 21
      vertex 47.6194 29.4134 0
    endloop
  endfacet
  facet normal 0.659424 0.751771 -0
    outer loop
      vertex 46.5355 31.0355 0
      vertex 46.0438 31.4668 21
      vertex 46.5355 31.0355 21
    endloop
  endfacet
  facet normal 0.659424 0.751771 0
    outer loop
      vertex 46.0438 31.4668 21
      vertex 46.5355 31.0355 0
      vertex 46.0438 31.4668 0
    endloop
  endfacet
  facet normal -0.442314 0.89686 0
    outer loop
      vertex -44.9134 32.1194 0
      vertex -45.5 31.8301 21
      vertex -44.9134 32.1194 21
    endloop
  endfacet
  facet normal -0.442314 0.89686 0
    outer loop
      vertex -45.5 31.8301 21
      vertex -44.9134 32.1194 0
      vertex -45.5 31.8301 0
    endloop
  endfacet
  facet normal -0.555512 0.831509 0
    outer loop
      vertex -45.5 31.8301 0
      vertex -46.0438 31.4668 21
      vertex -45.5 31.8301 21
    endloop
  endfacet
  facet normal -0.555512 0.831509 0
    outer loop
      vertex -46.0438 31.4668 21
      vertex -45.5 31.8301 0
      vertex -46.0438 31.4668 0
    endloop
  endfacet
  facet normal -0.89686 0.442314 0
    outer loop
      vertex -47.6194 29.4134 0
      vertex -47.3301 30 21
      vertex -47.3301 30 0
    endloop
  endfacet
  facet normal -0.89686 0.442314 0
    outer loop
      vertex -47.3301 30 21
      vertex -47.6194 29.4134 0
      vertex -47.6194 29.4134 21
    endloop
  endfacet
  facet normal -0.831509 0.555512 0
    outer loop
      vertex -47.3301 30 0
      vertex -46.9668 30.5438 21
      vertex -46.9668 30.5438 0
    endloop
  endfacet
  facet normal -0.831509 0.555512 0
    outer loop
      vertex -46.9668 30.5438 21
      vertex -47.3301 30 0
      vertex -47.3301 30 21
    endloop
  endfacet
  facet normal -0.831509 -0.555512 0
    outer loop
      vertex -46.9668 -30.5438 0
      vertex -47.3301 -30 21
      vertex -47.3301 -30 0
    endloop
  endfacet
  facet normal -0.831509 -0.555512 0
    outer loop
      vertex -47.3301 -30 21
      vertex -46.9668 -30.5438 0
      vertex -46.9668 -30.5438 21
    endloop
  endfacet
  facet normal -0.659424 -0.751771 0
    outer loop
      vertex -46.5355 -31.0355 0
      vertex -46.0438 -31.4668 21
      vertex -46.5355 -31.0355 21
    endloop
  endfacet
  facet normal -0.659424 -0.751771 -0
    outer loop
      vertex -46.0438 -31.4668 21
      vertex -46.5355 -31.0355 0
      vertex -46.0438 -31.4668 0
    endloop
  endfacet
  facet normal -0.980786 -0.195087 0
    outer loop
      vertex -47.8296 -28.7941 0
      vertex -47.9572 -28.1526 21
      vertex -47.9572 -28.1526 0
    endloop
  endfacet
  facet normal -0.980786 -0.195087 0
    outer loop
      vertex -47.9572 -28.1526 21
      vertex -47.8296 -28.7941 0
      vertex -47.8296 -28.7941 21
    endloop
  endfacet
  facet normal 0.89686 -0.442314 0
    outer loop
      vertex 47.3301 -30 21
      vertex 47.6194 -29.4134 0
      vertex 47.6194 -29.4134 21
    endloop
  endfacet
  facet normal 0.89686 -0.442314 0
    outer loop
      vertex 47.6194 -29.4134 0
      vertex 47.3301 -30 21
      vertex 47.3301 -30 0
    endloop
  endfacet
  facet normal 0.997868 -0.0652701 0
    outer loop
      vertex -45.6 27.5 21
      vertex -45.5778 27.8394 2.4
      vertex -45.5778 27.8394 21
    endloop
  endfacet
  facet normal 0.997868 -0.0652701 0
    outer loop
      vertex -45.5778 27.8394 2.4
      vertex -45.6 27.5 21
      vertex -45.6 27.5 2.4
    endloop
  endfacet
  facet normal 1 0 0
    outer loop
      vertex -45.6 -12.2099 18.45
      vertex -45.6 -8.11513 18.45
      vertex -45.6 -12.1462 18.579
    endloop
  endfacet
  facet normal 1 0 0
    outer loop
      vertex -45.6 -8.03519 14.6696
      vertex -45.6 -12.0719 14.1436
      vertex -45.6 -12.0625 14
    endloop
  endfacet
  facet normal 1 0 0
    outer loop
      vertex -45.6 -8.11513 18.45
      vertex -45.6 -12.2099 18.45
      vertex -45.6 -8.03519 18.3304
    endloop
  endfacet
  facet normal 1 0 0
    outer loop
      vertex -45.6 -8.03519 14.6696
      vertex -45.6 -12.1 14.2847
      vertex -45.6 -12.0719 14.1436
    endloop
  endfacet
  facet normal 1 0 0
    outer loop
      vertex -45.6 -12.2898 18.3304
      vertex -45.6 -8.03519 18.3304
      vertex -45.6 -12.2099 18.45
    endloop
  endfacet
  facet normal 1 0 0
    outer loop
      vertex -45.6 -8.03519 14.6696
      vertex -45.6 -12.1462 14.421
      vertex -45.6 -12.1 14.2847
    endloop
  endfacet
  facet normal 1 0 0
    outer loop
      vertex -45.6 -8.03519 18.3304
      vertex -45.6 -12.2898 18.3304
      vertex -45.6 -8.03519 14.6696
    endloop
  endfacet
  facet normal 1 0 0
    outer loop
      vertex -45.6 -8.03519 14.6696
      vertex -45.6 -12.2099 14.55
      vertex -45.6 -12.1462 14.421
    endloop
  endfacet
  facet normal 1 0 0
    outer loop
      vertex -45.6 -12.2898 14.6696
      vertex -45.6 -8.03519 14.6696
      vertex -45.6 -12.2898 18.3304
    endloop
  endfacet
  facet normal 1 0 0
    outer loop
      vertex -45.6 -8.03519 14.6696
      vertex -45.6 -12.2898 14.6696
      vertex -45.6 -12.2099 14.55
    endloop
  endfacet
  facet normal 1 -0 0
    outer loop
      vertex -45.6 -12.3847 18.2222
      vertex -45.6 -12.2898 14.6696
      vertex -45.6 -12.2898 18.3304
    endloop
  endfacet
  facet normal 1 0 0
    outer loop
      vertex -45.6 -12.3847 18.2222
      vertex -45.6 -12.3847 14.7778
      vertex -45.6 -12.2898 14.6696
    endloop
  endfacet
  facet normal 1 -0 0
    outer loop
      vertex -45.6 -12.4929 18.1273
      vertex -45.6 -12.3847 14.7778
      vertex -45.6 -12.3847 18.2222
    endloop
  endfacet
  facet normal 1 0 0
    outer loop
      vertex -45.6 -12.4929 18.1273
      vertex -45.6 -12.4929 14.8727
      vertex -45.6 -12.3847 14.7778
    endloop
  endfacet
  facet normal 1 -0 0
    outer loop
      vertex -45.6 -12.6125 18.0474
      vertex -45.6 -12.4929 14.8727
      vertex -45.6 -12.4929 18.1273
    endloop
  endfacet
  facet normal 1 0 0
    outer loop
      vertex -45.6 -12.6125 18.0474
      vertex -45.6 -12.6125 14.9526
      vertex -45.6 -12.4929 14.8727
    endloop
  endfacet
  facet normal 1 -0 0
    outer loop
      vertex -45.6 -12.7415 17.9837
      vertex -45.6 -12.6125 14.9526
      vertex -45.6 -12.6125 18.0474
    endloop
  endfacet
  facet normal 1 0 0
    outer loop
      vertex -45.6 -12.7415 17.9837
      vertex -45.6 -12.7415 15.0163
      vertex -45.6 -12.6125 14.9526
    endloop
  endfacet
  facet normal 1 -0 0
    outer loop
      vertex -45.6 -12.8778 17.9375
      vertex -45.6 -12.7415 15.0163
      vertex -45.6 -12.7415 17.9837
    endloop
  endfacet
  facet normal 1 0 0
    outer loop
      vertex -45.6 -12.8778 17.9375
      vertex -45.6 -12.8778 15.0625
      vertex -45.6 -12.7415 15.0163
    endloop
  endfacet
  facet normal 1 -0 0
    outer loop
      vertex -45.6 -13.0189 17.9094
      vertex -45.6 -12.8778 15.0625
      vertex -45.6 -12.8778 17.9375
    endloop
  endfacet
  facet normal 1 0 0
    outer loop
      vertex -45.6 -13.0189 17.9094
      vertex -45.6 -13.0189 15.0906
      vertex -45.6 -12.8778 15.0625
    endloop
  endfacet
  facet normal 1 -0 0
    outer loop
      vertex -45.6 -13.1625 17.9
      vertex -45.6 -13.0189 15.0906
      vertex -45.6 -13.0189 17.9094
    endloop
  endfacet
  facet normal 1 0 0
    outer loop
      vertex -45.6 -13.1625 17.9
      vertex -45.6 -13.1625 15.1
      vertex -45.6 -13.0189 15.0906
    endloop
  endfacet
  facet normal 1 0 0
    outer loop
      vertex -45.6 -13.3061 17.9094
      vertex -45.6 -13.1625 15.1
      vertex -45.6 -13.1625 17.9
    endloop
  endfacet
  facet normal 1 0 0
    outer loop
      vertex -45.6 -13.3061 17.9094
      vertex -45.6 -13.3061 15.0906
      vertex -45.6 -13.1625 15.1
    endloop
  endfacet
  facet normal 1 0 0
    outer loop
      vertex -45.6 -13.4472 17.9375
      vertex -45.6 -13.3061 15.0906
      vertex -45.6 -13.3061 17.9094
    endloop
  endfacet
  facet normal 1 0 0
    outer loop
      vertex -45.6 -13.4472 17.9375
      vertex -45.6 -13.4472 15.0625
      vertex -45.6 -13.3061 15.0906
    endloop
  endfacet
  facet normal 1 0 0
    outer loop
      vertex -45.6 -13.5835 17.9837
      vertex -45.6 -13.4472 15.0625
      vertex -45.6 -13.4472 17.9375
    endloop
  endfacet
  facet normal 1 0 0
    outer loop
      vertex -45.6 -13.5835 17.9837
      vertex -45.6 -13.5835 15.0163
      vertex -45.6 -13.4472 15.0625
    endloop
  endfacet
  facet normal 1 0 0
    outer loop
      vertex -45.6 -13.7125 18.0474
      vertex -45.6 -13.5835 15.0163
      vertex -45.6 -13.5835 17.9837
    endloop
  endfacet
  facet normal 1 0 0
    outer loop
      vertex -45.6 -13.7125 18.0474
      vertex -45.6 -13.7125 14.9526
      vertex -45.6 -13.5835 15.0163
    endloop
  endfacet
  facet normal 1 0 0
    outer loop
      vertex -45.6 -13.8321 18.1273
      vertex -45.6 -13.7125 14.9526
      vertex -45.6 -13.7125 18.0474
    endloop
  endfacet
  facet normal 1 0 0
    outer loop
      vertex -45.6 -13.8321 18.1273
      vertex -45.6 -13.8321 14.8727
      vertex -45.6 -13.7125 14.9526
    endloop
  endfacet
  facet normal 1 0 0
    outer loop
      vertex -45.6 -13.9403 18.2222
      vertex -45.6 -13.8321 14.8727
      vertex -45.6 -13.8321 18.1273
    endloop
  endfacet
  facet normal 1 0 0
    outer loop
      vertex -45.6 -13.9403 18.2222
      vertex -45.6 -13.9403 14.7778
      vertex -45.6 -13.8321 14.8727
    endloop
  endfacet
  facet normal 1 0 0
    outer loop
      vertex -45.6 -14.0352 18.3304
      vertex -45.6 -13.9403 14.7778
      vertex -45.6 -13.9403 18.2222
    endloop
  endfacet
  facet normal 1 0 0
    outer loop
      vertex -45.6 -14.0352 18.3304
      vertex -45.6 -14.0352 14.6696
      vertex -45.6 -13.9403 14.7778
    endloop
  endfacet
  facet normal 1 0 0
    outer loop
      vertex -45.6 -14.1151 18.45
      vertex -45.6 -14.0352 14.6696
      vertex -45.6 -14.0352 18.3304
    endloop
  endfacet
  facet normal 1 0 0
    outer loop
      vertex -45.6 -14.1151 18.45
      vertex -45.6 -14.1151 14.55
      vertex -45.6 -14.0352 14.6696
    endloop
  endfacet
  facet normal 1 0 0
    outer loop
      vertex -45.6 -14.1788 18.579
      vertex -45.6 -14.1151 14.55
      vertex -45.6 -14.1151 18.45
    endloop
  endfacet
  facet normal 1 0 0
    outer loop
      vertex -45.6 -14.1788 18.579
      vertex -45.6 -14.1788 14.421
      vertex -45.6 -14.1151 14.55
    endloop
  endfacet
  facet normal 1 0 0
    outer loop
      vertex -45.6 -14.225 18.7153
      vertex -45.6 -14.1788 14.421
      vertex -45.6 -14.1788 18.579
    endloop
  endfacet
  facet normal 1 0 0
    outer loop
      vertex -45.6 -14.225 18.7153
      vertex -45.6 -14.225 14.2847
      vertex -45.6 -14.1788 14.421
    endloop
  endfacet
  facet normal 1 0 0
    outer loop
      vertex -45.6 -27.5 21
      vertex -45.6 -14.225 18.7153
      vertex -45.6 -14.2531 18.8564
    endloop
  endfacet
  facet normal 1 0 0
    outer loop
      vertex -45.6 -14.225 18.7153
      vertex -45.6 -27.5 21
      vertex -45.6 -14.225 14.2847
    endloop
  endfacet
  facet normal 1 0 0
    outer loop
      vertex -45.6 -27.5 21
      vertex -45.6 -14.2531 18.8564
      vertex -45.6 -14.2625 19
    endloop
  endfacet
  facet normal 1 0 0
    outer loop
      vertex -45.6 -14.225 14.2847
      vertex -45.6 -27.5 21
      vertex -45.6 -14.2531 14.1436
    endloop
  endfacet
  facet normal 1 0 0
    outer loop
      vertex -45.6 -6.20987 18.45
      vertex -45.6 -2.11513 18.45
      vertex -45.6 -6.14623 18.579
    endloop
  endfacet
  facet normal 1 0 0
    outer loop
      vertex -45.6 -2.03519 14.6696
      vertex -45.6 -6.07191 14.1436
      vertex -45.6 -6.0625 14
    endloop
  endfacet
  facet normal 1 0 0
    outer loop
      vertex -45.6 -2.11513 18.45
      vertex -45.6 -6.20987 18.45
      vertex -45.6 -2.03519 18.3304
    endloop
  endfacet
  facet normal 1 0 0
    outer loop
      vertex -45.6 -2.03519 14.6696
      vertex -45.6 -6.09998 14.2847
      vertex -45.6 -6.07191 14.1436
    endloop
  endfacet
  facet normal 1 0 0
    outer loop
      vertex -45.6 -6.28981 18.3304
      vertex -45.6 -2.03519 18.3304
      vertex -45.6 -6.20987 18.45
    endloop
  endfacet
  facet normal 1 0 0
    outer loop
      vertex -45.6 -2.03519 14.6696
      vertex -45.6 -6.14623 14.421
      vertex -45.6 -6.09998 14.2847
    endloop
  endfacet
  facet normal 1 0 0
    outer loop
      vertex -45.6 -2.03519 18.3304
      vertex -45.6 -6.28981 18.3304
      vertex -45.6 -2.03519 14.6696
    endloop
  endfacet
  facet normal 1 0 0
    outer loop
      vertex -45.6 -2.03519 14.6696
      vertex -45.6 -6.20987 14.55
      vertex -45.6 -6.14623 14.421
    endloop
  endfacet
  facet normal 1 0 0
    outer loop
      vertex -45.6 -6.28981 14.6696
      vertex -45.6 -2.03519 14.6696
      vertex -45.6 -6.28981 18.3304
    endloop
  endfacet
  facet normal 1 0 0
    outer loop
      vertex -45.6 -2.03519 14.6696
      vertex -45.6 -6.28981 14.6696
      vertex -45.6 -6.20987 14.55
    endloop
  endfacet
  facet normal 1 -0 0
    outer loop
      vertex -45.6 -6.38468 18.2222
      vertex -45.6 -6.28981 14.6696
      vertex -45.6 -6.28981 18.3304
    endloop
  endfacet
  facet normal 1 0 0
    outer loop
      vertex -45.6 -6.38468 18.2222
      vertex -45.6 -6.38468 14.7778
      vertex -45.6 -6.28981 14.6696
    endloop
  endfacet
  facet normal 1 -0 0
    outer loop
      vertex -45.6 -6.49286 18.1273
      vertex -45.6 -6.38468 14.7778
      vertex -45.6 -6.38468 18.2222
    endloop
  endfacet
  facet normal 1 0 0
    outer loop
      vertex -45.6 -6.49286 18.1273
      vertex -45.6 -6.49286 14.8727
      vertex -45.6 -6.38468 14.7778
    endloop
  endfacet
  facet normal 1 -0 0
    outer loop
      vertex -45.6 -6.6125 18.0474
      vertex -45.6 -6.49286 14.8727
      vertex -45.6 -6.49286 18.1273
    endloop
  endfacet
  facet normal 1 0 0
    outer loop
      vertex -45.6 -6.6125 18.0474
      vertex -45.6 -6.6125 14.9526
      vertex -45.6 -6.49286 14.8727
    endloop
  endfacet
  facet normal 1 -0 0
    outer loop
      vertex -45.6 -6.74155 17.9837
      vertex -45.6 -6.6125 14.9526
      vertex -45.6 -6.6125 18.0474
    endloop
  endfacet
  facet normal 1 0 0
    outer loop
      vertex -45.6 -6.74155 17.9837
      vertex -45.6 -6.74155 15.0163
      vertex -45.6 -6.6125 14.9526
    endloop
  endfacet
  facet normal 1 -0 0
    outer loop
      vertex -45.6 -6.8778 17.9375
      vertex -45.6 -6.74155 15.0163
      vertex -45.6 -6.74155 17.9837
    endloop
  endfacet
  facet normal 1 0 0
    outer loop
      vertex -45.6 -6.8778 17.9375
      vertex -45.6 -6.8778 15.0625
      vertex -45.6 -6.74155 15.0163
    endloop
  endfacet
  facet normal 1 -0 0
    outer loop
      vertex -45.6 -7.01892 17.9094
      vertex -45.6 -6.8778 15.0625
      vertex -45.6 -6.8778 17.9375
    endloop
  endfacet
  facet normal 1 0 0
    outer loop
      vertex -45.6 -7.01892 17.9094
      vertex -45.6 -7.01892 15.0906
      vertex -45.6 -6.8778 15.0625
    endloop
  endfacet
  facet normal 1 -0 0
    outer loop
      vertex -45.6 -7.1625 17.9
      vertex -45.6 -7.01892 15.0906
      vertex -45.6 -7.01892 17.9094
    endloop
  endfacet
  facet normal 1 0 0
    outer loop
      vertex -45.6 -7.1625 17.9
      vertex -45.6 -7.1625 15.1
      vertex -45.6 -7.01892 15.0906
    endloop
  endfacet
  facet normal 1 0 0
    outer loop
      vertex -45.6 -7.30608 17.9094
      vertex -45.6 -7.1625 15.1
      vertex -45.6 -7.1625 17.9
    endloop
  endfacet
  facet normal 1 0 0
    outer loop
      vertex -45.6 -7.30608 17.9094
      vertex -45.6 -7.30608 15.0906
      vertex -45.6 -7.1625 15.1
    endloop
  endfacet
  facet normal 1 0 0
    outer loop
      vertex -45.6 -7.4472 17.9375
      vertex -45.6 -7.30608 15.0906
      vertex -45.6 -7.30608 17.9094
    endloop
  endfacet
  facet normal 1 0 0
    outer loop
      vertex -45.6 -7.4472 17.9375
      vertex -45.6 -7.4472 15.0625
      vertex -45.6 -7.30608 15.0906
    endloop
  endfacet
  facet normal 1 0 0
    outer loop
      vertex -45.6 -7.58345 17.9837
      vertex -45.6 -7.4472 15.0625
      vertex -45.6 -7.4472 17.9375
    endloop
  endfacet
  facet normal 1 0 0
    outer loop
      vertex -45.6 -7.58345 17.9837
      vertex -45.6 -7.58345 15.0163
      vertex -45.6 -7.4472 15.0625
    endloop
  endfacet
  facet normal 1 0 0
    outer loop
      vertex -45.6 -7.7125 18.0474
      vertex -45.6 -7.58345 15.0163
      vertex -45.6 -7.58345 17.9837
    endloop
  endfacet
  facet normal 1 0 0
    outer loop
      vertex -45.6 -7.7125 18.0474
      vertex -45.6 -7.7125 14.9526
      vertex -45.6 -7.58345 15.0163
    endloop
  endfacet
  facet normal 1 0 0
    outer loop
      vertex -45.6 -7.83214 18.1273
      vertex -45.6 -7.7125 14.9526
      vertex -45.6 -7.7125 18.0474
    endloop
  endfacet
  facet normal 1 0 0
    outer loop
      vertex -45.6 -7.83214 18.1273
      vertex -45.6 -7.83214 14.8727
      vertex -45.6 -7.7125 14.9526
    endloop
  endfacet
  facet normal 1 0 0
    outer loop
      vertex -45.6 -7.94032 18.2222
      vertex -45.6 -7.83214 14.8727
      vertex -45.6 -7.83214 18.1273
    endloop
  endfacet
  facet normal 1 0 0
    outer loop
      vertex -45.6 -7.94032 18.2222
      vertex -45.6 -7.94032 14.7778
      vertex -45.6 -7.83214 14.8727
    endloop
  endfacet
  facet normal 1 0 0
    outer loop
      vertex -45.6 -8.03519 18.3304
      vertex -45.6 -7.94032 14.7778
      vertex -45.6 -7.94032 18.2222
    endloop
  endfacet
  facet normal 1 0 0
    outer loop
      vertex -45.6 -8.03519 18.3304
      vertex -45.6 -8.03519 14.6696
      vertex -45.6 -7.94032 14.7778
    endloop
  endfacet
  facet normal 1 0 0
    outer loop
      vertex -45.6 -8.22502 18.7153
      vertex -45.6 -12.1 18.7153
      vertex -45.6 -8.17877 18.579
    endloop
  endfacet
  facet normal 1 0 0
    outer loop
      vertex -45.6 -12.1462 18.579
      vertex -45.6 -8.17877 18.579
      vertex -45.6 -12.1 18.7153
    endloop
  endfacet
  facet normal 1 0 0
    outer loop
      vertex -45.6 -12.1 18.7153
      vertex -45.6 -8.22502 18.7153
      vertex -45.6 -12.0719 18.8564
    endloop
  endfacet
  facet normal 1 0 0
    outer loop
      vertex -45.6 -8.17877 18.579
      vertex -45.6 -12.1462 18.579
      vertex -45.6 -8.11513 18.45
    endloop
  endfacet
  facet normal 1 0 0
    outer loop
      vertex -45.6 -8.25309 18.8564
      vertex -45.6 -12.0719 18.8564
      vertex -45.6 -8.22502 18.7153
    endloop
  endfacet
  facet normal 1 0 0
    outer loop
      vertex -45.6 -8.03519 14.6696
      vertex -45.6 -12.0625 14
      vertex -45.6 -8.11513 14.55
    endloop
  endfacet
  facet normal 1 0 0
    outer loop
      vertex -45.6 -12.0719 18.8564
      vertex -45.6 -8.25309 18.8564
      vertex -45.6 -12.0625 19
    endloop
  endfacet
  facet normal 1 0 0
    outer loop
      vertex -45.6 -8.11513 14.55
      vertex -45.6 -12.0625 14
      vertex -45.6 -8.17877 14.421
    endloop
  endfacet
  facet normal 1 -0 0
    outer loop
      vertex -45.6 -12.0625 19
      vertex -45.6 -8.25309 18.8564
      vertex -45.6 -8.2625 19
    endloop
  endfacet
  facet normal 1 0 0
    outer loop
      vertex -45.6 -8.17877 14.421
      vertex -45.6 -12.0625 14
      vertex -45.6 -8.22502 14.2847
    endloop
  endfacet
  facet normal 1 0 0
    outer loop
      vertex -45.6 -0.209871 18.45
      vertex -45.6 3.88487 18.45
      vertex -45.6 -0.146232 18.579
    endloop
  endfacet
  facet normal 1 0 0
    outer loop
      vertex -45.6 3.96481 14.6696
      vertex -45.6 -0.0719099 14.1436
      vertex -45.6 -0.0625 14
    endloop
  endfacet
  facet normal 1 0 0
    outer loop
      vertex -45.6 3.88487 18.45
      vertex -45.6 -0.209871 18.45
      vertex -45.6 3.96481 18.3304
    endloop
  endfacet
  facet normal 1 0 0
    outer loop
      vertex -45.6 3.96481 14.6696
      vertex -45.6 -0.0999813 14.2847
      vertex -45.6 -0.0719099 14.1436
    endloop
  endfacet
  facet normal 1 0 0
    outer loop
      vertex -45.6 -0.289811 18.3304
      vertex -45.6 3.96481 18.3304
      vertex -45.6 -0.209871 18.45
    endloop
  endfacet
  facet normal 1 0 0
    outer loop
      vertex -45.6 3.96481 14.6696
      vertex -45.6 -0.146232 14.421
      vertex -45.6 -0.0999813 14.2847
    endloop
  endfacet
  facet normal 1 0 0
    outer loop
      vertex -45.6 3.96481 18.3304
      vertex -45.6 -0.289811 18.3304
      vertex -45.6 3.96481 14.6696
    endloop
  endfacet
  facet normal 1 0 0
    outer loop
      vertex -45.6 3.96481 14.6696
      vertex -45.6 -0.209871 14.55
      vertex -45.6 -0.146232 14.421
    endloop
  endfacet
  facet normal 1 0 0
    outer loop
      vertex -45.6 -0.289811 14.6696
      vertex -45.6 3.96481 14.6696
      vertex -45.6 -0.289811 18.3304
    endloop
  endfacet
  facet normal 1 0 0
    outer loop
      vertex -45.6 3.96481 14.6696
      vertex -45.6 -0.289811 14.6696
      vertex -45.6 -0.209871 14.55
    endloop
  endfacet
  facet normal 1 -0 0
    outer loop
      vertex -45.6 -0.384682 18.2222
      vertex -45.6 -0.289811 14.6696
      vertex -45.6 -0.289811 18.3304
    endloop
  endfacet
  facet normal 1 0 0
    outer loop
      vertex -45.6 -0.384682 18.2222
      vertex -45.6 -0.384682 14.7778
      vertex -45.6 -0.289811 14.6696
    endloop
  endfacet
  facet normal 1 -0 0
    outer loop
      vertex -45.6 -0.492862 18.1273
      vertex -45.6 -0.384682 14.7778
      vertex -45.6 -0.384682 18.2222
    endloop
  endfacet
  facet normal 1 0 0
    outer loop
      vertex -45.6 -0.492862 18.1273
      vertex -45.6 -0.492862 14.8727
      vertex -45.6 -0.384682 14.7778
    endloop
  endfacet
  facet normal 1 -0 0
    outer loop
      vertex -45.6 -0.612499 18.0474
      vertex -45.6 -0.492862 14.8727
      vertex -45.6 -0.492862 18.1273
    endloop
  endfacet
  facet normal 1 0 0
    outer loop
      vertex -45.6 -0.612499 18.0474
      vertex -45.6 -0.612499 14.9526
      vertex -45.6 -0.492862 14.8727
    endloop
  endfacet
  facet normal 1 -0 0
    outer loop
      vertex -45.6 -0.741548 17.9837
      vertex -45.6 -0.612499 14.9526
      vertex -45.6 -0.612499 18.0474
    endloop
  endfacet
  facet normal 1 0 0
    outer loop
      vertex -45.6 -0.741548 17.9837
      vertex -45.6 -0.741548 15.0163
      vertex -45.6 -0.612499 14.9526
    endloop
  endfacet
  facet normal 1 -0 0
    outer loop
      vertex -45.6 -0.877799 17.9375
      vertex -45.6 -0.741548 15.0163
      vertex -45.6 -0.741548 17.9837
    endloop
  endfacet
  facet normal 1 0 0
    outer loop
      vertex -45.6 -0.877799 17.9375
      vertex -45.6 -0.877799 15.0625
      vertex -45.6 -0.741548 15.0163
    endloop
  endfacet
  facet normal 1 -0 0
    outer loop
      vertex -45.6 -1.01892 17.9094
      vertex -45.6 -0.877799 15.0625
      vertex -45.6 -0.877799 17.9375
    endloop
  endfacet
  facet normal 1 0 0
    outer loop
      vertex -45.6 -1.01892 17.9094
      vertex -45.6 -1.01892 15.0906
      vertex -45.6 -0.877799 15.0625
    endloop
  endfacet
  facet normal 1 -0 0
    outer loop
      vertex -45.6 -1.1625 17.9
      vertex -45.6 -1.01892 15.0906
      vertex -45.6 -1.01892 17.9094
    endloop
  endfacet
  facet normal 1 0 0
    outer loop
      vertex -45.6 -1.1625 17.9
      vertex -45.6 -1.1625 15.1
      vertex -45.6 -1.01892 15.0906
    endloop
  endfacet
  facet normal 1 0 0
    outer loop
      vertex -45.6 -1.30608 17.9094
      vertex -45.6 -1.1625 15.1
      vertex -45.6 -1.1625 17.9
    endloop
  endfacet
  facet normal 1 0 0
    outer loop
      vertex -45.6 -1.30608 17.9094
      vertex -45.6 -1.30608 15.0906
      vertex -45.6 -1.1625 15.1
    endloop
  endfacet
  facet normal 1 0 0
    outer loop
      vertex -45.6 -1.4472 17.9375
      vertex -45.6 -1.30608 15.0906
      vertex -45.6 -1.30608 17.9094
    endloop
  endfacet
  facet normal 1 0 0
    outer loop
      vertex -45.6 -1.4472 17.9375
      vertex -45.6 -1.4472 15.0625
      vertex -45.6 -1.30608 15.0906
    endloop
  endfacet
  facet normal 1 0 0
    outer loop
      vertex -45.6 -1.58345 17.9837
      vertex -45.6 -1.4472 15.0625
      vertex -45.6 -1.4472 17.9375
    endloop
  endfacet
  facet normal 1 0 0
    outer loop
      vertex -45.6 -1.58345 17.9837
      vertex -45.6 -1.58345 15.0163
      vertex -45.6 -1.4472 15.0625
    endloop
  endfacet
  facet normal 1 0 0
    outer loop
      vertex -45.6 -1.7125 18.0474
      vertex -45.6 -1.58345 15.0163
      vertex -45.6 -1.58345 17.9837
    endloop
  endfacet
  facet normal 1 0 0
    outer loop
      vertex -45.6 -1.7125 18.0474
      vertex -45.6 -1.7125 14.9526
      vertex -45.6 -1.58345 15.0163
    endloop
  endfacet
  facet normal 1 0 0
    outer loop
      vertex -45.6 -1.83214 18.1273
      vertex -45.6 -1.7125 14.9526
      vertex -45.6 -1.7125 18.0474
    endloop
  endfacet
  facet normal 1 0 0
    outer loop
      vertex -45.6 -1.83214 18.1273
      vertex -45.6 -1.83214 14.8727
      vertex -45.6 -1.7125 14.9526
    endloop
  endfacet
  facet normal 1 0 0
    outer loop
      vertex -45.6 -1.94032 18.2222
      vertex -45.6 -1.83214 14.8727
      vertex -45.6 -1.83214 18.1273
    endloop
  endfacet
  facet normal 1 0 0
    outer loop
      vertex -45.6 -1.94032 18.2222
      vertex -45.6 -1.94032 14.7778
      vertex -45.6 -1.83214 14.8727
    endloop
  endfacet
  facet normal 1 0 0
    outer loop
      vertex -45.6 -2.03519 18.3304
      vertex -45.6 -1.94032 14.7778
      vertex -45.6 -1.94032 18.2222
    endloop
  endfacet
  facet normal 1 0 0
    outer loop
      vertex -45.6 -2.03519 18.3304
      vertex -45.6 -2.03519 14.6696
      vertex -45.6 -1.94032 14.7778
    endloop
  endfacet
  facet normal 1 0 0
    outer loop
      vertex -45.6 -2.22502 18.7153
      vertex -45.6 -6.09998 18.7153
      vertex -45.6 -2.17877 18.579
    endloop
  endfacet
  facet normal 1 0 0
    outer loop
      vertex -45.6 -6.14623 18.579
      vertex -45.6 -2.17877 18.579
      vertex -45.6 -6.09998 18.7153
    endloop
  endfacet
  facet normal 1 0 0
    outer loop
      vertex -45.6 -6.09998 18.7153
      vertex -45.6 -2.22502 18.7153
      vertex -45.6 -6.07191 18.8564
    endloop
  endfacet
  facet normal 1 0 0
    outer loop
      vertex -45.6 -2.17877 18.579
      vertex -45.6 -6.14623 18.579
      vertex -45.6 -2.11513 18.45
    endloop
  endfacet
  facet normal 1 0 0
    outer loop
      vertex -45.6 -2.25309 18.8564
      vertex -45.6 -6.07191 18.8564
      vertex -45.6 -2.22502 18.7153
    endloop
  endfacet
  facet normal 1 0 0
    outer loop
      vertex -45.6 -2.03519 14.6696
      vertex -45.6 -6.0625 14
      vertex -45.6 -2.11513 14.55
    endloop
  endfacet
  facet normal 1 0 0
    outer loop
      vertex -45.6 -6.07191 18.8564
      vertex -45.6 -2.25309 18.8564
      vertex -45.6 -6.0625 19
    endloop
  endfacet
  facet normal 1 0 0
    outer loop
      vertex -45.6 -2.11513 14.55
      vertex -45.6 -6.0625 14
      vertex -45.6 -2.17877 14.421
    endloop
  endfacet
  facet normal 1 -0 0
    outer loop
      vertex -45.6 -6.0625 19
      vertex -45.6 -2.25309 18.8564
      vertex -45.6 -2.2625 19
    endloop
  endfacet
  facet normal 1 0 0
    outer loop
      vertex -45.6 -2.17877 14.421
      vertex -45.6 -6.0625 14
      vertex -45.6 -2.22502 14.2847
    endloop
  endfacet
  facet normal 1 0 0
    outer loop
      vertex -45.6 5.79013 18.45
      vertex -45.6 9.88487 18.45
      vertex -45.6 5.85377 18.579
    endloop
  endfacet
  facet normal 1 0 0
    outer loop
      vertex -45.6 9.96481 14.6696
      vertex -45.6 5.92809 14.1436
      vertex -45.6 5.9375 14
    endloop
  endfacet
  facet normal 1 0 0
    outer loop
      vertex -45.6 9.88487 18.45
      vertex -45.6 5.79013 18.45
      vertex -45.6 9.96481 18.3304
    endloop
  endfacet
  facet normal 1 0 0
    outer loop
      vertex -45.6 9.96481 14.6696
      vertex -45.6 5.90002 14.2847
      vertex -45.6 5.92809 14.1436
    endloop
  endfacet
  facet normal 1 0 0
    outer loop
      vertex -45.6 5.71019 18.3304
      vertex -45.6 9.96481 18.3304
      vertex -45.6 5.79013 18.45
    endloop
  endfacet
  facet normal 1 0 0
    outer loop
      vertex -45.6 9.96481 14.6696
      vertex -45.6 5.85377 14.421
      vertex -45.6 5.90002 14.2847
    endloop
  endfacet
  facet normal 1 0 0
    outer loop
      vertex -45.6 9.96481 18.3304
      vertex -45.6 5.71019 18.3304
      vertex -45.6 9.96481 14.6696
    endloop
  endfacet
  facet normal 1 0 0
    outer loop
      vertex -45.6 9.96481 14.6696
      vertex -45.6 5.79013 14.55
      vertex -45.6 5.85377 14.421
    endloop
  endfacet
  facet normal 1 0 0
    outer loop
      vertex -45.6 5.71019 14.6696
      vertex -45.6 9.96481 14.6696
      vertex -45.6 5.71019 18.3304
    endloop
  endfacet
  facet normal 1 0 0
    outer loop
      vertex -45.6 9.96481 14.6696
      vertex -45.6 5.71019 14.6696
      vertex -45.6 5.79013 14.55
    endloop
  endfacet
  facet normal 1 -0 0
    outer loop
      vertex -45.6 5.61532 18.2222
      vertex -45.6 5.71019 14.6696
      vertex -45.6 5.71019 18.3304
    endloop
  endfacet
  facet normal 1 0 0
    outer loop
      vertex -45.6 5.61532 18.2222
      vertex -45.6 5.61532 14.7778
      vertex -45.6 5.71019 14.6696
    endloop
  endfacet
  facet normal 1 -0 0
    outer loop
      vertex -45.6 5.50714 18.1273
      vertex -45.6 5.61532 14.7778
      vertex -45.6 5.61532 18.2222
    endloop
  endfacet
  facet normal 1 0 0
    outer loop
      vertex -45.6 5.50714 18.1273
      vertex -45.6 5.50714 14.8727
      vertex -45.6 5.61532 14.7778
    endloop
  endfacet
  facet normal 1 -0 0
    outer loop
      vertex -45.6 5.3875 18.0474
      vertex -45.6 5.50714 14.8727
      vertex -45.6 5.50714 18.1273
    endloop
  endfacet
  facet normal 1 0 0
    outer loop
      vertex -45.6 5.3875 18.0474
      vertex -45.6 5.3875 14.9526
      vertex -45.6 5.50714 14.8727
    endloop
  endfacet
  facet normal 1 -0 0
    outer loop
      vertex -45.6 5.25845 17.9837
      vertex -45.6 5.3875 14.9526
      vertex -45.6 5.3875 18.0474
    endloop
  endfacet
  facet normal 1 0 0
    outer loop
      vertex -45.6 5.25845 17.9837
      vertex -45.6 5.25845 15.0163
      vertex -45.6 5.3875 14.9526
    endloop
  endfacet
  facet normal 1 -0 0
    outer loop
      vertex -45.6 5.1222 17.9375
      vertex -45.6 5.25845 15.0163
      vertex -45.6 5.25845 17.9837
    endloop
  endfacet
  facet normal 1 0 0
    outer loop
      vertex -45.6 5.1222 17.9375
      vertex -45.6 5.1222 15.0625
      vertex -45.6 5.25845 15.0163
    endloop
  endfacet
  facet normal 1 -0 0
    outer loop
      vertex -45.6 4.98108 17.9094
      vertex -45.6 5.1222 15.0625
      vertex -45.6 5.1222 17.9375
    endloop
  endfacet
  facet normal 1 0 0
    outer loop
      vertex -45.6 4.98108 17.9094
      vertex -45.6 4.98108 15.0906
      vertex -45.6 5.1222 15.0625
    endloop
  endfacet
  facet normal 1 -0 0
    outer loop
      vertex -45.6 4.8375 17.9
      vertex -45.6 4.98108 15.0906
      vertex -45.6 4.98108 17.9094
    endloop
  endfacet
  facet normal 1 0 0
    outer loop
      vertex -45.6 4.8375 17.9
      vertex -45.6 4.8375 15.1
      vertex -45.6 4.98108 15.0906
    endloop
  endfacet
  facet normal 1 0 0
    outer loop
      vertex -45.6 4.69392 17.9094
      vertex -45.6 4.8375 15.1
      vertex -45.6 4.8375 17.9
    endloop
  endfacet
  facet normal 1 0 0
    outer loop
      vertex -45.6 4.69392 17.9094
      vertex -45.6 4.69392 15.0906
      vertex -45.6 4.8375 15.1
    endloop
  endfacet
  facet normal 1 0 0
    outer loop
      vertex -45.6 4.5528 17.9375
      vertex -45.6 4.69392 15.0906
      vertex -45.6 4.69392 17.9094
    endloop
  endfacet
  facet normal 1 0 0
    outer loop
      vertex -45.6 4.5528 17.9375
      vertex -45.6 4.5528 15.0625
      vertex -45.6 4.69392 15.0906
    endloop
  endfacet
  facet normal 1 0 0
    outer loop
      vertex -45.6 4.41655 17.9837
      vertex -45.6 4.5528 15.0625
      vertex -45.6 4.5528 17.9375
    endloop
  endfacet
  facet normal 1 0 0
    outer loop
      vertex -45.6 4.41655 17.9837
      vertex -45.6 4.41655 15.0163
      vertex -45.6 4.5528 15.0625
    endloop
  endfacet
  facet normal 1 0 0
    outer loop
      vertex -45.6 4.2875 18.0474
      vertex -45.6 4.41655 15.0163
      vertex -45.6 4.41655 17.9837
    endloop
  endfacet
  facet normal 1 0 0
    outer loop
      vertex -45.6 4.2875 18.0474
      vertex -45.6 4.2875 14.9526
      vertex -45.6 4.41655 15.0163
    endloop
  endfacet
  facet normal 1 0 0
    outer loop
      vertex -45.6 4.16786 18.1273
      vertex -45.6 4.2875 14.9526
      vertex -45.6 4.2875 18.0474
    endloop
  endfacet
  facet normal 1 0 0
    outer loop
      vertex -45.6 4.16786 18.1273
      vertex -45.6 4.16786 14.8727
      vertex -45.6 4.2875 14.9526
    endloop
  endfacet
  facet normal 1 0 0
    outer loop
      vertex -45.6 4.05968 18.2222
      vertex -45.6 4.16786 14.8727
      vertex -45.6 4.16786 18.1273
    endloop
  endfacet
  facet normal 1 0 0
    outer loop
      vertex -45.6 4.05968 18.2222
      vertex -45.6 4.05968 14.7778
      vertex -45.6 4.16786 14.8727
    endloop
  endfacet
  facet normal 1 0 0
    outer loop
      vertex -45.6 3.96481 18.3304
      vertex -45.6 4.05968 14.7778
      vertex -45.6 4.05968 18.2222
    endloop
  endfacet
  facet normal 1 0 0
    outer loop
      vertex -45.6 3.96481 18.3304
      vertex -45.6 3.96481 14.6696
      vertex -45.6 4.05968 14.7778
    endloop
  endfacet
  facet normal 1 0 0
    outer loop
      vertex -45.6 3.77498 18.7153
      vertex -45.6 -0.0999813 18.7153
      vertex -45.6 3.82123 18.579
    endloop
  endfacet
  facet normal 1 0 0
    outer loop
      vertex -45.6 -0.146232 18.579
      vertex -45.6 3.82123 18.579
      vertex -45.6 -0.0999813 18.7153
    endloop
  endfacet
  facet normal 1 0 0
    outer loop
      vertex -45.6 -0.0999813 18.7153
      vertex -45.6 3.77498 18.7153
      vertex -45.6 -0.0719099 18.8564
    endloop
  endfacet
  facet normal 1 0 0
    outer loop
      vertex -45.6 3.82123 18.579
      vertex -45.6 -0.146232 18.579
      vertex -45.6 3.88487 18.45
    endloop
  endfacet
  facet normal 1 0 0
    outer loop
      vertex -45.6 3.74691 18.8564
      vertex -45.6 -0.0719099 18.8564
      vertex -45.6 3.77498 18.7153
    endloop
  endfacet
  facet normal 1 0 0
    outer loop
      vertex -45.6 3.96481 14.6696
      vertex -45.6 -0.0625 14
      vertex -45.6 3.88487 14.55
    endloop
  endfacet
  facet normal 1 0 0
    outer loop
      vertex -45.6 -0.0719099 18.8564
      vertex -45.6 3.74691 18.8564
      vertex -45.6 -0.0625 19
    endloop
  endfacet
  facet normal 1 0 0
    outer loop
      vertex -45.6 3.88487 14.55
      vertex -45.6 -0.0625 14
      vertex -45.6 3.82123 14.421
    endloop
  endfacet
  facet normal 1 -0 0
    outer loop
      vertex -45.6 -0.0625 19
      vertex -45.6 3.74691 18.8564
      vertex -45.6 3.7375 19
    endloop
  endfacet
  facet normal 1 0 0
    outer loop
      vertex -45.6 3.82123 14.421
      vertex -45.6 -0.0625 14
      vertex -45.6 3.77498 14.2847
    endloop
  endfacet
  facet normal 1 0 0
    outer loop
      vertex -45.6 11.9 18.7153
      vertex -45.6 27.5 21
      vertex -45.6 11.9281 18.8564
    endloop
  endfacet
  facet normal 1 0 0
    outer loop
      vertex -45.6 27.5 21
      vertex -45.6 11.9281 14.1436
      vertex -45.6 11.9375 14
    endloop
  endfacet
  facet normal 1 0 0
    outer loop
      vertex -45.6 11.9 14.2847
      vertex -45.6 27.5 21
      vertex -45.6 11.9 18.7153
    endloop
  endfacet
  facet normal 1 0 0
    outer loop
      vertex -45.6 27.5 21
      vertex -45.6 11.9 14.2847
      vertex -45.6 11.9281 14.1436
    endloop
  endfacet
  facet normal 1 -0 0
    outer loop
      vertex -45.6 11.8538 18.579
      vertex -45.6 11.9 14.2847
      vertex -45.6 11.9 18.7153
    endloop
  endfacet
  facet normal 1 0 0
    outer loop
      vertex -45.6 11.8538 18.579
      vertex -45.6 11.8538 14.421
      vertex -45.6 11.9 14.2847
    endloop
  endfacet
  facet normal 1 -0 0
    outer loop
      vertex -45.6 11.7901 18.45
      vertex -45.6 11.8538 14.421
      vertex -45.6 11.8538 18.579
    endloop
  endfacet
  facet normal 1 0 0
    outer loop
      vertex -45.6 11.7901 18.45
      vertex -45.6 11.7901 14.55
      vertex -45.6 11.8538 14.421
    endloop
  endfacet
  facet normal 1 -0 0
    outer loop
      vertex -45.6 11.7102 18.3304
      vertex -45.6 11.7901 14.55
      vertex -45.6 11.7901 18.45
    endloop
  endfacet
  facet normal 1 0 0
    outer loop
      vertex -45.6 11.7102 18.3304
      vertex -45.6 11.7102 14.6696
      vertex -45.6 11.7901 14.55
    endloop
  endfacet
  facet normal 1 -0 0
    outer loop
      vertex -45.6 11.6153 18.2222
      vertex -45.6 11.7102 14.6696
      vertex -45.6 11.7102 18.3304
    endloop
  endfacet
  facet normal 1 0 0
    outer loop
      vertex -45.6 11.6153 18.2222
      vertex -45.6 11.6153 14.7778
      vertex -45.6 11.7102 14.6696
    endloop
  endfacet
  facet normal 1 -0 0
    outer loop
      vertex -45.6 11.5071 18.1273
      vertex -45.6 11.6153 14.7778
      vertex -45.6 11.6153 18.2222
    endloop
  endfacet
  facet normal 1 0 0
    outer loop
      vertex -45.6 11.5071 18.1273
      vertex -45.6 11.5071 14.8727
      vertex -45.6 11.6153 14.7778
    endloop
  endfacet
  facet normal 1 -0 0
    outer loop
      vertex -45.6 11.3875 18.0474
      vertex -45.6 11.5071 14.8727
      vertex -45.6 11.5071 18.1273
    endloop
  endfacet
  facet normal 1 0 0
    outer loop
      vertex -45.6 11.3875 18.0474
      vertex -45.6 11.3875 14.9526
      vertex -45.6 11.5071 14.8727
    endloop
  endfacet
  facet normal 1 -0 0
    outer loop
      vertex -45.6 11.2585 17.9837
      vertex -45.6 11.3875 14.9526
      vertex -45.6 11.3875 18.0474
    endloop
  endfacet
  facet normal 1 0 0
    outer loop
      vertex -45.6 11.2585 17.9837
      vertex -45.6 11.2585 15.0163
      vertex -45.6 11.3875 14.9526
    endloop
  endfacet
  facet normal 1 -0 0
    outer loop
      vertex -45.6 11.1222 17.9375
      vertex -45.6 11.2585 15.0163
      vertex -45.6 11.2585 17.9837
    endloop
  endfacet
  facet normal 1 0 0
    outer loop
      vertex -45.6 11.1222 17.9375
      vertex -45.6 11.1222 15.0625
      vertex -45.6 11.2585 15.0163
    endloop
  endfacet
  facet normal 1 -0 0
    outer loop
      vertex -45.6 10.9811 17.9094
      vertex -45.6 11.1222 15.0625
      vertex -45.6 11.1222 17.9375
    endloop
  endfacet
  facet normal 1 0 0
    outer loop
      vertex -45.6 10.9811 17.9094
      vertex -45.6 10.9811 15.0906
      vertex -45.6 11.1222 15.0625
    endloop
  endfacet
  facet normal 1 -0 0
    outer loop
      vertex -45.6 10.8375 17.9
      vertex -45.6 10.9811 15.0906
      vertex -45.6 10.9811 17.9094
    endloop
  endfacet
  facet normal 1 0 0
    outer loop
      vertex -45.6 10.8375 17.9
      vertex -45.6 10.8375 15.1
      vertex -45.6 10.9811 15.0906
    endloop
  endfacet
  facet normal 1 0 0
    outer loop
      vertex -45.6 10.6939 17.9094
      vertex -45.6 10.8375 15.1
      vertex -45.6 10.8375 17.9
    endloop
  endfacet
  facet normal 1 0 0
    outer loop
      vertex -45.6 10.6939 17.9094
      vertex -45.6 10.6939 15.0906
      vertex -45.6 10.8375 15.1
    endloop
  endfacet
  facet normal 1 0 0
    outer loop
      vertex -45.6 10.5528 17.9375
      vertex -45.6 10.6939 15.0906
      vertex -45.6 10.6939 17.9094
    endloop
  endfacet
  facet normal 1 0 0
    outer loop
      vertex -45.6 10.5528 17.9375
      vertex -45.6 10.5528 15.0625
      vertex -45.6 10.6939 15.0906
    endloop
  endfacet
  facet normal 1 0 0
    outer loop
      vertex -45.6 10.4165 17.9837
      vertex -45.6 10.5528 15.0625
      vertex -45.6 10.5528 17.9375
    endloop
  endfacet
  facet normal 1 0 0
    outer loop
      vertex -45.6 10.4165 17.9837
      vertex -45.6 10.4165 15.0163
      vertex -45.6 10.5528 15.0625
    endloop
  endfacet
  facet normal 1 0 0
    outer loop
      vertex -45.6 10.2875 18.0474
      vertex -45.6 10.4165 15.0163
      vertex -45.6 10.4165 17.9837
    endloop
  endfacet
  facet normal 1 0 0
    outer loop
      vertex -45.6 10.2875 18.0474
      vertex -45.6 10.2875 14.9526
      vertex -45.6 10.4165 15.0163
    endloop
  endfacet
  facet normal 1 0 0
    outer loop
      vertex -45.6 10.1679 18.1273
      vertex -45.6 10.2875 14.9526
      vertex -45.6 10.2875 18.0474
    endloop
  endfacet
  facet normal 1 0 0
    outer loop
      vertex -45.6 10.1679 18.1273
      vertex -45.6 10.1679 14.8727
      vertex -45.6 10.2875 14.9526
    endloop
  endfacet
  facet normal 1 0 0
    outer loop
      vertex -45.6 10.0597 18.2222
      vertex -45.6 10.1679 14.8727
      vertex -45.6 10.1679 18.1273
    endloop
  endfacet
  facet normal 1 0 0
    outer loop
      vertex -45.6 10.0597 18.2222
      vertex -45.6 10.0597 14.7778
      vertex -45.6 10.1679 14.8727
    endloop
  endfacet
  facet normal 1 0 0
    outer loop
      vertex -45.6 9.96481 18.3304
      vertex -45.6 10.0597 14.7778
      vertex -45.6 10.0597 18.2222
    endloop
  endfacet
  facet normal 1 0 0
    outer loop
      vertex -45.6 9.96481 18.3304
      vertex -45.6 9.96481 14.6696
      vertex -45.6 10.0597 14.7778
    endloop
  endfacet
  facet normal 1 0 0
    outer loop
      vertex -45.6 9.77498 18.7153
      vertex -45.6 5.90002 18.7153
      vertex -45.6 9.82123 18.579
    endloop
  endfacet
  facet normal 1 0 0
    outer loop
      vertex -45.6 5.85377 18.579
      vertex -45.6 9.82123 18.579
      vertex -45.6 5.90002 18.7153
    endloop
  endfacet
  facet normal 1 0 0
    outer loop
      vertex -45.6 5.90002 18.7153
      vertex -45.6 9.77498 18.7153
      vertex -45.6 5.92809 18.8564
    endloop
  endfacet
  facet normal 1 0 0
    outer loop
      vertex -45.6 9.82123 18.579
      vertex -45.6 5.85377 18.579
      vertex -45.6 9.88487 18.45
    endloop
  endfacet
  facet normal 1 0 0
    outer loop
      vertex -45.6 9.74691 18.8564
      vertex -45.6 5.92809 18.8564
      vertex -45.6 9.77498 18.7153
    endloop
  endfacet
  facet normal 1 0 0
    outer loop
      vertex -45.6 9.96481 14.6696
      vertex -45.6 5.9375 14
      vertex -45.6 9.88487 14.55
    endloop
  endfacet
  facet normal 1 0 0
    outer loop
      vertex -45.6 5.92809 18.8564
      vertex -45.6 9.74691 18.8564
      vertex -45.6 5.9375 19
    endloop
  endfacet
  facet normal 1 0 0
    outer loop
      vertex -45.6 9.88487 14.55
      vertex -45.6 5.9375 14
      vertex -45.6 9.82123 14.421
    endloop
  endfacet
  facet normal 1 -0 0
    outer loop
      vertex -45.6 5.9375 19
      vertex -45.6 9.74691 18.8564
      vertex -45.6 9.7375 19
    endloop
  endfacet
  facet normal 1 0 0
    outer loop
      vertex -45.6 9.82123 14.421
      vertex -45.6 5.9375 14
      vertex -45.6 9.77498 14.2847
    endloop
  endfacet
  facet normal 1 0 0
    outer loop
      vertex -45.6 11.9281 18.8564
      vertex -45.6 27.5 21
      vertex -45.6 11.9375 19
    endloop
  endfacet
  facet normal 1 0 0
    outer loop
      vertex -45.6 27.5 21
      vertex -45.6 11.9281 19.1436
      vertex -45.6 11.9375 19
    endloop
  endfacet
  facet normal 1 0 0
    outer loop
      vertex -45.6 27.5 21
      vertex -45.6 11.9 19.2847
      vertex -45.6 11.9281 19.1436
    endloop
  endfacet
  facet normal 1 0 0
    outer loop
      vertex -45.6 27.5 21
      vertex -45.6 11.8538 19.421
      vertex -45.6 11.9 19.2847
    endloop
  endfacet
  facet normal 1 0 0
    outer loop
      vertex -45.6 27.5 21
      vertex -45.6 11.7901 19.55
      vertex -45.6 11.8538 19.421
    endloop
  endfacet
  facet normal 1 0 0
    outer loop
      vertex -45.6 27.5 21
      vertex -45.6 11.7102 19.6696
      vertex -45.6 11.7901 19.55
    endloop
  endfacet
  facet normal 1 0 0
    outer loop
      vertex -45.6 27.5 21
      vertex -45.6 11.6153 19.7778
      vertex -45.6 11.7102 19.6696
    endloop
  endfacet
  facet normal 1 0 0
    outer loop
      vertex -45.6 27.5 21
      vertex -45.6 11.5071 19.8727
      vertex -45.6 11.6153 19.7778
    endloop
  endfacet
  facet normal 1 0 0
    outer loop
      vertex -45.6 27.5 21
      vertex -45.6 11.3875 19.9526
      vertex -45.6 11.5071 19.8727
    endloop
  endfacet
  facet normal 1 0 0
    outer loop
      vertex -45.6 27.5 21
      vertex -45.6 11.2585 20.0163
      vertex -45.6 11.3875 19.9526
    endloop
  endfacet
  facet normal 1 0 0
    outer loop
      vertex -45.6 27.5 21
      vertex -45.6 11.1222 20.0625
      vertex -45.6 11.2585 20.0163
    endloop
  endfacet
  facet normal 1 0 0
    outer loop
      vertex -45.6 27.5 21
      vertex -45.6 10.9811 20.0906
      vertex -45.6 11.1222 20.0625
    endloop
  endfacet
  facet normal 1 0 0
    outer loop
      vertex -45.6 27.5 21
      vertex -45.6 10.8375 20.1
      vertex -45.6 10.9811 20.0906
    endloop
  endfacet
  facet normal 1 0 0
    outer loop
      vertex -45.6 9.77498 14.2847
      vertex -45.6 5.9375 14
      vertex -45.6 9.74691 14.1436
    endloop
  endfacet
  facet normal 1 0 0
    outer loop
      vertex -45.6 9.74691 19.1436
      vertex -45.6 5.9375 19
      vertex -45.6 9.7375 19
    endloop
  endfacet
  facet normal 1 0 0
    outer loop
      vertex -45.6 5.92809 19.1436
      vertex -45.6 9.74691 19.1436
      vertex -45.6 9.77498 19.2847
    endloop
  endfacet
  facet normal 1 0 0
    outer loop
      vertex -45.6 5.90002 19.2847
      vertex -45.6 9.77498 19.2847
      vertex -45.6 9.82123 19.421
    endloop
  endfacet
  facet normal 1 0 0
    outer loop
      vertex -45.6 5.85377 19.421
      vertex -45.6 9.82123 19.421
      vertex -45.6 9.88487 19.55
    endloop
  endfacet
  facet normal 1 0 0
    outer loop
      vertex -45.6 5.79013 19.55
      vertex -45.6 9.88487 19.55
      vertex -45.6 9.96481 19.6696
    endloop
  endfacet
  facet normal 1 0 0
    outer loop
      vertex -45.6 5.71019 19.6696
      vertex -45.6 9.96481 19.6696
      vertex -45.6 10.0597 19.7778
    endloop
  endfacet
  facet normal 1 0 0
    outer loop
      vertex -45.6 5.61532 19.7778
      vertex -45.6 10.0597 19.7778
      vertex -45.6 10.1679 19.8727
    endloop
  endfacet
  facet normal 1 0 0
    outer loop
      vertex -45.6 5.50714 19.8727
      vertex -45.6 10.1679 19.8727
      vertex -45.6 10.2875 19.9526
    endloop
  endfacet
  facet normal 1 0 0
    outer loop
      vertex -45.6 5.3875 19.9526
      vertex -45.6 10.2875 19.9526
      vertex -45.6 10.4165 20.0163
    endloop
  endfacet
  facet normal 1 0 0
    outer loop
      vertex -45.6 5.25845 20.0163
      vertex -45.6 10.4165 20.0163
      vertex -45.6 10.5528 20.0625
    endloop
  endfacet
  facet normal 1 0 0
    outer loop
      vertex -45.6 9.74691 19.1436
      vertex -45.6 5.92809 19.1436
      vertex -45.6 5.9375 19
    endloop
  endfacet
  facet normal 1 0 0
    outer loop
      vertex -45.6 5.1222 20.0625
      vertex -45.6 10.5528 20.0625
      vertex -45.6 10.6939 20.0906
    endloop
  endfacet
  facet normal 1 0 0
    outer loop
      vertex -45.6 9.77498 19.2847
      vertex -45.6 5.90002 19.2847
      vertex -45.6 5.92809 19.1436
    endloop
  endfacet
  facet normal 1 0 0
    outer loop
      vertex -45.6 9.82123 19.421
      vertex -45.6 5.85377 19.421
      vertex -45.6 5.90002 19.2847
    endloop
  endfacet
  facet normal 1 0 0
    outer loop
      vertex -45.6 9.88487 19.55
      vertex -45.6 5.79013 19.55
      vertex -45.6 5.85377 19.421
    endloop
  endfacet
  facet normal 1 0 0
    outer loop
      vertex -45.6 9.96481 19.6696
      vertex -45.6 5.71019 19.6696
      vertex -45.6 5.79013 19.55
    endloop
  endfacet
  facet normal 1 0 0
    outer loop
      vertex -45.6 10.0597 19.7778
      vertex -45.6 5.61532 19.7778
      vertex -45.6 5.71019 19.6696
    endloop
  endfacet
  facet normal 1 0 0
    outer loop
      vertex -45.6 4.98108 20.0906
      vertex -45.6 10.6939 20.0906
      vertex -45.6 10.8375 20.1
    endloop
  endfacet
  facet normal 1 0 0
    outer loop
      vertex -45.6 10.1679 19.8727
      vertex -45.6 5.50714 19.8727
      vertex -45.6 5.61532 19.7778
    endloop
  endfacet
  facet normal 1 0 0
    outer loop
      vertex -45.6 4.8375 20.1
      vertex -45.6 10.8375 20.1
      vertex -45.6 27.5 21
    endloop
  endfacet
  facet normal 1 0 0
    outer loop
      vertex -45.6 10.2875 19.9526
      vertex -45.6 5.3875 19.9526
      vertex -45.6 5.50714 19.8727
    endloop
  endfacet
  facet normal 1 0 0
    outer loop
      vertex -45.6 10.4165 20.0163
      vertex -45.6 5.25845 20.0163
      vertex -45.6 5.3875 19.9526
    endloop
  endfacet
  facet normal 1 0 0
    outer loop
      vertex -45.6 10.5528 20.0625
      vertex -45.6 5.1222 20.0625
      vertex -45.6 5.25845 20.0163
    endloop
  endfacet
  facet normal 1 0 0
    outer loop
      vertex -45.6 10.6939 20.0906
      vertex -45.6 4.98108 20.0906
      vertex -45.6 5.1222 20.0625
    endloop
  endfacet
  facet normal 1 0 0
    outer loop
      vertex -45.6 10.8375 20.1
      vertex -45.6 4.8375 20.1
      vertex -45.6 4.98108 20.0906
    endloop
  endfacet
  facet normal 1 0 0
    outer loop
      vertex -45.6 3.77498 14.2847
      vertex -45.6 -0.0625 14
      vertex -45.6 3.74691 14.1436
    endloop
  endfacet
  facet normal 1 0 0
    outer loop
      vertex -45.6 3.74691 19.1436
      vertex -45.6 -0.0625 19
      vertex -45.6 3.7375 19
    endloop
  endfacet
  facet normal 1 0 0
    outer loop
      vertex -45.6 -0.0719099 19.1436
      vertex -45.6 3.74691 19.1436
      vertex -45.6 3.77498 19.2847
    endloop
  endfacet
  facet normal 1 0 0
    outer loop
      vertex -45.6 -0.0999813 19.2847
      vertex -45.6 3.77498 19.2847
      vertex -45.6 3.82123 19.421
    endloop
  endfacet
  facet normal 1 0 0
    outer loop
      vertex -45.6 -0.146232 19.421
      vertex -45.6 3.82123 19.421
      vertex -45.6 3.88487 19.55
    endloop
  endfacet
  facet normal 1 0 0
    outer loop
      vertex -45.6 -0.209871 19.55
      vertex -45.6 3.88487 19.55
      vertex -45.6 3.96481 19.6696
    endloop
  endfacet
  facet normal 1 0 0
    outer loop
      vertex -45.6 -0.289811 19.6696
      vertex -45.6 3.96481 19.6696
      vertex -45.6 4.05968 19.7778
    endloop
  endfacet
  facet normal 1 0 0
    outer loop
      vertex -45.6 -0.384682 19.7778
      vertex -45.6 4.05968 19.7778
      vertex -45.6 4.16786 19.8727
    endloop
  endfacet
  facet normal 1 0 0
    outer loop
      vertex -45.6 -0.492862 19.8727
      vertex -45.6 4.16786 19.8727
      vertex -45.6 4.2875 19.9526
    endloop
  endfacet
  facet normal 1 0 0
    outer loop
      vertex -45.6 -0.612499 19.9526
      vertex -45.6 4.2875 19.9526
      vertex -45.6 4.41655 20.0163
    endloop
  endfacet
  facet normal 1 0 0
    outer loop
      vertex -45.6 -0.741548 20.0163
      vertex -45.6 4.41655 20.0163
      vertex -45.6 4.5528 20.0625
    endloop
  endfacet
  facet normal 1 0 0
    outer loop
      vertex -45.6 3.74691 19.1436
      vertex -45.6 -0.0719099 19.1436
      vertex -45.6 -0.0625 19
    endloop
  endfacet
  facet normal 1 0 0
    outer loop
      vertex -45.6 -0.877799 20.0625
      vertex -45.6 4.5528 20.0625
      vertex -45.6 4.69392 20.0906
    endloop
  endfacet
  facet normal 1 0 0
    outer loop
      vertex -45.6 3.77498 19.2847
      vertex -45.6 -0.0999813 19.2847
      vertex -45.6 -0.0719099 19.1436
    endloop
  endfacet
  facet normal 1 0 0
    outer loop
      vertex -45.6 3.82123 19.421
      vertex -45.6 -0.146232 19.421
      vertex -45.6 -0.0999813 19.2847
    endloop
  endfacet
  facet normal 1 0 0
    outer loop
      vertex -45.6 3.88487 19.55
      vertex -45.6 -0.209871 19.55
      vertex -45.6 -0.146232 19.421
    endloop
  endfacet
  facet normal 1 0 0
    outer loop
      vertex -45.6 3.96481 19.6696
      vertex -45.6 -0.289811 19.6696
      vertex -45.6 -0.209871 19.55
    endloop
  endfacet
  facet normal 1 0 0
    outer loop
      vertex -45.6 4.05968 19.7778
      vertex -45.6 -0.384682 19.7778
      vertex -45.6 -0.289811 19.6696
    endloop
  endfacet
  facet normal 1 0 0
    outer loop
      vertex -45.6 -1.01892 20.0906
      vertex -45.6 4.69392 20.0906
      vertex -45.6 4.8375 20.1
    endloop
  endfacet
  facet normal 1 0 0
    outer loop
      vertex -45.6 4.16786 19.8727
      vertex -45.6 -0.492862 19.8727
      vertex -45.6 -0.384682 19.7778
    endloop
  endfacet
  facet normal 1 0 0
    outer loop
      vertex -45.6 4.2875 19.9526
      vertex -45.6 -0.612499 19.9526
      vertex -45.6 -0.492862 19.8727
    endloop
  endfacet
  facet normal 1 0 0
    outer loop
      vertex -45.6 -1.1625 20.1
      vertex -45.6 4.8375 20.1
      vertex -45.6 27.5 21
    endloop
  endfacet
  facet normal 1 0 0
    outer loop
      vertex -45.6 4.41655 20.0163
      vertex -45.6 -0.741548 20.0163
      vertex -45.6 -0.612499 19.9526
    endloop
  endfacet
  facet normal 1 0 0
    outer loop
      vertex -45.6 4.5528 20.0625
      vertex -45.6 -0.877799 20.0625
      vertex -45.6 -0.741548 20.0163
    endloop
  endfacet
  facet normal 1 0 0
    outer loop
      vertex -45.6 4.69392 20.0906
      vertex -45.6 -1.01892 20.0906
      vertex -45.6 -0.877799 20.0625
    endloop
  endfacet
  facet normal 1 0 0
    outer loop
      vertex -45.6 4.8375 20.1
      vertex -45.6 -1.1625 20.1
      vertex -45.6 -1.01892 20.0906
    endloop
  endfacet
  facet normal 1 0 0
    outer loop
      vertex -45.6 -2.22502 14.2847
      vertex -45.6 -6.0625 14
      vertex -45.6 -2.25309 14.1436
    endloop
  endfacet
  facet normal 1 0 0
    outer loop
      vertex -45.6 -2.25309 19.1436
      vertex -45.6 -6.0625 19
      vertex -45.6 -2.2625 19
    endloop
  endfacet
  facet normal 1 0 0
    outer loop
      vertex -45.6 -6.07191 19.1436
      vertex -45.6 -2.25309 19.1436
      vertex -45.6 -2.22502 19.2847
    endloop
  endfacet
  facet normal 1 0 0
    outer loop
      vertex -45.6 -6.09998 19.2847
      vertex -45.6 -2.22502 19.2847
      vertex -45.6 -2.17877 19.421
    endloop
  endfacet
  facet normal 1 0 0
    outer loop
      vertex -45.6 -6.14623 19.421
      vertex -45.6 -2.17877 19.421
      vertex -45.6 -2.11513 19.55
    endloop
  endfacet
  facet normal 1 0 0
    outer loop
      vertex -45.6 -6.20987 19.55
      vertex -45.6 -2.11513 19.55
      vertex -45.6 -2.03519 19.6696
    endloop
  endfacet
  facet normal 1 0 0
    outer loop
      vertex -45.6 -6.28981 19.6696
      vertex -45.6 -2.03519 19.6696
      vertex -45.6 -1.94032 19.7778
    endloop
  endfacet
  facet normal 1 0 0
    outer loop
      vertex -45.6 -6.38468 19.7778
      vertex -45.6 -1.94032 19.7778
      vertex -45.6 -1.83214 19.8727
    endloop
  endfacet
  facet normal 1 0 0
    outer loop
      vertex -45.6 -6.49286 19.8727
      vertex -45.6 -1.83214 19.8727
      vertex -45.6 -1.7125 19.9526
    endloop
  endfacet
  facet normal 1 0 0
    outer loop
      vertex -45.6 -6.6125 19.9526
      vertex -45.6 -1.7125 19.9526
      vertex -45.6 -1.58345 20.0163
    endloop
  endfacet
  facet normal 1 0 0
    outer loop
      vertex -45.6 -6.74155 20.0163
      vertex -45.6 -1.58345 20.0163
      vertex -45.6 -1.4472 20.0625
    endloop
  endfacet
  facet normal 1 0 0
    outer loop
      vertex -45.6 -2.25309 19.1436
      vertex -45.6 -6.07191 19.1436
      vertex -45.6 -6.0625 19
    endloop
  endfacet
  facet normal 1 0 0
    outer loop
      vertex -45.6 -6.8778 20.0625
      vertex -45.6 -1.4472 20.0625
      vertex -45.6 -1.30608 20.0906
    endloop
  endfacet
  facet normal 1 0 0
    outer loop
      vertex -45.6 -2.22502 19.2847
      vertex -45.6 -6.09998 19.2847
      vertex -45.6 -6.07191 19.1436
    endloop
  endfacet
  facet normal 1 0 0
    outer loop
      vertex -45.6 -2.17877 19.421
      vertex -45.6 -6.14623 19.421
      vertex -45.6 -6.09998 19.2847
    endloop
  endfacet
  facet normal 1 0 0
    outer loop
      vertex -45.6 -2.11513 19.55
      vertex -45.6 -6.20987 19.55
      vertex -45.6 -6.14623 19.421
    endloop
  endfacet
  facet normal 1 0 0
    outer loop
      vertex -45.6 -2.03519 19.6696
      vertex -45.6 -6.28981 19.6696
      vertex -45.6 -6.20987 19.55
    endloop
  endfacet
  facet normal 1 0 0
    outer loop
      vertex -45.6 -1.94032 19.7778
      vertex -45.6 -6.38468 19.7778
      vertex -45.6 -6.28981 19.6696
    endloop
  endfacet
  facet normal 1 0 0
    outer loop
      vertex -45.6 -7.01892 20.0906
      vertex -45.6 -1.30608 20.0906
      vertex -45.6 -1.1625 20.1
    endloop
  endfacet
  facet normal 1 0 0
    outer loop
      vertex -45.6 -1.83214 19.8727
      vertex -45.6 -6.49286 19.8727
      vertex -45.6 -6.38468 19.7778
    endloop
  endfacet
  facet normal 1 0 0
    outer loop
      vertex -45.6 -1.7125 19.9526
      vertex -45.6 -6.6125 19.9526
      vertex -45.6 -6.49286 19.8727
    endloop
  endfacet
  facet normal 1 -0 0
    outer loop
      vertex -45.6 -27.5 21
      vertex -45.6 -1.1625 20.1
      vertex -45.6 27.5 21
    endloop
  endfacet
  facet normal 1 0 0
    outer loop
      vertex -45.6 -1.58345 20.0163
      vertex -45.6 -6.74155 20.0163
      vertex -45.6 -6.6125 19.9526
    endloop
  endfacet
  facet normal 1 0 0
    outer loop
      vertex -45.6 -1.4472 20.0625
      vertex -45.6 -6.8778 20.0625
      vertex -45.6 -6.74155 20.0163
    endloop
  endfacet
  facet normal 1 0 0
    outer loop
      vertex -45.6 -1.30608 20.0906
      vertex -45.6 -7.01892 20.0906
      vertex -45.6 -6.8778 20.0625
    endloop
  endfacet
  facet normal 1 0 0
    outer loop
      vertex -45.6 -1.1625 20.1
      vertex -45.6 -7.1625 20.1
      vertex -45.6 -7.01892 20.0906
    endloop
  endfacet
  facet normal 1 0 0
    outer loop
      vertex -45.6 -8.22502 14.2847
      vertex -45.6 -12.0625 14
      vertex -45.6 -8.25309 14.1436
    endloop
  endfacet
  facet normal 1 0 0
    outer loop
      vertex -45.6 -8.25309 19.1436
      vertex -45.6 -12.0625 19
      vertex -45.6 -8.2625 19
    endloop
  endfacet
  facet normal 1 0 0
    outer loop
      vertex -45.6 -12.0719 19.1436
      vertex -45.6 -8.25309 19.1436
      vertex -45.6 -8.22502 19.2847
    endloop
  endfacet
  facet normal 1 0 0
    outer loop
      vertex -45.6 -12.1 19.2847
      vertex -45.6 -8.22502 19.2847
      vertex -45.6 -8.17877 19.421
    endloop
  endfacet
  facet normal 1 0 0
    outer loop
      vertex -45.6 -12.1462 19.421
      vertex -45.6 -8.17877 19.421
      vertex -45.6 -8.11513 19.55
    endloop
  endfacet
  facet normal 1 0 0
    outer loop
      vertex -45.6 -12.2099 19.55
      vertex -45.6 -8.11513 19.55
      vertex -45.6 -8.03519 19.6696
    endloop
  endfacet
  facet normal 1 0 0
    outer loop
      vertex -45.6 -12.2898 19.6696
      vertex -45.6 -8.03519 19.6696
      vertex -45.6 -7.94032 19.7778
    endloop
  endfacet
  facet normal 1 0 0
    outer loop
      vertex -45.6 -12.3847 19.7778
      vertex -45.6 -7.94032 19.7778
      vertex -45.6 -7.83214 19.8727
    endloop
  endfacet
  facet normal 1 0 0
    outer loop
      vertex -45.6 -12.4929 19.8727
      vertex -45.6 -7.83214 19.8727
      vertex -45.6 -7.7125 19.9526
    endloop
  endfacet
  facet normal 1 0 0
    outer loop
      vertex -45.6 -12.6125 19.9526
      vertex -45.6 -7.7125 19.9526
      vertex -45.6 -7.58345 20.0163
    endloop
  endfacet
  facet normal 1 0 0
    outer loop
      vertex -45.6 -12.7415 20.0163
      vertex -45.6 -7.58345 20.0163
      vertex -45.6 -7.4472 20.0625
    endloop
  endfacet
  facet normal 1 0 0
    outer loop
      vertex -45.6 -8.25309 19.1436
      vertex -45.6 -12.0719 19.1436
      vertex -45.6 -12.0625 19
    endloop
  endfacet
  facet normal 1 0 0
    outer loop
      vertex -45.6 -12.8778 20.0625
      vertex -45.6 -7.4472 20.0625
      vertex -45.6 -7.30608 20.0906
    endloop
  endfacet
  facet normal 1 0 0
    outer loop
      vertex -45.6 -8.22502 19.2847
      vertex -45.6 -12.1 19.2847
      vertex -45.6 -12.0719 19.1436
    endloop
  endfacet
  facet normal 1 0 0
    outer loop
      vertex -45.6 -8.17877 19.421
      vertex -45.6 -12.1462 19.421
      vertex -45.6 -12.1 19.2847
    endloop
  endfacet
  facet normal 1 0 0
    outer loop
      vertex -45.6 -8.11513 19.55
      vertex -45.6 -12.2099 19.55
      vertex -45.6 -12.1462 19.421
    endloop
  endfacet
  facet normal 1 0 0
    outer loop
      vertex -45.6 -8.03519 19.6696
      vertex -45.6 -12.2898 19.6696
      vertex -45.6 -12.2099 19.55
    endloop
  endfacet
  facet normal 1 0 0
    outer loop
      vertex -45.6 -7.94032 19.7778
      vertex -45.6 -12.3847 19.7778
      vertex -45.6 -12.2898 19.6696
    endloop
  endfacet
  facet normal 1 0 0
    outer loop
      vertex -45.6 -13.0189 20.0906
      vertex -45.6 -7.30608 20.0906
      vertex -45.6 -7.1625 20.1
    endloop
  endfacet
  facet normal 1 0 0
    outer loop
      vertex -45.6 -7.83214 19.8727
      vertex -45.6 -12.4929 19.8727
      vertex -45.6 -12.3847 19.7778
    endloop
  endfacet
  facet normal 1 0 0
    outer loop
      vertex -45.6 -7.7125 19.9526
      vertex -45.6 -12.6125 19.9526
      vertex -45.6 -12.4929 19.8727
    endloop
  endfacet
  facet normal 1 0 0
    outer loop
      vertex -45.6 -7.58345 20.0163
      vertex -45.6 -12.7415 20.0163
      vertex -45.6 -12.6125 19.9526
    endloop
  endfacet
  facet normal 1 0 0
    outer loop
      vertex -45.6 -1.1625 20.1
      vertex -45.6 -27.5 21
      vertex -45.6 -7.1625 20.1
    endloop
  endfacet
  facet normal 1 0 0
    outer loop
      vertex -45.6 -7.4472 20.0625
      vertex -45.6 -12.8778 20.0625
      vertex -45.6 -12.7415 20.0163
    endloop
  endfacet
  facet normal 1 0 0
    outer loop
      vertex -45.6 -7.30608 20.0906
      vertex -45.6 -13.0189 20.0906
      vertex -45.6 -12.8778 20.0625
    endloop
  endfacet
  facet normal 1 0 0
    outer loop
      vertex -45.6 -7.1625 20.1
      vertex -45.6 -13.1625 20.1
      vertex -45.6 -13.0189 20.0906
    endloop
  endfacet
  facet normal 1 0 0
    outer loop
      vertex -45.6 -14.2531 14.1436
      vertex -45.6 -27.5 21
      vertex -45.6 -14.2625 14
    endloop
  endfacet
  facet normal 1 0 0
    outer loop
      vertex -45.6 -14.2531 19.1436
      vertex -45.6 -27.5 21
      vertex -45.6 -14.2625 19
    endloop
  endfacet
  facet normal 1 0 0
    outer loop
      vertex -45.6 -14.225 19.2847
      vertex -45.6 -27.5 21
      vertex -45.6 -14.2531 19.1436
    endloop
  endfacet
  facet normal 1 0 0
    outer loop
      vertex -45.6 -14.1788 19.421
      vertex -45.6 -27.5 21
      vertex -45.6 -14.225 19.2847
    endloop
  endfacet
  facet normal 1 0 0
    outer loop
      vertex -45.6 -14.1151 19.55
      vertex -45.6 -27.5 21
      vertex -45.6 -14.1788 19.421
    endloop
  endfacet
  facet normal 1 0 0
    outer loop
      vertex -45.6 -14.0352 19.6696
      vertex -45.6 -27.5 21
      vertex -45.6 -14.1151 19.55
    endloop
  endfacet
  facet normal 1 0 0
    outer loop
      vertex -45.6 -13.9403 19.7778
      vertex -45.6 -27.5 21
      vertex -45.6 -14.0352 19.6696
    endloop
  endfacet
  facet normal 1 0 0
    outer loop
      vertex -45.6 -13.8321 19.8727
      vertex -45.6 -27.5 21
      vertex -45.6 -13.9403 19.7778
    endloop
  endfacet
  facet normal 1 0 0
    outer loop
      vertex -45.6 -13.7125 19.9526
      vertex -45.6 -27.5 21
      vertex -45.6 -13.8321 19.8727
    endloop
  endfacet
  facet normal 1 0 0
    outer loop
      vertex -45.6 -13.5835 20.0163
      vertex -45.6 -27.5 21
      vertex -45.6 -13.7125 19.9526
    endloop
  endfacet
  facet normal 1 0 0
    outer loop
      vertex -45.6 -13.4472 20.0625
      vertex -45.6 -27.5 21
      vertex -45.6 -13.5835 20.0163
    endloop
  endfacet
  facet normal 1 0 0
    outer loop
      vertex -45.6 -13.3061 20.0906
      vertex -45.6 -27.5 21
      vertex -45.6 -13.4472 20.0625
    endloop
  endfacet
  facet normal 1 0 0
    outer loop
      vertex -45.6 -13.1625 20.1
      vertex -45.6 -27.5 21
      vertex -45.6 -13.3061 20.0906
    endloop
  endfacet
  facet normal 1 0 0
    outer loop
      vertex -45.6 -7.1625 20.1
      vertex -45.6 -27.5 21
      vertex -45.6 -13.1625 20.1
    endloop
  endfacet
  facet normal 1 0 0
    outer loop
      vertex -45.6 11.9281 13.8564
      vertex -45.6 27.5 21
      vertex -45.6 11.9375 14
    endloop
  endfacet
  facet normal 1 0 0
    outer loop
      vertex -45.6 27.5 21
      vertex -45.6 11.9281 13.8564
      vertex -45.6 27.5 2.4
    endloop
  endfacet
  facet normal 1 -0 0
    outer loop
      vertex -45.6 11.9 13.7153
      vertex -45.6 27.5 2.4
      vertex -45.6 11.9281 13.8564
    endloop
  endfacet
  facet normal 1 -0 0
    outer loop
      vertex -45.6 11.8538 13.579
      vertex -45.6 27.5 2.4
      vertex -45.6 11.9 13.7153
    endloop
  endfacet
  facet normal 1 -0 0
    outer loop
      vertex -45.6 11.7901 13.45
      vertex -45.6 27.5 2.4
      vertex -45.6 11.8538 13.579
    endloop
  endfacet
  facet normal 1 -0 0
    outer loop
      vertex -45.6 11.7102 13.3304
      vertex -45.6 27.5 2.4
      vertex -45.6 11.7901 13.45
    endloop
  endfacet
  facet normal 1 -0 0
    outer loop
      vertex -45.6 11.6153 13.2222
      vertex -45.6 27.5 2.4
      vertex -45.6 11.7102 13.3304
    endloop
  endfacet
  facet normal 1 -0 0
    outer loop
      vertex -45.6 11.5071 13.1273
      vertex -45.6 27.5 2.4
      vertex -45.6 11.6153 13.2222
    endloop
  endfacet
  facet normal 1 -0 0
    outer loop
      vertex -45.6 11.3875 13.0474
      vertex -45.6 27.5 2.4
      vertex -45.6 11.5071 13.1273
    endloop
  endfacet
  facet normal 1 -0 0
    outer loop
      vertex -45.6 11.2585 12.9837
      vertex -45.6 27.5 2.4
      vertex -45.6 11.3875 13.0474
    endloop
  endfacet
  facet normal 1 -0 0
    outer loop
      vertex -45.6 11.1222 12.9375
      vertex -45.6 27.5 2.4
      vertex -45.6 11.2585 12.9837
    endloop
  endfacet
  facet normal 1 -0 0
    outer loop
      vertex -45.6 10.9811 12.9094
      vertex -45.6 27.5 2.4
      vertex -45.6 11.1222 12.9375
    endloop
  endfacet
  facet normal 1 -0 0
    outer loop
      vertex -45.6 10.8375 12.9
      vertex -45.6 27.5 2.4
      vertex -45.6 10.9811 12.9094
    endloop
  endfacet
  facet normal 1 0 0
    outer loop
      vertex -45.6 10.6939 12.9094
      vertex -45.6 27.5 2.4
      vertex -45.6 10.8375 12.9
    endloop
  endfacet
  facet normal 1 0 0
    outer loop
      vertex -45.6 4.98108 12.9094
      vertex -45.6 10.6939 12.9094
      vertex -45.6 10.5528 12.9375
    endloop
  endfacet
  facet normal 1 0 0
    outer loop
      vertex -45.6 5.1222 12.9375
      vertex -45.6 10.5528 12.9375
      vertex -45.6 10.4165 12.9837
    endloop
  endfacet
  facet normal 1 0 0
    outer loop
      vertex -45.6 5.25845 12.9837
      vertex -45.6 10.4165 12.9837
      vertex -45.6 10.2875 13.0474
    endloop
  endfacet
  facet normal 1 0 0
    outer loop
      vertex -45.6 9.74691 14.1436
      vertex -45.6 5.9375 14
      vertex -45.6 9.7375 14
    endloop
  endfacet
  facet normal 1 0 0
    outer loop
      vertex -45.6 9.7375 14
      vertex -45.6 5.9375 14
      vertex -45.6 9.74691 13.8564
    endloop
  endfacet
  facet normal 1 0 0
    outer loop
      vertex -45.6 5.92809 13.8564
      vertex -45.6 9.74691 13.8564
      vertex -45.6 5.9375 14
    endloop
  endfacet
  facet normal 1 0 0
    outer loop
      vertex -45.6 9.74691 13.8564
      vertex -45.6 5.92809 13.8564
      vertex -45.6 9.77498 13.7153
    endloop
  endfacet
  facet normal 1 0 0
    outer loop
      vertex -45.6 5.90002 13.7153
      vertex -45.6 9.77498 13.7153
      vertex -45.6 5.92809 13.8564
    endloop
  endfacet
  facet normal 1 0 0
    outer loop
      vertex -45.6 9.77498 13.7153
      vertex -45.6 5.90002 13.7153
      vertex -45.6 9.82123 13.579
    endloop
  endfacet
  facet normal 1 0 0
    outer loop
      vertex -45.6 5.85377 13.579
      vertex -45.6 9.82123 13.579
      vertex -45.6 5.90002 13.7153
    endloop
  endfacet
  facet normal 1 0 0
    outer loop
      vertex -45.6 9.82123 13.579
      vertex -45.6 5.85377 13.579
      vertex -45.6 9.88487 13.45
    endloop
  endfacet
  facet normal 1 0 0
    outer loop
      vertex -45.6 5.79013 13.45
      vertex -45.6 9.88487 13.45
      vertex -45.6 5.85377 13.579
    endloop
  endfacet
  facet normal 1 0 0
    outer loop
      vertex -45.6 9.88487 13.45
      vertex -45.6 5.79013 13.45
      vertex -45.6 9.96481 13.3304
    endloop
  endfacet
  facet normal 1 0 0
    outer loop
      vertex -45.6 5.71019 13.3304
      vertex -45.6 9.96481 13.3304
      vertex -45.6 5.79013 13.45
    endloop
  endfacet
  facet normal 1 0 0
    outer loop
      vertex -45.6 9.96481 13.3304
      vertex -45.6 5.71019 13.3304
      vertex -45.6 10.0597 13.2222
    endloop
  endfacet
  facet normal 1 0 0
    outer loop
      vertex -45.6 5.61532 13.2222
      vertex -45.6 10.0597 13.2222
      vertex -45.6 5.71019 13.3304
    endloop
  endfacet
  facet normal 1 0 0
    outer loop
      vertex -45.6 10.0597 13.2222
      vertex -45.6 5.61532 13.2222
      vertex -45.6 10.1679 13.1273
    endloop
  endfacet
  facet normal 1 0 0
    outer loop
      vertex -45.6 5.50714 13.1273
      vertex -45.6 10.1679 13.1273
      vertex -45.6 5.61532 13.2222
    endloop
  endfacet
  facet normal 1 0 0
    outer loop
      vertex -45.6 10.1679 13.1273
      vertex -45.6 5.50714 13.1273
      vertex -45.6 10.2875 13.0474
    endloop
  endfacet
  facet normal 1 0 0
    outer loop
      vertex -45.6 5.3875 13.0474
      vertex -45.6 10.2875 13.0474
      vertex -45.6 5.50714 13.1273
    endloop
  endfacet
  facet normal 1 0 0
    outer loop
      vertex -45.6 5.25845 12.9837
      vertex -45.6 10.2875 13.0474
      vertex -45.6 5.3875 13.0474
    endloop
  endfacet
  facet normal 1 0 0
    outer loop
      vertex -45.6 10.4165 12.9837
      vertex -45.6 5.25845 12.9837
      vertex -45.6 5.1222 12.9375
    endloop
  endfacet
  facet normal 1 0 0
    outer loop
      vertex -45.6 10.5528 12.9375
      vertex -45.6 5.1222 12.9375
      vertex -45.6 4.98108 12.9094
    endloop
  endfacet
  facet normal 1 0 0
    outer loop
      vertex -45.6 10.6939 12.9094
      vertex -45.6 4.98108 12.9094
      vertex -45.6 27.5 2.4
    endloop
  endfacet
  facet normal 1 -0 0
    outer loop
      vertex -45.6 4.8375 12.9
      vertex -45.6 27.5 2.4
      vertex -45.6 4.98108 12.9094
    endloop
  endfacet
  facet normal 1 0 0
    outer loop
      vertex -45.6 4.69392 12.9094
      vertex -45.6 27.5 2.4
      vertex -45.6 4.8375 12.9
    endloop
  endfacet
  facet normal 1 0 0
    outer loop
      vertex -45.6 -1.01892 12.9094
      vertex -45.6 4.69392 12.9094
      vertex -45.6 4.5528 12.9375
    endloop
  endfacet
  facet normal 1 0 0
    outer loop
      vertex -45.6 -0.877799 12.9375
      vertex -45.6 4.5528 12.9375
      vertex -45.6 4.41655 12.9837
    endloop
  endfacet
  facet normal 1 0 0
    outer loop
      vertex -45.6 3.74691 14.1436
      vertex -45.6 -0.0625 14
      vertex -45.6 3.7375 14
    endloop
  endfacet
  facet normal 1 0 0
    outer loop
      vertex -45.6 3.7375 14
      vertex -45.6 -0.0625 14
      vertex -45.6 3.74691 13.8564
    endloop
  endfacet
  facet normal 1 0 0
    outer loop
      vertex -45.6 -0.0719099 13.8564
      vertex -45.6 3.74691 13.8564
      vertex -45.6 -0.0625 14
    endloop
  endfacet
  facet normal 1 0 0
    outer loop
      vertex -45.6 3.74691 13.8564
      vertex -45.6 -0.0719099 13.8564
      vertex -45.6 3.77498 13.7153
    endloop
  endfacet
  facet normal 1 0 0
    outer loop
      vertex -45.6 -0.0999813 13.7153
      vertex -45.6 3.77498 13.7153
      vertex -45.6 -0.0719099 13.8564
    endloop
  endfacet
  facet normal 1 0 0
    outer loop
      vertex -45.6 3.77498 13.7153
      vertex -45.6 -0.0999813 13.7153
      vertex -45.6 3.82123 13.579
    endloop
  endfacet
  facet normal 1 0 0
    outer loop
      vertex -45.6 -0.146232 13.579
      vertex -45.6 3.82123 13.579
      vertex -45.6 -0.0999813 13.7153
    endloop
  endfacet
  facet normal 1 0 0
    outer loop
      vertex -45.6 3.82123 13.579
      vertex -45.6 -0.146232 13.579
      vertex -45.6 3.88487 13.45
    endloop
  endfacet
  facet normal 1 0 0
    outer loop
      vertex -45.6 -0.209871 13.45
      vertex -45.6 3.88487 13.45
      vertex -45.6 -0.146232 13.579
    endloop
  endfacet
  facet normal 1 0 0
    outer loop
      vertex -45.6 3.88487 13.45
      vertex -45.6 -0.209871 13.45
      vertex -45.6 3.96481 13.3304
    endloop
  endfacet
  facet normal 1 0 0
    outer loop
      vertex -45.6 -0.289811 13.3304
      vertex -45.6 3.96481 13.3304
      vertex -45.6 -0.209871 13.45
    endloop
  endfacet
  facet normal 1 0 0
    outer loop
      vertex -45.6 3.96481 13.3304
      vertex -45.6 -0.289811 13.3304
      vertex -45.6 4.05968 13.2222
    endloop
  endfacet
  facet normal 1 0 0
    outer loop
      vertex -45.6 -0.384682 13.2222
      vertex -45.6 4.05968 13.2222
      vertex -45.6 -0.289811 13.3304
    endloop
  endfacet
  facet normal 1 0 0
    outer loop
      vertex -45.6 4.05968 13.2222
      vertex -45.6 -0.384682 13.2222
      vertex -45.6 4.16786 13.1273
    endloop
  endfacet
  facet normal 1 0 0
    outer loop
      vertex -45.6 -0.492862 13.1273
      vertex -45.6 4.16786 13.1273
      vertex -45.6 -0.384682 13.2222
    endloop
  endfacet
  facet normal 1 0 0
    outer loop
      vertex -45.6 4.16786 13.1273
      vertex -45.6 -0.492862 13.1273
      vertex -45.6 4.2875 13.0474
    endloop
  endfacet
  facet normal 1 0 0
    outer loop
      vertex -45.6 -0.612499 13.0474
      vertex -45.6 4.2875 13.0474
      vertex -45.6 -0.492862 13.1273
    endloop
  endfacet
  facet normal 1 0 0
    outer loop
      vertex -45.6 4.2875 13.0474
      vertex -45.6 -0.612499 13.0474
      vertex -45.6 4.41655 12.9837
    endloop
  endfacet
  facet normal 1 0 0
    outer loop
      vertex -45.6 -0.741548 12.9837
      vertex -45.6 4.41655 12.9837
      vertex -45.6 -0.612499 13.0474
    endloop
  endfacet
  facet normal 1 0 0
    outer loop
      vertex -45.6 -0.877799 12.9375
      vertex -45.6 4.41655 12.9837
      vertex -45.6 -0.741548 12.9837
    endloop
  endfacet
  facet normal 1 0 0
    outer loop
      vertex -45.6 4.5528 12.9375
      vertex -45.6 -0.877799 12.9375
      vertex -45.6 -1.01892 12.9094
    endloop
  endfacet
  facet normal 1 0 0
    outer loop
      vertex -45.6 4.69392 12.9094
      vertex -45.6 -1.01892 12.9094
      vertex -45.6 27.5 2.4
    endloop
  endfacet
  facet normal 1 -0 0
    outer loop
      vertex -45.6 -1.1625 12.9
      vertex -45.6 27.5 2.4
      vertex -45.6 -1.01892 12.9094
    endloop
  endfacet
  facet normal 1 0 0
    outer loop
      vertex -45.6 -27.5 2.4
      vertex -45.6 -1.1625 12.9
      vertex -45.6 -1.30608 12.9094
    endloop
  endfacet
  facet normal 1 0 0
    outer loop
      vertex -45.6 -7.01892 12.9094
      vertex -45.6 -1.30608 12.9094
      vertex -45.6 -1.4472 12.9375
    endloop
  endfacet
  facet normal 1 0 0
    outer loop
      vertex -45.6 -6.8778 12.9375
      vertex -45.6 -1.4472 12.9375
      vertex -45.6 -1.58345 12.9837
    endloop
  endfacet
  facet normal 1 0 0
    outer loop
      vertex -45.6 -2.25309 14.1436
      vertex -45.6 -6.0625 14
      vertex -45.6 -2.2625 14
    endloop
  endfacet
  facet normal 1 0 0
    outer loop
      vertex -45.6 -2.2625 14
      vertex -45.6 -6.0625 14
      vertex -45.6 -2.25309 13.8564
    endloop
  endfacet
  facet normal 1 0 0
    outer loop
      vertex -45.6 -6.07191 13.8564
      vertex -45.6 -2.25309 13.8564
      vertex -45.6 -6.0625 14
    endloop
  endfacet
  facet normal 1 0 0
    outer loop
      vertex -45.6 -2.25309 13.8564
      vertex -45.6 -6.07191 13.8564
      vertex -45.6 -2.22502 13.7153
    endloop
  endfacet
  facet normal 1 0 0
    outer loop
      vertex -45.6 -6.09998 13.7153
      vertex -45.6 -2.22502 13.7153
      vertex -45.6 -6.07191 13.8564
    endloop
  endfacet
  facet normal 1 0 0
    outer loop
      vertex -45.6 -2.22502 13.7153
      vertex -45.6 -6.09998 13.7153
      vertex -45.6 -2.17877 13.579
    endloop
  endfacet
  facet normal 1 0 0
    outer loop
      vertex -45.6 -6.14623 13.579
      vertex -45.6 -2.17877 13.579
      vertex -45.6 -6.09998 13.7153
    endloop
  endfacet
  facet normal 1 0 0
    outer loop
      vertex -45.6 -2.17877 13.579
      vertex -45.6 -6.14623 13.579
      vertex -45.6 -2.11513 13.45
    endloop
  endfacet
  facet normal 1 0 0
    outer loop
      vertex -45.6 -6.20987 13.45
      vertex -45.6 -2.11513 13.45
      vertex -45.6 -6.14623 13.579
    endloop
  endfacet
  facet normal 1 0 0
    outer loop
      vertex -45.6 -2.11513 13.45
      vertex -45.6 -6.20987 13.45
      vertex -45.6 -2.03519 13.3304
    endloop
  endfacet
  facet normal 1 0 0
    outer loop
      vertex -45.6 -6.28981 13.3304
      vertex -45.6 -2.03519 13.3304
      vertex -45.6 -6.20987 13.45
    endloop
  endfacet
  facet normal 1 0 0
    outer loop
      vertex -45.6 -2.03519 13.3304
      vertex -45.6 -6.28981 13.3304
      vertex -45.6 -1.94032 13.2222
    endloop
  endfacet
  facet normal 1 0 0
    outer loop
      vertex -45.6 -6.38468 13.2222
      vertex -45.6 -1.94032 13.2222
      vertex -45.6 -6.28981 13.3304
    endloop
  endfacet
  facet normal 1 0 0
    outer loop
      vertex -45.6 -1.94032 13.2222
      vertex -45.6 -6.38468 13.2222
      vertex -45.6 -1.83214 13.1273
    endloop
  endfacet
  facet normal 1 0 0
    outer loop
      vertex -45.6 -6.49286 13.1273
      vertex -45.6 -1.83214 13.1273
      vertex -45.6 -6.38468 13.2222
    endloop
  endfacet
  facet normal 1 0 0
    outer loop
      vertex -45.6 -1.83214 13.1273
      vertex -45.6 -6.49286 13.1273
      vertex -45.6 -1.7125 13.0474
    endloop
  endfacet
  facet normal 1 0 0
    outer loop
      vertex -45.6 -6.6125 13.0474
      vertex -45.6 -1.7125 13.0474
      vertex -45.6 -6.49286 13.1273
    endloop
  endfacet
  facet normal 1 0 0
    outer loop
      vertex -45.6 -1.7125 13.0474
      vertex -45.6 -6.6125 13.0474
      vertex -45.6 -1.58345 12.9837
    endloop
  endfacet
  facet normal 1 0 0
    outer loop
      vertex -45.6 -6.74155 12.9837
      vertex -45.6 -1.58345 12.9837
      vertex -45.6 -6.6125 13.0474
    endloop
  endfacet
  facet normal 1 0 0
    outer loop
      vertex -45.6 -6.8778 12.9375
      vertex -45.6 -1.58345 12.9837
      vertex -45.6 -6.74155 12.9837
    endloop
  endfacet
  facet normal 1 0 0
    outer loop
      vertex -45.6 -1.4472 12.9375
      vertex -45.6 -6.8778 12.9375
      vertex -45.6 -7.01892 12.9094
    endloop
  endfacet
  facet normal 1 0 0
    outer loop
      vertex -45.6 -1.30608 12.9094
      vertex -45.6 -7.01892 12.9094
      vertex -45.6 -27.5 2.4
    endloop
  endfacet
  facet normal 1 0 0
    outer loop
      vertex -45.6 -27.5 2.4
      vertex -45.6 -7.01892 12.9094
      vertex -45.6 -7.1625 12.9
    endloop
  endfacet
  facet normal 1 0 0
    outer loop
      vertex -45.6 -27.5 2.4
      vertex -45.6 -7.1625 12.9
      vertex -45.6 -7.30608 12.9094
    endloop
  endfacet
  facet normal 1 0 0
    outer loop
      vertex -45.6 -13.0189 12.9094
      vertex -45.6 -7.30608 12.9094
      vertex -45.6 -7.4472 12.9375
    endloop
  endfacet
  facet normal 1 0 0
    outer loop
      vertex -45.6 -8.25309 14.1436
      vertex -45.6 -12.0625 14
      vertex -45.6 -8.2625 14
    endloop
  endfacet
  facet normal 1 0 0
    outer loop
      vertex -45.6 -8.2625 14
      vertex -45.6 -12.0625 14
      vertex -45.6 -8.25309 13.8564
    endloop
  endfacet
  facet normal 1 0 0
    outer loop
      vertex -45.6 -12.0719 13.8564
      vertex -45.6 -8.25309 13.8564
      vertex -45.6 -12.0625 14
    endloop
  endfacet
  facet normal 1 0 0
    outer loop
      vertex -45.6 -8.25309 13.8564
      vertex -45.6 -12.0719 13.8564
      vertex -45.6 -8.22502 13.7153
    endloop
  endfacet
  facet normal 1 0 0
    outer loop
      vertex -45.6 -12.1 13.7153
      vertex -45.6 -8.22502 13.7153
      vertex -45.6 -12.0719 13.8564
    endloop
  endfacet
  facet normal 1 0 0
    outer loop
      vertex -45.6 -8.22502 13.7153
      vertex -45.6 -12.1 13.7153
      vertex -45.6 -8.17877 13.579
    endloop
  endfacet
  facet normal 1 0 0
    outer loop
      vertex -45.6 -12.1462 13.579
      vertex -45.6 -8.17877 13.579
      vertex -45.6 -12.1 13.7153
    endloop
  endfacet
  facet normal 1 0 0
    outer loop
      vertex -45.6 -8.17877 13.579
      vertex -45.6 -12.1462 13.579
      vertex -45.6 -8.11513 13.45
    endloop
  endfacet
  facet normal 1 0 0
    outer loop
      vertex -45.6 -12.2099 13.45
      vertex -45.6 -8.11513 13.45
      vertex -45.6 -12.1462 13.579
    endloop
  endfacet
  facet normal 1 0 0
    outer loop
      vertex -45.6 -8.11513 13.45
      vertex -45.6 -12.2099 13.45
      vertex -45.6 -8.03519 13.3304
    endloop
  endfacet
  facet normal 1 0 0
    outer loop
      vertex -45.6 -12.2898 13.3304
      vertex -45.6 -8.03519 13.3304
      vertex -45.6 -12.2099 13.45
    endloop
  endfacet
  facet normal 1 0 0
    outer loop
      vertex -45.6 -8.03519 13.3304
      vertex -45.6 -12.2898 13.3304
      vertex -45.6 -7.94032 13.2222
    endloop
  endfacet
  facet normal 1 0 0
    outer loop
      vertex -45.6 -12.3847 13.2222
      vertex -45.6 -7.94032 13.2222
      vertex -45.6 -12.2898 13.3304
    endloop
  endfacet
  facet normal 1 0 0
    outer loop
      vertex -45.6 -7.94032 13.2222
      vertex -45.6 -12.3847 13.2222
      vertex -45.6 -7.83214 13.1273
    endloop
  endfacet
  facet normal 1 0 0
    outer loop
      vertex -45.6 -12.4929 13.1273
      vertex -45.6 -7.83214 13.1273
      vertex -45.6 -12.3847 13.2222
    endloop
  endfacet
  facet normal 1 0 0
    outer loop
      vertex -45.6 -7.83214 13.1273
      vertex -45.6 -12.4929 13.1273
      vertex -45.6 -7.7125 13.0474
    endloop
  endfacet
  facet normal 1 0 0
    outer loop
      vertex -45.6 -12.6125 13.0474
      vertex -45.6 -7.7125 13.0474
      vertex -45.6 -12.4929 13.1273
    endloop
  endfacet
  facet normal 1 0 0
    outer loop
      vertex -45.6 -7.7125 13.0474
      vertex -45.6 -12.6125 13.0474
      vertex -45.6 -7.58345 12.9837
    endloop
  endfacet
  facet normal 1 0 0
    outer loop
      vertex -45.6 -12.7415 12.9837
      vertex -45.6 -7.58345 12.9837
      vertex -45.6 -12.6125 13.0474
    endloop
  endfacet
  facet normal 1 0 0
    outer loop
      vertex -45.6 -7.58345 12.9837
      vertex -45.6 -12.7415 12.9837
      vertex -45.6 -7.4472 12.9375
    endloop
  endfacet
  facet normal 1 0 0
    outer loop
      vertex -45.6 -12.8778 12.9375
      vertex -45.6 -7.4472 12.9375
      vertex -45.6 -12.7415 12.9837
    endloop
  endfacet
  facet normal 1 0 0
    outer loop
      vertex -45.6 -13.0189 12.9094
      vertex -45.6 -7.4472 12.9375
      vertex -45.6 -12.8778 12.9375
    endloop
  endfacet
  facet normal 1 0 0
    outer loop
      vertex -45.6 -7.30608 12.9094
      vertex -45.6 -13.0189 12.9094
      vertex -45.6 -27.5 2.4
    endloop
  endfacet
  facet normal 1 0 0
    outer loop
      vertex -45.6 -27.5 2.4
      vertex -45.6 -13.0189 12.9094
      vertex -45.6 -13.1625 12.9
    endloop
  endfacet
  facet normal 1 0 0
    outer loop
      vertex -45.6 -27.5 2.4
      vertex -45.6 -13.1625 12.9
      vertex -45.6 -13.3061 12.9094
    endloop
  endfacet
  facet normal 1 0 0
    outer loop
      vertex -45.6 -27.5 2.4
      vertex -45.6 -13.3061 12.9094
      vertex -45.6 -13.4472 12.9375
    endloop
  endfacet
  facet normal 1 0 0
    outer loop
      vertex -45.6 -27.5 21
      vertex -45.6 -14.2531 13.8564
      vertex -45.6 -14.2625 14
    endloop
  endfacet
  facet normal 1 0 0
    outer loop
      vertex -45.6 -27.5 21
      vertex -45.6 -14.225 13.7153
      vertex -45.6 -14.2531 13.8564
    endloop
  endfacet
  facet normal 1 0 0
    outer loop
      vertex -45.6 -27.5 2.4
      vertex -45.6 -14.225 13.7153
      vertex -45.6 -27.5 21
    endloop
  endfacet
  facet normal 1 0 0
    outer loop
      vertex -45.6 -14.225 13.7153
      vertex -45.6 -27.5 2.4
      vertex -45.6 -14.1788 13.579
    endloop
  endfacet
  facet normal 1 0 0
    outer loop
      vertex -45.6 -14.1788 13.579
      vertex -45.6 -27.5 2.4
      vertex -45.6 -14.1151 13.45
    endloop
  endfacet
  facet normal 1 0 0
    outer loop
      vertex -45.6 -14.1151 13.45
      vertex -45.6 -27.5 2.4
      vertex -45.6 -14.0352 13.3304
    endloop
  endfacet
  facet normal 1 0 0
    outer loop
      vertex -45.6 -14.0352 13.3304
      vertex -45.6 -27.5 2.4
      vertex -45.6 -13.9403 13.2222
    endloop
  endfacet
  facet normal 1 0 0
    outer loop
      vertex -45.6 -13.9403 13.2222
      vertex -45.6 -27.5 2.4
      vertex -45.6 -13.8321 13.1273
    endloop
  endfacet
  facet normal 1 0 0
    outer loop
      vertex -45.6 -1.1625 12.9
      vertex -45.6 -27.5 2.4
      vertex -45.6 27.5 2.4
    endloop
  endfacet
  facet normal 1 0 0
    outer loop
      vertex -45.6 -13.5835 12.9837
      vertex -45.6 -27.5 2.4
      vertex -45.6 -13.4472 12.9375
    endloop
  endfacet
  facet normal 1 0 0
    outer loop
      vertex -45.6 -13.7125 13.0474
      vertex -45.6 -27.5 2.4
      vertex -45.6 -13.5835 12.9837
    endloop
  endfacet
  facet normal 1 0 0
    outer loop
      vertex -45.6 -13.8321 13.1273
      vertex -45.6 -27.5 2.4
      vertex -45.6 -13.7125 13.0474
    endloop
  endfacet
  facet normal 0 1 -0
    outer loop
      vertex 40.0671 -30.1 2.4
      vertex -40.0671 -30.1 21
      vertex 40.0671 -30.1 21
    endloop
  endfacet
  facet normal 0 1 0
    outer loop
      vertex -40.0671 -30.1 21
      vertex 40.0671 -30.1 2.4
      vertex -40.0671 -30.1 2.4
    endloop
  endfacet
  facet normal 0 -1 0
    outer loop
      vertex -40.0671 30.1 21
      vertex -3.184 30.1 11.4
      vertex 40.0671 30.1 21
    endloop
  endfacet
  facet normal 0 -1 0
    outer loop
      vertex -40.0671 30.1 2.4
      vertex -3.184 30.1 11.4
      vertex -40.0671 30.1 21
    endloop
  endfacet
  facet normal 0 -1 0
    outer loop
      vertex 40.0671 30.1 2.4
      vertex -3.184 30.1 4
      vertex -40.0671 30.1 2.4
    endloop
  endfacet
  facet normal 0 -1 -0
    outer loop
      vertex -3.184 30.1 11.4
      vertex -40.0671 30.1 2.4
      vertex -3.184 30.1 4
    endloop
  endfacet
  facet normal 0 -1 0
    outer loop
      vertex 10.216 30.1 11.4
      vertex 40.0671 30.1 21
      vertex -3.184 30.1 11.4
    endloop
  endfacet
  facet normal 0 -1 0
    outer loop
      vertex 40.0671 30.1 2.4
      vertex 10.216 30.1 11.4
      vertex 10.216 30.1 4
    endloop
  endfacet
  facet normal 0 -1 0
    outer loop
      vertex 10.216 30.1 11.4
      vertex 40.0671 30.1 2.4
      vertex 40.0671 30.1 21
    endloop
  endfacet
  facet normal 0 -1 0
    outer loop
      vertex -3.184 30.1 4
      vertex 40.0671 30.1 2.4
      vertex 10.216 30.1 4
    endloop
  endfacet
  facet normal -1 0 0
    outer loop
      vertex 45.6 -27.5 2.4
      vertex 45.6 27.5 21
      vertex 45.6 27.5 2.4
    endloop
  endfacet
  facet normal -1 -0 0
    outer loop
      vertex 45.6 27.5 21
      vertex 45.6 -27.5 2.4
      vertex 45.6 -27.5 21
    endloop
  endfacet
  facet normal -0.997868 0.0652701 0
    outer loop
      vertex 45.5778 -27.8394 2.4
      vertex 45.6 -27.5 21
      vertex 45.6 -27.5 2.4
    endloop
  endfacet
  facet normal -0.997868 0.0652701 0
    outer loop
      vertex 45.6 -27.5 21
      vertex 45.5778 -27.8394 2.4
      vertex 45.5778 -27.8394 21
    endloop
  endfacet
  facet normal -0.980693 0.195552 0
    outer loop
      vertex 45.5578 -27.9397 2.4
      vertex 45.5778 -27.8394 21
      vertex 45.5778 -27.8394 2.4
    endloop
  endfacet
  facet normal -0.980693 0.195552 0
    outer loop
      vertex 45.5778 -27.8394 21
      vertex 45.5578 -27.9397 2.4
      vertex 45.5578 -27.9397 21
    endloop
  endfacet
  facet normal 0.980693 -0.195552 0
    outer loop
      vertex -45.5778 27.8394 21
      vertex -45.5578 27.9397 2.4
      vertex -45.5578 27.9397 21
    endloop
  endfacet
  facet normal 0.980693 -0.195552 0
    outer loop
      vertex -45.5578 27.9397 2.4
      vertex -45.5778 27.8394 21
      vertex -45.5778 27.8394 2.4
    endloop
  endfacet
  facet normal 0.997868 0.0652701 0
    outer loop
      vertex -45.5778 -27.8394 21
      vertex -45.6 -27.5 2.4
      vertex -45.6 -27.5 21
    endloop
  endfacet
  facet normal 0.997868 0.0652701 0
    outer loop
      vertex -45.6 -27.5 2.4
      vertex -45.5778 -27.8394 21
      vertex -45.5778 -27.8394 2.4
    endloop
  endfacet
  facet normal 0 0 1
    outer loop
      vertex -40.2284 28.3519 2.4
      vertex -15.234 29.6 2.4
      vertex -40.1022 28.7235 2.4
    endloop
  endfacet
  facet normal 0 0 1
    outer loop
      vertex -15.234 -29.6 2.4
      vertex -40.0257 -29.1084 2.4
      vertex -40 -29.5 2.4
    endloop
  endfacet
  facet normal 0 0 1
    outer loop
      vertex -40.4019 28 2.4
      vertex -15.234 29.6 2.4
      vertex -40.2284 28.3519 2.4
    endloop
  endfacet
  facet normal 0 0 1
    outer loop
      vertex -15.234 -29.6 2.4
      vertex -40.1022 -28.7235 2.4
      vertex -40.0257 -29.1084 2.4
    endloop
  endfacet
  facet normal 0 0 1
    outer loop
      vertex -40.6199 27.6737 2.4
      vertex -15.234 29.6 2.4
      vertex -40.4019 28 2.4
    endloop
  endfacet
  facet normal 0 0 1
    outer loop
      vertex -15.234 -29.6 2.4
      vertex -40.2284 -28.3519 2.4
      vertex -40.1022 -28.7235 2.4
    endloop
  endfacet
  facet normal 0 0 1
    outer loop
      vertex -40.8787 27.3787 2.4
      vertex -15.234 29.6 2.4
      vertex -40.6199 27.6737 2.4
    endloop
  endfacet
  facet normal 0 0 1
    outer loop
      vertex -15.234 -29.6 2.4
      vertex -40.4019 -28 2.4
      vertex -40.2284 -28.3519 2.4
    endloop
  endfacet
  facet normal 0 0 1
    outer loop
      vertex -41.1737 27.1199 2.4
      vertex -15.234 29.6 2.4
      vertex -40.8787 27.3787 2.4
    endloop
  endfacet
  facet normal 0 0 1
    outer loop
      vertex -15.234 -29.6 2.4
      vertex -40.6199 -27.6737 2.4
      vertex -40.4019 -28 2.4
    endloop
  endfacet
  facet normal 0 0 1
    outer loop
      vertex -41.5 26.9019 2.4
      vertex -15.234 29.6 2.4
      vertex -41.1737 27.1199 2.4
    endloop
  endfacet
  facet normal 0 0 1
    outer loop
      vertex -15.234 -29.6 2.4
      vertex -40.8787 -27.3787 2.4
      vertex -40.6199 -27.6737 2.4
    endloop
  endfacet
  facet normal 0 0 1
    outer loop
      vertex -15.234 29.6 2.4
      vertex -41.5 26.9019 2.4
      vertex -15.234 -29.6 2.4
    endloop
  endfacet
  facet normal 0 0 1
    outer loop
      vertex -15.234 -29.6 2.4
      vertex -41.1737 -27.1199 2.4
      vertex -40.8787 -27.3787 2.4
    endloop
  endfacet
  facet normal -0 0 1
    outer loop
      vertex -41.5 -26.9019 2.4
      vertex -15.234 -29.6 2.4
      vertex -41.5 26.9019 2.4
    endloop
  endfacet
  facet normal 0 0 1
    outer loop
      vertex -15.234 -29.6 2.4
      vertex -41.5 -26.9019 2.4
      vertex -41.1737 -27.1199 2.4
    endloop
  endfacet
  facet normal -0 0 1
    outer loop
      vertex -41.852 26.7284 2.4
      vertex -41.5 -26.9019 2.4
      vertex -41.5 26.9019 2.4
    endloop
  endfacet
  facet normal 0 0 1
    outer loop
      vertex -41.852 26.7284 2.4
      vertex -41.852 -26.7284 2.4
      vertex -41.5 -26.9019 2.4
    endloop
  endfacet
  facet normal -0 0 1
    outer loop
      vertex -42.2235 26.6022 2.4
      vertex -41.852 -26.7284 2.4
      vertex -41.852 26.7284 2.4
    endloop
  endfacet
  facet normal 0 0 1
    outer loop
      vertex -42.2235 26.6022 2.4
      vertex -42.2235 -26.6022 2.4
      vertex -41.852 -26.7284 2.4
    endloop
  endfacet
  facet normal -0 0 1
    outer loop
      vertex -42.6084 26.5257 2.4
      vertex -42.2235 -26.6022 2.4
      vertex -42.2235 26.6022 2.4
    endloop
  endfacet
  facet normal 0 0 1
    outer loop
      vertex -42.6084 26.5257 2.4
      vertex -42.6084 -26.5257 2.4
      vertex -42.2235 -26.6022 2.4
    endloop
  endfacet
  facet normal -0 0 1
    outer loop
      vertex -43 26.5 2.4
      vertex -42.6084 -26.5257 2.4
      vertex -42.6084 26.5257 2.4
    endloop
  endfacet
  facet normal 0 0 1
    outer loop
      vertex -43 26.5 2.4
      vertex -43 -26.5 2.4
      vertex -42.6084 -26.5257 2.4
    endloop
  endfacet
  facet normal 0 0 1
    outer loop
      vertex -43.3916 26.5257 2.4
      vertex -43 -26.5 2.4
      vertex -43 26.5 2.4
    endloop
  endfacet
  facet normal 0 0 1
    outer loop
      vertex -43.3916 26.5257 2.4
      vertex -43.3916 -26.5257 2.4
      vertex -43 -26.5 2.4
    endloop
  endfacet
  facet normal 0 0 1
    outer loop
      vertex -43.7765 26.6022 2.4
      vertex -43.3916 -26.5257 2.4
      vertex -43.3916 26.5257 2.4
    endloop
  endfacet
  facet normal 0 0 1
    outer loop
      vertex -43.7765 26.6022 2.4
      vertex -43.7765 -26.6022 2.4
      vertex -43.3916 -26.5257 2.4
    endloop
  endfacet
  facet normal 0 0 1
    outer loop
      vertex -44.148 26.7284 2.4
      vertex -43.7765 -26.6022 2.4
      vertex -43.7765 26.6022 2.4
    endloop
  endfacet
  facet normal 0 0 1
    outer loop
      vertex -44.148 26.7284 2.4
      vertex -44.148 -26.7284 2.4
      vertex -43.7765 -26.6022 2.4
    endloop
  endfacet
  facet normal 0 0 1
    outer loop
      vertex -44.5 26.9019 2.4
      vertex -44.148 -26.7284 2.4
      vertex -44.148 26.7284 2.4
    endloop
  endfacet
  facet normal 0 0 1
    outer loop
      vertex -44.5 26.9019 2.4
      vertex -44.5 -26.9019 2.4
      vertex -44.148 -26.7284 2.4
    endloop
  endfacet
  facet normal 0 0 1
    outer loop
      vertex -45.6 27.5 2.4
      vertex -44.5 26.9019 2.4
      vertex -44.8263 27.1199 2.4
    endloop
  endfacet
  facet normal 0 0 1
    outer loop
      vertex -44.5 26.9019 2.4
      vertex -45.6 27.5 2.4
      vertex -44.5 -26.9019 2.4
    endloop
  endfacet
  facet normal 0 0 1
    outer loop
      vertex -45.6 27.5 2.4
      vertex -44.8263 27.1199 2.4
      vertex -45.1213 27.3787 2.4
    endloop
  endfacet
  facet normal 0 0 1
    outer loop
      vertex -45.6 -27.5 2.4
      vertex -44.5 -26.9019 2.4
      vertex -45.6 27.5 2.4
    endloop
  endfacet
  facet normal -0 0 1
    outer loop
      vertex -45.6 27.5 2.4
      vertex -45.1213 27.3787 2.4
      vertex -45.3801 27.6737 2.4
    endloop
  endfacet
  facet normal 0 0 1
    outer loop
      vertex -44.5 -26.9019 2.4
      vertex -45.6 -27.5 2.4
      vertex -44.8263 -27.1199 2.4
    endloop
  endfacet
  facet normal -0 0 1
    outer loop
      vertex -45.5778 27.8394 2.4
      vertex -45.3801 27.6737 2.4
      vertex -45.5578 27.9397 2.4
    endloop
  endfacet
  facet normal 0 0 1
    outer loop
      vertex -44.8263 -27.1199 2.4
      vertex -45.6 -27.5 2.4
      vertex -45.1213 -27.3787 2.4
    endloop
  endfacet
  facet normal 0 0 1
    outer loop
      vertex -45.3801 27.6737 2.4
      vertex -45.5778 27.8394 2.4
      vertex -45.6 27.5 2.4
    endloop
  endfacet
  facet normal 0 0 1
    outer loop
      vertex -45.1213 -27.3787 2.4
      vertex -45.6 -27.5 2.4
      vertex -45.3801 -27.6737 2.4
    endloop
  endfacet
  facet normal 0 -0 1
    outer loop
      vertex -45.5778 -27.8394 2.4
      vertex -45.3801 -27.6737 2.4
      vertex -45.6 -27.5 2.4
    endloop
  endfacet
  facet normal 0 0 1
    outer loop
      vertex -45.3801 -27.6737 2.4
      vertex -45.5778 -27.8394 2.4
      vertex -45.5578 -27.9397 2.4
    endloop
  endfacet
  facet normal -0 0 1
    outer loop
      vertex 29.5768 -16.2818 2.4
      vertex 30.5643 -17.9922 2.4
      vertex 29.6717 -16.1736 2.4
    endloop
  endfacet
  facet normal 0 0 1
    outer loop
      vertex 30.5643 -17.9922 2.4
      vertex 29.5768 -16.2818 2.4
      vertex 30.428 -18.0384 2.4
    endloop
  endfacet
  facet normal -0 0 1
    outer loop
      vertex 29.4686 -16.3767 2.4
      vertex 30.428 -18.0384 2.4
      vertex 29.5768 -16.2818 2.4
    endloop
  endfacet
  facet normal 0 0 1
    outer loop
      vertex 30.428 -18.0384 2.4
      vertex 29.4686 -16.3767 2.4
      vertex 30.299 -18.1021 2.4
    endloop
  endfacet
  facet normal -0 0 1
    outer loop
      vertex 29.349 -16.4566 2.4
      vertex 30.299 -18.1021 2.4
      vertex 29.4686 -16.3767 2.4
    endloop
  endfacet
  facet normal 0 0 1
    outer loop
      vertex 30.299 -18.1021 2.4
      vertex 29.349 -16.4566 2.4
      vertex 30.1794 -18.182 2.4
    endloop
  endfacet
  facet normal -0 0 1
    outer loop
      vertex 29.22 -16.5203 2.4
      vertex 30.1794 -18.182 2.4
      vertex 29.349 -16.4566 2.4
    endloop
  endfacet
  facet normal 0 0 1
    outer loop
      vertex 30.1794 -18.182 2.4
      vertex 29.22 -16.5203 2.4
      vertex 30.0712 -18.2769 2.4
    endloop
  endfacet
  facet normal -0 0 1
    outer loop
      vertex 29.0837 -16.5665 2.4
      vertex 30.0712 -18.2769 2.4
      vertex 29.22 -16.5203 2.4
    endloop
  endfacet
  facet normal 0 0 1
    outer loop
      vertex 30.0712 -18.2769 2.4
      vertex 29.0837 -16.5665 2.4
      vertex 29.9763 -18.3851 2.4
    endloop
  endfacet
  facet normal 0 0 1
    outer loop
      vertex 30.9926 -17.9641 2.4
      vertex 32.0263 -16.1736 2.4
      vertex 31.9464 -16.054 2.4
    endloop
  endfacet
  facet normal 0 0 1
    outer loop
      vertex 32.0263 -16.1736 2.4
      vertex 31.9396 -18.9111 2.4
      vertex 31.949 -19.0547 2.4
    endloop
  endfacet
  facet normal 0 0 1
    outer loop
      vertex 32.0263 -16.1736 2.4
      vertex 31.9115 -18.77 2.4
      vertex 31.9396 -18.9111 2.4
    endloop
  endfacet
  facet normal 0 0 1
    outer loop
      vertex 29.8615 -15.7887 2.4
      vertex 31.8365 -15.7887 2.4
      vertex 29.8896 -15.6476 2.4
    endloop
  endfacet
  facet normal 0 0 1
    outer loop
      vertex 32.0263 -16.1736 2.4
      vertex 31.8653 -18.6338 2.4
      vertex 31.9115 -18.77 2.4
    endloop
  endfacet
  facet normal 0 0 1
    outer loop
      vertex 31.8084 -15.6476 2.4
      vertex 29.8896 -15.6476 2.4
      vertex 31.8365 -15.7887 2.4
    endloop
  endfacet
  facet normal 0 0 1
    outer loop
      vertex 29.8896 -15.6476 2.4
      vertex 31.8084 -15.6476 2.4
      vertex 29.899 -15.504 2.4
    endloop
  endfacet
  facet normal 0 0 1
    outer loop
      vertex 32.0263 -16.1736 2.4
      vertex 31.8016 -18.5047 2.4
      vertex 31.8653 -18.6338 2.4
    endloop
  endfacet
  facet normal -0 0 1
    outer loop
      vertex 29.899 -15.504 2.4
      vertex 31.8084 -15.6476 2.4
      vertex 31.799 -15.504 2.4
    endloop
  endfacet
  facet normal -0 0 1
    outer loop
      vertex 30.9926 -13.0439 2.4
      vertex 32.0263 -14.8344 2.4
      vertex 31.1337 -13.0158 2.4
    endloop
  endfacet
  facet normal 0 0 1
    outer loop
      vertex 32.0263 -16.1736 2.4
      vertex 31.7217 -18.3851 2.4
      vertex 31.8016 -18.5047 2.4
    endloop
  endfacet
  facet normal 0 0 1
    outer loop
      vertex 32.0263 -14.8344 2.4
      vertex 30.9926 -13.0439 2.4
      vertex 31.9464 -14.954 2.4
    endloop
  endfacet
  facet normal 0 0 1
    outer loop
      vertex 32.0263 -16.1736 2.4
      vertex 31.6268 -18.2769 2.4
      vertex 31.7217 -18.3851 2.4
    endloop
  endfacet
  facet normal -0 0 1
    outer loop
      vertex 30.849 -13.0533 2.4
      vertex 31.9464 -14.954 2.4
      vertex 30.9926 -13.0439 2.4
    endloop
  endfacet
  facet normal 0 0 1
    outer loop
      vertex 32.0263 -16.1736 2.4
      vertex 31.5186 -18.182 2.4
      vertex 31.6268 -18.2769 2.4
    endloop
  endfacet
  facet normal 0 0 1
    outer loop
      vertex 29.7516 -14.954 2.4
      vertex 31.9464 -14.954 2.4
      vertex 30.849 -13.0533 2.4
    endloop
  endfacet
  facet normal 0 0 1
    outer loop
      vertex 32.0263 -16.1736 2.4
      vertex 31.399 -18.1021 2.4
      vertex 31.5186 -18.182 2.4
    endloop
  endfacet
  facet normal 0 0 1
    outer loop
      vertex 31.9464 -14.954 2.4
      vertex 29.7516 -14.954 2.4
      vertex 31.8827 -15.083 2.4
    endloop
  endfacet
  facet normal 0 0 1
    outer loop
      vertex 31.8365 -15.7887 2.4
      vertex 29.8615 -15.7887 2.4
      vertex 31.8827 -15.925 2.4
    endloop
  endfacet
  facet normal 0 -0 1
    outer loop
      vertex 29.8153 -15.083 2.4
      vertex 31.8827 -15.083 2.4
      vertex 29.7516 -14.954 2.4
    endloop
  endfacet
  facet normal 0 0 1
    outer loop
      vertex 32.0263 -16.1736 2.4
      vertex 31.27 -18.0384 2.4
      vertex 31.399 -18.1021 2.4
    endloop
  endfacet
  facet normal 0 0 1
    outer loop
      vertex 31.8827 -15.083 2.4
      vertex 29.8153 -15.083 2.4
      vertex 31.8365 -15.2193 2.4
    endloop
  endfacet
  facet normal 0 0 1
    outer loop
      vertex 32.0263 -16.1736 2.4
      vertex 31.1337 -17.9922 2.4
      vertex 31.27 -18.0384 2.4
    endloop
  endfacet
  facet normal 0 -0 1
    outer loop
      vertex 29.8615 -15.2193 2.4
      vertex 31.8365 -15.2193 2.4
      vertex 29.8153 -15.083 2.4
    endloop
  endfacet
  facet normal 0 0 1
    outer loop
      vertex 32.0263 -16.1736 2.4
      vertex 30.9926 -17.9641 2.4
      vertex 31.1337 -17.9922 2.4
    endloop
  endfacet
  facet normal 0 0 1
    outer loop
      vertex 29.7516 -14.954 2.4
      vertex 30.849 -13.0533 2.4
      vertex 30.7054 -13.0439 2.4
    endloop
  endfacet
  facet normal 0 0 1
    outer loop
      vertex 31.9464 -16.054 2.4
      vertex 30.849 -17.9547 2.4
      vertex 30.9926 -17.9641 2.4
    endloop
  endfacet
  facet normal 0 0 1
    outer loop
      vertex 29.6717 -14.8344 2.4
      vertex 30.7054 -13.0439 2.4
      vertex 30.5643 -13.0158 2.4
    endloop
  endfacet
  facet normal 0 0 1
    outer loop
      vertex 29.8153 -15.925 2.4
      vertex 31.8827 -15.925 2.4
      vertex 29.8615 -15.7887 2.4
    endloop
  endfacet
  facet normal 0 0 1
    outer loop
      vertex 29.5768 -14.7262 2.4
      vertex 30.5643 -13.0158 2.4
      vertex 30.428 -12.9696 2.4
    endloop
  endfacet
  facet normal 0 0 1
    outer loop
      vertex 31.8827 -15.925 2.4
      vertex 29.8153 -15.925 2.4
      vertex 31.9464 -16.054 2.4
    endloop
  endfacet
  facet normal 0 0 1
    outer loop
      vertex 29.4686 -14.6313 2.4
      vertex 30.428 -12.9696 2.4
      vertex 30.299 -12.9059 2.4
    endloop
  endfacet
  facet normal 0 0 1
    outer loop
      vertex 29.7516 -16.054 2.4
      vertex 31.9464 -16.054 2.4
      vertex 29.8153 -15.925 2.4
    endloop
  endfacet
  facet normal 0 0 1
    outer loop
      vertex 29.349 -14.5514 2.4
      vertex 30.299 -12.9059 2.4
      vertex 30.1794 -12.826 2.4
    endloop
  endfacet
  facet normal 0 0 1
    outer loop
      vertex 31.9464 -16.054 2.4
      vertex 29.7516 -16.054 2.4
      vertex 30.849 -17.9547 2.4
    endloop
  endfacet
  facet normal 0 0 1
    outer loop
      vertex 29.22 -14.4877 2.4
      vertex 30.1794 -12.826 2.4
      vertex 30.0712 -12.7311 2.4
    endloop
  endfacet
  facet normal 0 0 1
    outer loop
      vertex 30.849 -17.9547 2.4
      vertex 29.7516 -16.054 2.4
      vertex 30.7054 -17.9641 2.4
    endloop
  endfacet
  facet normal 0 0 1
    outer loop
      vertex 29.0837 -14.4415 2.4
      vertex 30.0712 -12.7311 2.4
      vertex 29.9763 -12.6229 2.4
    endloop
  endfacet
  facet normal -0 0 1
    outer loop
      vertex 29.6717 -16.1736 2.4
      vertex 30.7054 -17.9641 2.4
      vertex 29.7516 -16.054 2.4
    endloop
  endfacet
  facet normal 0 0 1
    outer loop
      vertex 30.7054 -17.9641 2.4
      vertex 29.6717 -16.1736 2.4
      vertex 30.5643 -17.9922 2.4
    endloop
  endfacet
  facet normal 0 0 1
    outer loop
      vertex 28.9426 -14.4134 2.4
      vertex 29.9763 -12.6229 2.4
      vertex 29.8964 -12.5033 2.4
    endloop
  endfacet
  facet normal 0 0 1
    outer loop
      vertex 31.799 -15.504 2.4
      vertex 29.8896 -15.3604 2.4
      vertex 29.899 -15.504 2.4
    endloop
  endfacet
  facet normal 0 0 1
    outer loop
      vertex 31.8084 -15.3604 2.4
      vertex 29.8896 -15.3604 2.4
      vertex 31.799 -15.504 2.4
    endloop
  endfacet
  facet normal 0 0 1
    outer loop
      vertex 28.799 -14.404 2.4
      vertex 29.8964 -12.5033 2.4
      vertex 29.8327 -12.3742 2.4
    endloop
  endfacet
  facet normal 0 -0 1
    outer loop
      vertex 29.8896 -15.3604 2.4
      vertex 31.8084 -15.3604 2.4
      vertex 29.8615 -15.2193 2.4
    endloop
  endfacet
  facet normal 0 0 1
    outer loop
      vertex 28.6554 -14.4134 2.4
      vertex 29.8327 -12.3742 2.4
      vertex 29.7865 -12.238 2.4
    endloop
  endfacet
  facet normal 0 0 1
    outer loop
      vertex 28.5143 -14.4415 2.4
      vertex 29.7865 -12.238 2.4
      vertex 29.7584 -12.0969 2.4
    endloop
  endfacet
  facet normal 0 0 1
    outer loop
      vertex 31.8365 -15.2193 2.4
      vertex 29.8615 -15.2193 2.4
      vertex 31.8084 -15.3604 2.4
    endloop
  endfacet
  facet normal 0 0 1
    outer loop
      vertex 28.378 -14.4877 2.4
      vertex 29.7584 -12.0969 2.4
      vertex 29.749 -11.9533 2.4
    endloop
  endfacet
  facet normal 0 0 1
    outer loop
      vertex 30.7054 -13.0439 2.4
      vertex 29.6717 -14.8344 2.4
      vertex 29.7516 -14.954 2.4
    endloop
  endfacet
  facet normal -0 0 1
    outer loop
      vertex 31.6268 -12.7311 2.4
      vertex 32.6143 -14.4415 2.4
      vertex 31.7217 -12.6229 2.4
    endloop
  endfacet
  facet normal 0 0 1
    outer loop
      vertex 32.6143 -14.4415 2.4
      vertex 31.6268 -12.7311 2.4
      vertex 32.478 -14.4877 2.4
    endloop
  endfacet
  facet normal -0 0 1
    outer loop
      vertex 31.5186 -12.826 2.4
      vertex 32.478 -14.4877 2.4
      vertex 31.6268 -12.7311 2.4
    endloop
  endfacet
  facet normal 0 0 1
    outer loop
      vertex 32.478 -14.4877 2.4
      vertex 31.5186 -12.826 2.4
      vertex 32.349 -14.5514 2.4
    endloop
  endfacet
  facet normal -0 0 1
    outer loop
      vertex 31.399 -12.9059 2.4
      vertex 32.349 -14.5514 2.4
      vertex 31.5186 -12.826 2.4
    endloop
  endfacet
  facet normal 0 0 1
    outer loop
      vertex 32.349 -14.5514 2.4
      vertex 31.399 -12.9059 2.4
      vertex 32.2294 -14.6313 2.4
    endloop
  endfacet
  facet normal -0 0 1
    outer loop
      vertex 31.27 -12.9696 2.4
      vertex 32.2294 -14.6313 2.4
      vertex 31.399 -12.9059 2.4
    endloop
  endfacet
  facet normal 0 0 1
    outer loop
      vertex 32.2294 -14.6313 2.4
      vertex 31.27 -12.9696 2.4
      vertex 32.1212 -14.7262 2.4
    endloop
  endfacet
  facet normal -0 0 1
    outer loop
      vertex 31.1337 -13.0158 2.4
      vertex 32.1212 -14.7262 2.4
      vertex 31.27 -12.9696 2.4
    endloop
  endfacet
  facet normal 0 0 1
    outer loop
      vertex 32.1212 -14.7262 2.4
      vertex 31.1337 -13.0158 2.4
      vertex 32.0263 -14.8344 2.4
    endloop
  endfacet
  facet normal -0 0 1
    outer loop
      vertex 33.6768 -16.2818 2.4
      vertex 34.6643 -17.9922 2.4
      vertex 33.7717 -16.1736 2.4
    endloop
  endfacet
  facet normal 0 0 1
    outer loop
      vertex 34.6643 -17.9922 2.4
      vertex 33.6768 -16.2818 2.4
      vertex 34.528 -18.0384 2.4
    endloop
  endfacet
  facet normal -0 0 1
    outer loop
      vertex 33.5686 -16.3767 2.4
      vertex 34.528 -18.0384 2.4
      vertex 33.6768 -16.2818 2.4
    endloop
  endfacet
  facet normal 0 0 1
    outer loop
      vertex 34.528 -18.0384 2.4
      vertex 33.5686 -16.3767 2.4
      vertex 34.399 -18.1021 2.4
    endloop
  endfacet
  facet normal -0 0 1
    outer loop
      vertex 33.449 -16.4566 2.4
      vertex 34.399 -18.1021 2.4
      vertex 33.5686 -16.3767 2.4
    endloop
  endfacet
  facet normal 0 0 1
    outer loop
      vertex 34.399 -18.1021 2.4
      vertex 33.449 -16.4566 2.4
      vertex 34.2794 -18.182 2.4
    endloop
  endfacet
  facet normal -0 0 1
    outer loop
      vertex 33.32 -16.5203 2.4
      vertex 34.2794 -18.182 2.4
      vertex 33.449 -16.4566 2.4
    endloop
  endfacet
  facet normal 0 0 1
    outer loop
      vertex 34.2794 -18.182 2.4
      vertex 33.32 -16.5203 2.4
      vertex 34.1712 -18.2769 2.4
    endloop
  endfacet
  facet normal -0 0 1
    outer loop
      vertex 33.1837 -16.5665 2.4
      vertex 34.1712 -18.2769 2.4
      vertex 33.32 -16.5203 2.4
    endloop
  endfacet
  facet normal 0 0 1
    outer loop
      vertex 34.1712 -18.2769 2.4
      vertex 33.1837 -16.5665 2.4
      vertex 34.0763 -18.3851 2.4
    endloop
  endfacet
  facet normal 0 0 1
    outer loop
      vertex 35.0926 -17.9641 2.4
      vertex 36.1263 -16.1736 2.4
      vertex 36.0464 -16.054 2.4
    endloop
  endfacet
  facet normal 0 0 1
    outer loop
      vertex 36.1263 -16.1736 2.4
      vertex 36.0396 -18.9111 2.4
      vertex 36.049 -19.0547 2.4
    endloop
  endfacet
  facet normal 0 0 1
    outer loop
      vertex 36.1263 -16.1736 2.4
      vertex 36.0115 -18.77 2.4
      vertex 36.0396 -18.9111 2.4
    endloop
  endfacet
  facet normal 0 0 1
    outer loop
      vertex 33.9615 -15.7887 2.4
      vertex 35.9365 -15.7887 2.4
      vertex 33.9896 -15.6476 2.4
    endloop
  endfacet
  facet normal 0 0 1
    outer loop
      vertex 36.1263 -16.1736 2.4
      vertex 35.9653 -18.6338 2.4
      vertex 36.0115 -18.77 2.4
    endloop
  endfacet
  facet normal 0 0 1
    outer loop
      vertex 35.9084 -15.6476 2.4
      vertex 33.9896 -15.6476 2.4
      vertex 35.9365 -15.7887 2.4
    endloop
  endfacet
  facet normal 0 0 1
    outer loop
      vertex 33.9896 -15.6476 2.4
      vertex 35.9084 -15.6476 2.4
      vertex 33.999 -15.504 2.4
    endloop
  endfacet
  facet normal 0 0 1
    outer loop
      vertex 36.1263 -16.1736 2.4
      vertex 35.9016 -18.5047 2.4
      vertex 35.9653 -18.6338 2.4
    endloop
  endfacet
  facet normal -0 0 1
    outer loop
      vertex 33.999 -15.504 2.4
      vertex 35.9084 -15.6476 2.4
      vertex 35.899 -15.504 2.4
    endloop
  endfacet
  facet normal -0 0 1
    outer loop
      vertex 35.0926 -13.0439 2.4
      vertex 36.1263 -14.8344 2.4
      vertex 35.2337 -13.0158 2.4
    endloop
  endfacet
  facet normal 0 0 1
    outer loop
      vertex 36.1263 -16.1736 2.4
      vertex 35.8217 -18.3851 2.4
      vertex 35.9016 -18.5047 2.4
    endloop
  endfacet
  facet normal 0 0 1
    outer loop
      vertex 36.1263 -14.8344 2.4
      vertex 35.0926 -13.0439 2.4
      vertex 36.0464 -14.954 2.4
    endloop
  endfacet
  facet normal 0 0 1
    outer loop
      vertex 36.1263 -16.1736 2.4
      vertex 35.7268 -18.2769 2.4
      vertex 35.8217 -18.3851 2.4
    endloop
  endfacet
  facet normal -0 0 1
    outer loop
      vertex 34.949 -13.0533 2.4
      vertex 36.0464 -14.954 2.4
      vertex 35.0926 -13.0439 2.4
    endloop
  endfacet
  facet normal 0 0 1
    outer loop
      vertex 36.1263 -16.1736 2.4
      vertex 35.6186 -18.182 2.4
      vertex 35.7268 -18.2769 2.4
    endloop
  endfacet
  facet normal 0 0 1
    outer loop
      vertex 33.8516 -14.954 2.4
      vertex 36.0464 -14.954 2.4
      vertex 34.949 -13.0533 2.4
    endloop
  endfacet
  facet normal 0 0 1
    outer loop
      vertex 36.1263 -16.1736 2.4
      vertex 35.499 -18.1021 2.4
      vertex 35.6186 -18.182 2.4
    endloop
  endfacet
  facet normal 0 0 1
    outer loop
      vertex 36.0464 -14.954 2.4
      vertex 33.8516 -14.954 2.4
      vertex 35.9827 -15.083 2.4
    endloop
  endfacet
  facet normal 0 0 1
    outer loop
      vertex 35.9365 -15.7887 2.4
      vertex 33.9615 -15.7887 2.4
      vertex 35.9827 -15.925 2.4
    endloop
  endfacet
  facet normal 0 -0 1
    outer loop
      vertex 33.9153 -15.083 2.4
      vertex 35.9827 -15.083 2.4
      vertex 33.8516 -14.954 2.4
    endloop
  endfacet
  facet normal 0 0 1
    outer loop
      vertex 36.1263 -16.1736 2.4
      vertex 35.3699 -18.0384 2.4
      vertex 35.499 -18.1021 2.4
    endloop
  endfacet
  facet normal 0 0 1
    outer loop
      vertex 35.9827 -15.083 2.4
      vertex 33.9153 -15.083 2.4
      vertex 35.9365 -15.2193 2.4
    endloop
  endfacet
  facet normal 0 0 1
    outer loop
      vertex 36.1263 -16.1736 2.4
      vertex 35.2337 -17.9922 2.4
      vertex 35.3699 -18.0384 2.4
    endloop
  endfacet
  facet normal 0 -0 1
    outer loop
      vertex 33.9615 -15.2193 2.4
      vertex 35.9365 -15.2193 2.4
      vertex 33.9153 -15.083 2.4
    endloop
  endfacet
  facet normal 0 0 1
    outer loop
      vertex 36.1263 -16.1736 2.4
      vertex 35.0926 -17.9641 2.4
      vertex 35.2337 -17.9922 2.4
    endloop
  endfacet
  facet normal 0 0 1
    outer loop
      vertex 33.8516 -14.954 2.4
      vertex 34.949 -13.0533 2.4
      vertex 34.8054 -13.0439 2.4
    endloop
  endfacet
  facet normal 0 0 1
    outer loop
      vertex 36.0464 -16.054 2.4
      vertex 34.949 -17.9547 2.4
      vertex 35.0926 -17.9641 2.4
    endloop
  endfacet
  facet normal 0 0 1
    outer loop
      vertex 33.7717 -14.8344 2.4
      vertex 34.8054 -13.0439 2.4
      vertex 34.6643 -13.0158 2.4
    endloop
  endfacet
  facet normal 0 0 1
    outer loop
      vertex 33.9153 -15.925 2.4
      vertex 35.9827 -15.925 2.4
      vertex 33.9615 -15.7887 2.4
    endloop
  endfacet
  facet normal 0 0 1
    outer loop
      vertex 33.6768 -14.7262 2.4
      vertex 34.6643 -13.0158 2.4
      vertex 34.528 -12.9696 2.4
    endloop
  endfacet
  facet normal 0 0 1
    outer loop
      vertex 35.9827 -15.925 2.4
      vertex 33.9153 -15.925 2.4
      vertex 36.0464 -16.054 2.4
    endloop
  endfacet
  facet normal 0 0 1
    outer loop
      vertex 33.5686 -14.6313 2.4
      vertex 34.528 -12.9696 2.4
      vertex 34.399 -12.9059 2.4
    endloop
  endfacet
  facet normal 0 0 1
    outer loop
      vertex 33.8516 -16.054 2.4
      vertex 36.0464 -16.054 2.4
      vertex 33.9153 -15.925 2.4
    endloop
  endfacet
  facet normal 0 0 1
    outer loop
      vertex 33.449 -14.5514 2.4
      vertex 34.399 -12.9059 2.4
      vertex 34.2794 -12.826 2.4
    endloop
  endfacet
  facet normal 0 0 1
    outer loop
      vertex 36.0464 -16.054 2.4
      vertex 33.8516 -16.054 2.4
      vertex 34.949 -17.9547 2.4
    endloop
  endfacet
  facet normal 0 0 1
    outer loop
      vertex 33.32 -14.4877 2.4
      vertex 34.2794 -12.826 2.4
      vertex 34.1712 -12.7311 2.4
    endloop
  endfacet
  facet normal 0 0 1
    outer loop
      vertex 34.949 -17.9547 2.4
      vertex 33.8516 -16.054 2.4
      vertex 34.8054 -17.9641 2.4
    endloop
  endfacet
  facet normal 0 0 1
    outer loop
      vertex 33.1837 -14.4415 2.4
      vertex 34.1712 -12.7311 2.4
      vertex 34.0763 -12.6229 2.4
    endloop
  endfacet
  facet normal -0 0 1
    outer loop
      vertex 33.7717 -16.1736 2.4
      vertex 34.8054 -17.9641 2.4
      vertex 33.8516 -16.054 2.4
    endloop
  endfacet
  facet normal 0 0 1
    outer loop
      vertex 34.8054 -17.9641 2.4
      vertex 33.7717 -16.1736 2.4
      vertex 34.6643 -17.9922 2.4
    endloop
  endfacet
  facet normal 0 0 1
    outer loop
      vertex 33.0426 -14.4134 2.4
      vertex 34.0763 -12.6229 2.4
      vertex 33.9964 -12.5033 2.4
    endloop
  endfacet
  facet normal 0 0 1
    outer loop
      vertex 35.899 -15.504 2.4
      vertex 33.9896 -15.3604 2.4
      vertex 33.999 -15.504 2.4
    endloop
  endfacet
  facet normal 0 0 1
    outer loop
      vertex 35.9084 -15.3604 2.4
      vertex 33.9896 -15.3604 2.4
      vertex 35.899 -15.504 2.4
    endloop
  endfacet
  facet normal 0 0 1
    outer loop
      vertex 31.9115 -12.238 2.4
      vertex 33.8865 -12.238 2.4
      vertex 31.9396 -12.0969 2.4
    endloop
  endfacet
  facet normal 0 -0 1
    outer loop
      vertex 33.9896 -15.3604 2.4
      vertex 35.9084 -15.3604 2.4
      vertex 33.9615 -15.2193 2.4
    endloop
  endfacet
  facet normal 0 0 1
    outer loop
      vertex 33.8584 -12.0969 2.4
      vertex 31.9396 -12.0969 2.4
      vertex 33.8865 -12.238 2.4
    endloop
  endfacet
  facet normal 0 0 1
    outer loop
      vertex 31.9396 -12.0969 2.4
      vertex 33.8584 -12.0969 2.4
      vertex 31.949 -11.9533 2.4
    endloop
  endfacet
  facet normal 0 0 1
    outer loop
      vertex 35.9365 -15.2193 2.4
      vertex 33.9615 -15.2193 2.4
      vertex 35.9084 -15.3604 2.4
    endloop
  endfacet
  facet normal -0 0 1
    outer loop
      vertex 31.949 -11.9533 2.4
      vertex 33.8584 -12.0969 2.4
      vertex 33.849 -11.9533 2.4
    endloop
  endfacet
  facet normal 0 0 1
    outer loop
      vertex 34.8054 -13.0439 2.4
      vertex 33.7717 -14.8344 2.4
      vertex 33.8516 -14.954 2.4
    endloop
  endfacet
  facet normal 0 0 1
    outer loop
      vertex 42.2235 -26.6022 2.4
      vertex 35.9016 -19.6047 2.4
      vertex 41.852 -26.7284 2.4
    endloop
  endfacet
  facet normal 0 0 1
    outer loop
      vertex 40.0257 29.1084 2.4
      vertex 38.0896 -15.3604 2.4
      vertex 38.099 -15.504 2.4
    endloop
  endfacet
  facet normal 0 0 1
    outer loop
      vertex 40.0257 29.1084 2.4
      vertex 38.0615 -15.2193 2.4
      vertex 38.0896 -15.3604 2.4
    endloop
  endfacet
  facet normal 0 0 1
    outer loop
      vertex 40.0257 29.1084 2.4
      vertex 38.0153 -15.083 2.4
      vertex 38.0615 -15.2193 2.4
    endloop
  endfacet
  facet normal 0 0 1
    outer loop
      vertex 40.0257 29.1084 2.4
      vertex 37.9516 -14.954 2.4
      vertex 38.0153 -15.083 2.4
    endloop
  endfacet
  facet normal 0 0 1
    outer loop
      vertex 40.0257 29.1084 2.4
      vertex 35.9016 -11.4033 2.4
      vertex 37.9516 -14.954 2.4
    endloop
  endfacet
  facet normal 0 0 1
    outer loop
      vertex 37.9516 -14.954 2.4
      vertex 35.9016 -11.4033 2.4
      vertex 37.8717 -14.8344 2.4
    endloop
  endfacet
  facet normal 0 0 1
    outer loop
      vertex 37.8717 -14.8344 2.4
      vertex 35.9653 -11.5323 2.4
      vertex 37.7768 -14.7262 2.4
    endloop
  endfacet
  facet normal -0 -0 1
    outer loop
      vertex 36.0115 -11.6686 2.4
      vertex 37.7768 -14.7262 2.4
      vertex 35.9653 -11.5323 2.4
    endloop
  endfacet
  facet normal 0 0 1
    outer loop
      vertex 37.7768 -14.7262 2.4
      vertex 36.0115 -11.6686 2.4
      vertex 37.6686 -14.6313 2.4
    endloop
  endfacet
  facet normal -0 -0 1
    outer loop
      vertex 36.0396 -11.8097 2.4
      vertex 37.6686 -14.6313 2.4
      vertex 36.0115 -11.6686 2.4
    endloop
  endfacet
  facet normal 0 0 1
    outer loop
      vertex 37.6686 -14.6313 2.4
      vertex 36.0396 -11.8097 2.4
      vertex 37.549 -14.5514 2.4
    endloop
  endfacet
  facet normal -0 -0 1
    outer loop
      vertex 36.049 -11.9533 2.4
      vertex 37.549 -14.5514 2.4
      vertex 36.0396 -11.8097 2.4
    endloop
  endfacet
  facet normal -0 0 1
    outer loop
      vertex 22.266 29.6 2.4
      vertex 40 29.5 2.4
      vertex 40.0257 29.8916 2.4
    endloop
  endfacet
  facet normal -0 0 1
    outer loop
      vertex 36.0396 -12.0969 2.4
      vertex 37.42 -14.4877 2.4
      vertex 36.049 -11.9533 2.4
    endloop
  endfacet
  facet normal 0 0 1
    outer loop
      vertex 37.42 -14.4877 2.4
      vertex 36.0396 -12.0969 2.4
      vertex 37.2837 -14.4415 2.4
    endloop
  endfacet
  facet normal -0 0 1
    outer loop
      vertex 36.0115 -12.238 2.4
      vertex 37.2837 -14.4415 2.4
      vertex 36.0396 -12.0969 2.4
    endloop
  endfacet
  facet normal -0 0 1
    outer loop
      vertex 35.9653 -12.3742 2.4
      vertex 37.1426 -14.4134 2.4
      vertex 36.0115 -12.238 2.4
    endloop
  endfacet
  facet normal 0 0 1
    outer loop
      vertex 37.1426 -14.4134 2.4
      vertex 35.9653 -12.3742 2.4
      vertex 36.999 -14.404 2.4
    endloop
  endfacet
  facet normal -0 0 1
    outer loop
      vertex 35.9016 -12.5033 2.4
      vertex 36.999 -14.404 2.4
      vertex 35.9653 -12.3742 2.4
    endloop
  endfacet
  facet normal -0 0 1
    outer loop
      vertex 35.8217 -12.6229 2.4
      vertex 36.8554 -14.4134 2.4
      vertex 35.9016 -12.5033 2.4
    endloop
  endfacet
  facet normal 0 0 1
    outer loop
      vertex 36.8554 -14.4134 2.4
      vertex 35.8217 -12.6229 2.4
      vertex 36.7143 -14.4415 2.4
    endloop
  endfacet
  facet normal 0 0 1
    outer loop
      vertex 36.999 -14.404 2.4
      vertex 35.9016 -12.5033 2.4
      vertex 36.8554 -14.4134 2.4
    endloop
  endfacet
  facet normal 0 0 1
    outer loop
      vertex 37.2837 -14.4415 2.4
      vertex 36.0115 -12.238 2.4
      vertex 37.1426 -14.4134 2.4
    endloop
  endfacet
  facet normal 0 0 1
    outer loop
      vertex 37.549 -14.5514 2.4
      vertex 36.049 -11.9533 2.4
      vertex 37.42 -14.4877 2.4
    endloop
  endfacet
  facet normal 0 0 1
    outer loop
      vertex 37.8717 -14.8344 2.4
      vertex 35.9016 -11.4033 2.4
      vertex 35.9653 -11.5323 2.4
    endloop
  endfacet
  facet normal 0 0 1
    outer loop
      vertex 40.0257 29.1084 2.4
      vertex 35.8217 -11.2837 2.4
      vertex 35.9016 -11.4033 2.4
    endloop
  endfacet
  facet normal 0 0 1
    outer loop
      vertex 40.0257 29.1084 2.4
      vertex 35.7268 -11.1755 2.4
      vertex 35.8217 -11.2837 2.4
    endloop
  endfacet
  facet normal 0 0 1
    outer loop
      vertex 40.0257 29.1084 2.4
      vertex 35.6186 -11.0806 2.4
      vertex 35.7268 -11.1755 2.4
    endloop
  endfacet
  facet normal 0 0 1
    outer loop
      vertex 40.0257 29.1084 2.4
      vertex 35.499 -11.0007 2.4
      vertex 35.6186 -11.0806 2.4
    endloop
  endfacet
  facet normal 0 0 1
    outer loop
      vertex 40.0257 29.1084 2.4
      vertex 35.3699 -10.937 2.4
      vertex 35.499 -11.0007 2.4
    endloop
  endfacet
  facet normal 0 0 1
    outer loop
      vertex 40.0257 29.1084 2.4
      vertex 35.2337 -10.8908 2.4
      vertex 35.3699 -10.937 2.4
    endloop
  endfacet
  facet normal 0 0 1
    outer loop
      vertex 40.0257 29.1084 2.4
      vertex 35.0926 -10.8627 2.4
      vertex 35.2337 -10.8908 2.4
    endloop
  endfacet
  facet normal 0 0 1
    outer loop
      vertex 40.0257 29.1084 2.4
      vertex 34.949 -10.8533 2.4
      vertex 35.0926 -10.8627 2.4
    endloop
  endfacet
  facet normal 0 0 1
    outer loop
      vertex 40.0257 29.1084 2.4
      vertex 34.8054 -10.8627 2.4
      vertex 34.949 -10.8533 2.4
    endloop
  endfacet
  facet normal 0 0 1
    outer loop
      vertex 40.0257 29.1084 2.4
      vertex 30.9926 -10.8627 2.4
      vertex 34.8054 -10.8627 2.4
    endloop
  endfacet
  facet normal 0 0 1
    outer loop
      vertex 34.8054 -10.8627 2.4
      vertex 30.9926 -10.8627 2.4
      vertex 34.6643 -10.8908 2.4
    endloop
  endfacet
  facet normal 0 -0 1
    outer loop
      vertex 31.1337 -10.8908 2.4
      vertex 34.6643 -10.8908 2.4
      vertex 30.9926 -10.8627 2.4
    endloop
  endfacet
  facet normal 0 0 1
    outer loop
      vertex 34.6643 -10.8908 2.4
      vertex 31.1337 -10.8908 2.4
      vertex 34.528 -10.937 2.4
    endloop
  endfacet
  facet normal 0 -0 1
    outer loop
      vertex 31.27 -10.937 2.4
      vertex 34.528 -10.937 2.4
      vertex 31.1337 -10.8908 2.4
    endloop
  endfacet
  facet normal 0 0 1
    outer loop
      vertex 34.528 -10.937 2.4
      vertex 31.27 -10.937 2.4
      vertex 34.399 -11.0007 2.4
    endloop
  endfacet
  facet normal 0 0 1
    outer loop
      vertex 34.399 -11.0007 2.4
      vertex 31.399 -11.0007 2.4
      vertex 34.2794 -11.0806 2.4
    endloop
  endfacet
  facet normal 0 -0 1
    outer loop
      vertex 31.5186 -11.0806 2.4
      vertex 34.2794 -11.0806 2.4
      vertex 31.399 -11.0007 2.4
    endloop
  endfacet
  facet normal 0 0 1
    outer loop
      vertex 34.2794 -11.0806 2.4
      vertex 31.5186 -11.0806 2.4
      vertex 34.1712 -11.1755 2.4
    endloop
  endfacet
  facet normal 0 0 1
    outer loop
      vertex 34.1712 -11.1755 2.4
      vertex 31.6268 -11.1755 2.4
      vertex 34.0763 -11.2837 2.4
    endloop
  endfacet
  facet normal 0 0 1
    outer loop
      vertex 34.6643 -13.0158 2.4
      vertex 33.6768 -14.7262 2.4
      vertex 33.7717 -14.8344 2.4
    endloop
  endfacet
  facet normal 0 0 1
    outer loop
      vertex 34.528 -12.9696 2.4
      vertex 33.5686 -14.6313 2.4
      vertex 33.6768 -14.7262 2.4
    endloop
  endfacet
  facet normal 0 0 1
    outer loop
      vertex 31.949 -11.9533 2.4
      vertex 33.849 -11.9533 2.4
      vertex 33.8584 -11.8097 2.4
    endloop
  endfacet
  facet normal 0 0 1
    outer loop
      vertex 34.399 -12.9059 2.4
      vertex 33.449 -14.5514 2.4
      vertex 33.5686 -14.6313 2.4
    endloop
  endfacet
  facet normal 0 -0 1
    outer loop
      vertex 31.7217 -11.2837 2.4
      vertex 34.0763 -11.2837 2.4
      vertex 31.6268 -11.1755 2.4
    endloop
  endfacet
  facet normal 0 0 1
    outer loop
      vertex 33.8865 -11.6686 2.4
      vertex 31.9115 -11.6686 2.4
      vertex 33.8584 -11.8097 2.4
    endloop
  endfacet
  facet normal 0 -0 1
    outer loop
      vertex 31.9396 -11.8097 2.4
      vertex 33.8584 -11.8097 2.4
      vertex 31.9115 -11.6686 2.4
    endloop
  endfacet
  facet normal 0 -0 1
    outer loop
      vertex 31.949 -11.9533 2.4
      vertex 33.8584 -11.8097 2.4
      vertex 31.9396 -11.8097 2.4
    endloop
  endfacet
  facet normal 0 0 1
    outer loop
      vertex 33.8865 -12.238 2.4
      vertex 31.9115 -12.238 2.4
      vertex 33.9327 -12.3742 2.4
    endloop
  endfacet
  facet normal 0 0 1
    outer loop
      vertex 34.1712 -12.7311 2.4
      vertex 33.1837 -14.4415 2.4
      vertex 33.32 -14.4877 2.4
    endloop
  endfacet
  facet normal 0 0 1
    outer loop
      vertex 34.0763 -12.6229 2.4
      vertex 33.0426 -14.4134 2.4
      vertex 33.1837 -14.4415 2.4
    endloop
  endfacet
  facet normal 0 0 1
    outer loop
      vertex 33.9964 -12.5033 2.4
      vertex 32.899 -14.404 2.4
      vertex 33.0426 -14.4134 2.4
    endloop
  endfacet
  facet normal 0 0 1
    outer loop
      vertex 33.9327 -12.3742 2.4
      vertex 31.8653 -12.3742 2.4
      vertex 33.9964 -12.5033 2.4
    endloop
  endfacet
  facet normal 0 0 1
    outer loop
      vertex 31.8016 -12.5033 2.4
      vertex 33.9964 -12.5033 2.4
      vertex 31.8653 -12.3742 2.4
    endloop
  endfacet
  facet normal 0 0 1
    outer loop
      vertex 33.9964 -12.5033 2.4
      vertex 31.8016 -12.5033 2.4
      vertex 32.899 -14.404 2.4
    endloop
  endfacet
  facet normal -0 0 1
    outer loop
      vertex 31.7217 -12.6229 2.4
      vertex 32.7554 -14.4134 2.4
      vertex 31.8016 -12.5033 2.4
    endloop
  endfacet
  facet normal 0 0 1
    outer loop
      vertex 32.7554 -14.4134 2.4
      vertex 31.7217 -12.6229 2.4
      vertex 32.6143 -14.4415 2.4
    endloop
  endfacet
  facet normal 0 0 1
    outer loop
      vertex 32.899 -14.404 2.4
      vertex 31.8016 -12.5033 2.4
      vertex 32.7554 -14.4134 2.4
    endloop
  endfacet
  facet normal 0 0 1
    outer loop
      vertex 31.8653 -12.3742 2.4
      vertex 33.9327 -12.3742 2.4
      vertex 31.9115 -12.238 2.4
    endloop
  endfacet
  facet normal 0 0 1
    outer loop
      vertex 34.2794 -12.826 2.4
      vertex 33.32 -14.4877 2.4
      vertex 33.449 -14.5514 2.4
    endloop
  endfacet
  facet normal 0 -0 1
    outer loop
      vertex 31.9115 -11.6686 2.4
      vertex 33.8865 -11.6686 2.4
      vertex 31.8653 -11.5323 2.4
    endloop
  endfacet
  facet normal 0 0 1
    outer loop
      vertex 22.266 29.6 2.4
      vertex 40.0257 29.8916 2.4
      vertex 40.0671 30.1 2.4
    endloop
  endfacet
  facet normal 0 0 1
    outer loop
      vertex 33.9327 -11.5323 2.4
      vertex 31.8653 -11.5323 2.4
      vertex 33.8865 -11.6686 2.4
    endloop
  endfacet
  facet normal 0 -0 1
    outer loop
      vertex 31.8653 -11.5323 2.4
      vertex 33.9327 -11.5323 2.4
      vertex 31.8016 -11.4033 2.4
    endloop
  endfacet
  facet normal 0 0 1
    outer loop
      vertex 33.9964 -11.4033 2.4
      vertex 31.8016 -11.4033 2.4
      vertex 33.9327 -11.5323 2.4
    endloop
  endfacet
  facet normal 0 -0 1
    outer loop
      vertex 31.8016 -11.4033 2.4
      vertex 33.9964 -11.4033 2.4
      vertex 31.7217 -11.2837 2.4
    endloop
  endfacet
  facet normal 0 0 1
    outer loop
      vertex 34.0763 -11.2837 2.4
      vertex 31.7217 -11.2837 2.4
      vertex 33.9964 -11.4033 2.4
    endloop
  endfacet
  facet normal 0 -0 1
    outer loop
      vertex 31.6268 -11.1755 2.4
      vertex 34.1712 -11.1755 2.4
      vertex 31.5186 -11.0806 2.4
    endloop
  endfacet
  facet normal 0 -0 1
    outer loop
      vertex 31.399 -11.0007 2.4
      vertex 34.399 -11.0007 2.4
      vertex 31.27 -10.937 2.4
    endloop
  endfacet
  facet normal 0 0 1
    outer loop
      vertex 40.0257 29.1084 2.4
      vertex 30.849 -10.8533 2.4
      vertex 30.9926 -10.8627 2.4
    endloop
  endfacet
  facet normal 0 0 1
    outer loop
      vertex 40.0257 29.1084 2.4
      vertex 22.266 29.6 2.4
      vertex 30.849 -10.8533 2.4
    endloop
  endfacet
  facet normal 0 0 1
    outer loop
      vertex 30.849 -10.8533 2.4
      vertex 22.266 29.6 2.4
      vertex 30.7054 -10.8627 2.4
    endloop
  endfacet
  facet normal 0 0 1
    outer loop
      vertex 30.7054 -10.8627 2.4
      vertex 22.266 29.6 2.4
      vertex 30.5643 -10.8908 2.4
    endloop
  endfacet
  facet normal 0 0 1
    outer loop
      vertex 30.5643 -10.8908 2.4
      vertex 22.266 29.6 2.4
      vertex 30.428 -10.937 2.4
    endloop
  endfacet
  facet normal 0 0 1
    outer loop
      vertex 30.428 -10.937 2.4
      vertex 22.266 29.6 2.4
      vertex 30.299 -11.0007 2.4
    endloop
  endfacet
  facet normal 0 0 1
    outer loop
      vertex 30.299 -11.0007 2.4
      vertex 22.266 29.6 2.4
      vertex 30.1794 -11.0806 2.4
    endloop
  endfacet
  facet normal 0 0 1
    outer loop
      vertex 30.1794 -11.0806 2.4
      vertex 22.266 29.6 2.4
      vertex 30.0712 -11.1755 2.4
    endloop
  endfacet
  facet normal 0 0 1
    outer loop
      vertex 30.0712 -11.1755 2.4
      vertex 22.266 29.6 2.4
      vertex 29.9763 -11.2837 2.4
    endloop
  endfacet
  facet normal 0 0 1
    outer loop
      vertex 29.9763 -11.2837 2.4
      vertex 22.266 29.6 2.4
      vertex 29.8964 -11.4033 2.4
    endloop
  endfacet
  facet normal 0 0 1
    outer loop
      vertex 29.8964 -11.4033 2.4
      vertex 22.266 29.6 2.4
      vertex 29.8327 -11.5323 2.4
    endloop
  endfacet
  facet normal 0 0 1
    outer loop
      vertex 30.5643 -13.0158 2.4
      vertex 29.5768 -14.7262 2.4
      vertex 29.6717 -14.8344 2.4
    endloop
  endfacet
  facet normal 0 0 1
    outer loop
      vertex 30.428 -12.9696 2.4
      vertex 29.4686 -14.6313 2.4
      vertex 29.5768 -14.7262 2.4
    endloop
  endfacet
  facet normal 0 0 1
    outer loop
      vertex 28.249 -14.5514 2.4
      vertex 29.749 -11.9533 2.4
      vertex 29.7584 -11.8097 2.4
    endloop
  endfacet
  facet normal 0 0 1
    outer loop
      vertex 30.299 -12.9059 2.4
      vertex 29.349 -14.5514 2.4
      vertex 29.4686 -14.6313 2.4
    endloop
  endfacet
  facet normal 0 0 1
    outer loop
      vertex 30.1794 -12.826 2.4
      vertex 29.22 -14.4877 2.4
      vertex 29.349 -14.5514 2.4
    endloop
  endfacet
  facet normal 0 0 1
    outer loop
      vertex 28.1294 -14.6313 2.4
      vertex 29.7584 -11.8097 2.4
      vertex 29.7865 -11.6686 2.4
    endloop
  endfacet
  facet normal 0 0 1
    outer loop
      vertex 30.0712 -12.7311 2.4
      vertex 29.0837 -14.4415 2.4
      vertex 29.22 -14.4877 2.4
    endloop
  endfacet
  facet normal 0 -0 1
    outer loop
      vertex 27.9263 -14.8344 2.4
      vertex 29.8327 -11.5323 2.4
      vertex 22.266 29.6 2.4
    endloop
  endfacet
  facet normal 0 0 1
    outer loop
      vertex 29.9763 -12.6229 2.4
      vertex 28.9426 -14.4134 2.4
      vertex 29.0837 -14.4415 2.4
    endloop
  endfacet
  facet normal 0 0 1
    outer loop
      vertex 29.8327 -11.5323 2.4
      vertex 27.9263 -14.8344 2.4
      vertex 29.7865 -11.6686 2.4
    endloop
  endfacet
  facet normal 0 0 1
    outer loop
      vertex 29.8964 -12.5033 2.4
      vertex 28.799 -14.404 2.4
      vertex 28.9426 -14.4134 2.4
    endloop
  endfacet
  facet normal 0 0 1
    outer loop
      vertex 29.8327 -12.3742 2.4
      vertex 28.6554 -14.4134 2.4
      vertex 28.799 -14.404 2.4
    endloop
  endfacet
  facet normal 0 0 1
    outer loop
      vertex 29.7865 -12.238 2.4
      vertex 28.5143 -14.4415 2.4
      vertex 28.6554 -14.4134 2.4
    endloop
  endfacet
  facet normal 0 0 1
    outer loop
      vertex 29.7584 -12.0969 2.4
      vertex 28.378 -14.4877 2.4
      vertex 28.5143 -14.4415 2.4
    endloop
  endfacet
  facet normal 0 0 1
    outer loop
      vertex 29.749 -11.9533 2.4
      vertex 28.249 -14.5514 2.4
      vertex 28.378 -14.4877 2.4
    endloop
  endfacet
  facet normal 0 0 1
    outer loop
      vertex 29.7584 -11.8097 2.4
      vertex 28.1294 -14.6313 2.4
      vertex 28.249 -14.5514 2.4
    endloop
  endfacet
  facet normal 0 0 1
    outer loop
      vertex 29.7865 -11.6686 2.4
      vertex 28.0212 -14.7262 2.4
      vertex 28.1294 -14.6313 2.4
    endloop
  endfacet
  facet normal 0 0 1
    outer loop
      vertex 29.7865 -11.6686 2.4
      vertex 27.9263 -14.8344 2.4
      vertex 28.0212 -14.7262 2.4
    endloop
  endfacet
  facet normal 0 0 1
    outer loop
      vertex 27.9263 -14.8344 2.4
      vertex 22.266 29.6 2.4
      vertex 27.8464 -14.954 2.4
    endloop
  endfacet
  facet normal 0 0 1
    outer loop
      vertex 27.8464 -14.954 2.4
      vertex 22.266 29.6 2.4
      vertex 27.7827 -15.083 2.4
    endloop
  endfacet
  facet normal 0 0 1
    outer loop
      vertex 27.7365 -15.2193 2.4
      vertex 22.266 -29.6 2.4
      vertex 27.7084 -15.3604 2.4
    endloop
  endfacet
  facet normal 0 0 1
    outer loop
      vertex 22.266 -29.6 2.4
      vertex 27.7365 -15.2193 2.4
      vertex 22.266 29.6 2.4
    endloop
  endfacet
  facet normal 0 0 1
    outer loop
      vertex 27.7827 -15.083 2.4
      vertex 22.266 29.6 2.4
      vertex 27.7365 -15.2193 2.4
    endloop
  endfacet
  facet normal 0 0 1
    outer loop
      vertex 40.0671 30.1 2.4
      vertex -15.234 29.6 2.4
      vertex 22.266 29.6 2.4
    endloop
  endfacet
  facet normal 0 0 1
    outer loop
      vertex -40.0257 29.1084 2.4
      vertex -15.234 29.6 2.4
      vertex -40 29.5 2.4
    endloop
  endfacet
  facet normal -0 0 1
    outer loop
      vertex -40.0671 30.1 2.4
      vertex -15.234 29.6 2.4
      vertex 40.0671 30.1 2.4
    endloop
  endfacet
  facet normal 0 0 1
    outer loop
      vertex -15.234 29.6 2.4
      vertex -40.0257 29.8916 2.4
      vertex -40 29.5 2.4
    endloop
  endfacet
  facet normal 0 0 1
    outer loop
      vertex -15.234 29.6 2.4
      vertex -40.0671 30.1 2.4
      vertex -40.0257 29.8916 2.4
    endloop
  endfacet
  facet normal -0 0 1
    outer loop
      vertex 45.3801 27.6737 2.4
      vertex 45.6 27.5 2.4
      vertex 45.5778 27.8394 2.4
    endloop
  endfacet
  facet normal 0 0 1
    outer loop
      vertex 44.8263 27.1199 2.4
      vertex 45.6 27.5 2.4
      vertex 45.1213 27.3787 2.4
    endloop
  endfacet
  facet normal 0 0 1
    outer loop
      vertex 45.3801 27.6737 2.4
      vertex 45.5778 27.8394 2.4
      vertex 45.5578 27.9397 2.4
    endloop
  endfacet
  facet normal 0 0 1
    outer loop
      vertex 45.6 27.5 2.4
      vertex 45.3801 27.6737 2.4
      vertex 45.1213 27.3787 2.4
    endloop
  endfacet
  facet normal 0 0 1
    outer loop
      vertex 44.5 26.9019 2.4
      vertex 45.6 27.5 2.4
      vertex 44.8263 27.1199 2.4
    endloop
  endfacet
  facet normal 0 0 1
    outer loop
      vertex 45.5778 -27.8394 2.4
      vertex 45.3801 -27.6737 2.4
      vertex 45.5578 -27.9397 2.4
    endloop
  endfacet
  facet normal 0 -0 1
    outer loop
      vertex 45.3801 -27.6737 2.4
      vertex 45.6 -27.5 2.4
      vertex 45.1213 -27.3787 2.4
    endloop
  endfacet
  facet normal 0 0 1
    outer loop
      vertex 45.6 -27.5 2.4
      vertex 45.3801 -27.6737 2.4
      vertex 45.5778 -27.8394 2.4
    endloop
  endfacet
  facet normal 0 0 1
    outer loop
      vertex 38.099 -15.504 2.4
      vertex 45.6 27.5 2.4
      vertex 44.5 26.9019 2.4
    endloop
  endfacet
  facet normal 0 0 1
    outer loop
      vertex 45.6 -27.5 2.4
      vertex 44.8263 -27.1199 2.4
      vertex 45.1213 -27.3787 2.4
    endloop
  endfacet
  facet normal 0 0 1
    outer loop
      vertex 45.6 27.5 2.4
      vertex 38.099 -15.504 2.4
      vertex 45.6 -27.5 2.4
    endloop
  endfacet
  facet normal 0 0 1
    outer loop
      vertex 45.6 -27.5 2.4
      vertex 44.5 -26.9019 2.4
      vertex 44.8263 -27.1199 2.4
    endloop
  endfacet
  facet normal 0 0 1
    outer loop
      vertex 38.099 -15.504 2.4
      vertex 44.5 26.9019 2.4
      vertex 44.148 26.7284 2.4
    endloop
  endfacet
  facet normal 0 0 1
    outer loop
      vertex 45.6 -27.5 2.4
      vertex 38.099 -15.504 2.4
      vertex 44.5 -26.9019 2.4
    endloop
  endfacet
  facet normal 0 0 1
    outer loop
      vertex 38.099 -15.504 2.4
      vertex 44.148 26.7284 2.4
      vertex 43.7765 26.6022 2.4
    endloop
  endfacet
  facet normal -0 0 1
    outer loop
      vertex 38.0896 -15.6476 2.4
      vertex 44.5 -26.9019 2.4
      vertex 38.099 -15.504 2.4
    endloop
  endfacet
  facet normal 0 0 1
    outer loop
      vertex 38.099 -15.504 2.4
      vertex 43.7765 26.6022 2.4
      vertex 43.3916 26.5257 2.4
    endloop
  endfacet
  facet normal 0 0 1
    outer loop
      vertex 44.5 -26.9019 2.4
      vertex 38.0896 -15.6476 2.4
      vertex 44.148 -26.7284 2.4
    endloop
  endfacet
  facet normal 0 0 1
    outer loop
      vertex 38.099 -15.504 2.4
      vertex 43.3916 26.5257 2.4
      vertex 43 26.5 2.4
    endloop
  endfacet
  facet normal -0 0 1
    outer loop
      vertex 38.0615 -15.7887 2.4
      vertex 44.148 -26.7284 2.4
      vertex 38.0896 -15.6476 2.4
    endloop
  endfacet
  facet normal 0 0 1
    outer loop
      vertex 38.099 -15.504 2.4
      vertex 43 26.5 2.4
      vertex 42.6084 26.5257 2.4
    endloop
  endfacet
  facet normal 0 0 1
    outer loop
      vertex 44.148 -26.7284 2.4
      vertex 38.0615 -15.7887 2.4
      vertex 43.7765 -26.6022 2.4
    endloop
  endfacet
  facet normal 0 0 1
    outer loop
      vertex 38.099 -15.504 2.4
      vertex 42.6084 26.5257 2.4
      vertex 42.2235 26.6022 2.4
    endloop
  endfacet
  facet normal -0 0 1
    outer loop
      vertex 38.0153 -15.925 2.4
      vertex 43.7765 -26.6022 2.4
      vertex 38.0615 -15.7887 2.4
    endloop
  endfacet
  facet normal 0 0 1
    outer loop
      vertex 38.099 -15.504 2.4
      vertex 42.2235 26.6022 2.4
      vertex 41.852 26.7284 2.4
    endloop
  endfacet
  facet normal 0 0 1
    outer loop
      vertex 43.7765 -26.6022 2.4
      vertex 38.0153 -15.925 2.4
      vertex 43.3916 -26.5257 2.4
    endloop
  endfacet
  facet normal 0 0 1
    outer loop
      vertex 38.099 -15.504 2.4
      vertex 41.852 26.7284 2.4
      vertex 41.5 26.9019 2.4
    endloop
  endfacet
  facet normal -0 0 1
    outer loop
      vertex 37.9516 -16.054 2.4
      vertex 43.3916 -26.5257 2.4
      vertex 38.0153 -15.925 2.4
    endloop
  endfacet
  facet normal 0 0 1
    outer loop
      vertex 38.099 -15.504 2.4
      vertex 41.5 26.9019 2.4
      vertex 41.1737 27.1199 2.4
    endloop
  endfacet
  facet normal 0 0 1
    outer loop
      vertex 43.3916 -26.5257 2.4
      vertex 37.9516 -16.054 2.4
      vertex 43 -26.5 2.4
    endloop
  endfacet
  facet normal 0 0 1
    outer loop
      vertex 38.099 -15.504 2.4
      vertex 41.1737 27.1199 2.4
      vertex 40.8787 27.3787 2.4
    endloop
  endfacet
  facet normal -0 0 1
    outer loop
      vertex 37.8717 -16.1736 2.4
      vertex 43 -26.5 2.4
      vertex 37.9516 -16.054 2.4
    endloop
  endfacet
  facet normal 0 0 1
    outer loop
      vertex 38.099 -15.504 2.4
      vertex 40.8787 27.3787 2.4
      vertex 40.6199 27.6737 2.4
    endloop
  endfacet
  facet normal -0 0 1
    outer loop
      vertex 37.7768 -16.2818 2.4
      vertex 43 -26.5 2.4
      vertex 37.8717 -16.1736 2.4
    endloop
  endfacet
  facet normal 0 0 1
    outer loop
      vertex 38.099 -15.504 2.4
      vertex 40.6199 27.6737 2.4
      vertex 40.4019 28 2.4
    endloop
  endfacet
  facet normal 0 0 1
    outer loop
      vertex 43 -26.5 2.4
      vertex 37.7768 -16.2818 2.4
      vertex 42.6084 -26.5257 2.4
    endloop
  endfacet
  facet normal 0 0 1
    outer loop
      vertex 38.099 -15.504 2.4
      vertex 40.4019 28 2.4
      vertex 40.2284 28.3519 2.4
    endloop
  endfacet
  facet normal -0 0 1
    outer loop
      vertex 36.0115 -19.3394 2.4
      vertex 42.6084 -26.5257 2.4
      vertex 37.7768 -16.2818 2.4
    endloop
  endfacet
  facet normal 0 0 1
    outer loop
      vertex 38.099 -15.504 2.4
      vertex 40.2284 28.3519 2.4
      vertex 40.1022 28.7235 2.4
    endloop
  endfacet
  facet normal 0 0 1
    outer loop
      vertex 42.6084 -26.5257 2.4
      vertex 36.0115 -19.3394 2.4
      vertex 42.2235 -26.6022 2.4
    endloop
  endfacet
  facet normal 0 0 1
    outer loop
      vertex 38.099 -15.504 2.4
      vertex 40.1022 28.7235 2.4
      vertex 40.0257 29.1084 2.4
    endloop
  endfacet
  facet normal -0 0 1
    outer loop
      vertex 35.9653 -19.4757 2.4
      vertex 42.2235 -26.6022 2.4
      vertex 36.0115 -19.3394 2.4
    endloop
  endfacet
  facet normal 0 0 1
    outer loop
      vertex 22.266 29.6 2.4
      vertex 40.0257 29.1084 2.4
      vertex 40 29.5 2.4
    endloop
  endfacet
  facet normal -0 0 1
    outer loop
      vertex 35.9016 -19.6047 2.4
      vertex 42.2235 -26.6022 2.4
      vertex 35.9653 -19.4757 2.4
    endloop
  endfacet
  facet normal -0 0 1
    outer loop
      vertex 35.8217 -19.7243 2.4
      vertex 41.852 -26.7284 2.4
      vertex 35.9016 -19.6047 2.4
    endloop
  endfacet
  facet normal 0 0 1
    outer loop
      vertex 41.852 -26.7284 2.4
      vertex 35.8217 -19.7243 2.4
      vertex 41.5 -26.9019 2.4
    endloop
  endfacet
  facet normal -0 0 1
    outer loop
      vertex 35.7268 -19.8325 2.4
      vertex 41.5 -26.9019 2.4
      vertex 35.8217 -19.7243 2.4
    endloop
  endfacet
  facet normal 0 0 1
    outer loop
      vertex 41.5 -26.9019 2.4
      vertex 35.7268 -19.8325 2.4
      vertex 41.1737 -27.1199 2.4
    endloop
  endfacet
  facet normal -0 0 1
    outer loop
      vertex 35.6186 -19.9274 2.4
      vertex 41.1737 -27.1199 2.4
      vertex 35.7268 -19.8325 2.4
    endloop
  endfacet
  facet normal -0 0 1
    outer loop
      vertex 35.499 -20.0073 2.4
      vertex 41.1737 -27.1199 2.4
      vertex 35.6186 -19.9274 2.4
    endloop
  endfacet
  facet normal 0 0 1
    outer loop
      vertex 41.1737 -27.1199 2.4
      vertex 35.499 -20.0073 2.4
      vertex 40.8787 -27.3787 2.4
    endloop
  endfacet
  facet normal 0 0 1
    outer loop
      vertex 36.0115 -19.3394 2.4
      vertex 37.7768 -16.2818 2.4
      vertex 37.6686 -16.3767 2.4
    endloop
  endfacet
  facet normal 0 0 1
    outer loop
      vertex 36.0396 -19.1983 2.4
      vertex 37.6686 -16.3767 2.4
      vertex 37.549 -16.4566 2.4
    endloop
  endfacet
  facet normal 0 0 1
    outer loop
      vertex 36.049 -19.0547 2.4
      vertex 37.549 -16.4566 2.4
      vertex 37.42 -16.5203 2.4
    endloop
  endfacet
  facet normal 0 0 1
    outer loop
      vertex 36.049 -19.0547 2.4
      vertex 37.42 -16.5203 2.4
      vertex 37.2837 -16.5665 2.4
    endloop
  endfacet
  facet normal -0 0 1
    outer loop
      vertex 35.3699 -20.071 2.4
      vertex 40.8787 -27.3787 2.4
      vertex 35.499 -20.0073 2.4
    endloop
  endfacet
  facet normal 0 0 1
    outer loop
      vertex 36.049 -19.0547 2.4
      vertex 37.2837 -16.5665 2.4
      vertex 37.1426 -16.5946 2.4
    endloop
  endfacet
  facet normal 0 0 1
    outer loop
      vertex 36.049 -19.0547 2.4
      vertex 37.1426 -16.5946 2.4
      vertex 36.999 -16.604 2.4
    endloop
  endfacet
  facet normal 0 0 1
    outer loop
      vertex 36.049 -19.0547 2.4
      vertex 36.999 -16.604 2.4
      vertex 36.8554 -16.5946 2.4
    endloop
  endfacet
  facet normal 0 0 1
    outer loop
      vertex 36.049 -19.0547 2.4
      vertex 36.8554 -16.5946 2.4
      vertex 36.7143 -16.5665 2.4
    endloop
  endfacet
  facet normal 0 0 1
    outer loop
      vertex 36.049 -19.0547 2.4
      vertex 36.7143 -16.5665 2.4
      vertex 36.578 -16.5203 2.4
    endloop
  endfacet
  facet normal 0 0 1
    outer loop
      vertex 36.049 -19.0547 2.4
      vertex 36.578 -16.5203 2.4
      vertex 36.449 -16.4566 2.4
    endloop
  endfacet
  facet normal 0 0 1
    outer loop
      vertex 36.049 -19.0547 2.4
      vertex 36.449 -16.4566 2.4
      vertex 36.3294 -16.3767 2.4
    endloop
  endfacet
  facet normal 0 0 1
    outer loop
      vertex 36.049 -19.0547 2.4
      vertex 36.3294 -16.3767 2.4
      vertex 36.2212 -16.2818 2.4
    endloop
  endfacet
  facet normal 0 0 1
    outer loop
      vertex 36.049 -19.0547 2.4
      vertex 36.2212 -16.2818 2.4
      vertex 36.1263 -16.1736 2.4
    endloop
  endfacet
  facet normal 0 0 1
    outer loop
      vertex 37.549 -16.4566 2.4
      vertex 36.049 -19.0547 2.4
      vertex 36.0396 -19.1983 2.4
    endloop
  endfacet
  facet normal 0 0 1
    outer loop
      vertex 37.6686 -16.3767 2.4
      vertex 36.0396 -19.1983 2.4
      vertex 36.0115 -19.3394 2.4
    endloop
  endfacet
  facet normal 0 0 1
    outer loop
      vertex 40.8787 -27.3787 2.4
      vertex 35.3699 -20.071 2.4
      vertex 40.6199 -27.6737 2.4
    endloop
  endfacet
  facet normal -0 0 1
    outer loop
      vertex 35.2337 -20.1172 2.4
      vertex 40.6199 -27.6737 2.4
      vertex 35.3699 -20.071 2.4
    endloop
  endfacet
  facet normal 0 0 1
    outer loop
      vertex 40.6199 -27.6737 2.4
      vertex 35.2337 -20.1172 2.4
      vertex 40.4019 -28 2.4
    endloop
  endfacet
  facet normal -0 0 1
    outer loop
      vertex 35.0926 -20.1453 2.4
      vertex 40.4019 -28 2.4
      vertex 35.2337 -20.1172 2.4
    endloop
  endfacet
  facet normal -0 0 1
    outer loop
      vertex 34.949 -20.1547 2.4
      vertex 40.4019 -28 2.4
      vertex 35.0926 -20.1453 2.4
    endloop
  endfacet
  facet normal 0 0 1
    outer loop
      vertex 40.4019 -28 2.4
      vertex 34.949 -20.1547 2.4
      vertex 40.2284 -28.3519 2.4
    endloop
  endfacet
  facet normal 0 0 1
    outer loop
      vertex 34.8054 -20.1453 2.4
      vertex 40.2284 -28.3519 2.4
      vertex 34.949 -20.1547 2.4
    endloop
  endfacet
  facet normal 0 0 1
    outer loop
      vertex 40.2284 -28.3519 2.4
      vertex 34.8054 -20.1453 2.4
      vertex 40.1022 -28.7235 2.4
    endloop
  endfacet
  facet normal 0 0 1
    outer loop
      vertex 34.6643 -20.1172 2.4
      vertex 40.1022 -28.7235 2.4
      vertex 34.8054 -20.1453 2.4
    endloop
  endfacet
  facet normal -0 0 1
    outer loop
      vertex 31.1337 -20.1172 2.4
      vertex 40.1022 -28.7235 2.4
      vertex 34.6643 -20.1172 2.4
    endloop
  endfacet
  facet normal 0 0 1
    outer loop
      vertex 40.1022 -28.7235 2.4
      vertex 31.1337 -20.1172 2.4
      vertex 40.0257 -29.1084 2.4
    endloop
  endfacet
  facet normal -0 0 1
    outer loop
      vertex 30.9926 -20.1453 2.4
      vertex 40.0257 -29.1084 2.4
      vertex 31.1337 -20.1172 2.4
    endloop
  endfacet
  facet normal 0 0 1
    outer loop
      vertex 40.0257 -29.1084 2.4
      vertex 30.9926 -20.1453 2.4
      vertex 40 -29.5 2.4
    endloop
  endfacet
  facet normal 0 0 1
    outer loop
      vertex 31.1337 -20.1172 2.4
      vertex 34.6643 -20.1172 2.4
      vertex 34.528 -20.071 2.4
    endloop
  endfacet
  facet normal 0 0 1
    outer loop
      vertex 31.27 -20.071 2.4
      vertex 34.528 -20.071 2.4
      vertex 34.399 -20.0073 2.4
    endloop
  endfacet
  facet normal 0 0 1
    outer loop
      vertex 31.399 -20.0073 2.4
      vertex 34.399 -20.0073 2.4
      vertex 34.2794 -19.9274 2.4
    endloop
  endfacet
  facet normal 0 0 1
    outer loop
      vertex 31.5186 -19.9274 2.4
      vertex 34.2794 -19.9274 2.4
      vertex 34.1712 -19.8325 2.4
    endloop
  endfacet
  facet normal 0 0 1
    outer loop
      vertex 31.6268 -19.8325 2.4
      vertex 34.1712 -19.8325 2.4
      vertex 34.0763 -19.7243 2.4
    endloop
  endfacet
  facet normal 0 0 1
    outer loop
      vertex 31.7217 -19.7243 2.4
      vertex 34.0763 -19.7243 2.4
      vertex 33.9964 -19.6047 2.4
    endloop
  endfacet
  facet normal -0 0 1
    outer loop
      vertex 33.0426 -16.5946 2.4
      vertex 34.0763 -18.3851 2.4
      vertex 33.1837 -16.5665 2.4
    endloop
  endfacet
  facet normal 0 0 1
    outer loop
      vertex 34.0763 -18.3851 2.4
      vertex 33.0426 -16.5946 2.4
      vertex 33.9964 -18.5047 2.4
    endloop
  endfacet
  facet normal -0 0 1
    outer loop
      vertex 32.899 -16.604 2.4
      vertex 33.9964 -18.5047 2.4
      vertex 33.0426 -16.5946 2.4
    endloop
  endfacet
  facet normal 0 0 1
    outer loop
      vertex 31.949 -19.0547 2.4
      vertex 33.9964 -18.5047 2.4
      vertex 32.899 -16.604 2.4
    endloop
  endfacet
  facet normal 0 0 1
    outer loop
      vertex 33.9964 -18.5047 2.4
      vertex 31.949 -19.0547 2.4
      vertex 33.9327 -18.6338 2.4
    endloop
  endfacet
  facet normal 0 0 1
    outer loop
      vertex 33.9327 -18.6338 2.4
      vertex 31.949 -19.0547 2.4
      vertex 33.8865 -18.77 2.4
    endloop
  endfacet
  facet normal 0 0 1
    outer loop
      vertex 33.8865 -18.77 2.4
      vertex 31.949 -19.0547 2.4
      vertex 33.8584 -18.9111 2.4
    endloop
  endfacet
  facet normal 0 0 1
    outer loop
      vertex 33.8584 -18.9111 2.4
      vertex 31.949 -19.0547 2.4
      vertex 33.849 -19.0547 2.4
    endloop
  endfacet
  facet normal 0 0 1
    outer loop
      vertex 33.849 -19.0547 2.4
      vertex 31.949 -19.0547 2.4
      vertex 33.8584 -19.1983 2.4
    endloop
  endfacet
  facet normal 0 0 1
    outer loop
      vertex 31.9396 -19.1983 2.4
      vertex 33.8584 -19.1983 2.4
      vertex 31.949 -19.0547 2.4
    endloop
  endfacet
  facet normal 0 0 1
    outer loop
      vertex 31.949 -19.0547 2.4
      vertex 32.899 -16.604 2.4
      vertex 32.7554 -16.5946 2.4
    endloop
  endfacet
  facet normal 0 0 1
    outer loop
      vertex 31.949 -19.0547 2.4
      vertex 32.7554 -16.5946 2.4
      vertex 32.6143 -16.5665 2.4
    endloop
  endfacet
  facet normal 0 0 1
    outer loop
      vertex 31.949 -19.0547 2.4
      vertex 32.6143 -16.5665 2.4
      vertex 32.478 -16.5203 2.4
    endloop
  endfacet
  facet normal 0 0 1
    outer loop
      vertex 31.949 -19.0547 2.4
      vertex 32.478 -16.5203 2.4
      vertex 32.349 -16.4566 2.4
    endloop
  endfacet
  facet normal 0 0 1
    outer loop
      vertex 33.8584 -19.1983 2.4
      vertex 31.9396 -19.1983 2.4
      vertex 33.8865 -19.3394 2.4
    endloop
  endfacet
  facet normal 0 0 1
    outer loop
      vertex 31.949 -19.0547 2.4
      vertex 32.349 -16.4566 2.4
      vertex 32.2294 -16.3767 2.4
    endloop
  endfacet
  facet normal 0 0 1
    outer loop
      vertex 31.949 -19.0547 2.4
      vertex 32.2294 -16.3767 2.4
      vertex 32.1212 -16.2818 2.4
    endloop
  endfacet
  facet normal 0 0 1
    outer loop
      vertex 31.949 -19.0547 2.4
      vertex 32.1212 -16.2818 2.4
      vertex 32.0263 -16.1736 2.4
    endloop
  endfacet
  facet normal 0 0 1
    outer loop
      vertex 31.9115 -19.3394 2.4
      vertex 33.8865 -19.3394 2.4
      vertex 31.9396 -19.1983 2.4
    endloop
  endfacet
  facet normal 0 0 1
    outer loop
      vertex 33.8865 -19.3394 2.4
      vertex 31.9115 -19.3394 2.4
      vertex 33.9327 -19.4757 2.4
    endloop
  endfacet
  facet normal 0 0 1
    outer loop
      vertex 31.8653 -19.4757 2.4
      vertex 33.9327 -19.4757 2.4
      vertex 31.9115 -19.3394 2.4
    endloop
  endfacet
  facet normal 0 0 1
    outer loop
      vertex 33.9327 -19.4757 2.4
      vertex 31.8653 -19.4757 2.4
      vertex 33.9964 -19.6047 2.4
    endloop
  endfacet
  facet normal 0 0 1
    outer loop
      vertex 31.8016 -19.6047 2.4
      vertex 33.9964 -19.6047 2.4
      vertex 31.8653 -19.4757 2.4
    endloop
  endfacet
  facet normal 0 0 1
    outer loop
      vertex 31.7217 -19.7243 2.4
      vertex 33.9964 -19.6047 2.4
      vertex 31.8016 -19.6047 2.4
    endloop
  endfacet
  facet normal 0 0 1
    outer loop
      vertex 34.0763 -19.7243 2.4
      vertex 31.7217 -19.7243 2.4
      vertex 31.6268 -19.8325 2.4
    endloop
  endfacet
  facet normal 0 0 1
    outer loop
      vertex 34.1712 -19.8325 2.4
      vertex 31.6268 -19.8325 2.4
      vertex 31.5186 -19.9274 2.4
    endloop
  endfacet
  facet normal 0 0 1
    outer loop
      vertex 34.2794 -19.9274 2.4
      vertex 31.5186 -19.9274 2.4
      vertex 31.399 -20.0073 2.4
    endloop
  endfacet
  facet normal 0 0 1
    outer loop
      vertex 34.399 -20.0073 2.4
      vertex 31.399 -20.0073 2.4
      vertex 31.27 -20.071 2.4
    endloop
  endfacet
  facet normal 0 0 1
    outer loop
      vertex 34.528 -20.071 2.4
      vertex 31.27 -20.071 2.4
      vertex 31.1337 -20.1172 2.4
    endloop
  endfacet
  facet normal -0 0 1
    outer loop
      vertex 30.849 -20.1547 2.4
      vertex 40 -29.5 2.4
      vertex 30.9926 -20.1453 2.4
    endloop
  endfacet
  facet normal 0 0 1
    outer loop
      vertex 22.266 -29.6 2.4
      vertex 40 -29.5 2.4
      vertex 30.849 -20.1547 2.4
    endloop
  endfacet
  facet normal 0 0 1
    outer loop
      vertex 40 -29.5 2.4
      vertex 22.266 -29.6 2.4
      vertex 40.0257 -29.8916 2.4
    endloop
  endfacet
  facet normal 0 0 1
    outer loop
      vertex 22.266 -29.6 2.4
      vertex 30.849 -20.1547 2.4
      vertex 30.7054 -20.1453 2.4
    endloop
  endfacet
  facet normal 0 0 1
    outer loop
      vertex 22.266 -29.6 2.4
      vertex 30.7054 -20.1453 2.4
      vertex 30.5643 -20.1172 2.4
    endloop
  endfacet
  facet normal 0 0 1
    outer loop
      vertex 22.266 -29.6 2.4
      vertex 30.5643 -20.1172 2.4
      vertex 30.428 -20.071 2.4
    endloop
  endfacet
  facet normal 0 0 1
    outer loop
      vertex 22.266 -29.6 2.4
      vertex 30.428 -20.071 2.4
      vertex 30.299 -20.0073 2.4
    endloop
  endfacet
  facet normal 0 0 1
    outer loop
      vertex 22.266 -29.6 2.4
      vertex 30.299 -20.0073 2.4
      vertex 30.1794 -19.9274 2.4
    endloop
  endfacet
  facet normal 0 0 1
    outer loop
      vertex 22.266 -29.6 2.4
      vertex 30.1794 -19.9274 2.4
      vertex 30.0712 -19.8325 2.4
    endloop
  endfacet
  facet normal -0 0 1
    outer loop
      vertex 28.9426 -16.5946 2.4
      vertex 29.9763 -18.3851 2.4
      vertex 29.0837 -16.5665 2.4
    endloop
  endfacet
  facet normal 0 0 1
    outer loop
      vertex 29.9763 -18.3851 2.4
      vertex 28.9426 -16.5946 2.4
      vertex 29.8964 -18.5047 2.4
    endloop
  endfacet
  facet normal -0 0 1
    outer loop
      vertex 28.799 -16.604 2.4
      vertex 29.8964 -18.5047 2.4
      vertex 28.9426 -16.5946 2.4
    endloop
  endfacet
  facet normal 0 0 1
    outer loop
      vertex 29.8964 -18.5047 2.4
      vertex 28.799 -16.604 2.4
      vertex 29.8327 -18.6338 2.4
    endloop
  endfacet
  facet normal 0 0 1
    outer loop
      vertex 28.6554 -16.5946 2.4
      vertex 29.8327 -18.6338 2.4
      vertex 28.799 -16.604 2.4
    endloop
  endfacet
  facet normal 0 0 1
    outer loop
      vertex 29.8327 -18.6338 2.4
      vertex 28.6554 -16.5946 2.4
      vertex 29.7865 -18.77 2.4
    endloop
  endfacet
  facet normal 0 0 1
    outer loop
      vertex 28.5143 -16.5665 2.4
      vertex 29.7865 -18.77 2.4
      vertex 28.6554 -16.5946 2.4
    endloop
  endfacet
  facet normal 0 0 1
    outer loop
      vertex 29.7865 -18.77 2.4
      vertex 28.5143 -16.5665 2.4
      vertex 29.7584 -18.9111 2.4
    endloop
  endfacet
  facet normal 0 0 1
    outer loop
      vertex 28.378 -16.5203 2.4
      vertex 29.7584 -18.9111 2.4
      vertex 28.5143 -16.5665 2.4
    endloop
  endfacet
  facet normal 0 0 1
    outer loop
      vertex 29.7584 -18.9111 2.4
      vertex 28.378 -16.5203 2.4
      vertex 29.749 -19.0547 2.4
    endloop
  endfacet
  facet normal 0 0 1
    outer loop
      vertex 28.249 -16.4566 2.4
      vertex 29.749 -19.0547 2.4
      vertex 28.378 -16.5203 2.4
    endloop
  endfacet
  facet normal 0 0 1
    outer loop
      vertex 29.749 -19.0547 2.4
      vertex 28.249 -16.4566 2.4
      vertex 29.7584 -19.1983 2.4
    endloop
  endfacet
  facet normal 0 0 1
    outer loop
      vertex 28.1294 -16.3767 2.4
      vertex 29.7584 -19.1983 2.4
      vertex 28.249 -16.4566 2.4
    endloop
  endfacet
  facet normal 0 0 1
    outer loop
      vertex 29.7584 -19.1983 2.4
      vertex 28.1294 -16.3767 2.4
      vertex 29.7865 -19.3394 2.4
    endloop
  endfacet
  facet normal 0 0 1
    outer loop
      vertex 28.0212 -16.2818 2.4
      vertex 29.7865 -19.3394 2.4
      vertex 28.1294 -16.3767 2.4
    endloop
  endfacet
  facet normal 0 0 1
    outer loop
      vertex 22.266 -29.6 2.4
      vertex 29.7865 -19.3394 2.4
      vertex 28.0212 -16.2818 2.4
    endloop
  endfacet
  facet normal 0 0 1
    outer loop
      vertex 29.7865 -19.3394 2.4
      vertex 22.266 -29.6 2.4
      vertex 29.8327 -19.4757 2.4
    endloop
  endfacet
  facet normal 0 0 1
    outer loop
      vertex 22.266 -29.6 2.4
      vertex 28.0212 -16.2818 2.4
      vertex 27.9263 -16.1736 2.4
    endloop
  endfacet
  facet normal 0 0 1
    outer loop
      vertex 22.266 -29.6 2.4
      vertex 27.9263 -16.1736 2.4
      vertex 27.8464 -16.054 2.4
    endloop
  endfacet
  facet normal 0 0 1
    outer loop
      vertex 27.7084 -15.3604 2.4
      vertex 22.266 -29.6 2.4
      vertex 27.699 -15.504 2.4
    endloop
  endfacet
  facet normal 0 0 1
    outer loop
      vertex 27.699 -15.504 2.4
      vertex 22.266 -29.6 2.4
      vertex 27.7084 -15.6476 2.4
    endloop
  endfacet
  facet normal 0 0 1
    outer loop
      vertex 22.266 -29.6 2.4
      vertex 27.7365 -15.7887 2.4
      vertex 27.7084 -15.6476 2.4
    endloop
  endfacet
  facet normal 0 0 1
    outer loop
      vertex 22.266 -29.6 2.4
      vertex 27.7827 -15.925 2.4
      vertex 27.7365 -15.7887 2.4
    endloop
  endfacet
  facet normal 0 0 1
    outer loop
      vertex 22.266 -29.6 2.4
      vertex 27.8464 -16.054 2.4
      vertex 27.7827 -15.925 2.4
    endloop
  endfacet
  facet normal 0 0 1
    outer loop
      vertex 29.8327 -19.4757 2.4
      vertex 22.266 -29.6 2.4
      vertex 29.8964 -19.6047 2.4
    endloop
  endfacet
  facet normal 0 0 1
    outer loop
      vertex 22.266 -29.6 2.4
      vertex 29.9763 -19.7243 2.4
      vertex 29.8964 -19.6047 2.4
    endloop
  endfacet
  facet normal 0 0 1
    outer loop
      vertex 22.266 -29.6 2.4
      vertex 30.0712 -19.8325 2.4
      vertex 29.9763 -19.7243 2.4
    endloop
  endfacet
  facet normal 0 0 1
    outer loop
      vertex 40.0257 -29.8916 2.4
      vertex 22.266 -29.6 2.4
      vertex 40.0671 -30.1 2.4
    endloop
  endfacet
  facet normal -0 0 1
    outer loop
      vertex -15.234 -29.6 2.4
      vertex 40.0671 -30.1 2.4
      vertex 22.266 -29.6 2.4
    endloop
  endfacet
  facet normal 0 0 1
    outer loop
      vertex -40.1022 28.7235 2.4
      vertex -15.234 29.6 2.4
      vertex -40.0257 29.1084 2.4
    endloop
  endfacet
  facet normal 0 0 1
    outer loop
      vertex -40.0257 -29.8916 2.4
      vertex -15.234 -29.6 2.4
      vertex -40 -29.5 2.4
    endloop
  endfacet
  facet normal 0 0 1
    outer loop
      vertex -40.0671 -30.1 2.4
      vertex -15.234 -29.6 2.4
      vertex -40.0257 -29.8916 2.4
    endloop
  endfacet
  facet normal 0 0 1
    outer loop
      vertex -15.234 -29.6 2.4
      vertex -40.0671 -30.1 2.4
      vertex 40.0671 -30.1 2.4
    endloop
  endfacet
  facet normal -0 0 1
    outer loop
      vertex 35.7268 -12.7311 2.4
      vertex 36.7143 -14.4415 2.4
      vertex 35.8217 -12.6229 2.4
    endloop
  endfacet
  facet normal 0 0 1
    outer loop
      vertex 36.7143 -14.4415 2.4
      vertex 35.7268 -12.7311 2.4
      vertex 36.578 -14.4877 2.4
    endloop
  endfacet
  facet normal -0 0 1
    outer loop
      vertex 35.6186 -12.826 2.4
      vertex 36.578 -14.4877 2.4
      vertex 35.7268 -12.7311 2.4
    endloop
  endfacet
  facet normal 0 0 1
    outer loop
      vertex 36.578 -14.4877 2.4
      vertex 35.6186 -12.826 2.4
      vertex 36.449 -14.5514 2.4
    endloop
  endfacet
  facet normal -0 0 1
    outer loop
      vertex 35.499 -12.9059 2.4
      vertex 36.449 -14.5514 2.4
      vertex 35.6186 -12.826 2.4
    endloop
  endfacet
  facet normal 0 0 1
    outer loop
      vertex 36.449 -14.5514 2.4
      vertex 35.499 -12.9059 2.4
      vertex 36.3294 -14.6313 2.4
    endloop
  endfacet
  facet normal -0 0 1
    outer loop
      vertex 35.3699 -12.9696 2.4
      vertex 36.3294 -14.6313 2.4
      vertex 35.499 -12.9059 2.4
    endloop
  endfacet
  facet normal 0 0 1
    outer loop
      vertex 36.3294 -14.6313 2.4
      vertex 35.3699 -12.9696 2.4
      vertex 36.2212 -14.7262 2.4
    endloop
  endfacet
  facet normal -0 0 1
    outer loop
      vertex 35.2337 -13.0158 2.4
      vertex 36.2212 -14.7262 2.4
      vertex 35.3699 -12.9696 2.4
    endloop
  endfacet
  facet normal 0 0 1
    outer loop
      vertex 36.2212 -14.7262 2.4
      vertex 35.2337 -13.0158 2.4
      vertex 36.1263 -14.8344 2.4
    endloop
  endfacet
  facet normal 0.980693 0.195552 0
    outer loop
      vertex -45.5578 -27.9397 21
      vertex -45.5778 -27.8394 2.4
      vertex -45.5778 -27.8394 21
    endloop
  endfacet
  facet normal 0.980693 0.195552 0
    outer loop
      vertex -45.5778 -27.8394 2.4
      vertex -45.5578 -27.9397 21
      vertex -45.5578 -27.9397 2.4
    endloop
  endfacet
  facet normal -0.997868 -0.0652701 0
    outer loop
      vertex 45.6 27.5 2.4
      vertex 45.5778 27.8394 21
      vertex 45.5778 27.8394 2.4
    endloop
  endfacet
  facet normal -0.997868 -0.0652701 0
    outer loop
      vertex 45.5778 27.8394 21
      vertex 45.6 27.5 2.4
      vertex 45.6 27.5 21
    endloop
  endfacet
  facet normal -0.980693 -0.195552 0
    outer loop
      vertex 45.5778 27.8394 2.4
      vertex 45.5578 27.9397 21
      vertex 45.5578 27.9397 2.4
    endloop
  endfacet
  facet normal -0.980693 -0.195552 0
    outer loop
      vertex 45.5578 27.9397 21
      vertex 45.5778 27.8394 2.4
      vertex 45.5778 27.8394 21
    endloop
  endfacet
  facet normal 0.997853 0.0654873 0
    outer loop
      vertex -40 -29.5 19
      vertex -40.0257 -29.1084 2.4
      vertex -40.0257 -29.1084 19
    endloop
  endfacet
  facet normal 0.997853 0.0654873 0
    outer loop
      vertex -40.0257 -29.1084 2.4
      vertex -40 -29.5 19
      vertex -40 -29.5 2.4
    endloop
  endfacet
  facet normal -0.0654873 0.997853 0
    outer loop
      vertex -43 -26.5 2.4
      vertex -43.3916 -26.5257 21
      vertex -43 -26.5 21
    endloop
  endfacet
  facet normal -0.0654873 0.997853 0
    outer loop
      vertex -43.3916 -26.5257 21
      vertex -43 -26.5 2.4
      vertex -43.3916 -26.5257 2.4
    endloop
  endfacet
  facet normal 0.659478 0.751724 -0
    outer loop
      vertex -40.8787 -27.3787 2.4
      vertex -41.1737 -27.1199 21
      vertex -40.8787 -27.3787 21
    endloop
  endfacet
  facet normal 0.659478 0.751724 0
    outer loop
      vertex -41.1737 -27.1199 21
      vertex -40.8787 -27.3787 2.4
      vertex -41.1737 -27.1199 2.4
    endloop
  endfacet
  facet normal -0.659478 0.751724 0
    outer loop
      vertex -44.8263 -27.1199 2.4
      vertex -45.1213 -27.3787 19
      vertex -44.8263 -27.1199 19
    endloop
  endfacet
  facet normal -0.659478 0.751724 0
    outer loop
      vertex -45.1213 -27.3787 19
      vertex -44.8263 -27.1199 2.4
      vertex -45.1213 -27.3787 2.4
    endloop
  endfacet
  facet normal -0.410365 0.911922 0
    outer loop
      vertex -44.148 -26.7284 21
      vertex -44.15 -26.7293 19
      vertex -44.15 -26.7293 21
    endloop
  endfacet
  facet normal -0.410365 0.911922 0
    outer loop
      vertex -44.148 -26.7284 2.4
      vertex -44.15 -26.7293 19
      vertex -44.148 -26.7284 21
    endloop
  endfacet
  facet normal -0.442287 0.896874 -4.66189e-06
    outer loop
      vertex -44.148 -26.7284 2.4
      vertex -44.5 -26.9019 19
      vertex -44.15 -26.7293 19
    endloop
  endfacet
  facet normal -0.44211 0.896961 0
    outer loop
      vertex -44.5 -26.9019 19
      vertex -44.148 -26.7284 2.4
      vertex -44.5 -26.9019 2.4
    endloop
  endfacet
  facet normal 0.896911 0.442211 0
    outer loop
      vertex -40.2284 -28.3519 21
      vertex -40.4019 -28 2.4
      vertex -40.4019 -28 21
    endloop
  endfacet
  facet normal 0.896911 0.442211 0
    outer loop
      vertex -40.4019 -28 2.4
      vertex -40.2284 -28.3519 21
      vertex -40.2284 -28.3519 2.4
    endloop
  endfacet
  facet normal 0.980815 0.19494 0
    outer loop
      vertex -40.0257 -29.1084 19
      vertex -40.1022 -28.7235 2.4
      vertex -40.1022 -28.7235 19
    endloop
  endfacet
  facet normal 0.980815 0.19494 0
    outer loop
      vertex -40.1022 -28.7235 2.4
      vertex -40.0257 -29.1084 19
      vertex -40.0257 -29.1084 2.4
    endloop
  endfacet
  facet normal 0.321651 0.946858 -0
    outer loop
      vertex -41.852 -26.7284 2.4
      vertex -42.2235 -26.6022 21
      vertex -41.852 -26.7284 21
    endloop
  endfacet
  facet normal 0.321651 0.946858 0
    outer loop
      vertex -42.2235 -26.6022 21
      vertex -41.852 -26.7284 2.4
      vertex -42.2235 -26.6022 2.4
    endloop
  endfacet
  facet normal 0.19494 0.980815 -0
    outer loop
      vertex -42.2235 -26.6022 2.4
      vertex -42.6084 -26.5257 21
      vertex -42.2235 -26.6022 21
    endloop
  endfacet
  facet normal 0.19494 0.980815 0
    outer loop
      vertex -42.6084 -26.5257 21
      vertex -42.2235 -26.6022 2.4
      vertex -42.6084 -26.5257 2.4
    endloop
  endfacet
  facet normal 0.555523 0.831501 -0
    outer loop
      vertex -41.1737 -27.1199 2.4
      vertex -41.5 -26.9019 21
      vertex -41.1737 -27.1199 21
    endloop
  endfacet
  facet normal 0.555523 0.831501 0
    outer loop
      vertex -41.5 -26.9019 21
      vertex -41.1737 -27.1199 2.4
      vertex -41.5 -26.9019 2.4
    endloop
  endfacet
  facet normal -0.831521 0.555493 0
    outer loop
      vertex -45.5578 -27.9397 2.4
      vertex -45.3801 -27.6737 21
      vertex -45.3801 -27.6737 2.4
    endloop
  endfacet
  facet normal -0.831521 0.555493 0
    outer loop
      vertex -45.3801 -27.6737 21
      vertex -45.5578 -27.9397 2.4
      vertex -45.5578 -27.9397 21
    endloop
  endfacet
  facet normal -0.555523 0.831501 0
    outer loop
      vertex -44.5 -26.9019 2.4
      vertex -44.8263 -27.1199 19
      vertex -44.5 -26.9019 19
    endloop
  endfacet
  facet normal -0.555523 0.831501 0
    outer loop
      vertex -44.8263 -27.1199 19
      vertex -44.5 -26.9019 2.4
      vertex -44.8263 -27.1199 2.4
    endloop
  endfacet
  facet normal -0.19494 0.980815 0
    outer loop
      vertex -43.3916 -26.5257 2.4
      vertex -43.7765 -26.6022 21
      vertex -43.3916 -26.5257 21
    endloop
  endfacet
  facet normal -0.19494 0.980815 0
    outer loop
      vertex -43.7765 -26.6022 21
      vertex -43.3916 -26.5257 2.4
      vertex -43.7765 -26.6022 2.4
    endloop
  endfacet
  facet normal 0.946922 0.321464 -0
    outer loop
      vertex -40.1272 -28.65 19
      vertex -40.2284 -28.3519 21
      vertex -40.1272 -28.65 21
    endloop
  endfacet
  facet normal 0.946922 0.321464 0
    outer loop
      vertex -40.2284 -28.3519 21
      vertex -40.1272 -28.65 19
      vertex -40.2284 -28.3519 2.4
    endloop
  endfacet
  facet normal 0.946733 0.322018 -0
    outer loop
      vertex -40.1022 -28.7235 2.4
      vertex -40.1272 -28.65 19
      vertex -40.1022 -28.7235 19
    endloop
  endfacet
  facet normal 0.946885 0.321574 2.19507e-06
    outer loop
      vertex -40.1272 -28.65 19
      vertex -40.1022 -28.7235 2.4
      vertex -40.2284 -28.3519 2.4
    endloop
  endfacet
  facet normal 0.751724 0.659478 0
    outer loop
      vertex -40.6199 -27.6737 21
      vertex -40.8787 -27.3787 2.4
      vertex -40.8787 -27.3787 21
    endloop
  endfacet
  facet normal 0.751724 0.659478 0
    outer loop
      vertex -40.8787 -27.3787 2.4
      vertex -40.6199 -27.6737 21
      vertex -40.6199 -27.6737 2.4
    endloop
  endfacet
  facet normal 0.831501 0.555523 0
    outer loop
      vertex -40.4019 -28 21
      vertex -40.6199 -27.6737 2.4
      vertex -40.6199 -27.6737 21
    endloop
  endfacet
  facet normal 0.831501 0.555523 0
    outer loop
      vertex -40.6199 -27.6737 2.4
      vertex -40.4019 -28 21
      vertex -40.4019 -28 2.4
    endloop
  endfacet
  facet normal 0.0654873 0.997853 -0
    outer loop
      vertex -42.6084 -26.5257 2.4
      vertex -43 -26.5 21
      vertex -42.6084 -26.5257 21
    endloop
  endfacet
  facet normal 0.0654873 0.997853 0
    outer loop
      vertex -43 -26.5 21
      vertex -42.6084 -26.5257 2.4
      vertex -43 -26.5 2.4
    endloop
  endfacet
  facet normal 0.44211 0.896961 -0
    outer loop
      vertex -41.5 -26.9019 2.4
      vertex -41.852 -26.7284 21
      vertex -41.5 -26.9019 21
    endloop
  endfacet
  facet normal 0.44211 0.896961 0
    outer loop
      vertex -41.852 -26.7284 21
      vertex -41.5 -26.9019 2.4
      vertex -41.852 -26.7284 2.4
    endloop
  endfacet
  facet normal -0.751723 0.659479 0
    outer loop
      vertex -45.1213 -27.3787 2.4
      vertex -45.3415 -27.6297 19
      vertex -45.1213 -27.3787 19
    endloop
  endfacet
  facet normal -0.751724 0.659478 -3.07014e-08
    outer loop
      vertex -45.3801 -27.6737 2.4
      vertex -45.3415 -27.6297 19
      vertex -45.1213 -27.3787 2.4
    endloop
  endfacet
  facet normal -0.751729 0.659472 0
    outer loop
      vertex -45.3801 -27.6737 21
      vertex -45.3415 -27.6297 19
      vertex -45.3801 -27.6737 2.4
    endloop
  endfacet
  facet normal -0.751729 0.659472 0
    outer loop
      vertex -45.3415 -27.6297 19
      vertex -45.3801 -27.6737 21
      vertex -45.3415 -27.6297 21
    endloop
  endfacet
  facet normal -0.321651 0.946858 0
    outer loop
      vertex -43.7765 -26.6022 2.4
      vertex -44.148 -26.7284 21
      vertex -43.7765 -26.6022 21
    endloop
  endfacet
  facet normal -0.321651 0.946858 0
    outer loop
      vertex -44.148 -26.7284 21
      vertex -43.7765 -26.6022 2.4
      vertex -44.148 -26.7284 2.4
    endloop
  endfacet
  facet normal 0.980833 -0.194849 0
    outer loop
      vertex -40.0671 -30.1 21
      vertex -40.0257 -29.8916 2.4
      vertex -40.0257 -29.8916 21
    endloop
  endfacet
  facet normal 0.980833 -0.194849 0
    outer loop
      vertex -40.0257 -29.8916 2.4
      vertex -40.0671 -30.1 21
      vertex -40.0671 -30.1 2.4
    endloop
  endfacet
  facet normal 0.997743 -0.0671557 0
    outer loop
      vertex -40.0229 -29.85 21
      vertex -40.0257 -29.8916 21
      vertex -40.0229 -29.85 19
    endloop
  endfacet
  facet normal 0.997866 -0.065289 0
    outer loop
      vertex -40.0229 -29.85 19
      vertex -40 -29.5 2.4
      vertex -40 -29.5 19
    endloop
  endfacet
  facet normal 0.997853 -0.0654873 -4.19983e-06
    outer loop
      vertex -40.0229 -29.85 19
      vertex -40.0257 -29.8916 2.4
      vertex -40 -29.5 2.4
    endloop
  endfacet
  facet normal 0.997743 -0.0671557 0
    outer loop
      vertex -40.0257 -29.8916 2.4
      vertex -40.0229 -29.85 19
      vertex -40.0257 -29.8916 21
    endloop
  endfacet
  facet normal 0.997743 0.0671557 -0
    outer loop
      vertex -40.0229 29.85 19
      vertex -40.0257 29.8916 21
      vertex -40.0229 29.85 21
    endloop
  endfacet
  facet normal 0.997743 0.0671557 0
    outer loop
      vertex -40.0257 29.8916 21
      vertex -40.0229 29.85 19
      vertex -40.0257 29.8916 2.4
    endloop
  endfacet
  facet normal 0.997866 0.065289 -4.69907e-06
    outer loop
      vertex -40 29.5 19
      vertex -40.0257 29.8916 2.4
      vertex -40.0229 29.85 19
    endloop
  endfacet
  facet normal 0.997853 0.0654873 0
    outer loop
      vertex -40.0257 29.8916 2.4
      vertex -40 29.5 19
      vertex -40 29.5 2.4
    endloop
  endfacet
  facet normal 0.0654873 -0.997853 0
    outer loop
      vertex -43 26.5 2.4
      vertex -42.6084 26.5257 21
      vertex -43 26.5 21
    endloop
  endfacet
  facet normal 0.0654873 -0.997853 0
    outer loop
      vertex -42.6084 26.5257 21
      vertex -43 26.5 2.4
      vertex -42.6084 26.5257 2.4
    endloop
  endfacet
  facet normal 0.831501 -0.555523 0
    outer loop
      vertex -40.6199 27.6737 21
      vertex -40.4019 28 2.4
      vertex -40.4019 28 21
    endloop
  endfacet
  facet normal 0.831501 -0.555523 0
    outer loop
      vertex -40.4019 28 2.4
      vertex -40.6199 27.6737 21
      vertex -40.6199 27.6737 2.4
    endloop
  endfacet
  facet normal 0.980833 0.194849 0
    outer loop
      vertex -40.0257 29.8916 21
      vertex -40.0671 30.1 2.4
      vertex -40.0671 30.1 21
    endloop
  endfacet
  facet normal 0.980833 0.194849 0
    outer loop
      vertex -40.0671 30.1 2.4
      vertex -40.0257 29.8916 21
      vertex -40.0257 29.8916 2.4
    endloop
  endfacet
  facet normal 0.980815 -0.19494 0
    outer loop
      vertex -40.1022 28.7235 19
      vertex -40.0257 29.1084 2.4
      vertex -40.0257 29.1084 19
    endloop
  endfacet
  facet normal 0.980815 -0.19494 0
    outer loop
      vertex -40.0257 29.1084 2.4
      vertex -40.1022 28.7235 19
      vertex -40.1022 28.7235 2.4
    endloop
  endfacet
  facet normal 0.19494 -0.980815 0
    outer loop
      vertex -42.6084 26.5257 2.4
      vertex -42.2235 26.6022 21
      vertex -42.6084 26.5257 21
    endloop
  endfacet
  facet normal 0.19494 -0.980815 0
    outer loop
      vertex -42.2235 26.6022 21
      vertex -42.6084 26.5257 2.4
      vertex -42.2235 26.6022 2.4
    endloop
  endfacet
  facet normal 0.44211 -0.896961 0
    outer loop
      vertex -41.852 26.7284 2.4
      vertex -41.5 26.9019 21
      vertex -41.852 26.7284 21
    endloop
  endfacet
  facet normal 0.44211 -0.896961 0
    outer loop
      vertex -41.5 26.9019 21
      vertex -41.852 26.7284 2.4
      vertex -41.5 26.9019 2.4
    endloop
  endfacet
  facet normal 0.997853 -0.0654873 0
    outer loop
      vertex -40.0257 29.1084 19
      vertex -40 29.5 2.4
      vertex -40 29.5 19
    endloop
  endfacet
  facet normal 0.997853 -0.0654873 0
    outer loop
      vertex -40 29.5 2.4
      vertex -40.0257 29.1084 19
      vertex -40.0257 29.1084 2.4
    endloop
  endfacet
  facet normal 0.751724 -0.659478 0
    outer loop
      vertex -40.8787 27.3787 21
      vertex -40.6199 27.6737 2.4
      vertex -40.6199 27.6737 21
    endloop
  endfacet
  facet normal 0.751724 -0.659478 0
    outer loop
      vertex -40.6199 27.6737 2.4
      vertex -40.8787 27.3787 21
      vertex -40.8787 27.3787 2.4
    endloop
  endfacet
  facet normal -0.659478 -0.751724 0
    outer loop
      vertex -45.1213 27.3787 2.4
      vertex -44.8263 27.1199 19
      vertex -45.1213 27.3787 19
    endloop
  endfacet
  facet normal -0.659478 -0.751724 -0
    outer loop
      vertex -44.8263 27.1199 19
      vertex -45.1213 27.3787 2.4
      vertex -44.8263 27.1199 2.4
    endloop
  endfacet
  facet normal -0.831521 -0.555493 0
    outer loop
      vertex -45.3801 27.6737 2.4
      vertex -45.5578 27.9397 21
      vertex -45.5578 27.9397 2.4
    endloop
  endfacet
  facet normal -0.831521 -0.555493 0
    outer loop
      vertex -45.5578 27.9397 21
      vertex -45.3801 27.6737 2.4
      vertex -45.3801 27.6737 21
    endloop
  endfacet
  facet normal 0.896911 -0.442211 0
    outer loop
      vertex -40.4019 28 21
      vertex -40.2284 28.3519 2.4
      vertex -40.2284 28.3519 21
    endloop
  endfacet
  facet normal 0.896911 -0.442211 0
    outer loop
      vertex -40.2284 28.3519 2.4
      vertex -40.4019 28 21
      vertex -40.4019 28 2.4
    endloop
  endfacet
  facet normal -0.19494 -0.980815 0
    outer loop
      vertex -43.7765 26.6022 2.4
      vertex -43.3916 26.5257 21
      vertex -43.7765 26.6022 21
    endloop
  endfacet
  facet normal -0.19494 -0.980815 -0
    outer loop
      vertex -43.3916 26.5257 21
      vertex -43.7765 26.6022 2.4
      vertex -43.3916 26.5257 2.4
    endloop
  endfacet
  facet normal -0.751729 -0.659472 0
    outer loop
      vertex -45.3801 27.6737 2.4
      vertex -45.3415 27.6297 19
      vertex -45.3801 27.6737 21
    endloop
  endfacet
  facet normal -0.751724 -0.659478 -3.07014e-08
    outer loop
      vertex -45.1213 27.3787 2.4
      vertex -45.3415 27.6297 19
      vertex -45.3801 27.6737 2.4
    endloop
  endfacet
  facet normal -0.751723 -0.659479 0
    outer loop
      vertex -45.3415 27.6297 19
      vertex -45.1213 27.3787 2.4
      vertex -45.1213 27.3787 19
    endloop
  endfacet
  facet normal -0.751729 -0.659472 0
    outer loop
      vertex -45.3801 27.6737 21
      vertex -45.3415 27.6297 19
      vertex -45.3415 27.6297 21
    endloop
  endfacet
  facet normal 0.321651 -0.946858 0
    outer loop
      vertex -42.2235 26.6022 2.4
      vertex -41.852 26.7284 21
      vertex -42.2235 26.6022 21
    endloop
  endfacet
  facet normal 0.321651 -0.946858 0
    outer loop
      vertex -41.852 26.7284 21
      vertex -42.2235 26.6022 2.4
      vertex -41.852 26.7284 2.4
    endloop
  endfacet
  facet normal 0.659478 -0.751724 0
    outer loop
      vertex -41.1737 27.1199 2.4
      vertex -40.8787 27.3787 21
      vertex -41.1737 27.1199 21
    endloop
  endfacet
  facet normal 0.659478 -0.751724 0
    outer loop
      vertex -40.8787 27.3787 21
      vertex -41.1737 27.1199 2.4
      vertex -40.8787 27.3787 2.4
    endloop
  endfacet
  facet normal 0.555523 -0.831501 0
    outer loop
      vertex -41.5 26.9019 2.4
      vertex -41.1737 27.1199 21
      vertex -41.5 26.9019 21
    endloop
  endfacet
  facet normal 0.555523 -0.831501 0
    outer loop
      vertex -41.1737 27.1199 21
      vertex -41.5 26.9019 2.4
      vertex -41.1737 27.1199 2.4
    endloop
  endfacet
  facet normal 0.946922 -0.321464 0
    outer loop
      vertex -40.1272 28.65 21
      vertex -40.2284 28.3519 21
      vertex -40.1272 28.65 19
    endloop
  endfacet
  facet normal 0.946733 -0.322018 0
    outer loop
      vertex -40.1272 28.65 19
      vertex -40.1022 28.7235 2.4
      vertex -40.1022 28.7235 19
    endloop
  endfacet
  facet normal 0.946922 -0.321464 0
    outer loop
      vertex -40.2284 28.3519 2.4
      vertex -40.1272 28.65 19
      vertex -40.2284 28.3519 21
    endloop
  endfacet
  facet normal 0.946885 -0.321574 2.19507e-06
    outer loop
      vertex -40.1272 28.65 19
      vertex -40.2284 28.3519 2.4
      vertex -40.1022 28.7235 2.4
    endloop
  endfacet
  facet normal -0.0654873 -0.997853 0
    outer loop
      vertex -43.3916 26.5257 2.4
      vertex -43 26.5 21
      vertex -43.3916 26.5257 21
    endloop
  endfacet
  facet normal -0.0654873 -0.997853 -0
    outer loop
      vertex -43 26.5 21
      vertex -43.3916 26.5257 2.4
      vertex -43 26.5 2.4
    endloop
  endfacet
  facet normal -0.321651 -0.946858 0
    outer loop
      vertex -44.148 26.7284 2.4
      vertex -43.7765 26.6022 21
      vertex -44.148 26.7284 21
    endloop
  endfacet
  facet normal -0.321651 -0.946858 -0
    outer loop
      vertex -43.7765 26.6022 21
      vertex -44.148 26.7284 2.4
      vertex -43.7765 26.6022 2.4
    endloop
  endfacet
  facet normal -0.555523 -0.831501 0
    outer loop
      vertex -44.8263 27.1199 2.4
      vertex -44.5 26.9019 19
      vertex -44.8263 27.1199 19
    endloop
  endfacet
  facet normal -0.555523 -0.831501 -0
    outer loop
      vertex -44.5 26.9019 19
      vertex -44.8263 27.1199 2.4
      vertex -44.5 26.9019 2.4
    endloop
  endfacet
  facet normal -0.442287 -0.896874 -0
    outer loop
      vertex -44.5 26.9019 19
      vertex -44.5 26.9019 2.4
      vertex -44.15 26.7293 19
    endloop
  endfacet
  facet normal -0.410365 -0.911922 0
    outer loop
      vertex -44.15 26.7293 19
      vertex -44.148 26.7284 21
      vertex -44.15 26.7293 21
    endloop
  endfacet
  facet normal -0.410365 -0.911922 0
    outer loop
      vertex -44.15 26.7293 19
      vertex -44.148 26.7284 2.4
      vertex -44.148 26.7284 21
    endloop
  endfacet
  facet normal -0.44211 -0.896961 -4.63585e-06
    outer loop
      vertex -44.148 26.7284 2.4
      vertex -44.15 26.7293 19
      vertex -44.5 26.9019 2.4
    endloop
  endfacet
  facet normal -0.0654873 0.997853 0
    outer loop
      vertex 43 -26.5 2.4
      vertex 42.6084 -26.5257 21
      vertex 43 -26.5 21
    endloop
  endfacet
  facet normal -0.0654873 0.997853 0
    outer loop
      vertex 42.6084 -26.5257 21
      vertex 43 -26.5 2.4
      vertex 42.6084 -26.5257 2.4
    endloop
  endfacet
  facet normal 0.659478 0.751724 -0
    outer loop
      vertex 45.1213 -27.3787 2.4
      vertex 44.8263 -27.1199 19
      vertex 45.1213 -27.3787 19
    endloop
  endfacet
  facet normal 0.659478 0.751724 0
    outer loop
      vertex 44.8263 -27.1199 19
      vertex 45.1213 -27.3787 2.4
      vertex 44.8263 -27.1199 2.4
    endloop
  endfacet
  facet normal -0.751724 0.659478 0
    outer loop
      vertex 40.6199 -27.6737 2.4
      vertex 40.8787 -27.3787 21
      vertex 40.8787 -27.3787 2.4
    endloop
  endfacet
  facet normal -0.751724 0.659478 0
    outer loop
      vertex 40.8787 -27.3787 21
      vertex 40.6199 -27.6737 2.4
      vertex 40.6199 -27.6737 21
    endloop
  endfacet
  facet normal -0.44211 0.896961 0
    outer loop
      vertex 41.852 -26.7284 2.4
      vertex 41.5 -26.9019 21
      vertex 41.852 -26.7284 21
    endloop
  endfacet
  facet normal -0.44211 0.896961 0
    outer loop
      vertex 41.5 -26.9019 21
      vertex 41.852 -26.7284 2.4
      vertex 41.5 -26.9019 2.4
    endloop
  endfacet
  facet normal 0.321651 0.946858 -0
    outer loop
      vertex 44.148 -26.7284 2.4
      vertex 43.7765 -26.6022 21
      vertex 44.148 -26.7284 21
    endloop
  endfacet
  facet normal 0.321651 0.946858 0
    outer loop
      vertex 43.7765 -26.6022 21
      vertex 44.148 -26.7284 2.4
      vertex 43.7765 -26.6022 2.4
    endloop
  endfacet
  facet normal 0.19494 0.980815 -0
    outer loop
      vertex 43.7765 -26.6022 2.4
      vertex 43.3916 -26.5257 21
      vertex 43.7765 -26.6022 21
    endloop
  endfacet
  facet normal 0.19494 0.980815 0
    outer loop
      vertex 43.3916 -26.5257 21
      vertex 43.7765 -26.6022 2.4
      vertex 43.3916 -26.5257 2.4
    endloop
  endfacet
  facet normal 0.555523 0.831501 -0
    outer loop
      vertex 44.8263 -27.1199 2.4
      vertex 44.5 -26.9019 19
      vertex 44.8263 -27.1199 19
    endloop
  endfacet
  facet normal 0.555523 0.831501 0
    outer loop
      vertex 44.5 -26.9019 19
      vertex 44.8263 -27.1199 2.4
      vertex 44.5 -26.9019 2.4
    endloop
  endfacet
  facet normal -0.896911 0.442211 0
    outer loop
      vertex 40.2284 -28.3519 2.4
      vertex 40.4019 -28 21
      vertex 40.4019 -28 2.4
    endloop
  endfacet
  facet normal -0.896911 0.442211 0
    outer loop
      vertex 40.4019 -28 21
      vertex 40.2284 -28.3519 2.4
      vertex 40.2284 -28.3519 21
    endloop
  endfacet
  facet normal -0.831501 0.555523 0
    outer loop
      vertex 40.4019 -28 2.4
      vertex 40.6199 -27.6737 21
      vertex 40.6199 -27.6737 2.4
    endloop
  endfacet
  facet normal -0.831501 0.555523 0
    outer loop
      vertex 40.6199 -27.6737 21
      vertex 40.4019 -28 2.4
      vertex 40.4019 -28 21
    endloop
  endfacet
  facet normal -0.980815 0.19494 0
    outer loop
      vertex 40.0257 -29.1084 2.4
      vertex 40.1022 -28.7235 19
      vertex 40.1022 -28.7235 2.4
    endloop
  endfacet
  facet normal -0.980815 0.19494 0
    outer loop
      vertex 40.1022 -28.7235 19
      vertex 40.0257 -29.1084 2.4
      vertex 40.0257 -29.1084 19
    endloop
  endfacet
  facet normal -0.659478 0.751724 0
    outer loop
      vertex 41.1737 -27.1199 2.4
      vertex 40.8787 -27.3787 21
      vertex 41.1737 -27.1199 21
    endloop
  endfacet
  facet normal -0.659478 0.751724 0
    outer loop
      vertex 40.8787 -27.3787 21
      vertex 41.1737 -27.1199 2.4
      vertex 40.8787 -27.3787 2.4
    endloop
  endfacet
  facet normal -0.19494 0.980815 0
    outer loop
      vertex 42.6084 -26.5257 2.4
      vertex 42.2235 -26.6022 21
      vertex 42.6084 -26.5257 21
    endloop
  endfacet
  facet normal -0.19494 0.980815 0
    outer loop
      vertex 42.2235 -26.6022 21
      vertex 42.6084 -26.5257 2.4
      vertex 42.2235 -26.6022 2.4
    endloop
  endfacet
  facet normal 0.751729 0.659472 0
    outer loop
      vertex 45.3415 -27.6297 21
      vertex 45.3801 -27.6737 21
      vertex 45.3415 -27.6297 19
    endloop
  endfacet
  facet normal 0.751723 0.659479 0
    outer loop
      vertex 45.3415 -27.6297 19
      vertex 45.1213 -27.3787 2.4
      vertex 45.1213 -27.3787 19
    endloop
  endfacet
  facet normal 0.751729 0.659472 -0
    outer loop
      vertex 45.3801 -27.6737 2.4
      vertex 45.3415 -27.6297 19
      vertex 45.3801 -27.6737 21
    endloop
  endfacet
  facet normal 0.751724 0.659478 -3.07014e-08
    outer loop
      vertex 45.3415 -27.6297 19
      vertex 45.3801 -27.6737 2.4
      vertex 45.1213 -27.3787 2.4
    endloop
  endfacet
  facet normal 0.831521 0.555493 0
    outer loop
      vertex 45.5578 -27.9397 21
      vertex 45.3801 -27.6737 2.4
      vertex 45.3801 -27.6737 21
    endloop
  endfacet
  facet normal 0.831521 0.555493 0
    outer loop
      vertex 45.3801 -27.6737 2.4
      vertex 45.5578 -27.9397 21
      vertex 45.5578 -27.9397 2.4
    endloop
  endfacet
  facet normal 0.0654873 0.997853 -0
    outer loop
      vertex 43.3916 -26.5257 2.4
      vertex 43 -26.5 21
      vertex 43.3916 -26.5257 21
    endloop
  endfacet
  facet normal 0.0654873 0.997853 0
    outer loop
      vertex 43 -26.5 21
      vertex 43.3916 -26.5257 2.4
      vertex 43 -26.5 2.4
    endloop
  endfacet
  facet normal -0.946922 0.321464 0
    outer loop
      vertex 40.2284 -28.3519 2.4
      vertex 40.1272 -28.65 19
      vertex 40.2284 -28.3519 21
    endloop
  endfacet
  facet normal -0.946885 0.321574 2.19507e-06
    outer loop
      vertex 40.1022 -28.7235 2.4
      vertex 40.1272 -28.65 19
      vertex 40.2284 -28.3519 2.4
    endloop
  endfacet
  facet normal -0.946733 0.322018 0
    outer loop
      vertex 40.1272 -28.65 19
      vertex 40.1022 -28.7235 2.4
      vertex 40.1022 -28.7235 19
    endloop
  endfacet
  facet normal -0.946922 0.321464 0
    outer loop
      vertex 40.2284 -28.3519 21
      vertex 40.1272 -28.65 19
      vertex 40.1272 -28.65 21
    endloop
  endfacet
  facet normal -0.997853 0.0654873 0
    outer loop
      vertex 40 -29.5 2.4
      vertex 40.0257 -29.1084 19
      vertex 40.0257 -29.1084 2.4
    endloop
  endfacet
  facet normal -0.997853 0.0654873 0
    outer loop
      vertex 40.0257 -29.1084 19
      vertex 40 -29.5 2.4
      vertex 40 -29.5 19
    endloop
  endfacet
  facet normal -0.555523 0.831501 0
    outer loop
      vertex 41.5 -26.9019 2.4
      vertex 41.1737 -27.1199 21
      vertex 41.5 -26.9019 21
    endloop
  endfacet
  facet normal -0.555523 0.831501 0
    outer loop
      vertex 41.1737 -27.1199 21
      vertex 41.5 -26.9019 2.4
      vertex 41.1737 -27.1199 2.4
    endloop
  endfacet
  facet normal -0.321651 0.946858 0
    outer loop
      vertex 42.2235 -26.6022 2.4
      vertex 41.852 -26.7284 21
      vertex 42.2235 -26.6022 21
    endloop
  endfacet
  facet normal -0.321651 0.946858 0
    outer loop
      vertex 41.852 -26.7284 21
      vertex 42.2235 -26.6022 2.4
      vertex 41.852 -26.7284 2.4
    endloop
  endfacet
  facet normal -0.980833 -0.194849 0
    outer loop
      vertex 40.0671 -30.1 2.4
      vertex 40.0257 -29.8916 21
      vertex 40.0257 -29.8916 2.4
    endloop
  endfacet
  facet normal -0.980833 -0.194849 0
    outer loop
      vertex 40.0257 -29.8916 21
      vertex 40.0671 -30.1 2.4
      vertex 40.0671 -30.1 21
    endloop
  endfacet
  facet normal 0.442287 0.896874 0
    outer loop
      vertex 44.5 -26.9019 19
      vertex 44.5 -26.9019 2.4
      vertex 44.15 -26.7293 19
    endloop
  endfacet
  facet normal 0.410365 0.911922 -0
    outer loop
      vertex 44.15 -26.7293 19
      vertex 44.148 -26.7284 21
      vertex 44.15 -26.7293 21
    endloop
  endfacet
  facet normal 0.410365 0.911922 0
    outer loop
      vertex 44.15 -26.7293 19
      vertex 44.148 -26.7284 2.4
      vertex 44.148 -26.7284 21
    endloop
  endfacet
  facet normal 0.44211 0.896961 -4.63585e-06
    outer loop
      vertex 44.148 -26.7284 2.4
      vertex 44.15 -26.7293 19
      vertex 44.5 -26.9019 2.4
    endloop
  endfacet
  facet normal -0.997866 -0.065289 0
    outer loop
      vertex 40 -29.5 2.4
      vertex 40.0229 -29.85 19
      vertex 40 -29.5 19
    endloop
  endfacet
  facet normal -0.997853 -0.0654873 -4.19983e-06
    outer loop
      vertex 40.0257 -29.8916 2.4
      vertex 40.0229 -29.85 19
      vertex 40 -29.5 2.4
    endloop
  endfacet
  facet normal -0.997743 -0.0671557 -0
    outer loop
      vertex 40.0257 -29.8916 21
      vertex 40.0229 -29.85 19
      vertex 40.0257 -29.8916 2.4
    endloop
  endfacet
  facet normal -0.997743 -0.0671557 0
    outer loop
      vertex 40.0229 -29.85 19
      vertex 40.0257 -29.8916 21
      vertex 40.0229 -29.85 21
    endloop
  endfacet
  facet normal -0.19494 -0.980815 0
    outer loop
      vertex 42.2235 26.6022 2.4
      vertex 42.6084 26.5257 21
      vertex 42.2235 26.6022 21
    endloop
  endfacet
  facet normal -0.19494 -0.980815 -0
    outer loop
      vertex 42.6084 26.5257 21
      vertex 42.2235 26.6022 2.4
      vertex 42.6084 26.5257 2.4
    endloop
  endfacet
  facet normal -0.321651 -0.946858 0
    outer loop
      vertex 41.852 26.7284 2.4
      vertex 42.2235 26.6022 21
      vertex 41.852 26.7284 21
    endloop
  endfacet
  facet normal -0.321651 -0.946858 -0
    outer loop
      vertex 42.2235 26.6022 21
      vertex 41.852 26.7284 2.4
      vertex 42.2235 26.6022 2.4
    endloop
  endfacet
  facet normal 0.19494 -0.980815 0
    outer loop
      vertex 43.3916 26.5257 2.4
      vertex 43.7765 26.6022 21
      vertex 43.3916 26.5257 21
    endloop
  endfacet
  facet normal 0.19494 -0.980815 0
    outer loop
      vertex 43.7765 26.6022 21
      vertex 43.3916 26.5257 2.4
      vertex 43.7765 26.6022 2.4
    endloop
  endfacet
  facet normal -0.0654873 -0.997853 0
    outer loop
      vertex 42.6084 26.5257 2.4
      vertex 43 26.5 21
      vertex 42.6084 26.5257 21
    endloop
  endfacet
  facet normal -0.0654873 -0.997853 -0
    outer loop
      vertex 43 26.5 21
      vertex 42.6084 26.5257 2.4
      vertex 43 26.5 2.4
    endloop
  endfacet
  facet normal -0.555523 -0.831501 0
    outer loop
      vertex 41.1737 27.1199 2.4
      vertex 41.5 26.9019 21
      vertex 41.1737 27.1199 21
    endloop
  endfacet
  facet normal -0.555523 -0.831501 -0
    outer loop
      vertex 41.5 26.9019 21
      vertex 41.1737 27.1199 2.4
      vertex 41.5 26.9019 2.4
    endloop
  endfacet
  facet normal -0.980815 -0.19494 0
    outer loop
      vertex 40.1022 28.7235 2.4
      vertex 40.0257 29.1084 19
      vertex 40.0257 29.1084 2.4
    endloop
  endfacet
  facet normal -0.980815 -0.19494 0
    outer loop
      vertex 40.0257 29.1084 19
      vertex 40.1022 28.7235 2.4
      vertex 40.1022 28.7235 19
    endloop
  endfacet
  facet normal -0.997853 -0.0654873 0
    outer loop
      vertex 40.0257 29.1084 2.4
      vertex 40 29.5 19
      vertex 40 29.5 2.4
    endloop
  endfacet
  facet normal -0.997853 -0.0654873 0
    outer loop
      vertex 40 29.5 19
      vertex 40.0257 29.1084 2.4
      vertex 40.0257 29.1084 19
    endloop
  endfacet
  facet normal -0.980833 0.194849 0
    outer loop
      vertex 40.0257 29.8916 2.4
      vertex 40.0671 30.1 21
      vertex 40.0671 30.1 2.4
    endloop
  endfacet
  facet normal -0.980833 0.194849 0
    outer loop
      vertex 40.0671 30.1 21
      vertex 40.0257 29.8916 2.4
      vertex 40.0257 29.8916 21
    endloop
  endfacet
  facet normal 0.831521 -0.555493 0
    outer loop
      vertex 45.3801 27.6737 21
      vertex 45.5578 27.9397 2.4
      vertex 45.5578 27.9397 21
    endloop
  endfacet
  facet normal 0.831521 -0.555493 0
    outer loop
      vertex 45.5578 27.9397 2.4
      vertex 45.3801 27.6737 21
      vertex 45.3801 27.6737 2.4
    endloop
  endfacet
  facet normal 0.321651 -0.946858 0
    outer loop
      vertex 43.7765 26.6022 2.4
      vertex 44.148 26.7284 21
      vertex 43.7765 26.6022 21
    endloop
  endfacet
  facet normal 0.321651 -0.946858 0
    outer loop
      vertex 44.148 26.7284 21
      vertex 43.7765 26.6022 2.4
      vertex 44.148 26.7284 2.4
    endloop
  endfacet
  facet normal 0.751729 -0.659472 0
    outer loop
      vertex 45.3415 27.6297 19
      vertex 45.3801 27.6737 21
      vertex 45.3415 27.6297 21
    endloop
  endfacet
  facet normal 0.751729 -0.659472 0
    outer loop
      vertex 45.3801 27.6737 21
      vertex 45.3415 27.6297 19
      vertex 45.3801 27.6737 2.4
    endloop
  endfacet
  facet normal 0.751723 -0.659479 -3.60833e-08
    outer loop
      vertex 45.1213 27.3787 19
      vertex 45.3801 27.6737 2.4
      vertex 45.3415 27.6297 19
    endloop
  endfacet
  facet normal 0.751724 -0.659478 0
    outer loop
      vertex 45.3801 27.6737 2.4
      vertex 45.1213 27.3787 19
      vertex 45.1213 27.3787 2.4
    endloop
  endfacet
  facet normal 0.555523 -0.831501 0
    outer loop
      vertex 44.5 26.9019 2.4
      vertex 44.8263 27.1199 19
      vertex 44.5 26.9019 19
    endloop
  endfacet
  facet normal 0.555523 -0.831501 0
    outer loop
      vertex 44.8263 27.1199 19
      vertex 44.5 26.9019 2.4
      vertex 44.8263 27.1199 2.4
    endloop
  endfacet
  facet normal 0.0654873 -0.997853 0
    outer loop
      vertex 43 26.5 2.4
      vertex 43.3916 26.5257 21
      vertex 43 26.5 21
    endloop
  endfacet
  facet normal 0.0654873 -0.997853 0
    outer loop
      vertex 43.3916 26.5257 21
      vertex 43 26.5 2.4
      vertex 43.3916 26.5257 2.4
    endloop
  endfacet
  facet normal -0.44211 -0.896961 0
    outer loop
      vertex 41.5 26.9019 2.4
      vertex 41.852 26.7284 21
      vertex 41.5 26.9019 21
    endloop
  endfacet
  facet normal -0.44211 -0.896961 -0
    outer loop
      vertex 41.852 26.7284 21
      vertex 41.5 26.9019 2.4
      vertex 41.852 26.7284 2.4
    endloop
  endfacet
  facet normal -0.946733 -0.322018 0
    outer loop
      vertex 40.1022 28.7235 2.4
      vertex 40.1272 28.65 19
      vertex 40.1022 28.7235 19
    endloop
  endfacet
  facet normal -0.946885 -0.321574 2.19507e-06
    outer loop
      vertex 40.2284 28.3519 2.4
      vertex 40.1272 28.65 19
      vertex 40.1022 28.7235 2.4
    endloop
  endfacet
  facet normal -0.946922 -0.321464 -0
    outer loop
      vertex 40.2284 28.3519 21
      vertex 40.1272 28.65 19
      vertex 40.2284 28.3519 2.4
    endloop
  endfacet
  facet normal -0.946922 -0.321464 0
    outer loop
      vertex 40.1272 28.65 19
      vertex 40.2284 28.3519 21
      vertex 40.1272 28.65 21
    endloop
  endfacet
  facet normal -0.659478 -0.751724 0
    outer loop
      vertex 40.8787 27.3787 2.4
      vertex 41.1737 27.1199 21
      vertex 40.8787 27.3787 21
    endloop
  endfacet
  facet normal -0.659478 -0.751724 -0
    outer loop
      vertex 41.1737 27.1199 21
      vertex 40.8787 27.3787 2.4
      vertex 41.1737 27.1199 2.4
    endloop
  endfacet
  facet normal -0.831501 -0.555523 0
    outer loop
      vertex 40.6199 27.6737 2.4
      vertex 40.4019 28 21
      vertex 40.4019 28 2.4
    endloop
  endfacet
  facet normal -0.831501 -0.555523 0
    outer loop
      vertex 40.4019 28 21
      vertex 40.6199 27.6737 2.4
      vertex 40.6199 27.6737 21
    endloop
  endfacet
  facet normal -0.997743 0.0671557 0
    outer loop
      vertex 40.0257 29.8916 2.4
      vertex 40.0229 29.85 19
      vertex 40.0257 29.8916 21
    endloop
  endfacet
  facet normal -0.997853 0.0654873 -4.19983e-06
    outer loop
      vertex 40 29.5 2.4
      vertex 40.0229 29.85 19
      vertex 40.0257 29.8916 2.4
    endloop
  endfacet
  facet normal -0.997866 0.065289 0
    outer loop
      vertex 40.0229 29.85 19
      vertex 40 29.5 2.4
      vertex 40 29.5 19
    endloop
  endfacet
  facet normal -0.997743 0.0671557 0
    outer loop
      vertex 40.0257 29.8916 21
      vertex 40.0229 29.85 19
      vertex 40.0229 29.85 21
    endloop
  endfacet
  facet normal 0.410365 -0.911922 0
    outer loop
      vertex 44.148 26.7284 21
      vertex 44.15 26.7293 19
      vertex 44.15 26.7293 21
    endloop
  endfacet
  facet normal 0.410365 -0.911922 0
    outer loop
      vertex 44.148 26.7284 2.4
      vertex 44.15 26.7293 19
      vertex 44.148 26.7284 21
    endloop
  endfacet
  facet normal 0.442287 -0.896874 -4.66189e-06
    outer loop
      vertex 44.148 26.7284 2.4
      vertex 44.5 26.9019 19
      vertex 44.15 26.7293 19
    endloop
  endfacet
  facet normal 0.44211 -0.896961 0
    outer loop
      vertex 44.5 26.9019 19
      vertex 44.148 26.7284 2.4
      vertex 44.5 26.9019 2.4
    endloop
  endfacet
  facet normal 0.659478 -0.751724 0
    outer loop
      vertex 44.8263 27.1199 2.4
      vertex 45.1213 27.3787 19
      vertex 44.8263 27.1199 19
    endloop
  endfacet
  facet normal 0.659478 -0.751724 0
    outer loop
      vertex 45.1213 27.3787 19
      vertex 44.8263 27.1199 2.4
      vertex 45.1213 27.3787 2.4
    endloop
  endfacet
  facet normal -0.896911 -0.442211 0
    outer loop
      vertex 40.4019 28 2.4
      vertex 40.2284 28.3519 21
      vertex 40.2284 28.3519 2.4
    endloop
  endfacet
  facet normal -0.896911 -0.442211 0
    outer loop
      vertex 40.2284 28.3519 21
      vertex 40.4019 28 2.4
      vertex 40.4019 28 21
    endloop
  endfacet
  facet normal -0.751724 -0.659478 0
    outer loop
      vertex 40.8787 27.3787 2.4
      vertex 40.6199 27.6737 21
      vertex 40.6199 27.6737 2.4
    endloop
  endfacet
  facet normal -0.751724 -0.659478 0
    outer loop
      vertex 40.6199 27.6737 21
      vertex 40.8787 27.3787 2.4
      vertex 40.8787 27.3787 21
    endloop
  endfacet
  facet normal 0.997859 -0.0653956 0
    outer loop
      vertex 45.3415 -27.6297 21
      vertex 45.35 -27.5 19
      vertex 45.35 -27.5 21
    endloop
  endfacet
  facet normal 0.997859 -0.0653956 0
    outer loop
      vertex 45.35 -27.5 19
      vertex 45.3415 -27.6297 21
      vertex 45.3415 -27.6297 19
    endloop
  endfacet
  facet normal -1 0 0
    outer loop
      vertex -45.35 11.9281 19.1436
      vertex -45.35 27.5 19
      vertex -45.35 11.9375 19
    endloop
  endfacet
  facet normal -1 0 0
    outer loop
      vertex -45.35 27.5 19
      vertex -45.35 11.9281 19.1436
      vertex -45.35 27.5 21
    endloop
  endfacet
  facet normal -1 0 0
    outer loop
      vertex -45.35 11.9 19.2847
      vertex -45.35 27.5 21
      vertex -45.35 11.9281 19.1436
    endloop
  endfacet
  facet normal -1 0 0
    outer loop
      vertex -45.35 11.8538 19.421
      vertex -45.35 27.5 21
      vertex -45.35 11.9 19.2847
    endloop
  endfacet
  facet normal -1 0 0
    outer loop
      vertex -45.35 11.7901 19.55
      vertex -45.35 27.5 21
      vertex -45.35 11.8538 19.421
    endloop
  endfacet
  facet normal -1 0 0
    outer loop
      vertex -45.35 11.7102 19.6696
      vertex -45.35 27.5 21
      vertex -45.35 11.7901 19.55
    endloop
  endfacet
  facet normal -1 0 0
    outer loop
      vertex -45.35 11.6153 19.7778
      vertex -45.35 27.5 21
      vertex -45.35 11.7102 19.6696
    endloop
  endfacet
  facet normal -1 0 0
    outer loop
      vertex -45.35 11.5071 19.8727
      vertex -45.35 27.5 21
      vertex -45.35 11.6153 19.7778
    endloop
  endfacet
  facet normal -1 0 0
    outer loop
      vertex -45.35 11.3875 19.9526
      vertex -45.35 27.5 21
      vertex -45.35 11.5071 19.8727
    endloop
  endfacet
  facet normal -1 0 0
    outer loop
      vertex -45.35 11.2585 20.0163
      vertex -45.35 27.5 21
      vertex -45.35 11.3875 19.9526
    endloop
  endfacet
  facet normal -1 0 0
    outer loop
      vertex -45.35 11.1222 20.0625
      vertex -45.35 27.5 21
      vertex -45.35 11.2585 20.0163
    endloop
  endfacet
  facet normal -1 0 0
    outer loop
      vertex -45.35 10.9811 20.0906
      vertex -45.35 27.5 21
      vertex -45.35 11.1222 20.0625
    endloop
  endfacet
  facet normal -1 0 0
    outer loop
      vertex -45.35 10.8375 20.1
      vertex -45.35 27.5 21
      vertex -45.35 10.9811 20.0906
    endloop
  endfacet
  facet normal -1 0 0
    outer loop
      vertex -45.35 5.9375 19
      vertex -45.35 9.74691 19.1436
      vertex -45.35 9.7375 19
    endloop
  endfacet
  facet normal -1 0 0
    outer loop
      vertex -45.35 5.92809 19.1436
      vertex -45.35 9.74691 19.1436
      vertex -45.35 5.9375 19
    endloop
  endfacet
  facet normal -1 0 0
    outer loop
      vertex -45.35 9.74691 19.1436
      vertex -45.35 5.92809 19.1436
      vertex -45.35 9.77498 19.2847
    endloop
  endfacet
  facet normal -1 0 0
    outer loop
      vertex -45.35 5.90002 19.2847
      vertex -45.35 9.77498 19.2847
      vertex -45.35 5.92809 19.1436
    endloop
  endfacet
  facet normal -1 0 0
    outer loop
      vertex -45.35 9.77498 19.2847
      vertex -45.35 5.90002 19.2847
      vertex -45.35 9.82123 19.421
    endloop
  endfacet
  facet normal -1 0 0
    outer loop
      vertex -45.35 5.85377 19.421
      vertex -45.35 9.82123 19.421
      vertex -45.35 5.90002 19.2847
    endloop
  endfacet
  facet normal -1 0 0
    outer loop
      vertex -45.35 9.82123 19.421
      vertex -45.35 5.85377 19.421
      vertex -45.35 9.88487 19.55
    endloop
  endfacet
  facet normal -1 0 0
    outer loop
      vertex -45.35 5.79013 19.55
      vertex -45.35 9.88487 19.55
      vertex -45.35 5.85377 19.421
    endloop
  endfacet
  facet normal -1 0 0
    outer loop
      vertex -45.35 9.88487 19.55
      vertex -45.35 5.79013 19.55
      vertex -45.35 9.96481 19.6696
    endloop
  endfacet
  facet normal -1 0 0
    outer loop
      vertex -45.35 5.71019 19.6696
      vertex -45.35 9.96481 19.6696
      vertex -45.35 5.79013 19.55
    endloop
  endfacet
  facet normal -1 0 0
    outer loop
      vertex -45.35 9.96481 19.6696
      vertex -45.35 5.71019 19.6696
      vertex -45.35 10.0597 19.7778
    endloop
  endfacet
  facet normal -1 0 0
    outer loop
      vertex -45.35 5.61532 19.7778
      vertex -45.35 10.0597 19.7778
      vertex -45.35 5.71019 19.6696
    endloop
  endfacet
  facet normal -1 0 0
    outer loop
      vertex -45.35 10.0597 19.7778
      vertex -45.35 5.61532 19.7778
      vertex -45.35 10.1679 19.8727
    endloop
  endfacet
  facet normal -1 0 0
    outer loop
      vertex -45.35 5.50714 19.8727
      vertex -45.35 10.1679 19.8727
      vertex -45.35 5.61532 19.7778
    endloop
  endfacet
  facet normal -1 0 0
    outer loop
      vertex -45.35 10.1679 19.8727
      vertex -45.35 5.50714 19.8727
      vertex -45.35 10.2875 19.9526
    endloop
  endfacet
  facet normal -1 0 0
    outer loop
      vertex -45.35 5.3875 19.9526
      vertex -45.35 10.2875 19.9526
      vertex -45.35 5.50714 19.8727
    endloop
  endfacet
  facet normal -1 0 0
    outer loop
      vertex -45.35 10.2875 19.9526
      vertex -45.35 5.3875 19.9526
      vertex -45.35 10.4165 20.0163
    endloop
  endfacet
  facet normal -1 0 0
    outer loop
      vertex -45.35 5.25845 20.0163
      vertex -45.35 10.4165 20.0163
      vertex -45.35 5.3875 19.9526
    endloop
  endfacet
  facet normal -1 0 0
    outer loop
      vertex -45.35 10.4165 20.0163
      vertex -45.35 5.25845 20.0163
      vertex -45.35 10.5528 20.0625
    endloop
  endfacet
  facet normal -1 0 0
    outer loop
      vertex -45.35 5.1222 20.0625
      vertex -45.35 10.5528 20.0625
      vertex -45.35 5.25845 20.0163
    endloop
  endfacet
  facet normal -1 0 0
    outer loop
      vertex -45.35 10.5528 20.0625
      vertex -45.35 5.1222 20.0625
      vertex -45.35 10.6939 20.0906
    endloop
  endfacet
  facet normal -1 0 0
    outer loop
      vertex -45.35 4.98108 20.0906
      vertex -45.35 10.6939 20.0906
      vertex -45.35 5.1222 20.0625
    endloop
  endfacet
  facet normal -1 0 0
    outer loop
      vertex -45.35 10.6939 20.0906
      vertex -45.35 4.98108 20.0906
      vertex -45.35 10.8375 20.1
    endloop
  endfacet
  facet normal -1 0 0
    outer loop
      vertex -45.35 4.8375 20.1
      vertex -45.35 10.8375 20.1
      vertex -45.35 4.98108 20.0906
    endloop
  endfacet
  facet normal -1 0 0
    outer loop
      vertex -45.35 10.8375 20.1
      vertex -45.35 4.8375 20.1
      vertex -45.35 27.5 21
    endloop
  endfacet
  facet normal -1 0 0
    outer loop
      vertex -45.35 -0.0625 19
      vertex -45.35 3.74691 19.1436
      vertex -45.35 3.7375 19
    endloop
  endfacet
  facet normal -1 0 0
    outer loop
      vertex -45.35 -0.0719099 19.1436
      vertex -45.35 3.74691 19.1436
      vertex -45.35 -0.0625 19
    endloop
  endfacet
  facet normal -1 0 0
    outer loop
      vertex -45.35 3.74691 19.1436
      vertex -45.35 -0.0719099 19.1436
      vertex -45.35 3.77498 19.2847
    endloop
  endfacet
  facet normal -1 0 0
    outer loop
      vertex -45.35 -0.0999813 19.2847
      vertex -45.35 3.77498 19.2847
      vertex -45.35 -0.0719099 19.1436
    endloop
  endfacet
  facet normal -1 0 0
    outer loop
      vertex -45.35 3.77498 19.2847
      vertex -45.35 -0.0999813 19.2847
      vertex -45.35 3.82123 19.421
    endloop
  endfacet
  facet normal -1 0 0
    outer loop
      vertex -45.35 -0.146232 19.421
      vertex -45.35 3.82123 19.421
      vertex -45.35 -0.0999813 19.2847
    endloop
  endfacet
  facet normal -1 0 0
    outer loop
      vertex -45.35 3.82123 19.421
      vertex -45.35 -0.146232 19.421
      vertex -45.35 3.88487 19.55
    endloop
  endfacet
  facet normal -1 0 0
    outer loop
      vertex -45.35 -0.209871 19.55
      vertex -45.35 3.88487 19.55
      vertex -45.35 -0.146232 19.421
    endloop
  endfacet
  facet normal -1 0 0
    outer loop
      vertex -45.35 3.88487 19.55
      vertex -45.35 -0.209871 19.55
      vertex -45.35 3.96481 19.6696
    endloop
  endfacet
  facet normal -1 0 0
    outer loop
      vertex -45.35 -0.289811 19.6696
      vertex -45.35 3.96481 19.6696
      vertex -45.35 -0.209871 19.55
    endloop
  endfacet
  facet normal -1 0 0
    outer loop
      vertex -45.35 3.96481 19.6696
      vertex -45.35 -0.289811 19.6696
      vertex -45.35 4.05968 19.7778
    endloop
  endfacet
  facet normal -1 0 0
    outer loop
      vertex -45.35 -0.384682 19.7778
      vertex -45.35 4.05968 19.7778
      vertex -45.35 -0.289811 19.6696
    endloop
  endfacet
  facet normal -1 0 0
    outer loop
      vertex -45.35 4.05968 19.7778
      vertex -45.35 -0.384682 19.7778
      vertex -45.35 4.16786 19.8727
    endloop
  endfacet
  facet normal -1 0 0
    outer loop
      vertex -45.35 -0.492862 19.8727
      vertex -45.35 4.16786 19.8727
      vertex -45.35 -0.384682 19.7778
    endloop
  endfacet
  facet normal -1 0 0
    outer loop
      vertex -45.35 4.16786 19.8727
      vertex -45.35 -0.492862 19.8727
      vertex -45.35 4.2875 19.9526
    endloop
  endfacet
  facet normal -1 0 0
    outer loop
      vertex -45.35 -0.612499 19.9526
      vertex -45.35 4.2875 19.9526
      vertex -45.35 -0.492862 19.8727
    endloop
  endfacet
  facet normal -1 0 0
    outer loop
      vertex -45.35 4.2875 19.9526
      vertex -45.35 -0.612499 19.9526
      vertex -45.35 4.41655 20.0163
    endloop
  endfacet
  facet normal -1 0 0
    outer loop
      vertex -45.35 -0.741548 20.0163
      vertex -45.35 4.41655 20.0163
      vertex -45.35 -0.612499 19.9526
    endloop
  endfacet
  facet normal -1 0 0
    outer loop
      vertex -45.35 4.41655 20.0163
      vertex -45.35 -0.741548 20.0163
      vertex -45.35 4.5528 20.0625
    endloop
  endfacet
  facet normal -1 0 0
    outer loop
      vertex -45.35 -0.877799 20.0625
      vertex -45.35 4.5528 20.0625
      vertex -45.35 -0.741548 20.0163
    endloop
  endfacet
  facet normal -1 0 0
    outer loop
      vertex -45.35 4.5528 20.0625
      vertex -45.35 -0.877799 20.0625
      vertex -45.35 4.69392 20.0906
    endloop
  endfacet
  facet normal -1 0 0
    outer loop
      vertex -45.35 -1.01892 20.0906
      vertex -45.35 4.69392 20.0906
      vertex -45.35 -0.877799 20.0625
    endloop
  endfacet
  facet normal -1 0 0
    outer loop
      vertex -45.35 4.69392 20.0906
      vertex -45.35 -1.01892 20.0906
      vertex -45.35 4.8375 20.1
    endloop
  endfacet
  facet normal -1 0 0
    outer loop
      vertex -45.35 -1.1625 20.1
      vertex -45.35 4.8375 20.1
      vertex -45.35 -1.01892 20.0906
    endloop
  endfacet
  facet normal -1 0 0
    outer loop
      vertex -45.35 4.8375 20.1
      vertex -45.35 -1.1625 20.1
      vertex -45.35 27.5 21
    endloop
  endfacet
  facet normal -1 0 0
    outer loop
      vertex -45.35 -6.0625 19
      vertex -45.35 -2.25309 19.1436
      vertex -45.35 -2.2625 19
    endloop
  endfacet
  facet normal -1 0 0
    outer loop
      vertex -45.35 -6.07191 19.1436
      vertex -45.35 -2.25309 19.1436
      vertex -45.35 -6.0625 19
    endloop
  endfacet
  facet normal -1 0 0
    outer loop
      vertex -45.35 -2.25309 19.1436
      vertex -45.35 -6.07191 19.1436
      vertex -45.35 -2.22502 19.2847
    endloop
  endfacet
  facet normal -1 0 0
    outer loop
      vertex -45.35 -6.09998 19.2847
      vertex -45.35 -2.22502 19.2847
      vertex -45.35 -6.07191 19.1436
    endloop
  endfacet
  facet normal -1 0 0
    outer loop
      vertex -45.35 -2.22502 19.2847
      vertex -45.35 -6.09998 19.2847
      vertex -45.35 -2.17877 19.421
    endloop
  endfacet
  facet normal -1 0 0
    outer loop
      vertex -45.35 -6.14623 19.421
      vertex -45.35 -2.17877 19.421
      vertex -45.35 -6.09998 19.2847
    endloop
  endfacet
  facet normal -1 0 0
    outer loop
      vertex -45.35 -2.17877 19.421
      vertex -45.35 -6.14623 19.421
      vertex -45.35 -2.11513 19.55
    endloop
  endfacet
  facet normal -1 0 0
    outer loop
      vertex -45.35 -6.20987 19.55
      vertex -45.35 -2.11513 19.55
      vertex -45.35 -6.14623 19.421
    endloop
  endfacet
  facet normal -1 0 0
    outer loop
      vertex -45.35 -2.11513 19.55
      vertex -45.35 -6.20987 19.55
      vertex -45.35 -2.03519 19.6696
    endloop
  endfacet
  facet normal -1 0 0
    outer loop
      vertex -45.35 -6.28981 19.6696
      vertex -45.35 -2.03519 19.6696
      vertex -45.35 -6.20987 19.55
    endloop
  endfacet
  facet normal -1 0 0
    outer loop
      vertex -45.35 -2.03519 19.6696
      vertex -45.35 -6.28981 19.6696
      vertex -45.35 -1.94032 19.7778
    endloop
  endfacet
  facet normal -1 0 0
    outer loop
      vertex -45.35 -6.38468 19.7778
      vertex -45.35 -1.94032 19.7778
      vertex -45.35 -6.28981 19.6696
    endloop
  endfacet
  facet normal -1 0 0
    outer loop
      vertex -45.35 -1.94032 19.7778
      vertex -45.35 -6.38468 19.7778
      vertex -45.35 -1.83214 19.8727
    endloop
  endfacet
  facet normal -1 0 0
    outer loop
      vertex -45.35 -6.49286 19.8727
      vertex -45.35 -1.83214 19.8727
      vertex -45.35 -6.38468 19.7778
    endloop
  endfacet
  facet normal -1 0 0
    outer loop
      vertex -45.35 -1.83214 19.8727
      vertex -45.35 -6.49286 19.8727
      vertex -45.35 -1.7125 19.9526
    endloop
  endfacet
  facet normal -1 0 0
    outer loop
      vertex -45.35 -6.6125 19.9526
      vertex -45.35 -1.7125 19.9526
      vertex -45.35 -6.49286 19.8727
    endloop
  endfacet
  facet normal -1 0 0
    outer loop
      vertex -45.35 -1.7125 19.9526
      vertex -45.35 -6.6125 19.9526
      vertex -45.35 -1.58345 20.0163
    endloop
  endfacet
  facet normal -1 0 0
    outer loop
      vertex -45.35 -6.74155 20.0163
      vertex -45.35 -1.58345 20.0163
      vertex -45.35 -6.6125 19.9526
    endloop
  endfacet
  facet normal -1 0 0
    outer loop
      vertex -45.35 -1.58345 20.0163
      vertex -45.35 -6.74155 20.0163
      vertex -45.35 -1.4472 20.0625
    endloop
  endfacet
  facet normal -1 0 0
    outer loop
      vertex -45.35 -6.8778 20.0625
      vertex -45.35 -1.4472 20.0625
      vertex -45.35 -6.74155 20.0163
    endloop
  endfacet
  facet normal -1 0 0
    outer loop
      vertex -45.35 -1.4472 20.0625
      vertex -45.35 -6.8778 20.0625
      vertex -45.35 -1.30608 20.0906
    endloop
  endfacet
  facet normal -1 0 0
    outer loop
      vertex -45.35 -7.01892 20.0906
      vertex -45.35 -1.30608 20.0906
      vertex -45.35 -6.8778 20.0625
    endloop
  endfacet
  facet normal -1 0 0
    outer loop
      vertex -45.35 -1.30608 20.0906
      vertex -45.35 -7.01892 20.0906
      vertex -45.35 -1.1625 20.1
    endloop
  endfacet
  facet normal -1 0 0
    outer loop
      vertex -45.35 -7.1625 20.1
      vertex -45.35 -1.1625 20.1
      vertex -45.35 -7.01892 20.0906
    endloop
  endfacet
  facet normal -1 0 0
    outer loop
      vertex -45.35 -27.5 21
      vertex -45.35 -1.1625 20.1
      vertex -45.35 -7.1625 20.1
    endloop
  endfacet
  facet normal -1 0 0
    outer loop
      vertex -45.35 -12.0625 19
      vertex -45.35 -8.25309 19.1436
      vertex -45.35 -8.2625 19
    endloop
  endfacet
  facet normal -1 0 0
    outer loop
      vertex -45.35 -12.0719 19.1436
      vertex -45.35 -8.25309 19.1436
      vertex -45.35 -12.0625 19
    endloop
  endfacet
  facet normal -1 0 0
    outer loop
      vertex -45.35 -8.25309 19.1436
      vertex -45.35 -12.0719 19.1436
      vertex -45.35 -8.22502 19.2847
    endloop
  endfacet
  facet normal -1 0 0
    outer loop
      vertex -45.35 -12.1 19.2847
      vertex -45.35 -8.22502 19.2847
      vertex -45.35 -12.0719 19.1436
    endloop
  endfacet
  facet normal -1 0 0
    outer loop
      vertex -45.35 -8.22502 19.2847
      vertex -45.35 -12.1 19.2847
      vertex -45.35 -8.17877 19.421
    endloop
  endfacet
  facet normal -1 0 0
    outer loop
      vertex -45.35 -12.1462 19.421
      vertex -45.35 -8.17877 19.421
      vertex -45.35 -12.1 19.2847
    endloop
  endfacet
  facet normal -1 0 0
    outer loop
      vertex -45.35 -8.17877 19.421
      vertex -45.35 -12.1462 19.421
      vertex -45.35 -8.11513 19.55
    endloop
  endfacet
  facet normal -1 0 0
    outer loop
      vertex -45.35 -12.2099 19.55
      vertex -45.35 -8.11513 19.55
      vertex -45.35 -12.1462 19.421
    endloop
  endfacet
  facet normal -1 0 0
    outer loop
      vertex -45.35 -8.11513 19.55
      vertex -45.35 -12.2099 19.55
      vertex -45.35 -8.03519 19.6696
    endloop
  endfacet
  facet normal -1 0 0
    outer loop
      vertex -45.35 -12.2898 19.6696
      vertex -45.35 -8.03519 19.6696
      vertex -45.35 -12.2099 19.55
    endloop
  endfacet
  facet normal -1 0 0
    outer loop
      vertex -45.35 -8.03519 19.6696
      vertex -45.35 -12.2898 19.6696
      vertex -45.35 -7.94032 19.7778
    endloop
  endfacet
  facet normal -1 0 0
    outer loop
      vertex -45.35 -12.3847 19.7778
      vertex -45.35 -7.94032 19.7778
      vertex -45.35 -12.2898 19.6696
    endloop
  endfacet
  facet normal -1 0 0
    outer loop
      vertex -45.35 -7.94032 19.7778
      vertex -45.35 -12.3847 19.7778
      vertex -45.35 -7.83214 19.8727
    endloop
  endfacet
  facet normal -1 0 0
    outer loop
      vertex -45.35 -12.4929 19.8727
      vertex -45.35 -7.83214 19.8727
      vertex -45.35 -12.3847 19.7778
    endloop
  endfacet
  facet normal -1 0 0
    outer loop
      vertex -45.35 -7.83214 19.8727
      vertex -45.35 -12.4929 19.8727
      vertex -45.35 -7.7125 19.9526
    endloop
  endfacet
  facet normal -1 0 0
    outer loop
      vertex -45.35 -12.6125 19.9526
      vertex -45.35 -7.7125 19.9526
      vertex -45.35 -12.4929 19.8727
    endloop
  endfacet
  facet normal -1 0 0
    outer loop
      vertex -45.35 -7.7125 19.9526
      vertex -45.35 -12.6125 19.9526
      vertex -45.35 -7.58345 20.0163
    endloop
  endfacet
  facet normal -1 0 0
    outer loop
      vertex -45.35 -12.7415 20.0163
      vertex -45.35 -7.58345 20.0163
      vertex -45.35 -12.6125 19.9526
    endloop
  endfacet
  facet normal -1 0 0
    outer loop
      vertex -45.35 -7.58345 20.0163
      vertex -45.35 -12.7415 20.0163
      vertex -45.35 -7.4472 20.0625
    endloop
  endfacet
  facet normal -1 0 0
    outer loop
      vertex -45.35 -12.8778 20.0625
      vertex -45.35 -7.4472 20.0625
      vertex -45.35 -12.7415 20.0163
    endloop
  endfacet
  facet normal -1 0 0
    outer loop
      vertex -45.35 -7.4472 20.0625
      vertex -45.35 -12.8778 20.0625
      vertex -45.35 -7.30608 20.0906
    endloop
  endfacet
  facet normal -1 0 0
    outer loop
      vertex -45.35 -13.0189 20.0906
      vertex -45.35 -7.30608 20.0906
      vertex -45.35 -12.8778 20.0625
    endloop
  endfacet
  facet normal -1 0 0
    outer loop
      vertex -45.35 -7.30608 20.0906
      vertex -45.35 -13.0189 20.0906
      vertex -45.35 -7.1625 20.1
    endloop
  endfacet
  facet normal -1 0 0
    outer loop
      vertex -45.35 -13.1625 20.1
      vertex -45.35 -7.1625 20.1
      vertex -45.35 -13.0189 20.0906
    endloop
  endfacet
  facet normal -1 0 0
    outer loop
      vertex -45.35 -27.5 21
      vertex -45.35 -7.1625 20.1
      vertex -45.35 -13.1625 20.1
    endloop
  endfacet
  facet normal -1 0 0
    outer loop
      vertex -45.35 -27.5 19
      vertex -45.35 -14.2531 19.1436
      vertex -45.35 -14.2625 19
    endloop
  endfacet
  facet normal -1 0 0
    outer loop
      vertex -45.35 -27.5 21
      vertex -45.35 -14.2531 19.1436
      vertex -45.35 -27.5 19
    endloop
  endfacet
  facet normal -1 0 0
    outer loop
      vertex -45.35 -14.2531 19.1436
      vertex -45.35 -27.5 21
      vertex -45.35 -14.225 19.2847
    endloop
  endfacet
  facet normal -1 0 0
    outer loop
      vertex -45.35 -14.225 19.2847
      vertex -45.35 -27.5 21
      vertex -45.35 -14.1788 19.421
    endloop
  endfacet
  facet normal -1 0 0
    outer loop
      vertex -45.35 -14.1788 19.421
      vertex -45.35 -27.5 21
      vertex -45.35 -14.1151 19.55
    endloop
  endfacet
  facet normal -1 0 0
    outer loop
      vertex -45.35 -14.1151 19.55
      vertex -45.35 -27.5 21
      vertex -45.35 -14.0352 19.6696
    endloop
  endfacet
  facet normal -1 0 0
    outer loop
      vertex -45.35 -14.0352 19.6696
      vertex -45.35 -27.5 21
      vertex -45.35 -13.9403 19.7778
    endloop
  endfacet
  facet normal -1 0 0
    outer loop
      vertex -45.35 -13.9403 19.7778
      vertex -45.35 -27.5 21
      vertex -45.35 -13.8321 19.8727
    endloop
  endfacet
  facet normal -1 0 0
    outer loop
      vertex -45.35 -13.8321 19.8727
      vertex -45.35 -27.5 21
      vertex -45.35 -13.7125 19.9526
    endloop
  endfacet
  facet normal -1 0 0
    outer loop
      vertex -45.35 -13.7125 19.9526
      vertex -45.35 -27.5 21
      vertex -45.35 -13.5835 20.0163
    endloop
  endfacet
  facet normal -1 0 0
    outer loop
      vertex -45.35 -13.5835 20.0163
      vertex -45.35 -27.5 21
      vertex -45.35 -13.4472 20.0625
    endloop
  endfacet
  facet normal -1 0 0
    outer loop
      vertex -45.35 -1.1625 20.1
      vertex -45.35 -27.5 21
      vertex -45.35 27.5 21
    endloop
  endfacet
  facet normal -1 0 0
    outer loop
      vertex -45.35 -13.3061 20.0906
      vertex -45.35 -27.5 21
      vertex -45.35 -13.1625 20.1
    endloop
  endfacet
  facet normal -1 0 0
    outer loop
      vertex -45.35 -13.4472 20.0625
      vertex -45.35 -27.5 21
      vertex -45.35 -13.3061 20.0906
    endloop
  endfacet
  facet normal 0 -1 0
    outer loop
      vertex -40.0229 -29.85 19
      vertex 40.0229 -29.85 21
      vertex -40.0229 -29.85 21
    endloop
  endfacet
  facet normal 0 -1 -0
    outer loop
      vertex 40.0229 -29.85 21
      vertex -40.0229 -29.85 19
      vertex 40.0229 -29.85 19
    endloop
  endfacet
  facet normal 1 -0 0
    outer loop
      vertex 45.35 -27.5 21
      vertex 45.35 27.5 19
      vertex 45.35 27.5 21
    endloop
  endfacet
  facet normal 1 0 0
    outer loop
      vertex 45.35 27.5 19
      vertex 45.35 -27.5 21
      vertex 45.35 -27.5 19
    endloop
  endfacet
  facet normal 0 1 -0
    outer loop
      vertex 40.0229 29.85 19
      vertex -40.0229 29.85 21
      vertex 40.0229 29.85 21
    endloop
  endfacet
  facet normal 0 1 0
    outer loop
      vertex -40.0229 29.85 21
      vertex 40.0229 29.85 19
      vertex -40.0229 29.85 19
    endloop
  endfacet
  facet normal -0.997859 0.0653956 0
    outer loop
      vertex -45.35 27.5 19
      vertex -45.3415 27.6297 21
      vertex -45.3415 27.6297 19
    endloop
  endfacet
  facet normal -0.997859 0.0653956 0
    outer loop
      vertex -45.3415 27.6297 21
      vertex -45.35 27.5 19
      vertex -45.35 27.5 21
    endloop
  endfacet
  facet normal 0 0 -1
    outer loop
      vertex 45.1213 -27.3787 19
      vertex 45.35 -27.5 19
      vertex 45.3415 -27.6297 19
    endloop
  endfacet
  facet normal 0 0 -1
    outer loop
      vertex 44.8263 -27.1199 19
      vertex 45.35 -27.5 19
      vertex 45.1213 -27.3787 19
    endloop
  endfacet
  facet normal 0 0 -1
    outer loop
      vertex 45.35 -27.5 19
      vertex 44.8263 -27.1199 19
      vertex 45.35 27.5 19
    endloop
  endfacet
  facet normal -0 0 -1
    outer loop
      vertex 45.35 27.5 19
      vertex 45.1213 27.3787 19
      vertex 45.3415 27.6297 19
    endloop
  endfacet
  facet normal 0 0 -1
    outer loop
      vertex 44.8263 27.1199 19
      vertex 45.35 27.5 19
      vertex 44.8263 -27.1199 19
    endloop
  endfacet
  facet normal 0 0 -1
    outer loop
      vertex 45.35 27.5 19
      vertex 44.8263 27.1199 19
      vertex 45.1213 27.3787 19
    endloop
  endfacet
  facet normal 0 0 -1
    outer loop
      vertex 44.5 -26.9019 19
      vertex 44.8263 27.1199 19
      vertex 44.8263 -27.1199 19
    endloop
  endfacet
  facet normal 0 0 -1
    outer loop
      vertex 44.5 -26.9019 19
      vertex 44.5 26.9019 19
      vertex 44.8263 27.1199 19
    endloop
  endfacet
  facet normal 0 0 -1
    outer loop
      vertex 44.15 -26.7293 19
      vertex 44.5 26.9019 19
      vertex 44.5 -26.9019 19
    endloop
  endfacet
  facet normal 0 0 -1
    outer loop
      vertex 44.5 26.9019 19
      vertex 44.15 -26.7293 19
      vertex 44.15 26.7293 19
    endloop
  endfacet
  facet normal 0 0 -1
    outer loop
      vertex -45.35 5.9375 19
      vertex -45.1 9.7375 19
      vertex -45.1 5.9375 19
    endloop
  endfacet
  facet normal -0 0 -1
    outer loop
      vertex -45.1 9.7375 19
      vertex -45.35 5.9375 19
      vertex -45.35 9.7375 19
    endloop
  endfacet
  facet normal 0 0 -1
    outer loop
      vertex -45.35 -0.0625 19
      vertex -45.1 3.7375 19
      vertex -45.1 -0.0625 19
    endloop
  endfacet
  facet normal -0 0 -1
    outer loop
      vertex -45.1 3.7375 19
      vertex -45.35 -0.0625 19
      vertex -45.35 3.7375 19
    endloop
  endfacet
  facet normal 0 0 -1
    outer loop
      vertex -45.35 -6.0625 19
      vertex -45.1 -2.2625 19
      vertex -45.1 -6.0625 19
    endloop
  endfacet
  facet normal -0 0 -1
    outer loop
      vertex -45.1 -2.2625 19
      vertex -45.35 -6.0625 19
      vertex -45.35 -2.2625 19
    endloop
  endfacet
  facet normal 0 0 -1
    outer loop
      vertex -45.35 -12.0625 19
      vertex -45.1 -8.2625 19
      vertex -45.1 -12.0625 19
    endloop
  endfacet
  facet normal -0 0 -1
    outer loop
      vertex -45.1 -8.2625 19
      vertex -45.35 -12.0625 19
      vertex -45.35 -8.2625 19
    endloop
  endfacet
  facet normal 0 0 -1
    outer loop
      vertex -45.35 -14.2625 19
      vertex -44.15 -26.7293 19
      vertex -44.5 -26.9019 19
    endloop
  endfacet
  facet normal 0 0 -1
    outer loop
      vertex -45.1 -2.2625 19
      vertex -44.15 -26.7293 19
      vertex -45.1 -6.0625 19
    endloop
  endfacet
  facet normal 0 0 -1
    outer loop
      vertex -45.35 -14.2625 19
      vertex -44.5 -26.9019 19
      vertex -44.8263 -27.1199 19
    endloop
  endfacet
  facet normal 0 0 -1
    outer loop
      vertex -44.15 -26.7293 19
      vertex -45.1 -8.2625 19
      vertex -45.1 -6.0625 19
    endloop
  endfacet
  facet normal 0 0 -1
    outer loop
      vertex -44.15 -26.7293 19
      vertex -45.1 -14.2625 19
      vertex -45.1 -12.0625 19
    endloop
  endfacet
  facet normal 0 0 -1
    outer loop
      vertex -45.35 -27.5 19
      vertex -44.8263 -27.1199 19
      vertex -45.1213 -27.3787 19
    endloop
  endfacet
  facet normal 0 0 -1
    outer loop
      vertex -45.35 -27.5 19
      vertex -45.1213 -27.3787 19
      vertex -45.3415 -27.6297 19
    endloop
  endfacet
  facet normal -0 0 -1
    outer loop
      vertex -44.8263 -27.1199 19
      vertex -45.35 -27.5 19
      vertex -45.35 -14.2625 19
    endloop
  endfacet
  facet normal 0 0 -1
    outer loop
      vertex -44.15 -26.7293 19
      vertex -45.35 -14.2625 19
      vertex -45.1 -14.2625 19
    endloop
  endfacet
  facet normal 0 0 -1
    outer loop
      vertex -44.15 -26.7293 19
      vertex -45.1 -12.0625 19
      vertex -45.1 -8.2625 19
    endloop
  endfacet
  facet normal 0 0 -1
    outer loop
      vertex -44.15 -26.7293 19
      vertex -45.1 -2.2625 19
      vertex -44.15 26.7293 19
    endloop
  endfacet
  facet normal 0 0 -1
    outer loop
      vertex -45.1 -0.0625 19
      vertex -44.15 26.7293 19
      vertex -45.1 -2.2625 19
    endloop
  endfacet
  facet normal 0 0 -1
    outer loop
      vertex -45.1 3.7375 19
      vertex -44.15 26.7293 19
      vertex -45.1 -0.0625 19
    endloop
  endfacet
  facet normal 0 0 -1
    outer loop
      vertex -45.1 5.9375 19
      vertex -44.15 26.7293 19
      vertex -45.1 3.7375 19
    endloop
  endfacet
  facet normal 0 0 -1
    outer loop
      vertex -45.1 9.7375 19
      vertex -44.15 26.7293 19
      vertex -45.1 5.9375 19
    endloop
  endfacet
  facet normal 0 0 -1
    outer loop
      vertex -45.1 11.9375 19
      vertex -44.15 26.7293 19
      vertex -45.1 9.7375 19
    endloop
  endfacet
  facet normal 0 0 -1
    outer loop
      vertex -45.35 11.9375 19
      vertex -44.15 26.7293 19
      vertex -45.1 11.9375 19
    endloop
  endfacet
  facet normal -0 0 -1
    outer loop
      vertex -44.15 26.7293 19
      vertex -45.35 11.9375 19
      vertex -44.5 26.9019 19
    endloop
  endfacet
  facet normal -0 0 -1
    outer loop
      vertex -44.5 26.9019 19
      vertex -45.35 11.9375 19
      vertex -44.8263 27.1199 19
    endloop
  endfacet
  facet normal 0 0 -1
    outer loop
      vertex -45.35 27.5 19
      vertex -44.8263 27.1199 19
      vertex -45.35 11.9375 19
    endloop
  endfacet
  facet normal 0 0 -1
    outer loop
      vertex -44.8263 27.1199 19
      vertex -45.35 27.5 19
      vertex -45.1213 27.3787 19
    endloop
  endfacet
  facet normal 0 0 -1
    outer loop
      vertex -45.1213 27.3787 19
      vertex -45.35 27.5 19
      vertex -45.3415 27.6297 19
    endloop
  endfacet
  facet normal 0 0 -1
    outer loop
      vertex 40.0229 -29.85 19
      vertex -40 -29.5 19
      vertex 40 -29.5 19
    endloop
  endfacet
  facet normal 0 -0 -1
    outer loop
      vertex -40 -29.5 19
      vertex 40.0229 -29.85 19
      vertex -40.0229 -29.85 19
    endloop
  endfacet
  facet normal 0 0 -1
    outer loop
      vertex -40 -29.5 19
      vertex 40.0257 -29.1084 19
      vertex 40 -29.5 19
    endloop
  endfacet
  facet normal 0 0 -1
    outer loop
      vertex -40.0257 -29.1084 19
      vertex 40.0257 -29.1084 19
      vertex -40 -29.5 19
    endloop
  endfacet
  facet normal 0 0 -1
    outer loop
      vertex 40.0257 -29.1084 19
      vertex -40.0257 -29.1084 19
      vertex 40.1022 -28.7235 19
    endloop
  endfacet
  facet normal 0 0 -1
    outer loop
      vertex -40.1022 -28.7235 19
      vertex 40.1022 -28.7235 19
      vertex -40.0257 -29.1084 19
    endloop
  endfacet
  facet normal 0 0 -1
    outer loop
      vertex 40.1022 -28.7235 19
      vertex -40.1022 -28.7235 19
      vertex 40.1272 -28.65 19
    endloop
  endfacet
  facet normal -0 0 -1
    outer loop
      vertex 40.1272 -28.65 19
      vertex -40.1022 -28.7235 19
      vertex -40.1272 -28.65 19
    endloop
  endfacet
  facet normal 0 0 -1
    outer loop
      vertex 40.0257 29.1084 19
      vertex -40 29.5 19
      vertex 40 29.5 19
    endloop
  endfacet
  facet normal 0 0 -1
    outer loop
      vertex -40.0257 29.1084 19
      vertex 40.0257 29.1084 19
      vertex 40.1022 28.7235 19
    endloop
  endfacet
  facet normal 0 0 -1
    outer loop
      vertex -40.1022 28.7235 19
      vertex 40.1022 28.7235 19
      vertex 40.1272 28.65 19
    endloop
  endfacet
  facet normal 0 0 -1
    outer loop
      vertex 40.0257 29.1084 19
      vertex -40.0257 29.1084 19
      vertex -40 29.5 19
    endloop
  endfacet
  facet normal 0 0 -1
    outer loop
      vertex 40.1022 28.7235 19
      vertex -40.1022 28.7235 19
      vertex -40.0257 29.1084 19
    endloop
  endfacet
  facet normal 0 -0 -1
    outer loop
      vertex -40.1022 28.7235 19
      vertex 40.1272 28.65 19
      vertex -40.1272 28.65 19
    endloop
  endfacet
  facet normal 0 0 -1
    outer loop
      vertex -40 29.5 19
      vertex 40.0229 29.85 19
      vertex 40 29.5 19
    endloop
  endfacet
  facet normal -0 0 -1
    outer loop
      vertex 40.0229 29.85 19
      vertex -40 29.5 19
      vertex -40.0229 29.85 19
    endloop
  endfacet
  facet normal -0.997859 -0.0653956 0
    outer loop
      vertex -45.3415 -27.6297 19
      vertex -45.35 -27.5 21
      vertex -45.35 -27.5 19
    endloop
  endfacet
  facet normal -0.997859 -0.0653956 0
    outer loop
      vertex -45.35 -27.5 21
      vertex -45.3415 -27.6297 19
      vertex -45.3415 -27.6297 21
    endloop
  endfacet
  facet normal 0.997859 0.0653956 0
    outer loop
      vertex 45.35 27.5 21
      vertex 45.3415 27.6297 19
      vertex 45.3415 27.6297 21
    endloop
  endfacet
  facet normal 0.997859 0.0653956 0
    outer loop
      vertex 45.3415 27.6297 19
      vertex 45.35 27.5 21
      vertex 45.35 27.5 19
    endloop
  endfacet
  facet normal -1 0 0
    outer loop
      vertex 44.15 -26.7293 19
      vertex 44.15 26.7293 21
      vertex 44.15 26.7293 19
    endloop
  endfacet
  facet normal -1 -0 0
    outer loop
      vertex 44.15 26.7293 21
      vertex 44.15 -26.7293 19
      vertex 44.15 -26.7293 21
    endloop
  endfacet
  facet normal 0 1 -0
    outer loop
      vertex 40.1272 -28.65 19
      vertex -40.1272 -28.65 21
      vertex 40.1272 -28.65 21
    endloop
  endfacet
  facet normal 0 1 0
    outer loop
      vertex -40.1272 -28.65 21
      vertex 40.1272 -28.65 19
      vertex -40.1272 -28.65 19
    endloop
  endfacet
  facet normal 0 -1 0
    outer loop
      vertex -40.1272 28.65 19
      vertex 40.1272 28.65 21
      vertex -40.1272 28.65 21
    endloop
  endfacet
  facet normal 0 -1 -0
    outer loop
      vertex 40.1272 28.65 21
      vertex -40.1272 28.65 19
      vertex 40.1272 28.65 19
    endloop
  endfacet
  facet normal 1 -0 0
    outer loop
      vertex -44.15 -26.7293 21
      vertex -44.15 26.7293 19
      vertex -44.15 26.7293 21
    endloop
  endfacet
  facet normal 1 0 0
    outer loop
      vertex -44.15 26.7293 19
      vertex -44.15 -26.7293 21
      vertex -44.15 -26.7293 19
    endloop
  endfacet
  facet normal -1 0 0
    outer loop
      vertex 45.85 -25.65 21
      vertex 45.85 -18.35 32.65
      vertex 45.85 -18.35 21
    endloop
  endfacet
  facet normal -1 -0 0
    outer loop
      vertex 45.85 -18.35 32.65
      vertex 45.85 -25.65 21
      vertex 45.85 -25.65 32.65
    endloop
  endfacet
  facet normal -0 0 1
    outer loop
      vertex 45.85 -18.35 32.65
      vertex 47.75 -25.65 32.65
      vertex 47.75 -18.35 32.65
    endloop
  endfacet
  facet normal 0 0 1
    outer loop
      vertex 47.75 -25.65 32.65
      vertex 45.85 -18.35 32.65
      vertex 45.85 -25.65 32.65
    endloop
  endfacet
  facet normal 1 -0 0
    outer loop
      vertex 47.75 -25.65 32.65
      vertex 47.75 -18.35 21
      vertex 47.75 -18.35 32.65
    endloop
  endfacet
  facet normal 1 0 0
    outer loop
      vertex 47.75 -18.35 21
      vertex 47.75 -25.65 32.65
      vertex 47.75 -25.65 21
    endloop
  endfacet
  facet normal 0 -1 0
    outer loop
      vertex 45.85 -25.65 21
      vertex 47.75 -25.65 32.65
      vertex 45.85 -25.65 32.65
    endloop
  endfacet
  facet normal 0 -1 -0
    outer loop
      vertex 47.75 -25.65 32.65
      vertex 45.85 -25.65 21
      vertex 47.75 -25.65 21
    endloop
  endfacet
  facet normal 0 1 -0
    outer loop
      vertex 47.75 -18.35 21
      vertex 45.85 -18.35 32.65
      vertex 47.75 -18.35 32.65
    endloop
  endfacet
  facet normal 0 1 0
    outer loop
      vertex 45.85 -18.35 32.65
      vertex 47.75 -18.35 21
      vertex 45.85 -18.35 21
    endloop
  endfacet
  facet normal -0.997864 -0.0653198 0
    outer loop
      vertex 38.099 -15.504 0
      vertex 38.0896 -15.3604 2.4
      vertex 38.0896 -15.3604 0
    endloop
  endfacet
  facet normal -0.997864 -0.0653198 0
    outer loop
      vertex 38.0896 -15.3604 2.4
      vertex 38.099 -15.504 0
      vertex 38.099 -15.504 2.4
    endloop
  endfacet
  facet normal 0.997864 -0.0653198 0
    outer loop
      vertex 35.899 -15.504 2.4
      vertex 35.9084 -15.3604 0
      vertex 35.9084 -15.3604 2.4
    endloop
  endfacet
  facet normal 0.997864 -0.0653198 0
    outer loop
      vertex 35.9084 -15.3604 0
      vertex 35.899 -15.504 2.4
      vertex 35.899 -15.504 0
    endloop
  endfacet
  facet normal -0.0653198 -0.997864 0
    outer loop
      vertex 36.999 -14.404 0
      vertex 37.1426 -14.4134 2.4
      vertex 36.999 -14.404 2.4
    endloop
  endfacet
  facet normal -0.0653198 -0.997864 -0
    outer loop
      vertex 37.1426 -14.4134 2.4
      vertex 36.999 -14.404 0
      vertex 37.1426 -14.4134 0
    endloop
  endfacet
  facet normal -0.0653198 0.997864 0
    outer loop
      vertex 37.1426 -16.5946 0
      vertex 36.999 -16.604 2.4
      vertex 37.1426 -16.5946 2.4
    endloop
  endfacet
  facet normal -0.0653198 0.997864 0
    outer loop
      vertex 36.999 -16.604 2.4
      vertex 37.1426 -16.5946 0
      vertex 36.999 -16.604 0
    endloop
  endfacet
  facet normal -0.65939 -0.751801 0
    outer loop
      vertex 37.6686 -14.6313 0
      vertex 37.7768 -14.7262 2.4
      vertex 37.6686 -14.6313 2.4
    endloop
  endfacet
  facet normal -0.65939 -0.751801 -0
    outer loop
      vertex 37.7768 -14.7262 2.4
      vertex 37.6686 -14.6313 0
      vertex 37.7768 -14.7262 0
    endloop
  endfacet
  facet normal 0.65939 -0.751801 0
    outer loop
      vertex 36.2212 -14.7262 0
      vertex 36.3294 -14.6313 2.4
      vertex 36.2212 -14.7262 2.4
    endloop
  endfacet
  facet normal 0.65939 -0.751801 0
    outer loop
      vertex 36.3294 -14.6313 2.4
      vertex 36.2212 -14.7262 0
      vertex 36.3294 -14.6313 0
    endloop
  endfacet
  facet normal 0.321018 -0.947073 0
    outer loop
      vertex 36.578 -14.4877 0
      vertex 36.7143 -14.4415 2.4
      vertex 36.578 -14.4877 2.4
    endloop
  endfacet
  facet normal 0.321018 -0.947073 0
    outer loop
      vertex 36.7143 -14.4415 2.4
      vertex 36.578 -14.4877 0
      vertex 36.7143 -14.4415 0
    endloop
  endfacet
  facet normal -0.89664 -0.44276 0
    outer loop
      vertex 38.0153 -15.083 0
      vertex 37.9516 -14.954 2.4
      vertex 37.9516 -14.954 0
    endloop
  endfacet
  facet normal -0.89664 -0.44276 0
    outer loop
      vertex 37.9516 -14.954 2.4
      vertex 38.0153 -15.083 0
      vertex 38.0153 -15.083 2.4
    endloop
  endfacet
  facet normal -0.44276 -0.89664 0
    outer loop
      vertex 37.42 -14.4877 0
      vertex 37.549 -14.5514 2.4
      vertex 37.42 -14.4877 2.4
    endloop
  endfacet
  facet normal -0.44276 -0.89664 -0
    outer loop
      vertex 37.549 -14.5514 2.4
      vertex 37.42 -14.4877 0
      vertex 37.549 -14.5514 0
    endloop
  endfacet
  facet normal -0.555502 -0.831515 0
    outer loop
      vertex 37.549 -14.5514 0
      vertex 37.6686 -14.6313 2.4
      vertex 37.549 -14.5514 2.4
    endloop
  endfacet
  facet normal -0.555502 -0.831515 -0
    outer loop
      vertex 37.6686 -14.6313 2.4
      vertex 37.549 -14.5514 0
      vertex 37.6686 -14.6313 0
    endloop
  endfacet
  facet normal 0.89664 -0.44276 0
    outer loop
      vertex 35.9827 -15.083 2.4
      vertex 36.0464 -14.954 0
      vertex 36.0464 -14.954 2.4
    endloop
  endfacet
  facet normal 0.89664 -0.44276 0
    outer loop
      vertex 36.0464 -14.954 0
      vertex 35.9827 -15.083 2.4
      vertex 35.9827 -15.083 0
    endloop
  endfacet
  facet normal 0.0653198 -0.997864 0
    outer loop
      vertex 36.8554 -14.4134 0
      vertex 36.999 -14.404 2.4
      vertex 36.8554 -14.4134 2.4
    endloop
  endfacet
  facet normal 0.0653198 -0.997864 0
    outer loop
      vertex 36.999 -14.404 2.4
      vertex 36.8554 -14.4134 0
      vertex 36.999 -14.404 0
    endloop
  endfacet
  facet normal -0.980741 0.195314 0
    outer loop
      vertex 38.0615 -15.7887 0
      vertex 38.0896 -15.6476 2.4
      vertex 38.0896 -15.6476 0
    endloop
  endfacet
  facet normal -0.980741 0.195314 0
    outer loop
      vertex 38.0896 -15.6476 2.4
      vertex 38.0615 -15.7887 0
      vertex 38.0615 -15.7887 2.4
    endloop
  endfacet
  facet normal -0.195314 0.980741 0
    outer loop
      vertex 37.2837 -16.5665 0
      vertex 37.1426 -16.5946 2.4
      vertex 37.2837 -16.5665 2.4
    endloop
  endfacet
  facet normal -0.195314 0.980741 0
    outer loop
      vertex 37.1426 -16.5946 2.4
      vertex 37.2837 -16.5665 0
      vertex 37.1426 -16.5946 0
    endloop
  endfacet
  facet normal -0.44276 0.89664 0
    outer loop
      vertex 37.549 -16.4566 0
      vertex 37.42 -16.5203 2.4
      vertex 37.549 -16.4566 2.4
    endloop
  endfacet
  facet normal -0.44276 0.89664 0
    outer loop
      vertex 37.42 -16.5203 2.4
      vertex 37.549 -16.4566 0
      vertex 37.42 -16.5203 0
    endloop
  endfacet
  facet normal -0.947073 -0.321018 0
    outer loop
      vertex 38.0615 -15.2193 0
      vertex 38.0153 -15.083 2.4
      vertex 38.0153 -15.083 0
    endloop
  endfacet
  facet normal -0.947073 -0.321018 0
    outer loop
      vertex 38.0153 -15.083 2.4
      vertex 38.0615 -15.2193 0
      vertex 38.0615 -15.2193 2.4
    endloop
  endfacet
  facet normal -0.980741 -0.195314 0
    outer loop
      vertex 38.0896 -15.3604 0
      vertex 38.0615 -15.2193 2.4
      vertex 38.0615 -15.2193 0
    endloop
  endfacet
  facet normal -0.980741 -0.195314 0
    outer loop
      vertex 38.0615 -15.2193 2.4
      vertex 38.0896 -15.3604 0
      vertex 38.0896 -15.3604 2.4
    endloop
  endfacet
  facet normal -0.751801 -0.65939 0
    outer loop
      vertex 37.8717 -14.8344 0
      vertex 37.7768 -14.7262 2.4
      vertex 37.7768 -14.7262 0
    endloop
  endfacet
  facet normal -0.751801 -0.65939 0
    outer loop
      vertex 37.7768 -14.7262 2.4
      vertex 37.8717 -14.8344 0
      vertex 37.8717 -14.8344 2.4
    endloop
  endfacet
  facet normal -0.831515 -0.555502 0
    outer loop
      vertex 37.9516 -14.954 0
      vertex 37.8717 -14.8344 2.4
      vertex 37.8717 -14.8344 0
    endloop
  endfacet
  facet normal -0.831515 -0.555502 0
    outer loop
      vertex 37.8717 -14.8344 2.4
      vertex 37.9516 -14.954 0
      vertex 37.9516 -14.954 2.4
    endloop
  endfacet
  facet normal -0.321018 -0.947073 0
    outer loop
      vertex 37.2837 -14.4415 0
      vertex 37.42 -14.4877 2.4
      vertex 37.2837 -14.4415 2.4
    endloop
  endfacet
  facet normal -0.321018 -0.947073 -0
    outer loop
      vertex 37.42 -14.4877 2.4
      vertex 37.2837 -14.4415 0
      vertex 37.42 -14.4877 0
    endloop
  endfacet
  facet normal -0.195314 -0.980741 0
    outer loop
      vertex 37.1426 -14.4134 0
      vertex 37.2837 -14.4415 2.4
      vertex 37.1426 -14.4134 2.4
    endloop
  endfacet
  facet normal -0.195314 -0.980741 -0
    outer loop
      vertex 37.2837 -14.4415 2.4
      vertex 37.1426 -14.4134 0
      vertex 37.2837 -14.4415 0
    endloop
  endfacet
  facet normal 0.831515 -0.555502 0
    outer loop
      vertex 36.0464 -14.954 2.4
      vertex 36.1263 -14.8344 0
      vertex 36.1263 -14.8344 2.4
    endloop
  endfacet
  facet normal 0.831515 -0.555502 0
    outer loop
      vertex 36.1263 -14.8344 0
      vertex 36.0464 -14.954 2.4
      vertex 36.0464 -14.954 0
    endloop
  endfacet
  facet normal 0.751801 -0.65939 0
    outer loop
      vertex 36.1263 -14.8344 2.4
      vertex 36.2212 -14.7262 0
      vertex 36.2212 -14.7262 2.4
    endloop
  endfacet
  facet normal 0.751801 -0.65939 0
    outer loop
      vertex 36.2212 -14.7262 0
      vertex 36.1263 -14.8344 2.4
      vertex 36.1263 -14.8344 0
    endloop
  endfacet
  facet normal 0.947073 -0.321018 0
    outer loop
      vertex 35.9365 -15.2193 2.4
      vertex 35.9827 -15.083 0
      vertex 35.9827 -15.083 2.4
    endloop
  endfacet
  facet normal 0.947073 -0.321018 0
    outer loop
      vertex 35.9827 -15.083 0
      vertex 35.9365 -15.2193 2.4
      vertex 35.9365 -15.2193 0
    endloop
  endfacet
  facet normal 0.980741 -0.195314 0
    outer loop
      vertex 35.9084 -15.3604 2.4
      vertex 35.9365 -15.2193 0
      vertex 35.9365 -15.2193 2.4
    endloop
  endfacet
  facet normal 0.980741 -0.195314 0
    outer loop
      vertex 35.9365 -15.2193 0
      vertex 35.9084 -15.3604 2.4
      vertex 35.9084 -15.3604 0
    endloop
  endfacet
  facet normal 0.44276 -0.89664 0
    outer loop
      vertex 36.449 -14.5514 0
      vertex 36.578 -14.4877 2.4
      vertex 36.449 -14.5514 2.4
    endloop
  endfacet
  facet normal 0.44276 -0.89664 0
    outer loop
      vertex 36.578 -14.4877 2.4
      vertex 36.449 -14.5514 0
      vertex 36.578 -14.4877 0
    endloop
  endfacet
  facet normal 0.555502 -0.831515 0
    outer loop
      vertex 36.3294 -14.6313 0
      vertex 36.449 -14.5514 2.4
      vertex 36.3294 -14.6313 2.4
    endloop
  endfacet
  facet normal 0.555502 -0.831515 0
    outer loop
      vertex 36.449 -14.5514 2.4
      vertex 36.3294 -14.6313 0
      vertex 36.449 -14.5514 0
    endloop
  endfacet
  facet normal 0.195314 -0.980741 0
    outer loop
      vertex 36.7143 -14.4415 0
      vertex 36.8554 -14.4134 2.4
      vertex 36.7143 -14.4415 2.4
    endloop
  endfacet
  facet normal 0.195314 -0.980741 0
    outer loop
      vertex 36.8554 -14.4134 2.4
      vertex 36.7143 -14.4415 0
      vertex 36.8554 -14.4134 0
    endloop
  endfacet
  facet normal -0.997864 0.0653198 0
    outer loop
      vertex 38.0896 -15.6476 0
      vertex 38.099 -15.504 2.4
      vertex 38.099 -15.504 0
    endloop
  endfacet
  facet normal -0.997864 0.0653198 0
    outer loop
      vertex 38.099 -15.504 2.4
      vertex 38.0896 -15.6476 0
      vertex 38.0896 -15.6476 2.4
    endloop
  endfacet
  facet normal -0.751801 0.65939 0
    outer loop
      vertex 37.7768 -16.2818 0
      vertex 37.8717 -16.1736 2.4
      vertex 37.8717 -16.1736 0
    endloop
  endfacet
  facet normal -0.751801 0.65939 0
    outer loop
      vertex 37.8717 -16.1736 2.4
      vertex 37.7768 -16.2818 0
      vertex 37.7768 -16.2818 2.4
    endloop
  endfacet
  facet normal -0.947073 0.321018 0
    outer loop
      vertex 38.0153 -15.925 0
      vertex 38.0615 -15.7887 2.4
      vertex 38.0615 -15.7887 0
    endloop
  endfacet
  facet normal -0.947073 0.321018 0
    outer loop
      vertex 38.0615 -15.7887 2.4
      vertex 38.0153 -15.925 0
      vertex 38.0153 -15.925 2.4
    endloop
  endfacet
  facet normal 0.65939 0.751801 -0
    outer loop
      vertex 36.3294 -16.3767 0
      vertex 36.2212 -16.2818 2.4
      vertex 36.3294 -16.3767 2.4
    endloop
  endfacet
  facet normal 0.65939 0.751801 0
    outer loop
      vertex 36.2212 -16.2818 2.4
      vertex 36.3294 -16.3767 0
      vertex 36.2212 -16.2818 0
    endloop
  endfacet
  facet normal 0.89664 0.44276 0
    outer loop
      vertex 36.0464 -16.054 2.4
      vertex 35.9827 -15.925 0
      vertex 35.9827 -15.925 2.4
    endloop
  endfacet
  facet normal 0.89664 0.44276 0
    outer loop
      vertex 35.9827 -15.925 0
      vertex 36.0464 -16.054 2.4
      vertex 36.0464 -16.054 0
    endloop
  endfacet
  facet normal 0.831515 0.555502 0
    outer loop
      vertex 36.1263 -16.1736 2.4
      vertex 36.0464 -16.054 0
      vertex 36.0464 -16.054 2.4
    endloop
  endfacet
  facet normal 0.831515 0.555502 0
    outer loop
      vertex 36.0464 -16.054 0
      vertex 36.1263 -16.1736 2.4
      vertex 36.1263 -16.1736 0
    endloop
  endfacet
  facet normal -0.831515 0.555502 0
    outer loop
      vertex 37.8717 -16.1736 0
      vertex 37.9516 -16.054 2.4
      vertex 37.9516 -16.054 0
    endloop
  endfacet
  facet normal -0.831515 0.555502 0
    outer loop
      vertex 37.9516 -16.054 2.4
      vertex 37.8717 -16.1736 0
      vertex 37.8717 -16.1736 2.4
    endloop
  endfacet
  facet normal 0.751801 0.65939 0
    outer loop
      vertex 36.2212 -16.2818 2.4
      vertex 36.1263 -16.1736 0
      vertex 36.1263 -16.1736 2.4
    endloop
  endfacet
  facet normal 0.751801 0.65939 0
    outer loop
      vertex 36.1263 -16.1736 0
      vertex 36.2212 -16.2818 2.4
      vertex 36.2212 -16.2818 0
    endloop
  endfacet
  facet normal 0.980741 0.195314 0
    outer loop
      vertex 35.9365 -15.7887 2.4
      vertex 35.9084 -15.6476 0
      vertex 35.9084 -15.6476 2.4
    endloop
  endfacet
  facet normal 0.980741 0.195314 0
    outer loop
      vertex 35.9084 -15.6476 0
      vertex 35.9365 -15.7887 2.4
      vertex 35.9365 -15.7887 0
    endloop
  endfacet
  facet normal 0.997864 0.0653198 0
    outer loop
      vertex 35.9084 -15.6476 2.4
      vertex 35.899 -15.504 0
      vertex 35.899 -15.504 2.4
    endloop
  endfacet
  facet normal 0.997864 0.0653198 0
    outer loop
      vertex 35.899 -15.504 0
      vertex 35.9084 -15.6476 2.4
      vertex 35.9084 -15.6476 0
    endloop
  endfacet
  facet normal 0.947073 0.321018 0
    outer loop
      vertex 35.9827 -15.925 2.4
      vertex 35.9365 -15.7887 0
      vertex 35.9365 -15.7887 2.4
    endloop
  endfacet
  facet normal 0.947073 0.321018 0
    outer loop
      vertex 35.9365 -15.7887 0
      vertex 35.9827 -15.925 2.4
      vertex 35.9827 -15.925 0
    endloop
  endfacet
  facet normal -0.321018 0.947073 0
    outer loop
      vertex 37.42 -16.5203 0
      vertex 37.2837 -16.5665 2.4
      vertex 37.42 -16.5203 2.4
    endloop
  endfacet
  facet normal -0.321018 0.947073 0
    outer loop
      vertex 37.2837 -16.5665 2.4
      vertex 37.42 -16.5203 0
      vertex 37.2837 -16.5665 0
    endloop
  endfacet
  facet normal -0.89664 0.44276 0
    outer loop
      vertex 37.9516 -16.054 0
      vertex 38.0153 -15.925 2.4
      vertex 38.0153 -15.925 0
    endloop
  endfacet
  facet normal -0.89664 0.44276 0
    outer loop
      vertex 38.0153 -15.925 2.4
      vertex 37.9516 -16.054 0
      vertex 37.9516 -16.054 2.4
    endloop
  endfacet
  facet normal -0.65939 0.751801 0
    outer loop
      vertex 37.7768 -16.2818 0
      vertex 37.6686 -16.3767 2.4
      vertex 37.7768 -16.2818 2.4
    endloop
  endfacet
  facet normal -0.65939 0.751801 0
    outer loop
      vertex 37.6686 -16.3767 2.4
      vertex 37.7768 -16.2818 0
      vertex 37.6686 -16.3767 0
    endloop
  endfacet
  facet normal -0.555502 0.831515 0
    outer loop
      vertex 37.6686 -16.3767 0
      vertex 37.549 -16.4566 2.4
      vertex 37.6686 -16.3767 2.4
    endloop
  endfacet
  facet normal -0.555502 0.831515 0
    outer loop
      vertex 37.549 -16.4566 2.4
      vertex 37.6686 -16.3767 0
      vertex 37.549 -16.4566 0
    endloop
  endfacet
  facet normal 0.321018 0.947073 -0
    outer loop
      vertex 36.7143 -16.5665 0
      vertex 36.578 -16.5203 2.4
      vertex 36.7143 -16.5665 2.4
    endloop
  endfacet
  facet normal 0.321018 0.947073 0
    outer loop
      vertex 36.578 -16.5203 2.4
      vertex 36.7143 -16.5665 0
      vertex 36.578 -16.5203 0
    endloop
  endfacet
  facet normal 0.195314 0.980741 -0
    outer loop
      vertex 36.8554 -16.5946 0
      vertex 36.7143 -16.5665 2.4
      vertex 36.8554 -16.5946 2.4
    endloop
  endfacet
  facet normal 0.195314 0.980741 0
    outer loop
      vertex 36.7143 -16.5665 2.4
      vertex 36.8554 -16.5946 0
      vertex 36.7143 -16.5665 0
    endloop
  endfacet
  facet normal 0.0653198 0.997864 -0
    outer loop
      vertex 36.999 -16.604 0
      vertex 36.8554 -16.5946 2.4
      vertex 36.999 -16.604 2.4
    endloop
  endfacet
  facet normal 0.0653198 0.997864 0
    outer loop
      vertex 36.8554 -16.5946 2.4
      vertex 36.999 -16.604 0
      vertex 36.8554 -16.5946 0
    endloop
  endfacet
  facet normal 0.555502 0.831515 -0
    outer loop
      vertex 36.449 -16.4566 0
      vertex 36.3294 -16.3767 2.4
      vertex 36.449 -16.4566 2.4
    endloop
  endfacet
  facet normal 0.555502 0.831515 0
    outer loop
      vertex 36.3294 -16.3767 2.4
      vertex 36.449 -16.4566 0
      vertex 36.3294 -16.3767 0
    endloop
  endfacet
  facet normal 0.44276 0.89664 -0
    outer loop
      vertex 36.578 -16.5203 0
      vertex 36.449 -16.4566 2.4
      vertex 36.578 -16.5203 2.4
    endloop
  endfacet
  facet normal 0.44276 0.89664 0
    outer loop
      vertex 36.449 -16.4566 2.4
      vertex 36.578 -16.5203 0
      vertex 36.449 -16.4566 0
    endloop
  endfacet
  facet normal -0.997864 -0.0653198 0
    outer loop
      vertex 36.049 -11.9533 0
      vertex 36.0396 -11.8097 2.4
      vertex 36.0396 -11.8097 0
    endloop
  endfacet
  facet normal -0.997864 -0.0653198 0
    outer loop
      vertex 36.0396 -11.8097 2.4
      vertex 36.049 -11.9533 0
      vertex 36.049 -11.9533 2.4
    endloop
  endfacet
  facet normal 0.0653198 -0.997864 0
    outer loop
      vertex 34.8054 -10.8627 0
      vertex 34.949 -10.8533 2.4
      vertex 34.8054 -10.8627 2.4
    endloop
  endfacet
  facet normal 0.0653198 -0.997864 0
    outer loop
      vertex 34.949 -10.8533 2.4
      vertex 34.8054 -10.8627 0
      vertex 34.949 -10.8533 0
    endloop
  endfacet
  facet normal -0.0653198 0.997864 0
    outer loop
      vertex 35.0926 -13.0439 0
      vertex 34.949 -13.0533 2.4
      vertex 35.0926 -13.0439 2.4
    endloop
  endfacet
  facet normal -0.0653198 0.997864 0
    outer loop
      vertex 34.949 -13.0533 2.4
      vertex 35.0926 -13.0439 0
      vertex 34.949 -13.0533 0
    endloop
  endfacet
  facet normal -0.751801 0.65939 0
    outer loop
      vertex 35.7268 -12.7311 0
      vertex 35.8217 -12.6229 2.4
      vertex 35.8217 -12.6229 0
    endloop
  endfacet
  facet normal -0.751801 0.65939 0
    outer loop
      vertex 35.8217 -12.6229 2.4
      vertex 35.7268 -12.7311 0
      vertex 35.7268 -12.7311 2.4
    endloop
  endfacet
  facet normal -0.65939 -0.751801 0
    outer loop
      vertex 35.6186 -11.0806 0
      vertex 35.7268 -11.1755 2.4
      vertex 35.6186 -11.0806 2.4
    endloop
  endfacet
  facet normal -0.65939 -0.751801 -0
    outer loop
      vertex 35.7268 -11.1755 2.4
      vertex 35.6186 -11.0806 0
      vertex 35.7268 -11.1755 0
    endloop
  endfacet
  facet normal 0.751801 -0.65939 0
    outer loop
      vertex 34.0763 -11.2837 2.4
      vertex 34.1712 -11.1755 0
      vertex 34.1712 -11.1755 2.4
    endloop
  endfacet
  facet normal 0.751801 -0.65939 0
    outer loop
      vertex 34.1712 -11.1755 0
      vertex 34.0763 -11.2837 2.4
      vertex 34.0763 -11.2837 0
    endloop
  endfacet
  facet normal 0.44276 -0.89664 0
    outer loop
      vertex 34.399 -11.0007 0
      vertex 34.528 -10.937 2.4
      vertex 34.399 -11.0007 2.4
    endloop
  endfacet
  facet normal 0.44276 -0.89664 0
    outer loop
      vertex 34.528 -10.937 2.4
      vertex 34.399 -11.0007 0
      vertex 34.528 -10.937 0
    endloop
  endfacet
  facet normal -0.89664 -0.44276 0
    outer loop
      vertex 35.9653 -11.5323 0
      vertex 35.9016 -11.4033 2.4
      vertex 35.9016 -11.4033 0
    endloop
  endfacet
  facet normal -0.89664 -0.44276 0
    outer loop
      vertex 35.9016 -11.4033 2.4
      vertex 35.9653 -11.5323 0
      vertex 35.9653 -11.5323 2.4
    endloop
  endfacet
  facet normal -0.831515 -0.555502 0
    outer loop
      vertex 35.9016 -11.4033 0
      vertex 35.8217 -11.2837 2.4
      vertex 35.8217 -11.2837 0
    endloop
  endfacet
  facet normal -0.831515 -0.555502 0
    outer loop
      vertex 35.8217 -11.2837 2.4
      vertex 35.9016 -11.4033 0
      vertex 35.9016 -11.4033 2.4
    endloop
  endfacet
  facet normal -0.32123 -0.947001 0
    outer loop
      vertex 35.2337 -10.8908 0
      vertex 35.3699 -10.937 2.4
      vertex 35.2337 -10.8908 2.4
    endloop
  endfacet
  facet normal -0.32123 -0.947001 -0
    outer loop
      vertex 35.3699 -10.937 2.4
      vertex 35.2337 -10.8908 0
      vertex 35.3699 -10.937 0
    endloop
  endfacet
  facet normal -0.555502 -0.831515 0
    outer loop
      vertex 35.499 -11.0007 0
      vertex 35.6186 -11.0806 2.4
      vertex 35.499 -11.0007 2.4
    endloop
  endfacet
  facet normal -0.555502 -0.831515 -0
    outer loop
      vertex 35.6186 -11.0806 2.4
      vertex 35.499 -11.0007 0
      vertex 35.6186 -11.0806 0
    endloop
  endfacet
  facet normal 0.89664 -0.44276 0
    outer loop
      vertex 33.9327 -11.5323 2.4
      vertex 33.9964 -11.4033 0
      vertex 33.9964 -11.4033 2.4
    endloop
  endfacet
  facet normal 0.89664 -0.44276 0
    outer loop
      vertex 33.9964 -11.4033 0
      vertex 33.9327 -11.5323 2.4
      vertex 33.9327 -11.5323 0
    endloop
  endfacet
  facet normal 0.831515 -0.555502 0
    outer loop
      vertex 33.9964 -11.4033 2.4
      vertex 34.0763 -11.2837 0
      vertex 34.0763 -11.2837 2.4
    endloop
  endfacet
  facet normal 0.831515 -0.555502 0
    outer loop
      vertex 34.0763 -11.2837 0
      vertex 33.9964 -11.4033 2.4
      vertex 33.9964 -11.4033 0
    endloop
  endfacet
  facet normal 0.980741 -0.195314 0
    outer loop
      vertex 33.8584 -11.8097 2.4
      vertex 33.8865 -11.6686 0
      vertex 33.8865 -11.6686 2.4
    endloop
  endfacet
  facet normal 0.980741 -0.195314 0
    outer loop
      vertex 33.8865 -11.6686 0
      vertex 33.8584 -11.8097 2.4
      vertex 33.8584 -11.8097 0
    endloop
  endfacet
  facet normal 0.65939 -0.751801 0
    outer loop
      vertex 34.1712 -11.1755 0
      vertex 34.2794 -11.0806 2.4
      vertex 34.1712 -11.1755 2.4
    endloop
  endfacet
  facet normal 0.65939 -0.751801 0
    outer loop
      vertex 34.2794 -11.0806 2.4
      vertex 34.1712 -11.1755 0
      vertex 34.2794 -11.0806 0
    endloop
  endfacet
  facet normal 0.195314 -0.980741 0
    outer loop
      vertex 34.6643 -10.8908 0
      vertex 34.8054 -10.8627 2.4
      vertex 34.6643 -10.8908 2.4
    endloop
  endfacet
  facet normal 0.195314 -0.980741 0
    outer loop
      vertex 34.8054 -10.8627 2.4
      vertex 34.6643 -10.8908 0
      vertex 34.8054 -10.8627 0
    endloop
  endfacet
  facet normal -0.195314 0.980741 0
    outer loop
      vertex 35.2337 -13.0158 0
      vertex 35.0926 -13.0439 2.4
      vertex 35.2337 -13.0158 2.4
    endloop
  endfacet
  facet normal -0.195314 0.980741 0
    outer loop
      vertex 35.0926 -13.0439 2.4
      vertex 35.2337 -13.0158 0
      vertex 35.0926 -13.0439 0
    endloop
  endfacet
  facet normal -0.947073 -0.321018 0
    outer loop
      vertex 36.0115 -11.6686 0
      vertex 35.9653 -11.5323 2.4
      vertex 35.9653 -11.5323 0
    endloop
  endfacet
  facet normal -0.947073 -0.321018 0
    outer loop
      vertex 35.9653 -11.5323 2.4
      vertex 36.0115 -11.6686 0
      vertex 36.0115 -11.6686 2.4
    endloop
  endfacet
  facet normal -0.980741 -0.195314 0
    outer loop
      vertex 36.0396 -11.8097 0
      vertex 36.0115 -11.6686 2.4
      vertex 36.0115 -11.6686 0
    endloop
  endfacet
  facet normal -0.980741 -0.195314 0
    outer loop
      vertex 36.0115 -11.6686 2.4
      vertex 36.0396 -11.8097 0
      vertex 36.0396 -11.8097 2.4
    endloop
  endfacet
  facet normal -0.751801 -0.65939 0
    outer loop
      vertex 35.8217 -11.2837 0
      vertex 35.7268 -11.1755 2.4
      vertex 35.7268 -11.1755 0
    endloop
  endfacet
  facet normal -0.751801 -0.65939 0
    outer loop
      vertex 35.7268 -11.1755 2.4
      vertex 35.8217 -11.2837 0
      vertex 35.8217 -11.2837 2.4
    endloop
  endfacet
  facet normal -0.195314 -0.980741 0
    outer loop
      vertex 35.0926 -10.8627 0
      vertex 35.2337 -10.8908 2.4
      vertex 35.0926 -10.8627 2.4
    endloop
  endfacet
  facet normal -0.195314 -0.980741 -0
    outer loop
      vertex 35.2337 -10.8908 2.4
      vertex 35.0926 -10.8627 0
      vertex 35.2337 -10.8908 0
    endloop
  endfacet
  facet normal -0.0653198 -0.997864 0
    outer loop
      vertex 34.949 -10.8533 0
      vertex 35.0926 -10.8627 2.4
      vertex 34.949 -10.8533 2.4
    endloop
  endfacet
  facet normal -0.0653198 -0.997864 -0
    outer loop
      vertex 35.0926 -10.8627 2.4
      vertex 34.949 -10.8533 0
      vertex 35.0926 -10.8627 0
    endloop
  endfacet
  facet normal -0.442484 -0.896776 0
    outer loop
      vertex 35.3699 -10.937 0
      vertex 35.499 -11.0007 2.4
      vertex 35.3699 -10.937 2.4
    endloop
  endfacet
  facet normal -0.442484 -0.896776 -0
    outer loop
      vertex 35.499 -11.0007 2.4
      vertex 35.3699 -10.937 0
      vertex 35.499 -11.0007 0
    endloop
  endfacet
  facet normal 0.947073 -0.321018 0
    outer loop
      vertex 33.8865 -11.6686 2.4
      vertex 33.9327 -11.5323 0
      vertex 33.9327 -11.5323 2.4
    endloop
  endfacet
  facet normal 0.947073 -0.321018 0
    outer loop
      vertex 33.9327 -11.5323 0
      vertex 33.8865 -11.6686 2.4
      vertex 33.8865 -11.6686 0
    endloop
  endfacet
  facet normal 0.997864 -0.0653198 0
    outer loop
      vertex 33.849 -11.9533 2.4
      vertex 33.8584 -11.8097 0
      vertex 33.8584 -11.8097 2.4
    endloop
  endfacet
  facet normal 0.997864 -0.0653198 0
    outer loop
      vertex 33.8584 -11.8097 0
      vertex 33.849 -11.9533 2.4
      vertex 33.849 -11.9533 0
    endloop
  endfacet
  facet normal 0.555502 -0.831515 0
    outer loop
      vertex 34.2794 -11.0806 0
      vertex 34.399 -11.0007 2.4
      vertex 34.2794 -11.0806 2.4
    endloop
  endfacet
  facet normal 0.555502 -0.831515 0
    outer loop
      vertex 34.399 -11.0007 2.4
      vertex 34.2794 -11.0806 0
      vertex 34.399 -11.0007 0
    endloop
  endfacet
  facet normal 0.321018 -0.947073 0
    outer loop
      vertex 34.528 -10.937 0
      vertex 34.6643 -10.8908 2.4
      vertex 34.528 -10.937 2.4
    endloop
  endfacet
  facet normal 0.321018 -0.947073 0
    outer loop
      vertex 34.6643 -10.8908 2.4
      vertex 34.528 -10.937 0
      vertex 34.6643 -10.8908 0
    endloop
  endfacet
  facet normal -0.947001 0.32123 0
    outer loop
      vertex 35.9653 -12.3742 0
      vertex 36.0115 -12.238 2.4
      vertex 36.0115 -12.238 0
    endloop
  endfacet
  facet normal -0.947001 0.32123 0
    outer loop
      vertex 36.0115 -12.238 2.4
      vertex 35.9653 -12.3742 0
      vertex 35.9653 -12.3742 2.4
    endloop
  endfacet
  facet normal 0.751801 0.65939 0
    outer loop
      vertex 34.1712 -12.7311 2.4
      vertex 34.0763 -12.6229 0
      vertex 34.0763 -12.6229 2.4
    endloop
  endfacet
  facet normal 0.751801 0.65939 0
    outer loop
      vertex 34.0763 -12.6229 0
      vertex 34.1712 -12.7311 2.4
      vertex 34.1712 -12.7311 0
    endloop
  endfacet
  facet normal 0.831515 0.555502 0
    outer loop
      vertex 34.0763 -12.6229 2.4
      vertex 33.9964 -12.5033 0
      vertex 33.9964 -12.5033 2.4
    endloop
  endfacet
  facet normal 0.831515 0.555502 0
    outer loop
      vertex 33.9964 -12.5033 0
      vertex 34.0763 -12.6229 2.4
      vertex 34.0763 -12.6229 0
    endloop
  endfacet
  facet normal -0.555502 0.831515 0
    outer loop
      vertex 35.6186 -12.826 0
      vertex 35.499 -12.9059 2.4
      vertex 35.6186 -12.826 2.4
    endloop
  endfacet
  facet normal -0.555502 0.831515 0
    outer loop
      vertex 35.499 -12.9059 2.4
      vertex 35.6186 -12.826 0
      vertex 35.499 -12.9059 0
    endloop
  endfacet
  facet normal -0.442484 0.896776 0
    outer loop
      vertex 35.499 -12.9059 0
      vertex 35.3699 -12.9696 2.4
      vertex 35.499 -12.9059 2.4
    endloop
  endfacet
  facet normal -0.442484 0.896776 0
    outer loop
      vertex 35.3699 -12.9696 2.4
      vertex 35.499 -12.9059 0
      vertex 35.3699 -12.9696 0
    endloop
  endfacet
  facet normal 0.997864 0.0653198 0
    outer loop
      vertex 33.8584 -12.0969 2.4
      vertex 33.849 -11.9533 0
      vertex 33.849 -11.9533 2.4
    endloop
  endfacet
  facet normal 0.997864 0.0653198 0
    outer loop
      vertex 33.849 -11.9533 0
      vertex 33.8584 -12.0969 2.4
      vertex 33.8584 -12.0969 0
    endloop
  endfacet
  facet normal -0.997864 0.0653198 0
    outer loop
      vertex 36.0396 -12.0969 0
      vertex 36.049 -11.9533 2.4
      vertex 36.049 -11.9533 0
    endloop
  endfacet
  facet normal -0.997864 0.0653198 0
    outer loop
      vertex 36.049 -11.9533 2.4
      vertex 36.0396 -12.0969 0
      vertex 36.0396 -12.0969 2.4
    endloop
  endfacet
  facet normal -0.831515 0.555502 0
    outer loop
      vertex 35.8217 -12.6229 0
      vertex 35.9016 -12.5033 2.4
      vertex 35.9016 -12.5033 0
    endloop
  endfacet
  facet normal -0.831515 0.555502 0
    outer loop
      vertex 35.9016 -12.5033 2.4
      vertex 35.8217 -12.6229 0
      vertex 35.8217 -12.6229 2.4
    endloop
  endfacet
  facet normal 0.195314 0.980741 -0
    outer loop
      vertex 34.8054 -13.0439 0
      vertex 34.6643 -13.0158 2.4
      vertex 34.8054 -13.0439 2.4
    endloop
  endfacet
  facet normal 0.195314 0.980741 0
    outer loop
      vertex 34.6643 -13.0158 2.4
      vertex 34.8054 -13.0439 0
      vertex 34.6643 -13.0158 0
    endloop
  endfacet
  facet normal 0.896776 0.442484 0
    outer loop
      vertex 33.9964 -12.5033 2.4
      vertex 33.9327 -12.3742 0
      vertex 33.9327 -12.3742 2.4
    endloop
  endfacet
  facet normal 0.896776 0.442484 0
    outer loop
      vertex 33.9327 -12.3742 0
      vertex 33.9964 -12.5033 2.4
      vertex 33.9964 -12.5033 0
    endloop
  endfacet
  facet normal 0.980741 0.195314 0
    outer loop
      vertex 33.8865 -12.238 2.4
      vertex 33.8584 -12.0969 0
      vertex 33.8584 -12.0969 2.4
    endloop
  endfacet
  facet normal 0.980741 0.195314 0
    outer loop
      vertex 33.8584 -12.0969 0
      vertex 33.8865 -12.238 2.4
      vertex 33.8865 -12.238 0
    endloop
  endfacet
  facet normal -0.65939 0.751801 0
    outer loop
      vertex 35.7268 -12.7311 0
      vertex 35.6186 -12.826 2.4
      vertex 35.7268 -12.7311 2.4
    endloop
  endfacet
  facet normal -0.65939 0.751801 0
    outer loop
      vertex 35.6186 -12.826 2.4
      vertex 35.7268 -12.7311 0
      vertex 35.6186 -12.826 0
    endloop
  endfacet
  facet normal -0.32123 0.947001 0
    outer loop
      vertex 35.3699 -12.9696 0
      vertex 35.2337 -13.0158 2.4
      vertex 35.3699 -12.9696 2.4
    endloop
  endfacet
  facet normal -0.32123 0.947001 0
    outer loop
      vertex 35.2337 -13.0158 2.4
      vertex 35.3699 -12.9696 0
      vertex 35.2337 -13.0158 0
    endloop
  endfacet
  facet normal -0.980741 0.195314 0
    outer loop
      vertex 36.0115 -12.238 0
      vertex 36.0396 -12.0969 2.4
      vertex 36.0396 -12.0969 0
    endloop
  endfacet
  facet normal -0.980741 0.195314 0
    outer loop
      vertex 36.0396 -12.0969 2.4
      vertex 36.0115 -12.238 0
      vertex 36.0115 -12.238 2.4
    endloop
  endfacet
  facet normal -0.896776 0.442484 0
    outer loop
      vertex 35.9016 -12.5033 0
      vertex 35.9653 -12.3742 2.4
      vertex 35.9653 -12.3742 0
    endloop
  endfacet
  facet normal -0.896776 0.442484 0
    outer loop
      vertex 35.9653 -12.3742 2.4
      vertex 35.9016 -12.5033 0
      vertex 35.9016 -12.5033 2.4
    endloop
  endfacet
  facet normal 0.321018 0.947073 -0
    outer loop
      vertex 34.6643 -13.0158 0
      vertex 34.528 -12.9696 2.4
      vertex 34.6643 -13.0158 2.4
    endloop
  endfacet
  facet normal 0.321018 0.947073 0
    outer loop
      vertex 34.528 -12.9696 2.4
      vertex 34.6643 -13.0158 0
      vertex 34.528 -12.9696 0
    endloop
  endfacet
  facet normal 0.555502 0.831515 -0
    outer loop
      vertex 34.399 -12.9059 0
      vertex 34.2794 -12.826 2.4
      vertex 34.399 -12.9059 2.4
    endloop
  endfacet
  facet normal 0.555502 0.831515 0
    outer loop
      vertex 34.2794 -12.826 2.4
      vertex 34.399 -12.9059 0
      vertex 34.2794 -12.826 0
    endloop
  endfacet
  facet normal 0.65939 0.751801 -0
    outer loop
      vertex 34.2794 -12.826 0
      vertex 34.1712 -12.7311 2.4
      vertex 34.2794 -12.826 2.4
    endloop
  endfacet
  facet normal 0.65939 0.751801 0
    outer loop
      vertex 34.1712 -12.7311 2.4
      vertex 34.2794 -12.826 0
      vertex 34.1712 -12.7311 0
    endloop
  endfacet
  facet normal 0.947001 0.32123 0
    outer loop
      vertex 33.9327 -12.3742 2.4
      vertex 33.8865 -12.238 0
      vertex 33.8865 -12.238 2.4
    endloop
  endfacet
  facet normal 0.947001 0.32123 0
    outer loop
      vertex 33.8865 -12.238 0
      vertex 33.9327 -12.3742 2.4
      vertex 33.9327 -12.3742 0
    endloop
  endfacet
  facet normal 0.0653198 0.997864 -0
    outer loop
      vertex 34.949 -13.0533 0
      vertex 34.8054 -13.0439 2.4
      vertex 34.949 -13.0533 2.4
    endloop
  endfacet
  facet normal 0.0653198 0.997864 0
    outer loop
      vertex 34.8054 -13.0439 2.4
      vertex 34.949 -13.0533 0
      vertex 34.8054 -13.0439 0
    endloop
  endfacet
  facet normal 0.44276 0.89664 -0
    outer loop
      vertex 34.528 -12.9696 0
      vertex 34.399 -12.9059 2.4
      vertex 34.528 -12.9696 2.4
    endloop
  endfacet
  facet normal 0.44276 0.89664 0
    outer loop
      vertex 34.399 -12.9059 2.4
      vertex 34.528 -12.9696 0
      vertex 34.399 -12.9059 0
    endloop
  endfacet
  facet normal -0.997864 -0.0653198 0
    outer loop
      vertex 31.949 -11.9533 0
      vertex 31.9396 -11.8097 2.4
      vertex 31.9396 -11.8097 0
    endloop
  endfacet
  facet normal -0.997864 -0.0653198 0
    outer loop
      vertex 31.9396 -11.8097 2.4
      vertex 31.949 -11.9533 0
      vertex 31.949 -11.9533 2.4
    endloop
  endfacet
  facet normal 0.997864 -0.0653198 0
    outer loop
      vertex 29.749 -11.9533 2.4
      vertex 29.7584 -11.8097 0
      vertex 29.7584 -11.8097 2.4
    endloop
  endfacet
  facet normal 0.997864 -0.0653198 0
    outer loop
      vertex 29.7584 -11.8097 0
      vertex 29.749 -11.9533 2.4
      vertex 29.749 -11.9533 0
    endloop
  endfacet
  facet normal -0.0653198 -0.997864 0
    outer loop
      vertex 30.849 -10.8533 0
      vertex 30.9926 -10.8627 2.4
      vertex 30.849 -10.8533 2.4
    endloop
  endfacet
  facet normal -0.0653198 -0.997864 -0
    outer loop
      vertex 30.9926 -10.8627 2.4
      vertex 30.849 -10.8533 0
      vertex 30.9926 -10.8627 0
    endloop
  endfacet
  facet normal 0.0653198 0.997864 -0
    outer loop
      vertex 30.849 -13.0533 0
      vertex 30.7054 -13.0439 2.4
      vertex 30.849 -13.0533 2.4
    endloop
  endfacet
  facet normal 0.0653198 0.997864 0
    outer loop
      vertex 30.7054 -13.0439 2.4
      vertex 30.849 -13.0533 0
      vertex 30.7054 -13.0439 0
    endloop
  endfacet
  facet normal -0.65939 -0.751801 0
    outer loop
      vertex 31.5186 -11.0806 0
      vertex 31.6268 -11.1755 2.4
      vertex 31.5186 -11.0806 2.4
    endloop
  endfacet
  facet normal -0.65939 -0.751801 -0
    outer loop
      vertex 31.6268 -11.1755 2.4
      vertex 31.5186 -11.0806 0
      vertex 31.6268 -11.1755 0
    endloop
  endfacet
  facet normal 0.65939 -0.751801 0
    outer loop
      vertex 30.0712 -11.1755 0
      vertex 30.1794 -11.0806 2.4
      vertex 30.0712 -11.1755 2.4
    endloop
  endfacet
  facet normal 0.65939 -0.751801 0
    outer loop
      vertex 30.1794 -11.0806 2.4
      vertex 30.0712 -11.1755 0
      vertex 30.1794 -11.0806 0
    endloop
  endfacet
  facet normal 0.321018 -0.947073 0
    outer loop
      vertex 30.428 -10.937 0
      vertex 30.5643 -10.8908 2.4
      vertex 30.428 -10.937 2.4
    endloop
  endfacet
  facet normal 0.321018 -0.947073 0
    outer loop
      vertex 30.5643 -10.8908 2.4
      vertex 30.428 -10.937 0
      vertex 30.5643 -10.8908 0
    endloop
  endfacet
  facet normal -0.89664 -0.44276 0
    outer loop
      vertex 31.8653 -11.5323 0
      vertex 31.8016 -11.4033 2.4
      vertex 31.8016 -11.4033 0
    endloop
  endfacet
  facet normal -0.89664 -0.44276 0
    outer loop
      vertex 31.8016 -11.4033 2.4
      vertex 31.8653 -11.5323 0
      vertex 31.8653 -11.5323 2.4
    endloop
  endfacet
  facet normal -0.980741 -0.195314 0
    outer loop
      vertex 31.9396 -11.8097 0
      vertex 31.9115 -11.6686 2.4
      vertex 31.9115 -11.6686 0
    endloop
  endfacet
  facet normal -0.980741 -0.195314 0
    outer loop
      vertex 31.9115 -11.6686 2.4
      vertex 31.9396 -11.8097 0
      vertex 31.9396 -11.8097 2.4
    endloop
  endfacet
  facet normal -0.831515 -0.555502 0
    outer loop
      vertex 31.8016 -11.4033 0
      vertex 31.7217 -11.2837 2.4
      vertex 31.7217 -11.2837 0
    endloop
  endfacet
  facet normal -0.831515 -0.555502 0
    outer loop
      vertex 31.7217 -11.2837 2.4
      vertex 31.8016 -11.4033 0
      vertex 31.8016 -11.4033 2.4
    endloop
  endfacet
  facet normal -0.321018 -0.947073 0
    outer loop
      vertex 31.1337 -10.8908 0
      vertex 31.27 -10.937 2.4
      vertex 31.1337 -10.8908 2.4
    endloop
  endfacet
  facet normal -0.321018 -0.947073 -0
    outer loop
      vertex 31.27 -10.937 2.4
      vertex 31.1337 -10.8908 0
      vertex 31.27 -10.937 0
    endloop
  endfacet
  facet normal -0.195314 -0.980741 0
    outer loop
      vertex 30.9926 -10.8627 0
      vertex 31.1337 -10.8908 2.4
      vertex 30.9926 -10.8627 2.4
    endloop
  endfacet
  facet normal -0.195314 -0.980741 -0
    outer loop
      vertex 31.1337 -10.8908 2.4
      vertex 30.9926 -10.8627 0
      vertex 31.1337 -10.8908 0
    endloop
  endfacet
  facet normal -0.555502 -0.831515 0
    outer loop
      vertex 31.399 -11.0007 0
      vertex 31.5186 -11.0806 2.4
      vertex 31.399 -11.0007 2.4
    endloop
  endfacet
  facet normal -0.555502 -0.831515 -0
    outer loop
      vertex 31.5186 -11.0806 2.4
      vertex 31.399 -11.0007 0
      vertex 31.5186 -11.0806 0
    endloop
  endfacet
  facet normal 0.831515 -0.555502 0
    outer loop
      vertex 29.8964 -11.4033 2.4
      vertex 29.9763 -11.2837 0
      vertex 29.9763 -11.2837 2.4
    endloop
  endfacet
  facet normal 0.831515 -0.555502 0
    outer loop
      vertex 29.9763 -11.2837 0
      vertex 29.8964 -11.4033 2.4
      vertex 29.8964 -11.4033 0
    endloop
  endfacet
  facet normal 0.751801 -0.65939 0
    outer loop
      vertex 29.9763 -11.2837 2.4
      vertex 30.0712 -11.1755 0
      vertex 30.0712 -11.1755 2.4
    endloop
  endfacet
  facet normal 0.751801 -0.65939 0
    outer loop
      vertex 30.0712 -11.1755 0
      vertex 29.9763 -11.2837 2.4
      vertex 29.9763 -11.2837 0
    endloop
  endfacet
  facet normal 0.947073 -0.321018 0
    outer loop
      vertex 29.7865 -11.6686 2.4
      vertex 29.8327 -11.5323 0
      vertex 29.8327 -11.5323 2.4
    endloop
  endfacet
  facet normal 0.947073 -0.321018 0
    outer loop
      vertex 29.8327 -11.5323 0
      vertex 29.7865 -11.6686 2.4
      vertex 29.7865 -11.6686 0
    endloop
  endfacet
  facet normal 0.555502 -0.831515 0
    outer loop
      vertex 30.1794 -11.0806 0
      vertex 30.299 -11.0007 2.4
      vertex 30.1794 -11.0806 2.4
    endloop
  endfacet
  facet normal 0.555502 -0.831515 0
    outer loop
      vertex 30.299 -11.0007 2.4
      vertex 30.1794 -11.0806 0
      vertex 30.299 -11.0007 0
    endloop
  endfacet
  facet normal 0.195314 -0.980741 0
    outer loop
      vertex 30.5643 -10.8908 0
      vertex 30.7054 -10.8627 2.4
      vertex 30.5643 -10.8908 2.4
    endloop
  endfacet
  facet normal 0.195314 -0.980741 0
    outer loop
      vertex 30.7054 -10.8627 2.4
      vertex 30.5643 -10.8908 0
      vertex 30.7054 -10.8627 0
    endloop
  endfacet
  facet normal -0.751801 0.65939 0
    outer loop
      vertex 31.6268 -12.7311 0
      vertex 31.7217 -12.6229 2.4
      vertex 31.7217 -12.6229 0
    endloop
  endfacet
  facet normal -0.751801 0.65939 0
    outer loop
      vertex 31.7217 -12.6229 2.4
      vertex 31.6268 -12.7311 0
      vertex 31.6268 -12.7311 2.4
    endloop
  endfacet
  facet normal -0.980741 0.195314 0
    outer loop
      vertex 31.9115 -12.238 0
      vertex 31.9396 -12.0969 2.4
      vertex 31.9396 -12.0969 0
    endloop
  endfacet
  facet normal -0.980741 0.195314 0
    outer loop
      vertex 31.9396 -12.0969 2.4
      vertex 31.9115 -12.238 0
      vertex 31.9115 -12.238 2.4
    endloop
  endfacet
  facet normal 0.44276 0.89664 -0
    outer loop
      vertex 30.428 -12.9696 0
      vertex 30.299 -12.9059 2.4
      vertex 30.428 -12.9696 2.4
    endloop
  endfacet
  facet normal 0.44276 0.89664 0
    outer loop
      vertex 30.299 -12.9059 2.4
      vertex 30.428 -12.9696 0
      vertex 30.299 -12.9059 0
    endloop
  endfacet
  facet normal 0.65939 0.751801 -0
    outer loop
      vertex 30.1794 -12.826 0
      vertex 30.0712 -12.7311 2.4
      vertex 30.1794 -12.826 2.4
    endloop
  endfacet
  facet normal 0.65939 0.751801 0
    outer loop
      vertex 30.0712 -12.7311 2.4
      vertex 30.1794 -12.826 0
      vertex 30.0712 -12.7311 0
    endloop
  endfacet
  facet normal 0.321018 0.947073 -0
    outer loop
      vertex 30.5643 -13.0158 0
      vertex 30.428 -12.9696 2.4
      vertex 30.5643 -13.0158 2.4
    endloop
  endfacet
  facet normal 0.321018 0.947073 0
    outer loop
      vertex 30.428 -12.9696 2.4
      vertex 30.5643 -13.0158 0
      vertex 30.428 -12.9696 0
    endloop
  endfacet
  facet normal 0.751801 0.65939 0
    outer loop
      vertex 30.0712 -12.7311 2.4
      vertex 29.9763 -12.6229 0
      vertex 29.9763 -12.6229 2.4
    endloop
  endfacet
  facet normal 0.751801 0.65939 0
    outer loop
      vertex 29.9763 -12.6229 0
      vertex 30.0712 -12.7311 2.4
      vertex 30.0712 -12.7311 0
    endloop
  endfacet
  facet normal -0.947073 -0.321018 0
    outer loop
      vertex 31.9115 -11.6686 0
      vertex 31.8653 -11.5323 2.4
      vertex 31.8653 -11.5323 0
    endloop
  endfacet
  facet normal -0.947073 -0.321018 0
    outer loop
      vertex 31.8653 -11.5323 2.4
      vertex 31.9115 -11.6686 0
      vertex 31.9115 -11.6686 2.4
    endloop
  endfacet
  facet normal -0.751801 -0.65939 0
    outer loop
      vertex 31.7217 -11.2837 0
      vertex 31.6268 -11.1755 2.4
      vertex 31.6268 -11.1755 0
    endloop
  endfacet
  facet normal -0.751801 -0.65939 0
    outer loop
      vertex 31.6268 -11.1755 2.4
      vertex 31.7217 -11.2837 0
      vertex 31.7217 -11.2837 2.4
    endloop
  endfacet
  facet normal -0.44276 -0.89664 0
    outer loop
      vertex 31.27 -10.937 0
      vertex 31.399 -11.0007 2.4
      vertex 31.27 -10.937 2.4
    endloop
  endfacet
  facet normal -0.44276 -0.89664 -0
    outer loop
      vertex 31.399 -11.0007 2.4
      vertex 31.27 -10.937 0
      vertex 31.399 -11.0007 0
    endloop
  endfacet
  facet normal 0.89664 -0.44276 0
    outer loop
      vertex 29.8327 -11.5323 2.4
      vertex 29.8964 -11.4033 0
      vertex 29.8964 -11.4033 2.4
    endloop
  endfacet
  facet normal 0.89664 -0.44276 0
    outer loop
      vertex 29.8964 -11.4033 0
      vertex 29.8327 -11.5323 2.4
      vertex 29.8327 -11.5323 0
    endloop
  endfacet
  facet normal 0.980741 -0.195314 0
    outer loop
      vertex 29.7584 -11.8097 2.4
      vertex 29.7865 -11.6686 0
      vertex 29.7865 -11.6686 2.4
    endloop
  endfacet
  facet normal 0.980741 -0.195314 0
    outer loop
      vertex 29.7865 -11.6686 0
      vertex 29.7584 -11.8097 2.4
      vertex 29.7584 -11.8097 0
    endloop
  endfacet
  facet normal 0.44276 -0.89664 0
    outer loop
      vertex 30.299 -11.0007 0
      vertex 30.428 -10.937 2.4
      vertex 30.299 -11.0007 2.4
    endloop
  endfacet
  facet normal 0.44276 -0.89664 0
    outer loop
      vertex 30.428 -10.937 2.4
      vertex 30.299 -11.0007 0
      vertex 30.428 -10.937 0
    endloop
  endfacet
  facet normal 0.0653198 -0.997864 0
    outer loop
      vertex 30.7054 -10.8627 0
      vertex 30.849 -10.8533 2.4
      vertex 30.7054 -10.8627 2.4
    endloop
  endfacet
  facet normal 0.0653198 -0.997864 0
    outer loop
      vertex 30.849 -10.8533 2.4
      vertex 30.7054 -10.8627 0
      vertex 30.849 -10.8533 0
    endloop
  endfacet
  facet normal -0.0653198 0.997864 0
    outer loop
      vertex 30.9926 -13.0439 0
      vertex 30.849 -13.0533 2.4
      vertex 30.9926 -13.0439 2.4
    endloop
  endfacet
  facet normal -0.0653198 0.997864 0
    outer loop
      vertex 30.849 -13.0533 2.4
      vertex 30.9926 -13.0439 0
      vertex 30.849 -13.0533 0
    endloop
  endfacet
  facet normal -0.321018 0.947073 0
    outer loop
      vertex 31.27 -12.9696 0
      vertex 31.1337 -13.0158 2.4
      vertex 31.27 -12.9696 2.4
    endloop
  endfacet
  facet normal -0.321018 0.947073 0
    outer loop
      vertex 31.1337 -13.0158 2.4
      vertex 31.27 -12.9696 0
      vertex 31.1337 -13.0158 0
    endloop
  endfacet
  facet normal -0.44276 0.89664 0
    outer loop
      vertex 31.399 -12.9059 0
      vertex 31.27 -12.9696 2.4
      vertex 31.399 -12.9059 2.4
    endloop
  endfacet
  facet normal -0.44276 0.89664 0
    outer loop
      vertex 31.27 -12.9696 2.4
      vertex 31.399 -12.9059 0
      vertex 31.27 -12.9696 0
    endloop
  endfacet
  facet normal -0.65939 0.751801 0
    outer loop
      vertex 31.6268 -12.7311 0
      vertex 31.5186 -12.826 2.4
      vertex 31.6268 -12.7311 2.4
    endloop
  endfacet
  facet normal -0.65939 0.751801 0
    outer loop
      vertex 31.5186 -12.826 2.4
      vertex 31.6268 -12.7311 0
      vertex 31.5186 -12.826 0
    endloop
  endfacet
  facet normal -0.947001 0.32123 0
    outer loop
      vertex 31.8653 -12.3742 0
      vertex 31.9115 -12.238 2.4
      vertex 31.9115 -12.238 0
    endloop
  endfacet
  facet normal -0.947001 0.32123 0
    outer loop
      vertex 31.9115 -12.238 2.4
      vertex 31.8653 -12.3742 0
      vertex 31.8653 -12.3742 2.4
    endloop
  endfacet
  facet normal -0.831515 0.555502 0
    outer loop
      vertex 31.7217 -12.6229 0
      vertex 31.8016 -12.5033 2.4
      vertex 31.8016 -12.5033 0
    endloop
  endfacet
  facet normal -0.831515 0.555502 0
    outer loop
      vertex 31.8016 -12.5033 2.4
      vertex 31.7217 -12.6229 0
      vertex 31.7217 -12.6229 2.4
    endloop
  endfacet
  facet normal -0.896776 0.442484 0
    outer loop
      vertex 31.8016 -12.5033 0
      vertex 31.8653 -12.3742 2.4
      vertex 31.8653 -12.3742 0
    endloop
  endfacet
  facet normal -0.896776 0.442484 0
    outer loop
      vertex 31.8653 -12.3742 2.4
      vertex 31.8016 -12.5033 0
      vertex 31.8016 -12.5033 2.4
    endloop
  endfacet
  facet normal 0.555502 0.831515 -0
    outer loop
      vertex 30.299 -12.9059 0
      vertex 30.1794 -12.826 2.4
      vertex 30.299 -12.9059 2.4
    endloop
  endfacet
  facet normal 0.555502 0.831515 0
    outer loop
      vertex 30.1794 -12.826 2.4
      vertex 30.299 -12.9059 0
      vertex 30.1794 -12.826 0
    endloop
  endfacet
  facet normal 0.195314 0.980741 -0
    outer loop
      vertex 30.7054 -13.0439 0
      vertex 30.5643 -13.0158 2.4
      vertex 30.7054 -13.0439 2.4
    endloop
  endfacet
  facet normal 0.195314 0.980741 0
    outer loop
      vertex 30.5643 -13.0158 2.4
      vertex 30.7054 -13.0439 0
      vertex 30.5643 -13.0158 0
    endloop
  endfacet
  facet normal 0.896776 0.442484 0
    outer loop
      vertex 29.8964 -12.5033 2.4
      vertex 29.8327 -12.3742 0
      vertex 29.8327 -12.3742 2.4
    endloop
  endfacet
  facet normal 0.896776 0.442484 0
    outer loop
      vertex 29.8327 -12.3742 0
      vertex 29.8964 -12.5033 2.4
      vertex 29.8964 -12.5033 0
    endloop
  endfacet
  facet normal 0.947001 0.32123 0
    outer loop
      vertex 29.8327 -12.3742 2.4
      vertex 29.7865 -12.238 0
      vertex 29.7865 -12.238 2.4
    endloop
  endfacet
  facet normal 0.947001 0.32123 0
    outer loop
      vertex 29.7865 -12.238 0
      vertex 29.8327 -12.3742 2.4
      vertex 29.8327 -12.3742 0
    endloop
  endfacet
  facet normal 0.997864 0.0653198 0
    outer loop
      vertex 29.7584 -12.0969 2.4
      vertex 29.749 -11.9533 0
      vertex 29.749 -11.9533 2.4
    endloop
  endfacet
  facet normal 0.997864 0.0653198 0
    outer loop
      vertex 29.749 -11.9533 0
      vertex 29.7584 -12.0969 2.4
      vertex 29.7584 -12.0969 0
    endloop
  endfacet
  facet normal -0.997864 0.0653198 0
    outer loop
      vertex 31.9396 -12.0969 0
      vertex 31.949 -11.9533 2.4
      vertex 31.949 -11.9533 0
    endloop
  endfacet
  facet normal -0.997864 0.0653198 0
    outer loop
      vertex 31.949 -11.9533 2.4
      vertex 31.9396 -12.0969 0
      vertex 31.9396 -12.0969 2.4
    endloop
  endfacet
  facet normal -0.195314 0.980741 0
    outer loop
      vertex 31.1337 -13.0158 0
      vertex 30.9926 -13.0439 2.4
      vertex 31.1337 -13.0158 2.4
    endloop
  endfacet
  facet normal -0.195314 0.980741 0
    outer loop
      vertex 30.9926 -13.0439 2.4
      vertex 31.1337 -13.0158 0
      vertex 30.9926 -13.0439 0
    endloop
  endfacet
  facet normal -0.555502 0.831515 0
    outer loop
      vertex 31.5186 -12.826 0
      vertex 31.399 -12.9059 2.4
      vertex 31.5186 -12.826 2.4
    endloop
  endfacet
  facet normal -0.555502 0.831515 0
    outer loop
      vertex 31.399 -12.9059 2.4
      vertex 31.5186 -12.826 0
      vertex 31.399 -12.9059 0
    endloop
  endfacet
  facet normal 0.831515 0.555502 0
    outer loop
      vertex 29.9763 -12.6229 2.4
      vertex 29.8964 -12.5033 0
      vertex 29.8964 -12.5033 2.4
    endloop
  endfacet
  facet normal 0.831515 0.555502 0
    outer loop
      vertex 29.8964 -12.5033 0
      vertex 29.9763 -12.6229 2.4
      vertex 29.9763 -12.6229 0
    endloop
  endfacet
  facet normal 0.980741 0.195314 0
    outer loop
      vertex 29.7865 -12.238 2.4
      vertex 29.7584 -12.0969 0
      vertex 29.7584 -12.0969 2.4
    endloop
  endfacet
  facet normal 0.980741 0.195314 0
    outer loop
      vertex 29.7584 -12.0969 0
      vertex 29.7865 -12.238 2.4
      vertex 29.7865 -12.238 0
    endloop
  endfacet
  facet normal -0.997864 -0.0653198 0
    outer loop
      vertex 29.899 -15.504 0
      vertex 29.8896 -15.3604 2.4
      vertex 29.8896 -15.3604 0
    endloop
  endfacet
  facet normal -0.997864 -0.0653198 0
    outer loop
      vertex 29.8896 -15.3604 2.4
      vertex 29.899 -15.504 0
      vertex 29.899 -15.504 2.4
    endloop
  endfacet
  facet normal 0.997864 -0.0653198 0
    outer loop
      vertex 27.699 -15.504 2.4
      vertex 27.7084 -15.3604 0
      vertex 27.7084 -15.3604 2.4
    endloop
  endfacet
  facet normal 0.997864 -0.0653198 0
    outer loop
      vertex 27.7084 -15.3604 0
      vertex 27.699 -15.504 2.4
      vertex 27.699 -15.504 0
    endloop
  endfacet
  facet normal -0.0653198 -0.997864 0
    outer loop
      vertex 28.799 -14.404 0
      vertex 28.9426 -14.4134 2.4
      vertex 28.799 -14.404 2.4
    endloop
  endfacet
  facet normal -0.0653198 -0.997864 -0
    outer loop
      vertex 28.9426 -14.4134 2.4
      vertex 28.799 -14.404 0
      vertex 28.9426 -14.4134 0
    endloop
  endfacet
  facet normal -0.0653198 0.997864 0
    outer loop
      vertex 28.9426 -16.5946 0
      vertex 28.799 -16.604 2.4
      vertex 28.9426 -16.5946 2.4
    endloop
  endfacet
  facet normal -0.0653198 0.997864 0
    outer loop
      vertex 28.799 -16.604 2.4
      vertex 28.9426 -16.5946 0
      vertex 28.799 -16.604 0
    endloop
  endfacet
  facet normal -0.65939 -0.751801 0
    outer loop
      vertex 29.4686 -14.6313 0
      vertex 29.5768 -14.7262 2.4
      vertex 29.4686 -14.6313 2.4
    endloop
  endfacet
  facet normal -0.65939 -0.751801 -0
    outer loop
      vertex 29.5768 -14.7262 2.4
      vertex 29.4686 -14.6313 0
      vertex 29.5768 -14.7262 0
    endloop
  endfacet
  facet normal 0.65939 -0.751801 0
    outer loop
      vertex 28.0212 -14.7262 0
      vertex 28.1294 -14.6313 2.4
      vertex 28.0212 -14.7262 2.4
    endloop
  endfacet
  facet normal 0.65939 -0.751801 0
    outer loop
      vertex 28.1294 -14.6313 2.4
      vertex 28.0212 -14.7262 0
      vertex 28.1294 -14.6313 0
    endloop
  endfacet
  facet normal 0.321018 -0.947073 0
    outer loop
      vertex 28.378 -14.4877 0
      vertex 28.5143 -14.4415 2.4
      vertex 28.378 -14.4877 2.4
    endloop
  endfacet
  facet normal 0.321018 -0.947073 0
    outer loop
      vertex 28.5143 -14.4415 2.4
      vertex 28.378 -14.4877 0
      vertex 28.5143 -14.4415 0
    endloop
  endfacet
  facet normal -0.831515 0.555502 0
    outer loop
      vertex 29.6717 -16.1736 0
      vertex 29.7516 -16.054 2.4
      vertex 29.7516 -16.054 0
    endloop
  endfacet
  facet normal -0.831515 0.555502 0
    outer loop
      vertex 29.7516 -16.054 2.4
      vertex 29.6717 -16.1736 0
      vertex 29.6717 -16.1736 2.4
    endloop
  endfacet
  facet normal -0.89664 -0.44276 0
    outer loop
      vertex 29.8153 -15.083 0
      vertex 29.7516 -14.954 2.4
      vertex 29.7516 -14.954 0
    endloop
  endfacet
  facet normal -0.89664 -0.44276 0
    outer loop
      vertex 29.7516 -14.954 2.4
      vertex 29.8153 -15.083 0
      vertex 29.8153 -15.083 2.4
    endloop
  endfacet
  facet normal -0.980741 -0.195314 0
    outer loop
      vertex 29.8896 -15.3604 0
      vertex 29.8615 -15.2193 2.4
      vertex 29.8615 -15.2193 0
    endloop
  endfacet
  facet normal -0.980741 -0.195314 0
    outer loop
      vertex 29.8615 -15.2193 2.4
      vertex 29.8896 -15.3604 0
      vertex 29.8896 -15.3604 2.4
    endloop
  endfacet
  facet normal -0.831515 -0.555502 0
    outer loop
      vertex 29.7516 -14.954 0
      vertex 29.6717 -14.8344 2.4
      vertex 29.6717 -14.8344 0
    endloop
  endfacet
  facet normal -0.831515 -0.555502 0
    outer loop
      vertex 29.6717 -14.8344 2.4
      vertex 29.7516 -14.954 0
      vertex 29.7516 -14.954 2.4
    endloop
  endfacet
  facet normal -0.44276 -0.89664 0
    outer loop
      vertex 29.22 -14.4877 0
      vertex 29.349 -14.5514 2.4
      vertex 29.22 -14.4877 2.4
    endloop
  endfacet
  facet normal -0.44276 -0.89664 -0
    outer loop
      vertex 29.349 -14.5514 2.4
      vertex 29.22 -14.4877 0
      vertex 29.349 -14.5514 0
    endloop
  endfacet
  facet normal -0.555502 -0.831515 0
    outer loop
      vertex 29.349 -14.5514 0
      vertex 29.4686 -14.6313 2.4
      vertex 29.349 -14.5514 2.4
    endloop
  endfacet
  facet normal -0.555502 -0.831515 -0
    outer loop
      vertex 29.4686 -14.6313 2.4
      vertex 29.349 -14.5514 0
      vertex 29.4686 -14.6313 0
    endloop
  endfacet
  facet normal 0.831515 -0.555502 0
    outer loop
      vertex 27.8464 -14.954 2.4
      vertex 27.9263 -14.8344 0
      vertex 27.9263 -14.8344 2.4
    endloop
  endfacet
  facet normal 0.831515 -0.555502 0
    outer loop
      vertex 27.9263 -14.8344 0
      vertex 27.8464 -14.954 2.4
      vertex 27.8464 -14.954 0
    endloop
  endfacet
  facet normal 0.751801 -0.65939 0
    outer loop
      vertex 27.9263 -14.8344 2.4
      vertex 28.0212 -14.7262 0
      vertex 28.0212 -14.7262 2.4
    endloop
  endfacet
  facet normal 0.751801 -0.65939 0
    outer loop
      vertex 28.0212 -14.7262 0
      vertex 27.9263 -14.8344 2.4
      vertex 27.9263 -14.8344 0
    endloop
  endfacet
  facet normal 0.947073 -0.321018 0
    outer loop
      vertex 27.7365 -15.2193 2.4
      vertex 27.7827 -15.083 0
      vertex 27.7827 -15.083 2.4
    endloop
  endfacet
  facet normal 0.947073 -0.321018 0
    outer loop
      vertex 27.7827 -15.083 0
      vertex 27.7365 -15.2193 2.4
      vertex 27.7365 -15.2193 0
    endloop
  endfacet
  facet normal 0.555502 -0.831515 0
    outer loop
      vertex 28.1294 -14.6313 0
      vertex 28.249 -14.5514 2.4
      vertex 28.1294 -14.6313 2.4
    endloop
  endfacet
  facet normal 0.555502 -0.831515 0
    outer loop
      vertex 28.249 -14.5514 2.4
      vertex 28.1294 -14.6313 0
      vertex 28.249 -14.5514 0
    endloop
  endfacet
  facet normal 0.0653198 -0.997864 0
    outer loop
      vertex 28.6554 -14.4134 0
      vertex 28.799 -14.404 2.4
      vertex 28.6554 -14.4134 2.4
    endloop
  endfacet
  facet normal 0.0653198 -0.997864 0
    outer loop
      vertex 28.799 -14.404 2.4
      vertex 28.6554 -14.4134 0
      vertex 28.799 -14.404 0
    endloop
  endfacet
  facet normal -0.195314 0.980741 0
    outer loop
      vertex 29.0837 -16.5665 0
      vertex 28.9426 -16.5946 2.4
      vertex 29.0837 -16.5665 2.4
    endloop
  endfacet
  facet normal -0.195314 0.980741 0
    outer loop
      vertex 28.9426 -16.5946 2.4
      vertex 29.0837 -16.5665 0
      vertex 28.9426 -16.5946 0
    endloop
  endfacet
  facet normal -0.947073 -0.321018 0
    outer loop
      vertex 29.8615 -15.2193 0
      vertex 29.8153 -15.083 2.4
      vertex 29.8153 -15.083 0
    endloop
  endfacet
  facet normal -0.947073 -0.321018 0
    outer loop
      vertex 29.8153 -15.083 2.4
      vertex 29.8615 -15.2193 0
      vertex 29.8615 -15.2193 2.4
    endloop
  endfacet
  facet normal -0.751801 -0.65939 0
    outer loop
      vertex 29.6717 -14.8344 0
      vertex 29.5768 -14.7262 2.4
      vertex 29.5768 -14.7262 0
    endloop
  endfacet
  facet normal -0.751801 -0.65939 0
    outer loop
      vertex 29.5768 -14.7262 2.4
      vertex 29.6717 -14.8344 0
      vertex 29.6717 -14.8344 2.4
    endloop
  endfacet
  facet normal -0.321018 -0.947073 0
    outer loop
      vertex 29.0837 -14.4415 0
      vertex 29.22 -14.4877 2.4
      vertex 29.0837 -14.4415 2.4
    endloop
  endfacet
  facet normal -0.321018 -0.947073 -0
    outer loop
      vertex 29.22 -14.4877 2.4
      vertex 29.0837 -14.4415 0
      vertex 29.22 -14.4877 0
    endloop
  endfacet
  facet normal -0.195314 -0.980741 0
    outer loop
      vertex 28.9426 -14.4134 0
      vertex 29.0837 -14.4415 2.4
      vertex 28.9426 -14.4134 2.4
    endloop
  endfacet
  facet normal -0.195314 -0.980741 -0
    outer loop
      vertex 29.0837 -14.4415 2.4
      vertex 28.9426 -14.4134 0
      vertex 29.0837 -14.4415 0
    endloop
  endfacet
  facet normal 0.89664 -0.44276 0
    outer loop
      vertex 27.7827 -15.083 2.4
      vertex 27.8464 -14.954 0
      vertex 27.8464 -14.954 2.4
    endloop
  endfacet
  facet normal 0.89664 -0.44276 0
    outer loop
      vertex 27.8464 -14.954 0
      vertex 27.7827 -15.083 2.4
      vertex 27.7827 -15.083 0
    endloop
  endfacet
  facet normal 0.980741 -0.195314 0
    outer loop
      vertex 27.7084 -15.3604 2.4
      vertex 27.7365 -15.2193 0
      vertex 27.7365 -15.2193 2.4
    endloop
  endfacet
  facet normal 0.980741 -0.195314 0
    outer loop
      vertex 27.7365 -15.2193 0
      vertex 27.7084 -15.3604 2.4
      vertex 27.7084 -15.3604 0
    endloop
  endfacet
  facet normal -0.997864 0.0653198 0
    outer loop
      vertex 29.8896 -15.6476 0
      vertex 29.899 -15.504 2.4
      vertex 29.899 -15.504 0
    endloop
  endfacet
  facet normal -0.997864 0.0653198 0
    outer loop
      vertex 29.899 -15.504 2.4
      vertex 29.8896 -15.6476 0
      vertex 29.8896 -15.6476 2.4
    endloop
  endfacet
  facet normal -0.980741 0.195314 0
    outer loop
      vertex 29.8615 -15.7887 0
      vertex 29.8896 -15.6476 2.4
      vertex 29.8896 -15.6476 0
    endloop
  endfacet
  facet normal -0.980741 0.195314 0
    outer loop
      vertex 29.8896 -15.6476 2.4
      vertex 29.8615 -15.7887 0
      vertex 29.8615 -15.7887 2.4
    endloop
  endfacet
  facet normal -0.751801 0.65939 0
    outer loop
      vertex 29.5768 -16.2818 0
      vertex 29.6717 -16.1736 2.4
      vertex 29.6717 -16.1736 0
    endloop
  endfacet
  facet normal -0.751801 0.65939 0
    outer loop
      vertex 29.6717 -16.1736 2.4
      vertex 29.5768 -16.2818 0
      vertex 29.5768 -16.2818 2.4
    endloop
  endfacet
  facet normal 0.321018 0.947073 -0
    outer loop
      vertex 28.5143 -16.5665 0
      vertex 28.378 -16.5203 2.4
      vertex 28.5143 -16.5665 2.4
    endloop
  endfacet
  facet normal 0.321018 0.947073 0
    outer loop
      vertex 28.378 -16.5203 2.4
      vertex 28.5143 -16.5665 0
      vertex 28.378 -16.5203 0
    endloop
  endfacet
  facet normal -0.44276 0.89664 0
    outer loop
      vertex 29.349 -16.4566 0
      vertex 29.22 -16.5203 2.4
      vertex 29.349 -16.4566 2.4
    endloop
  endfacet
  facet normal -0.44276 0.89664 0
    outer loop
      vertex 29.22 -16.5203 2.4
      vertex 29.349 -16.4566 0
      vertex 29.22 -16.5203 0
    endloop
  endfacet
  facet normal 0.44276 -0.89664 0
    outer loop
      vertex 28.249 -14.5514 0
      vertex 28.378 -14.4877 2.4
      vertex 28.249 -14.5514 2.4
    endloop
  endfacet
  facet normal 0.44276 -0.89664 0
    outer loop
      vertex 28.378 -14.4877 2.4
      vertex 28.249 -14.5514 0
      vertex 28.378 -14.4877 0
    endloop
  endfacet
  facet normal 0.195314 -0.980741 0
    outer loop
      vertex 28.5143 -14.4415 0
      vertex 28.6554 -14.4134 2.4
      vertex 28.5143 -14.4415 2.4
    endloop
  endfacet
  facet normal 0.195314 -0.980741 0
    outer loop
      vertex 28.6554 -14.4134 2.4
      vertex 28.5143 -14.4415 0
      vertex 28.6554 -14.4134 0
    endloop
  endfacet
  facet normal -0.947073 0.321018 0
    outer loop
      vertex 29.8153 -15.925 0
      vertex 29.8615 -15.7887 2.4
      vertex 29.8615 -15.7887 0
    endloop
  endfacet
  facet normal -0.947073 0.321018 0
    outer loop
      vertex 29.8615 -15.7887 2.4
      vertex 29.8153 -15.925 0
      vertex 29.8153 -15.925 2.4
    endloop
  endfacet
  facet normal -0.555502 0.831515 0
    outer loop
      vertex 29.4686 -16.3767 0
      vertex 29.349 -16.4566 2.4
      vertex 29.4686 -16.3767 2.4
    endloop
  endfacet
  facet normal -0.555502 0.831515 0
    outer loop
      vertex 29.349 -16.4566 2.4
      vertex 29.4686 -16.3767 0
      vertex 29.349 -16.4566 0
    endloop
  endfacet
  facet normal -0.89664 0.44276 0
    outer loop
      vertex 29.7516 -16.054 0
      vertex 29.8153 -15.925 2.4
      vertex 29.8153 -15.925 0
    endloop
  endfacet
  facet normal -0.89664 0.44276 0
    outer loop
      vertex 29.8153 -15.925 2.4
      vertex 29.7516 -16.054 0
      vertex 29.7516 -16.054 2.4
    endloop
  endfacet
  facet normal 0.751801 0.65939 0
    outer loop
      vertex 28.0212 -16.2818 2.4
      vertex 27.9263 -16.1736 0
      vertex 27.9263 -16.1736 2.4
    endloop
  endfacet
  facet normal 0.751801 0.65939 0
    outer loop
      vertex 27.9263 -16.1736 0
      vertex 28.0212 -16.2818 2.4
      vertex 28.0212 -16.2818 0
    endloop
  endfacet
  facet normal 0.947073 0.321018 0
    outer loop
      vertex 27.7827 -15.925 2.4
      vertex 27.7365 -15.7887 0
      vertex 27.7365 -15.7887 2.4
    endloop
  endfacet
  facet normal 0.947073 0.321018 0
    outer loop
      vertex 27.7365 -15.7887 0
      vertex 27.7827 -15.925 2.4
      vertex 27.7827 -15.925 0
    endloop
  endfacet
  facet normal -0.321018 0.947073 0
    outer loop
      vertex 29.22 -16.5203 0
      vertex 29.0837 -16.5665 2.4
      vertex 29.22 -16.5203 2.4
    endloop
  endfacet
  facet normal -0.321018 0.947073 0
    outer loop
      vertex 29.0837 -16.5665 2.4
      vertex 29.22 -16.5203 0
      vertex 29.0837 -16.5665 0
    endloop
  endfacet
  facet normal -0.65939 0.751801 0
    outer loop
      vertex 29.5768 -16.2818 0
      vertex 29.4686 -16.3767 2.4
      vertex 29.5768 -16.2818 2.4
    endloop
  endfacet
  facet normal -0.65939 0.751801 0
    outer loop
      vertex 29.4686 -16.3767 2.4
      vertex 29.5768 -16.2818 0
      vertex 29.4686 -16.3767 0
    endloop
  endfacet
  facet normal 0.195314 0.980741 -0
    outer loop
      vertex 28.6554 -16.5946 0
      vertex 28.5143 -16.5665 2.4
      vertex 28.6554 -16.5946 2.4
    endloop
  endfacet
  facet normal 0.195314 0.980741 0
    outer loop
      vertex 28.5143 -16.5665 2.4
      vertex 28.6554 -16.5946 0
      vertex 28.5143 -16.5665 0
    endloop
  endfacet
  facet normal 0.831515 0.555502 0
    outer loop
      vertex 27.9263 -16.1736 2.4
      vertex 27.8464 -16.054 0
      vertex 27.8464 -16.054 2.4
    endloop
  endfacet
  facet normal 0.831515 0.555502 0
    outer loop
      vertex 27.8464 -16.054 0
      vertex 27.9263 -16.1736 2.4
      vertex 27.9263 -16.1736 0
    endloop
  endfacet
  facet normal 0.89664 0.44276 0
    outer loop
      vertex 27.8464 -16.054 2.4
      vertex 27.7827 -15.925 0
      vertex 27.7827 -15.925 2.4
    endloop
  endfacet
  facet normal 0.89664 0.44276 0
    outer loop
      vertex 27.7827 -15.925 0
      vertex 27.8464 -16.054 2.4
      vertex 27.8464 -16.054 0
    endloop
  endfacet
  facet normal 0.980741 0.195314 0
    outer loop
      vertex 27.7365 -15.7887 2.4
      vertex 27.7084 -15.6476 0
      vertex 27.7084 -15.6476 2.4
    endloop
  endfacet
  facet normal 0.980741 0.195314 0
    outer loop
      vertex 27.7084 -15.6476 0
      vertex 27.7365 -15.7887 2.4
      vertex 27.7365 -15.7887 0
    endloop
  endfacet
  facet normal 0.997864 0.0653198 0
    outer loop
      vertex 27.7084 -15.6476 2.4
      vertex 27.699 -15.504 0
      vertex 27.699 -15.504 2.4
    endloop
  endfacet
  facet normal 0.997864 0.0653198 0
    outer loop
      vertex 27.699 -15.504 0
      vertex 27.7084 -15.6476 2.4
      vertex 27.7084 -15.6476 0
    endloop
  endfacet
  facet normal 0.44276 0.89664 -0
    outer loop
      vertex 28.378 -16.5203 0
      vertex 28.249 -16.4566 2.4
      vertex 28.378 -16.5203 2.4
    endloop
  endfacet
  facet normal 0.44276 0.89664 0
    outer loop
      vertex 28.249 -16.4566 2.4
      vertex 28.378 -16.5203 0
      vertex 28.249 -16.4566 0
    endloop
  endfacet
  facet normal 0.65939 0.751801 -0
    outer loop
      vertex 28.1294 -16.3767 0
      vertex 28.0212 -16.2818 2.4
      vertex 28.1294 -16.3767 2.4
    endloop
  endfacet
  facet normal 0.65939 0.751801 0
    outer loop
      vertex 28.0212 -16.2818 2.4
      vertex 28.1294 -16.3767 0
      vertex 28.0212 -16.2818 0
    endloop
  endfacet
  facet normal 0.555502 0.831515 -0
    outer loop
      vertex 28.249 -16.4566 0
      vertex 28.1294 -16.3767 2.4
      vertex 28.249 -16.4566 2.4
    endloop
  endfacet
  facet normal 0.555502 0.831515 0
    outer loop
      vertex 28.1294 -16.3767 2.4
      vertex 28.249 -16.4566 0
      vertex 28.1294 -16.3767 0
    endloop
  endfacet
  facet normal 0.0653198 0.997864 -0
    outer loop
      vertex 28.799 -16.604 0
      vertex 28.6554 -16.5946 2.4
      vertex 28.799 -16.604 2.4
    endloop
  endfacet
  facet normal 0.0653198 0.997864 0
    outer loop
      vertex 28.6554 -16.5946 2.4
      vertex 28.799 -16.604 0
      vertex 28.6554 -16.5946 0
    endloop
  endfacet
  facet normal -0.997864 -0.0653198 0
    outer loop
      vertex 31.949 -19.0547 0
      vertex 31.9396 -18.9111 2.4
      vertex 31.9396 -18.9111 0
    endloop
  endfacet
  facet normal -0.997864 -0.0653198 0
    outer loop
      vertex 31.9396 -18.9111 2.4
      vertex 31.949 -19.0547 0
      vertex 31.949 -19.0547 2.4
    endloop
  endfacet
  facet normal 0.997864 -0.0653198 0
    outer loop
      vertex 29.749 -19.0547 2.4
      vertex 29.7584 -18.9111 0
      vertex 29.7584 -18.9111 2.4
    endloop
  endfacet
  facet normal 0.997864 -0.0653198 0
    outer loop
      vertex 29.7584 -18.9111 0
      vertex 29.749 -19.0547 2.4
      vertex 29.749 -19.0547 0
    endloop
  endfacet
  facet normal -0.0653198 -0.997864 0
    outer loop
      vertex 30.849 -17.9547 0
      vertex 30.9926 -17.9641 2.4
      vertex 30.849 -17.9547 2.4
    endloop
  endfacet
  facet normal -0.0653198 -0.997864 -0
    outer loop
      vertex 30.9926 -17.9641 2.4
      vertex 30.849 -17.9547 0
      vertex 30.9926 -17.9641 0
    endloop
  endfacet
  facet normal -0.751801 -0.65939 0
    outer loop
      vertex 31.7217 -18.3851 0
      vertex 31.6268 -18.2769 2.4
      vertex 31.6268 -18.2769 0
    endloop
  endfacet
  facet normal -0.751801 -0.65939 0
    outer loop
      vertex 31.6268 -18.2769 2.4
      vertex 31.7217 -18.3851 0
      vertex 31.7217 -18.3851 2.4
    endloop
  endfacet
  facet normal 0.65939 -0.751801 0
    outer loop
      vertex 30.0712 -18.2769 0
      vertex 30.1794 -18.182 2.4
      vertex 30.0712 -18.2769 2.4
    endloop
  endfacet
  facet normal 0.65939 -0.751801 0
    outer loop
      vertex 30.1794 -18.182 2.4
      vertex 30.0712 -18.2769 0
      vertex 30.1794 -18.182 0
    endloop
  endfacet
  facet normal 0.321018 -0.947073 0
    outer loop
      vertex 30.428 -18.0384 0
      vertex 30.5643 -17.9922 2.4
      vertex 30.428 -18.0384 2.4
    endloop
  endfacet
  facet normal 0.321018 -0.947073 0
    outer loop
      vertex 30.5643 -17.9922 2.4
      vertex 30.428 -18.0384 0
      vertex 30.5643 -17.9922 0
    endloop
  endfacet
  facet normal -0.751801 0.65939 0
    outer loop
      vertex 31.6268 -19.8325 0
      vertex 31.7217 -19.7243 2.4
      vertex 31.7217 -19.7243 0
    endloop
  endfacet
  facet normal -0.751801 0.65939 0
    outer loop
      vertex 31.7217 -19.7243 2.4
      vertex 31.6268 -19.8325 0
      vertex 31.6268 -19.8325 2.4
    endloop
  endfacet
  facet normal -0.831515 0.555502 0
    outer loop
      vertex 31.7217 -19.7243 0
      vertex 31.8016 -19.6047 2.4
      vertex 31.8016 -19.6047 0
    endloop
  endfacet
  facet normal -0.831515 0.555502 0
    outer loop
      vertex 31.8016 -19.6047 2.4
      vertex 31.7217 -19.7243 0
      vertex 31.7217 -19.7243 2.4
    endloop
  endfacet
  facet normal -0.947001 -0.32123 0
    outer loop
      vertex 31.9115 -18.77 0
      vertex 31.8653 -18.6338 2.4
      vertex 31.8653 -18.6338 0
    endloop
  endfacet
  facet normal -0.947001 -0.32123 0
    outer loop
      vertex 31.8653 -18.6338 2.4
      vertex 31.9115 -18.77 0
      vertex 31.9115 -18.77 2.4
    endloop
  endfacet
  facet normal -0.980741 -0.195314 0
    outer loop
      vertex 31.9396 -18.9111 0
      vertex 31.9115 -18.77 2.4
      vertex 31.9115 -18.77 0
    endloop
  endfacet
  facet normal -0.980741 -0.195314 0
    outer loop
      vertex 31.9115 -18.77 2.4
      vertex 31.9396 -18.9111 0
      vertex 31.9396 -18.9111 2.4
    endloop
  endfacet
  facet normal -0.44276 -0.89664 0
    outer loop
      vertex 31.27 -18.0384 0
      vertex 31.399 -18.1021 2.4
      vertex 31.27 -18.0384 2.4
    endloop
  endfacet
  facet normal -0.44276 -0.89664 -0
    outer loop
      vertex 31.399 -18.1021 2.4
      vertex 31.27 -18.0384 0
      vertex 31.399 -18.1021 0
    endloop
  endfacet
  facet normal -0.555502 -0.831515 0
    outer loop
      vertex 31.399 -18.1021 0
      vertex 31.5186 -18.182 2.4
      vertex 31.399 -18.1021 2.4
    endloop
  endfacet
  facet normal -0.555502 -0.831515 -0
    outer loop
      vertex 31.5186 -18.182 2.4
      vertex 31.399 -18.1021 0
      vertex 31.5186 -18.182 0
    endloop
  endfacet
  facet normal 0.896776 -0.442484 0
    outer loop
      vertex 29.8327 -18.6338 2.4
      vertex 29.8964 -18.5047 0
      vertex 29.8964 -18.5047 2.4
    endloop
  endfacet
  facet normal 0.896776 -0.442484 0
    outer loop
      vertex 29.8964 -18.5047 0
      vertex 29.8327 -18.6338 2.4
      vertex 29.8327 -18.6338 0
    endloop
  endfacet
  facet normal 0.751801 -0.65939 0
    outer loop
      vertex 29.9763 -18.3851 2.4
      vertex 30.0712 -18.2769 0
      vertex 30.0712 -18.2769 2.4
    endloop
  endfacet
  facet normal 0.751801 -0.65939 0
    outer loop
      vertex 30.0712 -18.2769 0
      vertex 29.9763 -18.3851 2.4
      vertex 29.9763 -18.3851 0
    endloop
  endfacet
  facet normal 0.947001 -0.32123 0
    outer loop
      vertex 29.7865 -18.77 2.4
      vertex 29.8327 -18.6338 0
      vertex 29.8327 -18.6338 2.4
    endloop
  endfacet
  facet normal 0.947001 -0.32123 0
    outer loop
      vertex 29.8327 -18.6338 0
      vertex 29.7865 -18.77 2.4
      vertex 29.7865 -18.77 0
    endloop
  endfacet
  facet normal 0.44276 -0.89664 0
    outer loop
      vertex 30.299 -18.1021 0
      vertex 30.428 -18.0384 2.4
      vertex 30.299 -18.1021 2.4
    endloop
  endfacet
  facet normal 0.44276 -0.89664 0
    outer loop
      vertex 30.428 -18.0384 2.4
      vertex 30.299 -18.1021 0
      vertex 30.428 -18.0384 0
    endloop
  endfacet
  facet normal 0.0653198 -0.997864 0
    outer loop
      vertex 30.7054 -17.9641 0
      vertex 30.849 -17.9547 2.4
      vertex 30.7054 -17.9641 2.4
    endloop
  endfacet
  facet normal 0.0653198 -0.997864 0
    outer loop
      vertex 30.849 -17.9547 2.4
      vertex 30.7054 -17.9641 0
      vertex 30.849 -17.9547 0
    endloop
  endfacet
  facet normal -0.831515 -0.555502 0
    outer loop
      vertex 31.8016 -18.5047 0
      vertex 31.7217 -18.3851 2.4
      vertex 31.7217 -18.3851 0
    endloop
  endfacet
  facet normal -0.831515 -0.555502 0
    outer loop
      vertex 31.7217 -18.3851 2.4
      vertex 31.8016 -18.5047 0
      vertex 31.8016 -18.5047 2.4
    endloop
  endfacet
  facet normal -0.896776 -0.442484 0
    outer loop
      vertex 31.8653 -18.6338 0
      vertex 31.8016 -18.5047 2.4
      vertex 31.8016 -18.5047 0
    endloop
  endfacet
  facet normal -0.896776 -0.442484 0
    outer loop
      vertex 31.8016 -18.5047 2.4
      vertex 31.8653 -18.6338 0
      vertex 31.8653 -18.6338 2.4
    endloop
  endfacet
  facet normal -0.321018 -0.947073 0
    outer loop
      vertex 31.1337 -17.9922 0
      vertex 31.27 -18.0384 2.4
      vertex 31.1337 -17.9922 2.4
    endloop
  endfacet
  facet normal -0.321018 -0.947073 -0
    outer loop
      vertex 31.27 -18.0384 2.4
      vertex 31.1337 -17.9922 0
      vertex 31.27 -18.0384 0
    endloop
  endfacet
  facet normal -0.195314 -0.980741 0
    outer loop
      vertex 30.9926 -17.9641 0
      vertex 31.1337 -17.9922 2.4
      vertex 30.9926 -17.9641 2.4
    endloop
  endfacet
  facet normal -0.195314 -0.980741 -0
    outer loop
      vertex 31.1337 -17.9922 2.4
      vertex 30.9926 -17.9641 0
      vertex 31.1337 -17.9922 0
    endloop
  endfacet
  facet normal -0.65939 -0.751801 0
    outer loop
      vertex 31.5186 -18.182 0
      vertex 31.6268 -18.2769 2.4
      vertex 31.5186 -18.182 2.4
    endloop
  endfacet
  facet normal -0.65939 -0.751801 -0
    outer loop
      vertex 31.6268 -18.2769 2.4
      vertex 31.5186 -18.182 0
      vertex 31.6268 -18.2769 0
    endloop
  endfacet
  facet normal 0.831515 -0.555502 0
    outer loop
      vertex 29.8964 -18.5047 2.4
      vertex 29.9763 -18.3851 0
      vertex 29.9763 -18.3851 2.4
    endloop
  endfacet
  facet normal 0.831515 -0.555502 0
    outer loop
      vertex 29.9763 -18.3851 0
      vertex 29.8964 -18.5047 2.4
      vertex 29.8964 -18.5047 0
    endloop
  endfacet
  facet normal 0.980741 -0.195314 0
    outer loop
      vertex 29.7584 -18.9111 2.4
      vertex 29.7865 -18.77 0
      vertex 29.7865 -18.77 2.4
    endloop
  endfacet
  facet normal 0.980741 -0.195314 0
    outer loop
      vertex 29.7865 -18.77 0
      vertex 29.7584 -18.9111 2.4
      vertex 29.7584 -18.9111 0
    endloop
  endfacet
  facet normal 0.555502 -0.831515 0
    outer loop
      vertex 30.1794 -18.182 0
      vertex 30.299 -18.1021 2.4
      vertex 30.1794 -18.182 2.4
    endloop
  endfacet
  facet normal 0.555502 -0.831515 0
    outer loop
      vertex 30.299 -18.1021 2.4
      vertex 30.1794 -18.182 0
      vertex 30.299 -18.1021 0
    endloop
  endfacet
  facet normal 0.195314 -0.980741 0
    outer loop
      vertex 30.5643 -17.9922 0
      vertex 30.7054 -17.9641 2.4
      vertex 30.5643 -17.9922 2.4
    endloop
  endfacet
  facet normal 0.195314 -0.980741 0
    outer loop
      vertex 30.7054 -17.9641 2.4
      vertex 30.5643 -17.9922 0
      vertex 30.7054 -17.9641 0
    endloop
  endfacet
  facet normal -0.0653198 0.997864 0
    outer loop
      vertex 30.9926 -20.1453 0
      vertex 30.849 -20.1547 2.4
      vertex 30.9926 -20.1453 2.4
    endloop
  endfacet
  facet normal -0.0653198 0.997864 0
    outer loop
      vertex 30.849 -20.1547 2.4
      vertex 30.9926 -20.1453 0
      vertex 30.849 -20.1547 0
    endloop
  endfacet
  facet normal -0.321018 0.947073 0
    outer loop
      vertex 31.27 -20.071 0
      vertex 31.1337 -20.1172 2.4
      vertex 31.27 -20.071 2.4
    endloop
  endfacet
  facet normal -0.321018 0.947073 0
    outer loop
      vertex 31.1337 -20.1172 2.4
      vertex 31.27 -20.071 0
      vertex 31.1337 -20.1172 0
    endloop
  endfacet
  facet normal -0.555502 0.831515 0
    outer loop
      vertex 31.5186 -19.9274 0
      vertex 31.399 -20.0073 2.4
      vertex 31.5186 -19.9274 2.4
    endloop
  endfacet
  facet normal -0.555502 0.831515 0
    outer loop
      vertex 31.399 -20.0073 2.4
      vertex 31.5186 -19.9274 0
      vertex 31.399 -20.0073 0
    endloop
  endfacet
  facet normal -0.980741 0.195314 0
    outer loop
      vertex 31.9115 -19.3394 0
      vertex 31.9396 -19.1983 2.4
      vertex 31.9396 -19.1983 0
    endloop
  endfacet
  facet normal -0.980741 0.195314 0
    outer loop
      vertex 31.9396 -19.1983 2.4
      vertex 31.9115 -19.3394 0
      vertex 31.9115 -19.3394 2.4
    endloop
  endfacet
  facet normal 0.65939 0.751801 -0
    outer loop
      vertex 30.1794 -19.9274 0
      vertex 30.0712 -19.8325 2.4
      vertex 30.1794 -19.9274 2.4
    endloop
  endfacet
  facet normal 0.65939 0.751801 0
    outer loop
      vertex 30.0712 -19.8325 2.4
      vertex 30.1794 -19.9274 0
      vertex 30.0712 -19.8325 0
    endloop
  endfacet
  facet normal 0.44276 0.89664 -0
    outer loop
      vertex 30.428 -20.071 0
      vertex 30.299 -20.0073 2.4
      vertex 30.428 -20.071 2.4
    endloop
  endfacet
  facet normal 0.44276 0.89664 0
    outer loop
      vertex 30.299 -20.0073 2.4
      vertex 30.428 -20.071 0
      vertex 30.299 -20.0073 0
    endloop
  endfacet
  facet normal 0.321018 0.947073 -0
    outer loop
      vertex 30.5643 -20.1172 0
      vertex 30.428 -20.071 2.4
      vertex 30.5643 -20.1172 2.4
    endloop
  endfacet
  facet normal 0.321018 0.947073 0
    outer loop
      vertex 30.428 -20.071 2.4
      vertex 30.5643 -20.1172 0
      vertex 30.428 -20.071 0
    endloop
  endfacet
  facet normal 0.0653198 0.997864 -0
    outer loop
      vertex 30.849 -20.1547 0
      vertex 30.7054 -20.1453 2.4
      vertex 30.849 -20.1547 2.4
    endloop
  endfacet
  facet normal 0.0653198 0.997864 0
    outer loop
      vertex 30.7054 -20.1453 2.4
      vertex 30.849 -20.1547 0
      vertex 30.7054 -20.1453 0
    endloop
  endfacet
  facet normal 0.89664 0.44276 0
    outer loop
      vertex 29.8964 -19.6047 2.4
      vertex 29.8327 -19.4757 0
      vertex 29.8327 -19.4757 2.4
    endloop
  endfacet
  facet normal 0.89664 0.44276 0
    outer loop
      vertex 29.8327 -19.4757 0
      vertex 29.8964 -19.6047 2.4
      vertex 29.8964 -19.6047 0
    endloop
  endfacet
  facet normal 0.751801 0.65939 0
    outer loop
      vertex 30.0712 -19.8325 2.4
      vertex 29.9763 -19.7243 0
      vertex 29.9763 -19.7243 2.4
    endloop
  endfacet
  facet normal 0.751801 0.65939 0
    outer loop
      vertex 29.9763 -19.7243 0
      vertex 30.0712 -19.8325 2.4
      vertex 30.0712 -19.8325 0
    endloop
  endfacet
  facet normal 0.947073 0.321018 0
    outer loop
      vertex 29.8327 -19.4757 2.4
      vertex 29.7865 -19.3394 0
      vertex 29.7865 -19.3394 2.4
    endloop
  endfacet
  facet normal 0.947073 0.321018 0
    outer loop
      vertex 29.7865 -19.3394 0
      vertex 29.8327 -19.4757 2.4
      vertex 29.8327 -19.4757 0
    endloop
  endfacet
  facet normal 0.997864 0.0653198 0
    outer loop
      vertex 29.7584 -19.1983 2.4
      vertex 29.749 -19.0547 0
      vertex 29.749 -19.0547 2.4
    endloop
  endfacet
  facet normal 0.997864 0.0653198 0
    outer loop
      vertex 29.749 -19.0547 0
      vertex 29.7584 -19.1983 2.4
      vertex 29.7584 -19.1983 0
    endloop
  endfacet
  facet normal -0.195314 0.980741 0
    outer loop
      vertex 31.1337 -20.1172 0
      vertex 30.9926 -20.1453 2.4
      vertex 31.1337 -20.1172 2.4
    endloop
  endfacet
  facet normal -0.195314 0.980741 0
    outer loop
      vertex 30.9926 -20.1453 2.4
      vertex 31.1337 -20.1172 0
      vertex 30.9926 -20.1453 0
    endloop
  endfacet
  facet normal -0.44276 0.89664 0
    outer loop
      vertex 31.399 -20.0073 0
      vertex 31.27 -20.071 2.4
      vertex 31.399 -20.0073 2.4
    endloop
  endfacet
  facet normal -0.44276 0.89664 0
    outer loop
      vertex 31.27 -20.071 2.4
      vertex 31.399 -20.0073 0
      vertex 31.27 -20.071 0
    endloop
  endfacet
  facet normal -0.65939 0.751801 0
    outer loop
      vertex 31.6268 -19.8325 0
      vertex 31.5186 -19.9274 2.4
      vertex 31.6268 -19.8325 2.4
    endloop
  endfacet
  facet normal -0.65939 0.751801 0
    outer loop
      vertex 31.5186 -19.9274 2.4
      vertex 31.6268 -19.8325 0
      vertex 31.5186 -19.9274 0
    endloop
  endfacet
  facet normal -0.89664 0.44276 0
    outer loop
      vertex 31.8016 -19.6047 0
      vertex 31.8653 -19.4757 2.4
      vertex 31.8653 -19.4757 0
    endloop
  endfacet
  facet normal -0.89664 0.44276 0
    outer loop
      vertex 31.8653 -19.4757 2.4
      vertex 31.8016 -19.6047 0
      vertex 31.8016 -19.6047 2.4
    endloop
  endfacet
  facet normal -0.997864 0.0653198 0
    outer loop
      vertex 31.9396 -19.1983 0
      vertex 31.949 -19.0547 2.4
      vertex 31.949 -19.0547 0
    endloop
  endfacet
  facet normal -0.997864 0.0653198 0
    outer loop
      vertex 31.949 -19.0547 2.4
      vertex 31.9396 -19.1983 0
      vertex 31.9396 -19.1983 2.4
    endloop
  endfacet
  facet normal 0.555502 0.831515 -0
    outer loop
      vertex 30.299 -20.0073 0
      vertex 30.1794 -19.9274 2.4
      vertex 30.299 -20.0073 2.4
    endloop
  endfacet
  facet normal 0.555502 0.831515 0
    outer loop
      vertex 30.1794 -19.9274 2.4
      vertex 30.299 -20.0073 0
      vertex 30.1794 -19.9274 0
    endloop
  endfacet
  facet normal 0.195314 0.980741 -0
    outer loop
      vertex 30.7054 -20.1453 0
      vertex 30.5643 -20.1172 2.4
      vertex 30.7054 -20.1453 2.4
    endloop
  endfacet
  facet normal 0.195314 0.980741 0
    outer loop
      vertex 30.5643 -20.1172 2.4
      vertex 30.7054 -20.1453 0
      vertex 30.5643 -20.1172 0
    endloop
  endfacet
  facet normal 0.831515 0.555502 0
    outer loop
      vertex 29.9763 -19.7243 2.4
      vertex 29.8964 -19.6047 0
      vertex 29.8964 -19.6047 2.4
    endloop
  endfacet
  facet normal 0.831515 0.555502 0
    outer loop
      vertex 29.8964 -19.6047 0
      vertex 29.9763 -19.7243 2.4
      vertex 29.9763 -19.7243 0
    endloop
  endfacet
  facet normal 0.980741 0.195314 0
    outer loop
      vertex 29.7865 -19.3394 2.4
      vertex 29.7584 -19.1983 0
      vertex 29.7584 -19.1983 2.4
    endloop
  endfacet
  facet normal 0.980741 0.195314 0
    outer loop
      vertex 29.7584 -19.1983 0
      vertex 29.7865 -19.3394 2.4
      vertex 29.7865 -19.3394 0
    endloop
  endfacet
  facet normal -0.947073 0.321018 0
    outer loop
      vertex 31.8653 -19.4757 0
      vertex 31.9115 -19.3394 2.4
      vertex 31.9115 -19.3394 0
    endloop
  endfacet
  facet normal -0.947073 0.321018 0
    outer loop
      vertex 31.9115 -19.3394 2.4
      vertex 31.8653 -19.4757 0
      vertex 31.8653 -19.4757 2.4
    endloop
  endfacet
  facet normal -0.997864 -0.0653198 0
    outer loop
      vertex 36.049 -19.0547 0
      vertex 36.0396 -18.9111 2.4
      vertex 36.0396 -18.9111 0
    endloop
  endfacet
  facet normal -0.997864 -0.0653198 0
    outer loop
      vertex 36.0396 -18.9111 2.4
      vertex 36.049 -19.0547 0
      vertex 36.049 -19.0547 2.4
    endloop
  endfacet
  facet normal 0.0653198 -0.997864 0
    outer loop
      vertex 34.8054 -17.9641 0
      vertex 34.949 -17.9547 2.4
      vertex 34.8054 -17.9641 2.4
    endloop
  endfacet
  facet normal 0.0653198 -0.997864 0
    outer loop
      vertex 34.949 -17.9547 2.4
      vertex 34.8054 -17.9641 0
      vertex 34.949 -17.9547 0
    endloop
  endfacet
  facet normal -0.0653198 0.997864 0
    outer loop
      vertex 35.0926 -20.1453 0
      vertex 34.949 -20.1547 2.4
      vertex 35.0926 -20.1453 2.4
    endloop
  endfacet
  facet normal -0.0653198 0.997864 0
    outer loop
      vertex 34.949 -20.1547 2.4
      vertex 35.0926 -20.1453 0
      vertex 34.949 -20.1547 0
    endloop
  endfacet
  facet normal -0.751801 0.65939 0
    outer loop
      vertex 35.7268 -19.8325 0
      vertex 35.8217 -19.7243 2.4
      vertex 35.8217 -19.7243 0
    endloop
  endfacet
  facet normal -0.751801 0.65939 0
    outer loop
      vertex 35.8217 -19.7243 2.4
      vertex 35.7268 -19.8325 0
      vertex 35.7268 -19.8325 2.4
    endloop
  endfacet
  facet normal -0.65939 -0.751801 0
    outer loop
      vertex 35.6186 -18.182 0
      vertex 35.7268 -18.2769 2.4
      vertex 35.6186 -18.182 2.4
    endloop
  endfacet
  facet normal -0.65939 -0.751801 -0
    outer loop
      vertex 35.7268 -18.2769 2.4
      vertex 35.6186 -18.182 0
      vertex 35.7268 -18.2769 0
    endloop
  endfacet
  facet normal 0.751801 -0.65939 0
    outer loop
      vertex 34.0763 -18.3851 2.4
      vertex 34.1712 -18.2769 0
      vertex 34.1712 -18.2769 2.4
    endloop
  endfacet
  facet normal 0.751801 -0.65939 0
    outer loop
      vertex 34.1712 -18.2769 0
      vertex 34.0763 -18.3851 2.4
      vertex 34.0763 -18.3851 0
    endloop
  endfacet
  facet normal 0.44276 -0.89664 0
    outer loop
      vertex 34.399 -18.1021 0
      vertex 34.528 -18.0384 2.4
      vertex 34.399 -18.1021 2.4
    endloop
  endfacet
  facet normal 0.44276 -0.89664 0
    outer loop
      vertex 34.528 -18.0384 2.4
      vertex 34.399 -18.1021 0
      vertex 34.528 -18.0384 0
    endloop
  endfacet
  facet normal -0.896776 -0.442484 0
    outer loop
      vertex 35.9653 -18.6338 0
      vertex 35.9016 -18.5047 2.4
      vertex 35.9016 -18.5047 0
    endloop
  endfacet
  facet normal -0.896776 -0.442484 0
    outer loop
      vertex 35.9016 -18.5047 2.4
      vertex 35.9653 -18.6338 0
      vertex 35.9653 -18.6338 2.4
    endloop
  endfacet
  facet normal -0.32123 -0.947001 0
    outer loop
      vertex 35.2337 -17.9922 0
      vertex 35.3699 -18.0384 2.4
      vertex 35.2337 -17.9922 2.4
    endloop
  endfacet
  facet normal -0.32123 -0.947001 -0
    outer loop
      vertex 35.3699 -18.0384 2.4
      vertex 35.2337 -17.9922 0
      vertex 35.3699 -18.0384 0
    endloop
  endfacet
  facet normal -0.555502 -0.831515 0
    outer loop
      vertex 35.499 -18.1021 0
      vertex 35.6186 -18.182 2.4
      vertex 35.499 -18.1021 2.4
    endloop
  endfacet
  facet normal -0.555502 -0.831515 -0
    outer loop
      vertex 35.6186 -18.182 2.4
      vertex 35.499 -18.1021 0
      vertex 35.6186 -18.182 0
    endloop
  endfacet
  facet normal 0.896776 -0.442484 0
    outer loop
      vertex 33.9327 -18.6338 2.4
      vertex 33.9964 -18.5047 0
      vertex 33.9964 -18.5047 2.4
    endloop
  endfacet
  facet normal 0.896776 -0.442484 0
    outer loop
      vertex 33.9964 -18.5047 0
      vertex 33.9327 -18.6338 2.4
      vertex 33.9327 -18.6338 0
    endloop
  endfacet
  facet normal 0.831515 -0.555502 0
    outer loop
      vertex 33.9964 -18.5047 2.4
      vertex 34.0763 -18.3851 0
      vertex 34.0763 -18.3851 2.4
    endloop
  endfacet
  facet normal 0.831515 -0.555502 0
    outer loop
      vertex 34.0763 -18.3851 0
      vertex 33.9964 -18.5047 2.4
      vertex 33.9964 -18.5047 0
    endloop
  endfacet
  facet normal 0.980741 -0.195314 0
    outer loop
      vertex 33.8584 -18.9111 2.4
      vertex 33.8865 -18.77 0
      vertex 33.8865 -18.77 2.4
    endloop
  endfacet
  facet normal 0.980741 -0.195314 0
    outer loop
      vertex 33.8865 -18.77 0
      vertex 33.8584 -18.9111 2.4
      vertex 33.8584 -18.9111 0
    endloop
  endfacet
  facet normal 0.65939 -0.751801 0
    outer loop
      vertex 34.1712 -18.2769 0
      vertex 34.2794 -18.182 2.4
      vertex 34.1712 -18.2769 2.4
    endloop
  endfacet
  facet normal 0.65939 -0.751801 0
    outer loop
      vertex 34.2794 -18.182 2.4
      vertex 34.1712 -18.2769 0
      vertex 34.2794 -18.182 0
    endloop
  endfacet
  facet normal 0.321018 -0.947073 0
    outer loop
      vertex 34.528 -18.0384 0
      vertex 34.6643 -17.9922 2.4
      vertex 34.528 -18.0384 2.4
    endloop
  endfacet
  facet normal 0.321018 -0.947073 0
    outer loop
      vertex 34.6643 -17.9922 2.4
      vertex 34.528 -18.0384 0
      vertex 34.6643 -17.9922 0
    endloop
  endfacet
  facet normal 0.89664 0.44276 0
    outer loop
      vertex 33.9964 -19.6047 2.4
      vertex 33.9327 -19.4757 0
      vertex 33.9327 -19.4757 2.4
    endloop
  endfacet
  facet normal 0.89664 0.44276 0
    outer loop
      vertex 33.9327 -19.4757 0
      vertex 33.9964 -19.6047 2.4
      vertex 33.9964 -19.6047 0
    endloop
  endfacet
  facet normal -0.195314 0.980741 0
    outer loop
      vertex 35.2337 -20.1172 0
      vertex 35.0926 -20.1453 2.4
      vertex 35.2337 -20.1172 2.4
    endloop
  endfacet
  facet normal -0.195314 0.980741 0
    outer loop
      vertex 35.0926 -20.1453 2.4
      vertex 35.2337 -20.1172 0
      vertex 35.0926 -20.1453 0
    endloop
  endfacet
  facet normal -0.947001 -0.32123 0
    outer loop
      vertex 36.0115 -18.77 0
      vertex 35.9653 -18.6338 2.4
      vertex 35.9653 -18.6338 0
    endloop
  endfacet
  facet normal -0.947001 -0.32123 0
    outer loop
      vertex 35.9653 -18.6338 2.4
      vertex 36.0115 -18.77 0
      vertex 36.0115 -18.77 2.4
    endloop
  endfacet
  facet normal -0.980741 -0.195314 0
    outer loop
      vertex 36.0396 -18.9111 0
      vertex 36.0115 -18.77 2.4
      vertex 36.0115 -18.77 0
    endloop
  endfacet
  facet normal -0.980741 -0.195314 0
    outer loop
      vertex 36.0115 -18.77 2.4
      vertex 36.0396 -18.9111 0
      vertex 36.0396 -18.9111 2.4
    endloop
  endfacet
  facet normal -0.751801 -0.65939 0
    outer loop
      vertex 35.8217 -18.3851 0
      vertex 35.7268 -18.2769 2.4
      vertex 35.7268 -18.2769 0
    endloop
  endfacet
  facet normal -0.751801 -0.65939 0
    outer loop
      vertex 35.7268 -18.2769 2.4
      vertex 35.8217 -18.3851 0
      vertex 35.8217 -18.3851 2.4
    endloop
  endfacet
  facet normal -0.831515 -0.555502 0
    outer loop
      vertex 35.9016 -18.5047 0
      vertex 35.8217 -18.3851 2.4
      vertex 35.8217 -18.3851 0
    endloop
  endfacet
  facet normal -0.831515 -0.555502 0
    outer loop
      vertex 35.8217 -18.3851 2.4
      vertex 35.9016 -18.5047 0
      vertex 35.9016 -18.5047 2.4
    endloop
  endfacet
  facet normal -0.195314 -0.980741 0
    outer loop
      vertex 35.0926 -17.9641 0
      vertex 35.2337 -17.9922 2.4
      vertex 35.0926 -17.9641 2.4
    endloop
  endfacet
  facet normal -0.195314 -0.980741 -0
    outer loop
      vertex 35.2337 -17.9922 2.4
      vertex 35.0926 -17.9641 0
      vertex 35.2337 -17.9922 0
    endloop
  endfacet
  facet normal -0.0653198 -0.997864 0
    outer loop
      vertex 34.949 -17.9547 0
      vertex 35.0926 -17.9641 2.4
      vertex 34.949 -17.9547 2.4
    endloop
  endfacet
  facet normal -0.0653198 -0.997864 -0
    outer loop
      vertex 35.0926 -17.9641 2.4
      vertex 34.949 -17.9547 0
      vertex 35.0926 -17.9641 0
    endloop
  endfacet
  facet normal -0.442484 -0.896776 0
    outer loop
      vertex 35.3699 -18.0384 0
      vertex 35.499 -18.1021 2.4
      vertex 35.3699 -18.0384 2.4
    endloop
  endfacet
  facet normal -0.442484 -0.896776 -0
    outer loop
      vertex 35.499 -18.1021 2.4
      vertex 35.3699 -18.0384 0
      vertex 35.499 -18.1021 0
    endloop
  endfacet
  facet normal 0.947001 -0.32123 0
    outer loop
      vertex 33.8865 -18.77 2.4
      vertex 33.9327 -18.6338 0
      vertex 33.9327 -18.6338 2.4
    endloop
  endfacet
  facet normal 0.947001 -0.32123 0
    outer loop
      vertex 33.9327 -18.6338 0
      vertex 33.8865 -18.77 2.4
      vertex 33.8865 -18.77 0
    endloop
  endfacet
  facet normal 0.997864 -0.0653198 0
    outer loop
      vertex 33.849 -19.0547 2.4
      vertex 33.8584 -18.9111 0
      vertex 33.8584 -18.9111 2.4
    endloop
  endfacet
  facet normal 0.997864 -0.0653198 0
    outer loop
      vertex 33.8584 -18.9111 0
      vertex 33.849 -19.0547 2.4
      vertex 33.849 -19.0547 0
    endloop
  endfacet
  facet normal 0.555502 -0.831515 0
    outer loop
      vertex 34.2794 -18.182 0
      vertex 34.399 -18.1021 2.4
      vertex 34.2794 -18.182 2.4
    endloop
  endfacet
  facet normal 0.555502 -0.831515 0
    outer loop
      vertex 34.399 -18.1021 2.4
      vertex 34.2794 -18.182 0
      vertex 34.399 -18.1021 0
    endloop
  endfacet
  facet normal 0.195314 -0.980741 0
    outer loop
      vertex 34.6643 -17.9922 0
      vertex 34.8054 -17.9641 2.4
      vertex 34.6643 -17.9922 2.4
    endloop
  endfacet
  facet normal 0.195314 -0.980741 0
    outer loop
      vertex 34.8054 -17.9641 2.4
      vertex 34.6643 -17.9922 0
      vertex 34.8054 -17.9641 0
    endloop
  endfacet
  facet normal -0.947073 0.321018 0
    outer loop
      vertex 35.9653 -19.4757 0
      vertex 36.0115 -19.3394 2.4
      vertex 36.0115 -19.3394 0
    endloop
  endfacet
  facet normal -0.947073 0.321018 0
    outer loop
      vertex 36.0115 -19.3394 2.4
      vertex 35.9653 -19.4757 0
      vertex 35.9653 -19.4757 2.4
    endloop
  endfacet
  facet normal -0.65939 0.751801 0
    outer loop
      vertex 35.7268 -19.8325 0
      vertex 35.6186 -19.9274 2.4
      vertex 35.7268 -19.8325 2.4
    endloop
  endfacet
  facet normal -0.65939 0.751801 0
    outer loop
      vertex 35.6186 -19.9274 2.4
      vertex 35.7268 -19.8325 0
      vertex 35.6186 -19.9274 0
    endloop
  endfacet
  facet normal -0.442484 0.896776 0
    outer loop
      vertex 35.499 -20.0073 0
      vertex 35.3699 -20.071 2.4
      vertex 35.499 -20.0073 2.4
    endloop
  endfacet
  facet normal -0.442484 0.896776 0
    outer loop
      vertex 35.3699 -20.071 2.4
      vertex 35.499 -20.0073 0
      vertex 35.3699 -20.071 0
    endloop
  endfacet
  facet normal 0.997864 0.0653198 0
    outer loop
      vertex 33.8584 -19.1983 2.4
      vertex 33.849 -19.0547 0
      vertex 33.849 -19.0547 2.4
    endloop
  endfacet
  facet normal 0.997864 0.0653198 0
    outer loop
      vertex 33.849 -19.0547 0
      vertex 33.8584 -19.1983 2.4
      vertex 33.8584 -19.1983 0
    endloop
  endfacet
  facet normal -0.997864 0.0653198 0
    outer loop
      vertex 36.0396 -19.1983 0
      vertex 36.049 -19.0547 2.4
      vertex 36.049 -19.0547 0
    endloop
  endfacet
  facet normal -0.997864 0.0653198 0
    outer loop
      vertex 36.049 -19.0547 2.4
      vertex 36.0396 -19.1983 0
      vertex 36.0396 -19.1983 2.4
    endloop
  endfacet
  facet normal -0.831515 0.555502 0
    outer loop
      vertex 35.8217 -19.7243 0
      vertex 35.9016 -19.6047 2.4
      vertex 35.9016 -19.6047 0
    endloop
  endfacet
  facet normal -0.831515 0.555502 0
    outer loop
      vertex 35.9016 -19.6047 2.4
      vertex 35.8217 -19.7243 0
      vertex 35.8217 -19.7243 2.4
    endloop
  endfacet
  facet normal 0.321018 0.947073 -0
    outer loop
      vertex 34.6643 -20.1172 0
      vertex 34.528 -20.071 2.4
      vertex 34.6643 -20.1172 2.4
    endloop
  endfacet
  facet normal 0.321018 0.947073 0
    outer loop
      vertex 34.528 -20.071 2.4
      vertex 34.6643 -20.1172 0
      vertex 34.528 -20.071 0
    endloop
  endfacet
  facet normal 0.65939 0.751801 -0
    outer loop
      vertex 34.2794 -19.9274 0
      vertex 34.1712 -19.8325 2.4
      vertex 34.2794 -19.9274 2.4
    endloop
  endfacet
  facet normal 0.65939 0.751801 0
    outer loop
      vertex 34.1712 -19.8325 2.4
      vertex 34.2794 -19.9274 0
      vertex 34.1712 -19.8325 0
    endloop
  endfacet
  facet normal -0.555502 0.831515 0
    outer loop
      vertex 35.6186 -19.9274 0
      vertex 35.499 -20.0073 2.4
      vertex 35.6186 -19.9274 2.4
    endloop
  endfacet
  facet normal -0.555502 0.831515 0
    outer loop
      vertex 35.499 -20.0073 2.4
      vertex 35.6186 -19.9274 0
      vertex 35.499 -20.0073 0
    endloop
  endfacet
  facet normal -0.32123 0.947001 0
    outer loop
      vertex 35.3699 -20.071 0
      vertex 35.2337 -20.1172 2.4
      vertex 35.3699 -20.071 2.4
    endloop
  endfacet
  facet normal -0.32123 0.947001 0
    outer loop
      vertex 35.2337 -20.1172 2.4
      vertex 35.3699 -20.071 0
      vertex 35.2337 -20.1172 0
    endloop
  endfacet
  facet normal -0.980741 0.195314 0
    outer loop
      vertex 36.0115 -19.3394 0
      vertex 36.0396 -19.1983 2.4
      vertex 36.0396 -19.1983 0
    endloop
  endfacet
  facet normal -0.980741 0.195314 0
    outer loop
      vertex 36.0396 -19.1983 2.4
      vertex 36.0115 -19.3394 0
      vertex 36.0115 -19.3394 2.4
    endloop
  endfacet
  facet normal -0.89664 0.44276 0
    outer loop
      vertex 35.9016 -19.6047 0
      vertex 35.9653 -19.4757 2.4
      vertex 35.9653 -19.4757 0
    endloop
  endfacet
  facet normal -0.89664 0.44276 0
    outer loop
      vertex 35.9653 -19.4757 2.4
      vertex 35.9016 -19.6047 0
      vertex 35.9016 -19.6047 2.4
    endloop
  endfacet
  facet normal 0.831515 0.555502 0
    outer loop
      vertex 34.0763 -19.7243 2.4
      vertex 33.9964 -19.6047 0
      vertex 33.9964 -19.6047 2.4
    endloop
  endfacet
  facet normal 0.831515 0.555502 0
    outer loop
      vertex 33.9964 -19.6047 0
      vertex 34.0763 -19.7243 2.4
      vertex 34.0763 -19.7243 0
    endloop
  endfacet
  facet normal 0.947073 0.321018 0
    outer loop
      vertex 33.9327 -19.4757 2.4
      vertex 33.8865 -19.3394 0
      vertex 33.8865 -19.3394 2.4
    endloop
  endfacet
  facet normal 0.947073 0.321018 0
    outer loop
      vertex 33.8865 -19.3394 0
      vertex 33.9327 -19.4757 2.4
      vertex 33.9327 -19.4757 0
    endloop
  endfacet
  facet normal 0.980741 0.195314 0
    outer loop
      vertex 33.8865 -19.3394 2.4
      vertex 33.8584 -19.1983 0
      vertex 33.8584 -19.1983 2.4
    endloop
  endfacet
  facet normal 0.980741 0.195314 0
    outer loop
      vertex 33.8584 -19.1983 0
      vertex 33.8865 -19.3394 2.4
      vertex 33.8865 -19.3394 0
    endloop
  endfacet
  facet normal 0.195314 0.980741 -0
    outer loop
      vertex 34.8054 -20.1453 0
      vertex 34.6643 -20.1172 2.4
      vertex 34.8054 -20.1453 2.4
    endloop
  endfacet
  facet normal 0.195314 0.980741 0
    outer loop
      vertex 34.6643 -20.1172 2.4
      vertex 34.8054 -20.1453 0
      vertex 34.6643 -20.1172 0
    endloop
  endfacet
  facet normal 0.0653198 0.997864 -0
    outer loop
      vertex 34.949 -20.1547 0
      vertex 34.8054 -20.1453 2.4
      vertex 34.949 -20.1547 2.4
    endloop
  endfacet
  facet normal 0.0653198 0.997864 0
    outer loop
      vertex 34.8054 -20.1453 2.4
      vertex 34.949 -20.1547 0
      vertex 34.8054 -20.1453 0
    endloop
  endfacet
  facet normal 0.555502 0.831515 -0
    outer loop
      vertex 34.399 -20.0073 0
      vertex 34.2794 -19.9274 2.4
      vertex 34.399 -20.0073 2.4
    endloop
  endfacet
  facet normal 0.555502 0.831515 0
    outer loop
      vertex 34.2794 -19.9274 2.4
      vertex 34.399 -20.0073 0
      vertex 34.2794 -19.9274 0
    endloop
  endfacet
  facet normal 0.44276 0.89664 -0
    outer loop
      vertex 34.528 -20.071 0
      vertex 34.399 -20.0073 2.4
      vertex 34.528 -20.071 2.4
    endloop
  endfacet
  facet normal 0.44276 0.89664 0
    outer loop
      vertex 34.399 -20.0073 2.4
      vertex 34.528 -20.071 0
      vertex 34.399 -20.0073 0
    endloop
  endfacet
  facet normal 0.751801 0.65939 0
    outer loop
      vertex 34.1712 -19.8325 2.4
      vertex 34.0763 -19.7243 0
      vertex 34.0763 -19.7243 2.4
    endloop
  endfacet
  facet normal 0.751801 0.65939 0
    outer loop
      vertex 34.0763 -19.7243 0
      vertex 34.1712 -19.8325 2.4
      vertex 34.1712 -19.8325 0
    endloop
  endfacet
  facet normal -0.997864 -0.0653198 0
    outer loop
      vertex -41.9 -29.5 12
      vertex -41.9094 -29.3564 21
      vertex -41.9094 -29.3564 12
    endloop
  endfacet
  facet normal -0.997864 -0.0653198 0
    outer loop
      vertex -41.9094 -29.3564 21
      vertex -41.9 -29.5 12
      vertex -41.9 -29.5 21
    endloop
  endfacet
  facet normal 0.997864 -0.0653198 0
    outer loop
      vertex -44.1 -29.5 21
      vertex -44.0906 -29.3564 12
      vertex -44.0906 -29.3564 21
    endloop
  endfacet
  facet normal 0.997864 -0.0653198 0
    outer loop
      vertex -44.0906 -29.3564 12
      vertex -44.1 -29.5 21
      vertex -44.1 -29.5 12
    endloop
  endfacet
  facet normal -0.0653198 -0.997864 0
    outer loop
      vertex -43 -28.4 12
      vertex -42.8564 -28.4094 21
      vertex -43 -28.4 21
    endloop
  endfacet
  facet normal -0.0653198 -0.997864 -0
    outer loop
      vertex -42.8564 -28.4094 21
      vertex -43 -28.4 12
      vertex -42.8564 -28.4094 12
    endloop
  endfacet
  facet normal -0.65939 -0.751801 0
    outer loop
      vertex -42.3304 -28.6273 12
      vertex -42.2222 -28.7222 21
      vertex -42.3304 -28.6273 21
    endloop
  endfacet
  facet normal -0.65939 -0.751801 -0
    outer loop
      vertex -42.2222 -28.7222 21
      vertex -42.3304 -28.6273 12
      vertex -42.2222 -28.7222 12
    endloop
  endfacet
  facet normal 0.65939 -0.751801 0
    outer loop
      vertex -43.7778 -28.7222 12
      vertex -43.6696 -28.6273 21
      vertex -43.7778 -28.7222 21
    endloop
  endfacet
  facet normal 0.65939 -0.751801 0
    outer loop
      vertex -43.6696 -28.6273 21
      vertex -43.7778 -28.7222 12
      vertex -43.6696 -28.6273 12
    endloop
  endfacet
  facet normal 0.321018 -0.947073 0
    outer loop
      vertex -43.421 -28.4837 12
      vertex -43.2847 -28.4375 21
      vertex -43.421 -28.4837 21
    endloop
  endfacet
  facet normal 0.321018 -0.947073 0
    outer loop
      vertex -43.2847 -28.4375 21
      vertex -43.421 -28.4837 12
      vertex -43.2847 -28.4375 12
    endloop
  endfacet
  facet normal -0.89664 -0.44276 0
    outer loop
      vertex -41.9837 -29.079 12
      vertex -42.0474 -28.95 21
      vertex -42.0474 -28.95 12
    endloop
  endfacet
  facet normal -0.89664 -0.44276 0
    outer loop
      vertex -42.0474 -28.95 21
      vertex -41.9837 -29.079 12
      vertex -41.9837 -29.079 21
    endloop
  endfacet
  facet normal -0.980741 -0.195314 0
    outer loop
      vertex -41.9094 -29.3564 12
      vertex -41.9375 -29.2153 21
      vertex -41.9375 -29.2153 12
    endloop
  endfacet
  facet normal -0.980741 -0.195314 0
    outer loop
      vertex -41.9375 -29.2153 21
      vertex -41.9094 -29.3564 12
      vertex -41.9094 -29.3564 21
    endloop
  endfacet
  facet normal -0.831515 -0.555502 0
    outer loop
      vertex -42.0474 -28.95 12
      vertex -42.1273 -28.8304 21
      vertex -42.1273 -28.8304 12
    endloop
  endfacet
  facet normal -0.831515 -0.555502 0
    outer loop
      vertex -42.1273 -28.8304 21
      vertex -42.0474 -28.95 12
      vertex -42.0474 -28.95 21
    endloop
  endfacet
  facet normal -0.321018 -0.947073 0
    outer loop
      vertex -42.7153 -28.4375 12
      vertex -42.579 -28.4837 21
      vertex -42.7153 -28.4375 21
    endloop
  endfacet
  facet normal -0.321018 -0.947073 -0
    outer loop
      vertex -42.579 -28.4837 21
      vertex -42.7153 -28.4375 12
      vertex -42.579 -28.4837 12
    endloop
  endfacet
  facet normal -0.195314 -0.980741 0
    outer loop
      vertex -42.8564 -28.4094 12
      vertex -42.7153 -28.4375 21
      vertex -42.8564 -28.4094 21
    endloop
  endfacet
  facet normal -0.195314 -0.980741 -0
    outer loop
      vertex -42.7153 -28.4375 21
      vertex -42.8564 -28.4094 12
      vertex -42.7153 -28.4375 12
    endloop
  endfacet
  facet normal -0.555502 -0.831515 0
    outer loop
      vertex -42.45 -28.5474 12
      vertex -42.3304 -28.6273 21
      vertex -42.45 -28.5474 21
    endloop
  endfacet
  facet normal -0.555502 -0.831515 -0
    outer loop
      vertex -42.3304 -28.6273 21
      vertex -42.45 -28.5474 12
      vertex -42.3304 -28.6273 12
    endloop
  endfacet
  facet normal 0.831515 -0.555502 0
    outer loop
      vertex -43.9526 -28.95 21
      vertex -43.8727 -28.8304 12
      vertex -43.8727 -28.8304 21
    endloop
  endfacet
  facet normal 0.831515 -0.555502 0
    outer loop
      vertex -43.8727 -28.8304 12
      vertex -43.9526 -28.95 21
      vertex -43.9526 -28.95 12
    endloop
  endfacet
  facet normal 0.751801 -0.65939 0
    outer loop
      vertex -43.8727 -28.8304 21
      vertex -43.7778 -28.7222 12
      vertex -43.7778 -28.7222 21
    endloop
  endfacet
  facet normal 0.751801 -0.65939 0
    outer loop
      vertex -43.7778 -28.7222 12
      vertex -43.8727 -28.8304 21
      vertex -43.8727 -28.8304 12
    endloop
  endfacet
  facet normal 0.947073 -0.321018 0
    outer loop
      vertex -44.0625 -29.2153 21
      vertex -44.0163 -29.079 12
      vertex -44.0163 -29.079 21
    endloop
  endfacet
  facet normal 0.947073 -0.321018 0
    outer loop
      vertex -44.0163 -29.079 12
      vertex -44.0625 -29.2153 21
      vertex -44.0625 -29.2153 12
    endloop
  endfacet
  facet normal 0.555502 -0.831515 0
    outer loop
      vertex -43.6696 -28.6273 12
      vertex -43.55 -28.5474 21
      vertex -43.6696 -28.6273 21
    endloop
  endfacet
  facet normal 0.555502 -0.831515 0
    outer loop
      vertex -43.55 -28.5474 21
      vertex -43.6696 -28.6273 12
      vertex -43.55 -28.5474 12
    endloop
  endfacet
  facet normal 0.195314 -0.980741 0
    outer loop
      vertex -43.2847 -28.4375 12
      vertex -43.1436 -28.4094 21
      vertex -43.2847 -28.4375 21
    endloop
  endfacet
  facet normal 0.195314 -0.980741 0
    outer loop
      vertex -43.1436 -28.4094 21
      vertex -43.2847 -28.4375 12
      vertex -43.1436 -28.4094 12
    endloop
  endfacet
  facet normal -0.947073 0.321018 0
    outer loop
      vertex -41.9837 -29.921 12
      vertex -41.9375 -29.7847 21
      vertex -41.9375 -29.7847 12
    endloop
  endfacet
  facet normal -0.947073 0.321018 0
    outer loop
      vertex -41.9375 -29.7847 21
      vertex -41.9837 -29.921 12
      vertex -41.9837 -29.921 21
    endloop
  endfacet
  facet normal -0.751801 0.65939 0
    outer loop
      vertex -42.2222 -30.2778 12
      vertex -42.1273 -30.1696 21
      vertex -42.1273 -30.1696 12
    endloop
  endfacet
  facet normal -0.751801 0.65939 0
    outer loop
      vertex -42.1273 -30.1696 21
      vertex -42.2222 -30.2778 12
      vertex -42.2222 -30.2778 21
    endloop
  endfacet
  facet normal 0.65939 0.751801 -0
    outer loop
      vertex -43.6696 -30.3727 12
      vertex -43.7778 -30.2778 21
      vertex -43.6696 -30.3727 21
    endloop
  endfacet
  facet normal 0.65939 0.751801 0
    outer loop
      vertex -43.7778 -30.2778 21
      vertex -43.6696 -30.3727 12
      vertex -43.7778 -30.2778 12
    endloop
  endfacet
  facet normal 0.321018 0.947073 -0
    outer loop
      vertex -43.2847 -30.5625 12
      vertex -43.421 -30.5163 21
      vertex -43.2847 -30.5625 21
    endloop
  endfacet
  facet normal 0.321018 0.947073 0
    outer loop
      vertex -43.421 -30.5163 21
      vertex -43.2847 -30.5625 12
      vertex -43.421 -30.5163 12
    endloop
  endfacet
  facet normal 0.751801 0.65939 0
    outer loop
      vertex -43.7778 -30.2778 21
      vertex -43.8727 -30.1696 12
      vertex -43.8727 -30.1696 21
    endloop
  endfacet
  facet normal 0.751801 0.65939 0
    outer loop
      vertex -43.8727 -30.1696 12
      vertex -43.7778 -30.2778 21
      vertex -43.7778 -30.2778 12
    endloop
  endfacet
  facet normal 0 0 1
    outer loop
      vertex -41.9094 -29.3564 12
      vertex -41.9094 -29.6436 12
      vertex -41.9 -29.5 12
    endloop
  endfacet
  facet normal 0 0 1
    outer loop
      vertex -41.9375 -29.2153 12
      vertex -41.9094 -29.6436 12
      vertex -41.9094 -29.3564 12
    endloop
  endfacet
  facet normal 0 0 1
    outer loop
      vertex -41.9375 -29.2153 12
      vertex -41.9375 -29.7847 12
      vertex -41.9094 -29.6436 12
    endloop
  endfacet
  facet normal 0 0 1
    outer loop
      vertex -41.9837 -29.079 12
      vertex -41.9375 -29.7847 12
      vertex -41.9375 -29.2153 12
    endloop
  endfacet
  facet normal 0 0 1
    outer loop
      vertex -41.9837 -29.079 12
      vertex -41.9837 -29.921 12
      vertex -41.9375 -29.7847 12
    endloop
  endfacet
  facet normal 0 0 1
    outer loop
      vertex -42.0474 -28.95 12
      vertex -41.9837 -29.921 12
      vertex -41.9837 -29.079 12
    endloop
  endfacet
  facet normal 0 0 1
    outer loop
      vertex -42.0474 -28.95 12
      vertex -42.0474 -30.05 12
      vertex -41.9837 -29.921 12
    endloop
  endfacet
  facet normal 0 0 1
    outer loop
      vertex -42.1273 -28.8304 12
      vertex -42.0474 -30.05 12
      vertex -42.0474 -28.95 12
    endloop
  endfacet
  facet normal 0 0 1
    outer loop
      vertex -42.1273 -28.8304 12
      vertex -42.1273 -30.1696 12
      vertex -42.0474 -30.05 12
    endloop
  endfacet
  facet normal 0 0 1
    outer loop
      vertex -42.2222 -28.7222 12
      vertex -42.1273 -30.1696 12
      vertex -42.1273 -28.8304 12
    endloop
  endfacet
  facet normal 0 0 1
    outer loop
      vertex -42.2222 -28.7222 12
      vertex -42.2222 -30.2778 12
      vertex -42.1273 -30.1696 12
    endloop
  endfacet
  facet normal 0 0 1
    outer loop
      vertex -42.3304 -28.6273 12
      vertex -42.2222 -30.2778 12
      vertex -42.2222 -28.7222 12
    endloop
  endfacet
  facet normal 0 0 1
    outer loop
      vertex -42.3304 -28.6273 12
      vertex -42.3304 -30.3727 12
      vertex -42.2222 -30.2778 12
    endloop
  endfacet
  facet normal 0 0 1
    outer loop
      vertex -42.45 -28.5474 12
      vertex -42.3304 -30.3727 12
      vertex -42.3304 -28.6273 12
    endloop
  endfacet
  facet normal 0 0 1
    outer loop
      vertex -42.45 -28.5474 12
      vertex -42.45 -30.4526 12
      vertex -42.3304 -30.3727 12
    endloop
  endfacet
  facet normal 0 0 1
    outer loop
      vertex -42.579 -28.4837 12
      vertex -42.45 -30.4526 12
      vertex -42.45 -28.5474 12
    endloop
  endfacet
  facet normal 0 0 1
    outer loop
      vertex -42.579 -28.4837 12
      vertex -42.579 -30.5163 12
      vertex -42.45 -30.4526 12
    endloop
  endfacet
  facet normal 0 0 1
    outer loop
      vertex -42.7153 -28.4375 12
      vertex -42.579 -30.5163 12
      vertex -42.579 -28.4837 12
    endloop
  endfacet
  facet normal 0 0 1
    outer loop
      vertex -42.7153 -28.4375 12
      vertex -42.7153 -30.5625 12
      vertex -42.579 -30.5163 12
    endloop
  endfacet
  facet normal 0 0 1
    outer loop
      vertex -42.8564 -28.4094 12
      vertex -42.7153 -30.5625 12
      vertex -42.7153 -28.4375 12
    endloop
  endfacet
  facet normal 0 0 1
    outer loop
      vertex -42.8564 -28.4094 12
      vertex -42.8564 -30.5906 12
      vertex -42.7153 -30.5625 12
    endloop
  endfacet
  facet normal 0 0 1
    outer loop
      vertex -43 -28.4 12
      vertex -42.8564 -30.5906 12
      vertex -42.8564 -28.4094 12
    endloop
  endfacet
  facet normal 0 0 1
    outer loop
      vertex -43 -28.4 12
      vertex -43 -30.6 12
      vertex -42.8564 -30.5906 12
    endloop
  endfacet
  facet normal -0 0 1
    outer loop
      vertex -43.1436 -28.4094 12
      vertex -43 -30.6 12
      vertex -43 -28.4 12
    endloop
  endfacet
  facet normal 0 0 1
    outer loop
      vertex -43.1436 -28.4094 12
      vertex -43.1436 -30.5906 12
      vertex -43 -30.6 12
    endloop
  endfacet
  facet normal -0 0 1
    outer loop
      vertex -43.2847 -28.4375 12
      vertex -43.1436 -30.5906 12
      vertex -43.1436 -28.4094 12
    endloop
  endfacet
  facet normal 0 0 1
    outer loop
      vertex -43.2847 -28.4375 12
      vertex -43.2847 -30.5625 12
      vertex -43.1436 -30.5906 12
    endloop
  endfacet
  facet normal -0 0 1
    outer loop
      vertex -43.421 -28.4837 12
      vertex -43.2847 -30.5625 12
      vertex -43.2847 -28.4375 12
    endloop
  endfacet
  facet normal 0 0 1
    outer loop
      vertex -43.421 -28.4837 12
      vertex -43.421 -30.5163 12
      vertex -43.2847 -30.5625 12
    endloop
  endfacet
  facet normal -0 0 1
    outer loop
      vertex -43.55 -28.5474 12
      vertex -43.421 -30.5163 12
      vertex -43.421 -28.4837 12
    endloop
  endfacet
  facet normal 0 0 1
    outer loop
      vertex -43.55 -28.5474 12
      vertex -43.55 -30.4526 12
      vertex -43.421 -30.5163 12
    endloop
  endfacet
  facet normal -0 0 1
    outer loop
      vertex -43.6696 -28.6273 12
      vertex -43.55 -30.4526 12
      vertex -43.55 -28.5474 12
    endloop
  endfacet
  facet normal 0 0 1
    outer loop
      vertex -43.6696 -28.6273 12
      vertex -43.6696 -30.3727 12
      vertex -43.55 -30.4526 12
    endloop
  endfacet
  facet normal -0 0 1
    outer loop
      vertex -43.7778 -28.7222 12
      vertex -43.6696 -30.3727 12
      vertex -43.6696 -28.6273 12
    endloop
  endfacet
  facet normal 0 0 1
    outer loop
      vertex -43.7778 -28.7222 12
      vertex -43.7778 -30.2778 12
      vertex -43.6696 -30.3727 12
    endloop
  endfacet
  facet normal -0 0 1
    outer loop
      vertex -43.8727 -28.8304 12
      vertex -43.7778 -30.2778 12
      vertex -43.7778 -28.7222 12
    endloop
  endfacet
  facet normal 0 0 1
    outer loop
      vertex -43.8727 -28.8304 12
      vertex -43.8727 -30.1696 12
      vertex -43.7778 -30.2778 12
    endloop
  endfacet
  facet normal -0 0 1
    outer loop
      vertex -43.9526 -28.95 12
      vertex -43.8727 -30.1696 12
      vertex -43.8727 -28.8304 12
    endloop
  endfacet
  facet normal 0 0 1
    outer loop
      vertex -43.9526 -28.95 12
      vertex -43.9526 -30.05 12
      vertex -43.8727 -30.1696 12
    endloop
  endfacet
  facet normal -0 0 1
    outer loop
      vertex -44.0163 -29.079 12
      vertex -43.9526 -30.05 12
      vertex -43.9526 -28.95 12
    endloop
  endfacet
  facet normal 0 0 1
    outer loop
      vertex -44.0163 -29.079 12
      vertex -44.0163 -29.921 12
      vertex -43.9526 -30.05 12
    endloop
  endfacet
  facet normal -0 0 1
    outer loop
      vertex -44.0625 -29.2153 12
      vertex -44.0163 -29.921 12
      vertex -44.0163 -29.079 12
    endloop
  endfacet
  facet normal 0 0 1
    outer loop
      vertex -44.0625 -29.2153 12
      vertex -44.0625 -29.7847 12
      vertex -44.0163 -29.921 12
    endloop
  endfacet
  facet normal -0 0 1
    outer loop
      vertex -44.0906 -29.3564 12
      vertex -44.0625 -29.7847 12
      vertex -44.0625 -29.2153 12
    endloop
  endfacet
  facet normal 0 0 1
    outer loop
      vertex -44.0906 -29.3564 12
      vertex -44.0906 -29.6436 12
      vertex -44.0625 -29.7847 12
    endloop
  endfacet
  facet normal 0 -0 1
    outer loop
      vertex -44.0906 -29.6436 12
      vertex -44.0906 -29.3564 12
      vertex -44.1 -29.5 12
    endloop
  endfacet
  facet normal -0.947073 -0.321018 0
    outer loop
      vertex -41.9375 -29.2153 12
      vertex -41.9837 -29.079 21
      vertex -41.9837 -29.079 12
    endloop
  endfacet
  facet normal -0.947073 -0.321018 0
    outer loop
      vertex -41.9837 -29.079 21
      vertex -41.9375 -29.2153 12
      vertex -41.9375 -29.2153 21
    endloop
  endfacet
  facet normal 0.89664 -0.44276 0
    outer loop
      vertex -44.0163 -29.079 21
      vertex -43.9526 -28.95 12
      vertex -43.9526 -28.95 21
    endloop
  endfacet
  facet normal 0.89664 -0.44276 0
    outer loop
      vertex -43.9526 -28.95 12
      vertex -44.0163 -29.079 21
      vertex -44.0163 -29.079 12
    endloop
  endfacet
  facet normal 0.980741 -0.195314 0
    outer loop
      vertex -44.0906 -29.3564 21
      vertex -44.0625 -29.2153 12
      vertex -44.0625 -29.2153 21
    endloop
  endfacet
  facet normal 0.980741 -0.195314 0
    outer loop
      vertex -44.0625 -29.2153 12
      vertex -44.0906 -29.3564 21
      vertex -44.0906 -29.3564 12
    endloop
  endfacet
  facet normal 0.0653198 -0.997864 0
    outer loop
      vertex -43.1436 -28.4094 12
      vertex -43 -28.4 21
      vertex -43.1436 -28.4094 21
    endloop
  endfacet
  facet normal 0.0653198 -0.997864 0
    outer loop
      vertex -43 -28.4 21
      vertex -43.1436 -28.4094 12
      vertex -43 -28.4 12
    endloop
  endfacet
  facet normal -0.997864 0.0653198 0
    outer loop
      vertex -41.9094 -29.6436 12
      vertex -41.9 -29.5 21
      vertex -41.9 -29.5 12
    endloop
  endfacet
  facet normal -0.997864 0.0653198 0
    outer loop
      vertex -41.9 -29.5 21
      vertex -41.9094 -29.6436 12
      vertex -41.9094 -29.6436 21
    endloop
  endfacet
  facet normal -0.0653198 0.997864 0
    outer loop
      vertex -42.8564 -30.5906 12
      vertex -43 -30.6 21
      vertex -42.8564 -30.5906 21
    endloop
  endfacet
  facet normal -0.0653198 0.997864 0
    outer loop
      vertex -43 -30.6 21
      vertex -42.8564 -30.5906 12
      vertex -43 -30.6 12
    endloop
  endfacet
  facet normal -0.321018 0.947073 0
    outer loop
      vertex -42.579 -30.5163 12
      vertex -42.7153 -30.5625 21
      vertex -42.579 -30.5163 21
    endloop
  endfacet
  facet normal -0.321018 0.947073 0
    outer loop
      vertex -42.7153 -30.5625 21
      vertex -42.579 -30.5163 12
      vertex -42.7153 -30.5625 12
    endloop
  endfacet
  facet normal -0.44276 0.89664 0
    outer loop
      vertex -42.45 -30.4526 12
      vertex -42.579 -30.5163 21
      vertex -42.45 -30.4526 21
    endloop
  endfacet
  facet normal -0.44276 0.89664 0
    outer loop
      vertex -42.579 -30.5163 21
      vertex -42.45 -30.4526 12
      vertex -42.579 -30.5163 12
    endloop
  endfacet
  facet normal -0.65939 0.751801 0
    outer loop
      vertex -42.2222 -30.2778 12
      vertex -42.3304 -30.3727 21
      vertex -42.2222 -30.2778 21
    endloop
  endfacet
  facet normal -0.65939 0.751801 0
    outer loop
      vertex -42.3304 -30.3727 21
      vertex -42.2222 -30.2778 12
      vertex -42.3304 -30.3727 12
    endloop
  endfacet
  facet normal -0.555502 0.831515 0
    outer loop
      vertex -42.3304 -30.3727 12
      vertex -42.45 -30.4526 21
      vertex -42.3304 -30.3727 21
    endloop
  endfacet
  facet normal -0.555502 0.831515 0
    outer loop
      vertex -42.45 -30.4526 21
      vertex -42.3304 -30.3727 12
      vertex -42.45 -30.4526 12
    endloop
  endfacet
  facet normal -0.831515 0.555502 0
    outer loop
      vertex -42.1273 -30.1696 12
      vertex -42.0474 -30.05 21
      vertex -42.0474 -30.05 12
    endloop
  endfacet
  facet normal -0.831515 0.555502 0
    outer loop
      vertex -42.0474 -30.05 21
      vertex -42.1273 -30.1696 12
      vertex -42.1273 -30.1696 21
    endloop
  endfacet
  facet normal -0.980741 0.195314 0
    outer loop
      vertex -41.9375 -29.7847 12
      vertex -41.9094 -29.6436 21
      vertex -41.9094 -29.6436 12
    endloop
  endfacet
  facet normal -0.980741 0.195314 0
    outer loop
      vertex -41.9094 -29.6436 21
      vertex -41.9375 -29.7847 12
      vertex -41.9375 -29.7847 21
    endloop
  endfacet
  facet normal 0.555502 0.831515 -0
    outer loop
      vertex -43.55 -30.4526 12
      vertex -43.6696 -30.3727 21
      vertex -43.55 -30.4526 21
    endloop
  endfacet
  facet normal 0.555502 0.831515 0
    outer loop
      vertex -43.6696 -30.3727 21
      vertex -43.55 -30.4526 12
      vertex -43.6696 -30.3727 12
    endloop
  endfacet
  facet normal 0.44276 0.89664 -0
    outer loop
      vertex -43.421 -30.5163 12
      vertex -43.55 -30.4526 21
      vertex -43.421 -30.5163 21
    endloop
  endfacet
  facet normal 0.44276 0.89664 0
    outer loop
      vertex -43.55 -30.4526 21
      vertex -43.421 -30.5163 12
      vertex -43.55 -30.4526 12
    endloop
  endfacet
  facet normal 0.195314 0.980741 -0
    outer loop
      vertex -43.1436 -30.5906 12
      vertex -43.2847 -30.5625 21
      vertex -43.1436 -30.5906 21
    endloop
  endfacet
  facet normal 0.195314 0.980741 0
    outer loop
      vertex -43.2847 -30.5625 21
      vertex -43.1436 -30.5906 12
      vertex -43.2847 -30.5625 12
    endloop
  endfacet
  facet normal 0.89664 0.44276 0
    outer loop
      vertex -43.9526 -30.05 21
      vertex -44.0163 -29.921 12
      vertex -44.0163 -29.921 21
    endloop
  endfacet
  facet normal 0.89664 0.44276 0
    outer loop
      vertex -44.0163 -29.921 12
      vertex -43.9526 -30.05 21
      vertex -43.9526 -30.05 12
    endloop
  endfacet
  facet normal 0.947073 0.321018 0
    outer loop
      vertex -44.0163 -29.921 21
      vertex -44.0625 -29.7847 12
      vertex -44.0625 -29.7847 21
    endloop
  endfacet
  facet normal 0.947073 0.321018 0
    outer loop
      vertex -44.0625 -29.7847 12
      vertex -44.0163 -29.921 21
      vertex -44.0163 -29.921 12
    endloop
  endfacet
  facet normal 0.997864 0.0653198 0
    outer loop
      vertex -44.0906 -29.6436 21
      vertex -44.1 -29.5 12
      vertex -44.1 -29.5 21
    endloop
  endfacet
  facet normal 0.997864 0.0653198 0
    outer loop
      vertex -44.1 -29.5 12
      vertex -44.0906 -29.6436 21
      vertex -44.0906 -29.6436 12
    endloop
  endfacet
  facet normal -0.751801 -0.65939 0
    outer loop
      vertex -42.1273 -28.8304 12
      vertex -42.2222 -28.7222 21
      vertex -42.2222 -28.7222 12
    endloop
  endfacet
  facet normal -0.751801 -0.65939 0
    outer loop
      vertex -42.2222 -28.7222 21
      vertex -42.1273 -28.8304 12
      vertex -42.1273 -28.8304 21
    endloop
  endfacet
  facet normal -0.44276 -0.89664 0
    outer loop
      vertex -42.579 -28.4837 12
      vertex -42.45 -28.5474 21
      vertex -42.579 -28.4837 21
    endloop
  endfacet
  facet normal -0.44276 -0.89664 -0
    outer loop
      vertex -42.45 -28.5474 21
      vertex -42.579 -28.4837 12
      vertex -42.45 -28.5474 12
    endloop
  endfacet
  facet normal 0.44276 -0.89664 0
    outer loop
      vertex -43.55 -28.5474 12
      vertex -43.421 -28.4837 21
      vertex -43.55 -28.5474 21
    endloop
  endfacet
  facet normal 0.44276 -0.89664 0
    outer loop
      vertex -43.421 -28.4837 21
      vertex -43.55 -28.5474 12
      vertex -43.421 -28.4837 12
    endloop
  endfacet
  facet normal -0.195314 0.980741 0
    outer loop
      vertex -42.7153 -30.5625 12
      vertex -42.8564 -30.5906 21
      vertex -42.7153 -30.5625 21
    endloop
  endfacet
  facet normal -0.195314 0.980741 0
    outer loop
      vertex -42.8564 -30.5906 21
      vertex -42.7153 -30.5625 12
      vertex -42.8564 -30.5906 12
    endloop
  endfacet
  facet normal -0.89664 0.44276 0
    outer loop
      vertex -42.0474 -30.05 12
      vertex -41.9837 -29.921 21
      vertex -41.9837 -29.921 12
    endloop
  endfacet
  facet normal -0.89664 0.44276 0
    outer loop
      vertex -41.9837 -29.921 21
      vertex -42.0474 -30.05 12
      vertex -42.0474 -30.05 21
    endloop
  endfacet
  facet normal 0.0653198 0.997864 -0
    outer loop
      vertex -43 -30.6 12
      vertex -43.1436 -30.5906 21
      vertex -43 -30.6 21
    endloop
  endfacet
  facet normal 0.0653198 0.997864 0
    outer loop
      vertex -43.1436 -30.5906 21
      vertex -43 -30.6 12
      vertex -43.1436 -30.5906 12
    endloop
  endfacet
  facet normal 0.831515 0.555502 0
    outer loop
      vertex -43.8727 -30.1696 21
      vertex -43.9526 -30.05 12
      vertex -43.9526 -30.05 21
    endloop
  endfacet
  facet normal 0.831515 0.555502 0
    outer loop
      vertex -43.9526 -30.05 12
      vertex -43.8727 -30.1696 21
      vertex -43.8727 -30.1696 12
    endloop
  endfacet
  facet normal 0.980741 0.195314 0
    outer loop
      vertex -44.0625 -29.7847 21
      vertex -44.0906 -29.6436 12
      vertex -44.0906 -29.6436 21
    endloop
  endfacet
  facet normal 0.980741 0.195314 0
    outer loop
      vertex -44.0906 -29.6436 12
      vertex -44.0625 -29.7847 21
      vertex -44.0625 -29.7847 12
    endloop
  endfacet
  facet normal -0.997864 -0.0653198 0
    outer loop
      vertex -41.9 29.5 12
      vertex -41.9094 29.6436 21
      vertex -41.9094 29.6436 12
    endloop
  endfacet
  facet normal -0.997864 -0.0653198 0
    outer loop
      vertex -41.9094 29.6436 21
      vertex -41.9 29.5 12
      vertex -41.9 29.5 21
    endloop
  endfacet
  facet normal 0.0653198 -0.997864 0
    outer loop
      vertex -43.1436 30.5906 12
      vertex -43 30.6 21
      vertex -43.1436 30.5906 21
    endloop
  endfacet
  facet normal 0.0653198 -0.997864 0
    outer loop
      vertex -43 30.6 21
      vertex -43.1436 30.5906 12
      vertex -43 30.6 12
    endloop
  endfacet
  facet normal -0.0653198 0.997864 0
    outer loop
      vertex -42.8564 28.4094 12
      vertex -43 28.4 21
      vertex -42.8564 28.4094 21
    endloop
  endfacet
  facet normal -0.0653198 0.997864 0
    outer loop
      vertex -43 28.4 21
      vertex -42.8564 28.4094 12
      vertex -43 28.4 12
    endloop
  endfacet
  facet normal -0.65939 -0.751801 0
    outer loop
      vertex -42.3304 30.3727 12
      vertex -42.2222 30.2778 21
      vertex -42.3304 30.3727 21
    endloop
  endfacet
  facet normal -0.65939 -0.751801 -0
    outer loop
      vertex -42.2222 30.2778 21
      vertex -42.3304 30.3727 12
      vertex -42.2222 30.2778 12
    endloop
  endfacet
  facet normal 0.751801 -0.65939 0
    outer loop
      vertex -43.8727 30.1696 21
      vertex -43.7778 30.2778 12
      vertex -43.7778 30.2778 21
    endloop
  endfacet
  facet normal 0.751801 -0.65939 0
    outer loop
      vertex -43.7778 30.2778 12
      vertex -43.8727 30.1696 21
      vertex -43.8727 30.1696 12
    endloop
  endfacet
  facet normal 0.44276 -0.89664 0
    outer loop
      vertex -43.55 30.4526 12
      vertex -43.421 30.5163 21
      vertex -43.55 30.4526 21
    endloop
  endfacet
  facet normal 0.44276 -0.89664 0
    outer loop
      vertex -43.421 30.5163 21
      vertex -43.55 30.4526 12
      vertex -43.421 30.5163 12
    endloop
  endfacet
  facet normal -0.89664 -0.44276 0
    outer loop
      vertex -41.9837 29.921 12
      vertex -42.0474 30.05 21
      vertex -42.0474 30.05 12
    endloop
  endfacet
  facet normal -0.89664 -0.44276 0
    outer loop
      vertex -42.0474 30.05 21
      vertex -41.9837 29.921 12
      vertex -41.9837 29.921 21
    endloop
  endfacet
  facet normal -0.980741 -0.195314 0
    outer loop
      vertex -41.9094 29.6436 12
      vertex -41.9375 29.7847 21
      vertex -41.9375 29.7847 12
    endloop
  endfacet
  facet normal -0.980741 -0.195314 0
    outer loop
      vertex -41.9375 29.7847 21
      vertex -41.9094 29.6436 12
      vertex -41.9094 29.6436 21
    endloop
  endfacet
  facet normal -0.831515 -0.555502 0
    outer loop
      vertex -42.0474 30.05 12
      vertex -42.1273 30.1696 21
      vertex -42.1273 30.1696 12
    endloop
  endfacet
  facet normal -0.831515 -0.555502 0
    outer loop
      vertex -42.1273 30.1696 21
      vertex -42.0474 30.05 12
      vertex -42.0474 30.05 21
    endloop
  endfacet
  facet normal -0.321018 -0.947073 0
    outer loop
      vertex -42.7153 30.5625 12
      vertex -42.579 30.5163 21
      vertex -42.7153 30.5625 21
    endloop
  endfacet
  facet normal -0.321018 -0.947073 -0
    outer loop
      vertex -42.579 30.5163 21
      vertex -42.7153 30.5625 12
      vertex -42.579 30.5163 12
    endloop
  endfacet
  facet normal -0.555502 -0.831515 0
    outer loop
      vertex -42.45 30.4526 12
      vertex -42.3304 30.3727 21
      vertex -42.45 30.4526 21
    endloop
  endfacet
  facet normal -0.555502 -0.831515 -0
    outer loop
      vertex -42.3304 30.3727 21
      vertex -42.45 30.4526 12
      vertex -42.3304 30.3727 12
    endloop
  endfacet
  facet normal 0.89664 -0.44276 0
    outer loop
      vertex -44.0163 29.921 21
      vertex -43.9526 30.05 12
      vertex -43.9526 30.05 21
    endloop
  endfacet
  facet normal 0.89664 -0.44276 0
    outer loop
      vertex -43.9526 30.05 12
      vertex -44.0163 29.921 21
      vertex -44.0163 29.921 12
    endloop
  endfacet
  facet normal 0 0 1
    outer loop
      vertex -41.9094 29.6436 12
      vertex -41.9094 29.3564 12
      vertex -41.9 29.5 12
    endloop
  endfacet
  facet normal 0 0 1
    outer loop
      vertex -41.9375 29.7847 12
      vertex -41.9094 29.3564 12
      vertex -41.9094 29.6436 12
    endloop
  endfacet
  facet normal 0 0 1
    outer loop
      vertex -41.9375 29.7847 12
      vertex -41.9375 29.2153 12
      vertex -41.9094 29.3564 12
    endloop
  endfacet
  facet normal 0 0 1
    outer loop
      vertex -41.9837 29.921 12
      vertex -41.9375 29.2153 12
      vertex -41.9375 29.7847 12
    endloop
  endfacet
  facet normal 0 0 1
    outer loop
      vertex -41.9837 29.921 12
      vertex -41.9837 29.079 12
      vertex -41.9375 29.2153 12
    endloop
  endfacet
  facet normal 0 0 1
    outer loop
      vertex -42.0474 30.05 12
      vertex -41.9837 29.079 12
      vertex -41.9837 29.921 12
    endloop
  endfacet
  facet normal 0 0 1
    outer loop
      vertex -42.0474 30.05 12
      vertex -42.0474 28.95 12
      vertex -41.9837 29.079 12
    endloop
  endfacet
  facet normal 0 0 1
    outer loop
      vertex -42.1273 30.1696 12
      vertex -42.0474 28.95 12
      vertex -42.0474 30.05 12
    endloop
  endfacet
  facet normal 0 0 1
    outer loop
      vertex -42.1273 30.1696 12
      vertex -42.1273 28.8304 12
      vertex -42.0474 28.95 12
    endloop
  endfacet
  facet normal 0 0 1
    outer loop
      vertex -42.2222 30.2778 12
      vertex -42.1273 28.8304 12
      vertex -42.1273 30.1696 12
    endloop
  endfacet
  facet normal 0 0 1
    outer loop
      vertex -42.2222 30.2778 12
      vertex -42.2222 28.7222 12
      vertex -42.1273 28.8304 12
    endloop
  endfacet
  facet normal 0 0 1
    outer loop
      vertex -42.3304 30.3727 12
      vertex -42.2222 28.7222 12
      vertex -42.2222 30.2778 12
    endloop
  endfacet
  facet normal 0 0 1
    outer loop
      vertex -42.3304 30.3727 12
      vertex -42.3304 28.6273 12
      vertex -42.2222 28.7222 12
    endloop
  endfacet
  facet normal 0 0 1
    outer loop
      vertex -42.45 30.4526 12
      vertex -42.3304 28.6273 12
      vertex -42.3304 30.3727 12
    endloop
  endfacet
  facet normal 0 0 1
    outer loop
      vertex -42.45 30.4526 12
      vertex -42.45 28.5474 12
      vertex -42.3304 28.6273 12
    endloop
  endfacet
  facet normal 0 0 1
    outer loop
      vertex -42.579 30.5163 12
      vertex -42.45 28.5474 12
      vertex -42.45 30.4526 12
    endloop
  endfacet
  facet normal 0 0 1
    outer loop
      vertex -42.579 30.5163 12
      vertex -42.579 28.4837 12
      vertex -42.45 28.5474 12
    endloop
  endfacet
  facet normal 0 0 1
    outer loop
      vertex -42.7153 30.5625 12
      vertex -42.579 28.4837 12
      vertex -42.579 30.5163 12
    endloop
  endfacet
  facet normal 0 0 1
    outer loop
      vertex -42.7153 30.5625 12
      vertex -42.7153 28.4375 12
      vertex -42.579 28.4837 12
    endloop
  endfacet
  facet normal 0 0 1
    outer loop
      vertex -42.8564 30.5906 12
      vertex -42.7153 28.4375 12
      vertex -42.7153 30.5625 12
    endloop
  endfacet
  facet normal 0 0 1
    outer loop
      vertex -42.8564 30.5906 12
      vertex -42.8564 28.4094 12
      vertex -42.7153 28.4375 12
    endloop
  endfacet
  facet normal 0 0 1
    outer loop
      vertex -43 30.6 12
      vertex -42.8564 28.4094 12
      vertex -42.8564 30.5906 12
    endloop
  endfacet
  facet normal 0 0 1
    outer loop
      vertex -43 30.6 12
      vertex -43 28.4 12
      vertex -42.8564 28.4094 12
    endloop
  endfacet
  facet normal -0 0 1
    outer loop
      vertex -43.1436 30.5906 12
      vertex -43 28.4 12
      vertex -43 30.6 12
    endloop
  endfacet
  facet normal 0 0 1
    outer loop
      vertex -43.1436 30.5906 12
      vertex -43.1436 28.4094 12
      vertex -43 28.4 12
    endloop
  endfacet
  facet normal -0 0 1
    outer loop
      vertex -43.2847 30.5625 12
      vertex -43.1436 28.4094 12
      vertex -43.1436 30.5906 12
    endloop
  endfacet
  facet normal 0 0 1
    outer loop
      vertex -43.2847 30.5625 12
      vertex -43.2847 28.4375 12
      vertex -43.1436 28.4094 12
    endloop
  endfacet
  facet normal -0 0 1
    outer loop
      vertex -43.421 30.5163 12
      vertex -43.2847 28.4375 12
      vertex -43.2847 30.5625 12
    endloop
  endfacet
  facet normal 0 0 1
    outer loop
      vertex -43.421 30.5163 12
      vertex -43.421 28.4837 12
      vertex -43.2847 28.4375 12
    endloop
  endfacet
  facet normal -0 0 1
    outer loop
      vertex -43.55 30.4526 12
      vertex -43.421 28.4837 12
      vertex -43.421 30.5163 12
    endloop
  endfacet
  facet normal 0 0 1
    outer loop
      vertex -43.55 30.4526 12
      vertex -43.55 28.5474 12
      vertex -43.421 28.4837 12
    endloop
  endfacet
  facet normal -0 0 1
    outer loop
      vertex -43.6696 30.3727 12
      vertex -43.55 28.5474 12
      vertex -43.55 30.4526 12
    endloop
  endfacet
  facet normal 0 0 1
    outer loop
      vertex -43.6696 30.3727 12
      vertex -43.6696 28.6273 12
      vertex -43.55 28.5474 12
    endloop
  endfacet
  facet normal -0 0 1
    outer loop
      vertex -43.7778 30.2778 12
      vertex -43.6696 28.6273 12
      vertex -43.6696 30.3727 12
    endloop
  endfacet
  facet normal 0 0 1
    outer loop
      vertex -43.7778 30.2778 12
      vertex -43.7778 28.7222 12
      vertex -43.6696 28.6273 12
    endloop
  endfacet
  facet normal -0 0 1
    outer loop
      vertex -43.8727 30.1696 12
      vertex -43.7778 28.7222 12
      vertex -43.7778 30.2778 12
    endloop
  endfacet
  facet normal 0 0 1
    outer loop
      vertex -43.8727 30.1696 12
      vertex -43.8727 28.8304 12
      vertex -43.7778 28.7222 12
    endloop
  endfacet
  facet normal -0 0 1
    outer loop
      vertex -43.9526 30.05 12
      vertex -43.8727 28.8304 12
      vertex -43.8727 30.1696 12
    endloop
  endfacet
  facet normal 0 0 1
    outer loop
      vertex -43.9526 30.05 12
      vertex -43.9526 28.95 12
      vertex -43.8727 28.8304 12
    endloop
  endfacet
  facet normal -0 0 1
    outer loop
      vertex -44.0163 29.921 12
      vertex -43.9526 28.95 12
      vertex -43.9526 30.05 12
    endloop
  endfacet
  facet normal 0 0 1
    outer loop
      vertex -44.0163 29.921 12
      vertex -44.0163 29.079 12
      vertex -43.9526 28.95 12
    endloop
  endfacet
  facet normal -0 0 1
    outer loop
      vertex -44.0625 29.7847 12
      vertex -44.0163 29.079 12
      vertex -44.0163 29.921 12
    endloop
  endfacet
  facet normal 0 0 1
    outer loop
      vertex -44.0625 29.7847 12
      vertex -44.0625 29.2153 12
      vertex -44.0163 29.079 12
    endloop
  endfacet
  facet normal -0 0 1
    outer loop
      vertex -44.0906 29.6436 12
      vertex -44.0625 29.2153 12
      vertex -44.0625 29.7847 12
    endloop
  endfacet
  facet normal 0 0 1
    outer loop
      vertex -44.0906 29.6436 12
      vertex -44.0906 29.3564 12
      vertex -44.0625 29.2153 12
    endloop
  endfacet
  facet normal 0 -0 1
    outer loop
      vertex -44.0906 29.3564 12
      vertex -44.0906 29.6436 12
      vertex -44.1 29.5 12
    endloop
  endfacet
  facet normal 0.831515 -0.555502 0
    outer loop
      vertex -43.9526 30.05 21
      vertex -43.8727 30.1696 12
      vertex -43.8727 30.1696 21
    endloop
  endfacet
  facet normal 0.831515 -0.555502 0
    outer loop
      vertex -43.8727 30.1696 12
      vertex -43.9526 30.05 21
      vertex -43.9526 30.05 12
    endloop
  endfacet
  facet normal 0.555502 -0.831515 0
    outer loop
      vertex -43.6696 30.3727 12
      vertex -43.55 30.4526 21
      vertex -43.6696 30.3727 21
    endloop
  endfacet
  facet normal 0.555502 -0.831515 0
    outer loop
      vertex -43.55 30.4526 21
      vertex -43.6696 30.3727 12
      vertex -43.55 30.4526 12
    endloop
  endfacet
  facet normal 0.195314 -0.980741 0
    outer loop
      vertex -43.2847 30.5625 12
      vertex -43.1436 30.5906 21
      vertex -43.2847 30.5625 21
    endloop
  endfacet
  facet normal 0.195314 -0.980741 0
    outer loop
      vertex -43.1436 30.5906 21
      vertex -43.2847 30.5625 12
      vertex -43.1436 30.5906 12
    endloop
  endfacet
  facet normal -0.195314 0.980741 0
    outer loop
      vertex -42.7153 28.4375 12
      vertex -42.8564 28.4094 21
      vertex -42.7153 28.4375 21
    endloop
  endfacet
  facet normal -0.195314 0.980741 0
    outer loop
      vertex -42.8564 28.4094 21
      vertex -42.7153 28.4375 12
      vertex -42.8564 28.4094 12
    endloop
  endfacet
  facet normal -0.947073 -0.321018 0
    outer loop
      vertex -41.9375 29.7847 12
      vertex -41.9837 29.921 21
      vertex -41.9837 29.921 12
    endloop
  endfacet
  facet normal -0.947073 -0.321018 0
    outer loop
      vertex -41.9837 29.921 21
      vertex -41.9375 29.7847 12
      vertex -41.9375 29.7847 21
    endloop
  endfacet
  facet normal -0.751801 -0.65939 0
    outer loop
      vertex -42.1273 30.1696 12
      vertex -42.2222 30.2778 21
      vertex -42.2222 30.2778 12
    endloop
  endfacet
  facet normal -0.751801 -0.65939 0
    outer loop
      vertex -42.2222 30.2778 21
      vertex -42.1273 30.1696 12
      vertex -42.1273 30.1696 21
    endloop
  endfacet
  facet normal -0.195314 -0.980741 0
    outer loop
      vertex -42.8564 30.5906 12
      vertex -42.7153 30.5625 21
      vertex -42.8564 30.5906 21
    endloop
  endfacet
  facet normal -0.195314 -0.980741 -0
    outer loop
      vertex -42.7153 30.5625 21
      vertex -42.8564 30.5906 12
      vertex -42.7153 30.5625 12
    endloop
  endfacet
  facet normal -0.0653198 -0.997864 0
    outer loop
      vertex -43 30.6 12
      vertex -42.8564 30.5906 21
      vertex -43 30.6 21
    endloop
  endfacet
  facet normal -0.0653198 -0.997864 -0
    outer loop
      vertex -42.8564 30.5906 21
      vertex -43 30.6 12
      vertex -42.8564 30.5906 12
    endloop
  endfacet
  facet normal 0.947073 -0.321018 0
    outer loop
      vertex -44.0625 29.7847 21
      vertex -44.0163 29.921 12
      vertex -44.0163 29.921 21
    endloop
  endfacet
  facet normal 0.947073 -0.321018 0
    outer loop
      vertex -44.0163 29.921 12
      vertex -44.0625 29.7847 21
      vertex -44.0625 29.7847 12
    endloop
  endfacet
  facet normal 0.980741 -0.195314 0
    outer loop
      vertex -44.0906 29.6436 21
      vertex -44.0625 29.7847 12
      vertex -44.0625 29.7847 21
    endloop
  endfacet
  facet normal 0.980741 -0.195314 0
    outer loop
      vertex -44.0625 29.7847 12
      vertex -44.0906 29.6436 21
      vertex -44.0906 29.6436 12
    endloop
  endfacet
  facet normal 0.997864 -0.0653198 0
    outer loop
      vertex -44.1 29.5 21
      vertex -44.0906 29.6436 12
      vertex -44.0906 29.6436 21
    endloop
  endfacet
  facet normal 0.997864 -0.0653198 0
    outer loop
      vertex -44.0906 29.6436 12
      vertex -44.1 29.5 21
      vertex -44.1 29.5 12
    endloop
  endfacet
  facet normal 0.997864 0.0653198 0
    outer loop
      vertex -44.0906 29.3564 21
      vertex -44.1 29.5 12
      vertex -44.1 29.5 21
    endloop
  endfacet
  facet normal 0.997864 0.0653198 0
    outer loop
      vertex -44.1 29.5 12
      vertex -44.0906 29.3564 21
      vertex -44.0906 29.3564 12
    endloop
  endfacet
  facet normal -0.997864 0.0653198 0
    outer loop
      vertex -41.9094 29.3564 12
      vertex -41.9 29.5 21
      vertex -41.9 29.5 12
    endloop
  endfacet
  facet normal -0.997864 0.0653198 0
    outer loop
      vertex -41.9 29.5 21
      vertex -41.9094 29.3564 12
      vertex -41.9094 29.3564 21
    endloop
  endfacet
  facet normal -0.831515 0.555502 0
    outer loop
      vertex -42.1273 28.8304 12
      vertex -42.0474 28.95 21
      vertex -42.0474 28.95 12
    endloop
  endfacet
  facet normal -0.831515 0.555502 0
    outer loop
      vertex -42.0474 28.95 21
      vertex -42.1273 28.8304 12
      vertex -42.1273 28.8304 21
    endloop
  endfacet
  facet normal -0.980741 0.195314 0
    outer loop
      vertex -41.9375 29.2153 12
      vertex -41.9094 29.3564 21
      vertex -41.9094 29.3564 12
    endloop
  endfacet
  facet normal -0.980741 0.195314 0
    outer loop
      vertex -41.9094 29.3564 21
      vertex -41.9375 29.2153 12
      vertex -41.9375 29.2153 21
    endloop
  endfacet
  facet normal 0.321018 0.947073 -0
    outer loop
      vertex -43.2847 28.4375 12
      vertex -43.421 28.4837 21
      vertex -43.2847 28.4375 21
    endloop
  endfacet
  facet normal 0.321018 0.947073 0
    outer loop
      vertex -43.421 28.4837 21
      vertex -43.2847 28.4375 12
      vertex -43.421 28.4837 12
    endloop
  endfacet
  facet normal 0.831515 0.555502 0
    outer loop
      vertex -43.8727 28.8304 21
      vertex -43.9526 28.95 12
      vertex -43.9526 28.95 21
    endloop
  endfacet
  facet normal 0.831515 0.555502 0
    outer loop
      vertex -43.9526 28.95 12
      vertex -43.8727 28.8304 21
      vertex -43.8727 28.8304 12
    endloop
  endfacet
  facet normal -0.555502 0.831515 0
    outer loop
      vertex -42.3304 28.6273 12
      vertex -42.45 28.5474 21
      vertex -42.3304 28.6273 21
    endloop
  endfacet
  facet normal -0.555502 0.831515 0
    outer loop
      vertex -42.45 28.5474 21
      vertex -42.3304 28.6273 12
      vertex -42.45 28.5474 12
    endloop
  endfacet
  facet normal -0.44276 0.89664 0
    outer loop
      vertex -42.45 28.5474 12
      vertex -42.579 28.4837 21
      vertex -42.45 28.5474 21
    endloop
  endfacet
  facet normal -0.44276 0.89664 0
    outer loop
      vertex -42.579 28.4837 21
      vertex -42.45 28.5474 12
      vertex -42.579 28.4837 12
    endloop
  endfacet
  facet normal -0.44276 -0.89664 0
    outer loop
      vertex -42.579 30.5163 12
      vertex -42.45 30.4526 21
      vertex -42.579 30.5163 21
    endloop
  endfacet
  facet normal -0.44276 -0.89664 -0
    outer loop
      vertex -42.45 30.4526 21
      vertex -42.579 30.5163 12
      vertex -42.45 30.4526 12
    endloop
  endfacet
  facet normal 0.65939 -0.751801 0
    outer loop
      vertex -43.7778 30.2778 12
      vertex -43.6696 30.3727 21
      vertex -43.7778 30.2778 21
    endloop
  endfacet
  facet normal 0.65939 -0.751801 0
    outer loop
      vertex -43.6696 30.3727 21
      vertex -43.7778 30.2778 12
      vertex -43.6696 30.3727 12
    endloop
  endfacet
  facet normal 0.321018 -0.947073 0
    outer loop
      vertex -43.421 30.5163 12
      vertex -43.2847 30.5625 21
      vertex -43.421 30.5163 21
    endloop
  endfacet
  facet normal 0.321018 -0.947073 0
    outer loop
      vertex -43.2847 30.5625 21
      vertex -43.421 30.5163 12
      vertex -43.2847 30.5625 12
    endloop
  endfacet
  facet normal -0.947073 0.321018 0
    outer loop
      vertex -41.9837 29.079 12
      vertex -41.9375 29.2153 21
      vertex -41.9375 29.2153 12
    endloop
  endfacet
  facet normal -0.947073 0.321018 0
    outer loop
      vertex -41.9375 29.2153 21
      vertex -41.9837 29.079 12
      vertex -41.9837 29.079 21
    endloop
  endfacet
  facet normal -0.89664 0.44276 0
    outer loop
      vertex -42.0474 28.95 12
      vertex -41.9837 29.079 21
      vertex -41.9837 29.079 12
    endloop
  endfacet
  facet normal -0.89664 0.44276 0
    outer loop
      vertex -41.9837 29.079 21
      vertex -42.0474 28.95 12
      vertex -42.0474 28.95 21
    endloop
  endfacet
  facet normal 0.195314 0.980741 -0
    outer loop
      vertex -43.1436 28.4094 12
      vertex -43.2847 28.4375 21
      vertex -43.1436 28.4094 21
    endloop
  endfacet
  facet normal 0.195314 0.980741 0
    outer loop
      vertex -43.2847 28.4375 21
      vertex -43.1436 28.4094 12
      vertex -43.2847 28.4375 12
    endloop
  endfacet
  facet normal 0.555502 0.831515 -0
    outer loop
      vertex -43.55 28.5474 12
      vertex -43.6696 28.6273 21
      vertex -43.55 28.5474 21
    endloop
  endfacet
  facet normal 0.555502 0.831515 0
    outer loop
      vertex -43.6696 28.6273 21
      vertex -43.55 28.5474 12
      vertex -43.6696 28.6273 12
    endloop
  endfacet
  facet normal 0.980741 0.195314 0
    outer loop
      vertex -44.0625 29.2153 21
      vertex -44.0906 29.3564 12
      vertex -44.0906 29.3564 21
    endloop
  endfacet
  facet normal 0.980741 0.195314 0
    outer loop
      vertex -44.0906 29.3564 12
      vertex -44.0625 29.2153 21
      vertex -44.0625 29.2153 12
    endloop
  endfacet
  facet normal 0.947073 0.321018 0
    outer loop
      vertex -44.0163 29.079 21
      vertex -44.0625 29.2153 12
      vertex -44.0625 29.2153 21
    endloop
  endfacet
  facet normal 0.947073 0.321018 0
    outer loop
      vertex -44.0625 29.2153 12
      vertex -44.0163 29.079 21
      vertex -44.0163 29.079 12
    endloop
  endfacet
  facet normal 0.89664 0.44276 0
    outer loop
      vertex -43.9526 28.95 21
      vertex -44.0163 29.079 12
      vertex -44.0163 29.079 21
    endloop
  endfacet
  facet normal 0.89664 0.44276 0
    outer loop
      vertex -44.0163 29.079 12
      vertex -43.9526 28.95 21
      vertex -43.9526 28.95 12
    endloop
  endfacet
  facet normal -0.65939 0.751801 0
    outer loop
      vertex -42.2222 28.7222 12
      vertex -42.3304 28.6273 21
      vertex -42.2222 28.7222 21
    endloop
  endfacet
  facet normal -0.65939 0.751801 0
    outer loop
      vertex -42.3304 28.6273 21
      vertex -42.2222 28.7222 12
      vertex -42.3304 28.6273 12
    endloop
  endfacet
  facet normal -0.321018 0.947073 0
    outer loop
      vertex -42.579 28.4837 12
      vertex -42.7153 28.4375 21
      vertex -42.579 28.4837 21
    endloop
  endfacet
  facet normal -0.321018 0.947073 0
    outer loop
      vertex -42.7153 28.4375 21
      vertex -42.579 28.4837 12
      vertex -42.7153 28.4375 12
    endloop
  endfacet
  facet normal 0.0653198 0.997864 -0
    outer loop
      vertex -43 28.4 12
      vertex -43.1436 28.4094 21
      vertex -43 28.4 21
    endloop
  endfacet
  facet normal 0.0653198 0.997864 0
    outer loop
      vertex -43.1436 28.4094 21
      vertex -43 28.4 12
      vertex -43.1436 28.4094 12
    endloop
  endfacet
  facet normal 0.44276 0.89664 -0
    outer loop
      vertex -43.421 28.4837 12
      vertex -43.55 28.5474 21
      vertex -43.421 28.4837 21
    endloop
  endfacet
  facet normal 0.44276 0.89664 0
    outer loop
      vertex -43.55 28.5474 21
      vertex -43.421 28.4837 12
      vertex -43.55 28.5474 12
    endloop
  endfacet
  facet normal 0.65939 0.751801 -0
    outer loop
      vertex -43.6696 28.6273 12
      vertex -43.7778 28.7222 21
      vertex -43.6696 28.6273 21
    endloop
  endfacet
  facet normal 0.65939 0.751801 0
    outer loop
      vertex -43.7778 28.7222 21
      vertex -43.6696 28.6273 12
      vertex -43.7778 28.7222 12
    endloop
  endfacet
  facet normal 0.751801 0.65939 0
    outer loop
      vertex -43.7778 28.7222 21
      vertex -43.8727 28.8304 12
      vertex -43.8727 28.8304 21
    endloop
  endfacet
  facet normal 0.751801 0.65939 0
    outer loop
      vertex -43.8727 28.8304 12
      vertex -43.7778 28.7222 21
      vertex -43.7778 28.7222 12
    endloop
  endfacet
  facet normal -0.751801 0.65939 0
    outer loop
      vertex -42.2222 28.7222 12
      vertex -42.1273 28.8304 21
      vertex -42.1273 28.8304 12
    endloop
  endfacet
  facet normal -0.751801 0.65939 0
    outer loop
      vertex -42.1273 28.8304 21
      vertex -42.2222 28.7222 12
      vertex -42.2222 28.7222 21
    endloop
  endfacet
  facet normal -0.997864 -0.0653198 0
    outer loop
      vertex 44.1 -29.5 12
      vertex 44.0906 -29.3564 21
      vertex 44.0906 -29.3564 12
    endloop
  endfacet
  facet normal -0.997864 -0.0653198 0
    outer loop
      vertex 44.0906 -29.3564 21
      vertex 44.1 -29.5 12
      vertex 44.1 -29.5 21
    endloop
  endfacet
  facet normal 0.997864 -0.0653198 0
    outer loop
      vertex 41.9 -29.5 21
      vertex 41.9094 -29.3564 12
      vertex 41.9094 -29.3564 21
    endloop
  endfacet
  facet normal 0.997864 -0.0653198 0
    outer loop
      vertex 41.9094 -29.3564 12
      vertex 41.9 -29.5 21
      vertex 41.9 -29.5 12
    endloop
  endfacet
  facet normal -0.0653198 -0.997864 0
    outer loop
      vertex 43 -28.4 12
      vertex 43.1436 -28.4094 21
      vertex 43 -28.4 21
    endloop
  endfacet
  facet normal -0.0653198 -0.997864 -0
    outer loop
      vertex 43.1436 -28.4094 21
      vertex 43 -28.4 12
      vertex 43.1436 -28.4094 12
    endloop
  endfacet
  facet normal -0.65939 -0.751801 0
    outer loop
      vertex 43.6696 -28.6273 12
      vertex 43.7778 -28.7222 21
      vertex 43.6696 -28.6273 21
    endloop
  endfacet
  facet normal -0.65939 -0.751801 -0
    outer loop
      vertex 43.7778 -28.7222 21
      vertex 43.6696 -28.6273 12
      vertex 43.7778 -28.7222 12
    endloop
  endfacet
  facet normal 0.65939 -0.751801 0
    outer loop
      vertex 42.2222 -28.7222 12
      vertex 42.3304 -28.6273 21
      vertex 42.2222 -28.7222 21
    endloop
  endfacet
  facet normal 0.65939 -0.751801 0
    outer loop
      vertex 42.3304 -28.6273 21
      vertex 42.2222 -28.7222 12
      vertex 42.3304 -28.6273 12
    endloop
  endfacet
  facet normal 0.321018 -0.947073 0
    outer loop
      vertex 42.579 -28.4837 12
      vertex 42.7153 -28.4375 21
      vertex 42.579 -28.4837 21
    endloop
  endfacet
  facet normal 0.321018 -0.947073 0
    outer loop
      vertex 42.7153 -28.4375 21
      vertex 42.579 -28.4837 12
      vertex 42.7153 -28.4375 12
    endloop
  endfacet
  facet normal -0.831515 0.555502 0
    outer loop
      vertex 43.8727 -30.1696 12
      vertex 43.9526 -30.05 21
      vertex 43.9526 -30.05 12
    endloop
  endfacet
  facet normal -0.831515 0.555502 0
    outer loop
      vertex 43.9526 -30.05 21
      vertex 43.8727 -30.1696 12
      vertex 43.8727 -30.1696 21
    endloop
  endfacet
  facet normal -0.89664 -0.44276 0
    outer loop
      vertex 44.0163 -29.079 12
      vertex 43.9526 -28.95 21
      vertex 43.9526 -28.95 12
    endloop
  endfacet
  facet normal -0.89664 -0.44276 0
    outer loop
      vertex 43.9526 -28.95 21
      vertex 44.0163 -29.079 12
      vertex 44.0163 -29.079 21
    endloop
  endfacet
  facet normal -0.980741 -0.195314 0
    outer loop
      vertex 44.0906 -29.3564 12
      vertex 44.0625 -29.2153 21
      vertex 44.0625 -29.2153 12
    endloop
  endfacet
  facet normal -0.980741 -0.195314 0
    outer loop
      vertex 44.0625 -29.2153 21
      vertex 44.0906 -29.3564 12
      vertex 44.0906 -29.3564 21
    endloop
  endfacet
  facet normal -0.831515 -0.555502 0
    outer loop
      vertex 43.9526 -28.95 12
      vertex 43.8727 -28.8304 21
      vertex 43.8727 -28.8304 12
    endloop
  endfacet
  facet normal -0.831515 -0.555502 0
    outer loop
      vertex 43.8727 -28.8304 21
      vertex 43.9526 -28.95 12
      vertex 43.9526 -28.95 21
    endloop
  endfacet
  facet normal -0.321018 -0.947073 0
    outer loop
      vertex 43.2847 -28.4375 12
      vertex 43.421 -28.4837 21
      vertex 43.2847 -28.4375 21
    endloop
  endfacet
  facet normal -0.321018 -0.947073 -0
    outer loop
      vertex 43.421 -28.4837 21
      vertex 43.2847 -28.4375 12
      vertex 43.421 -28.4837 12
    endloop
  endfacet
  facet normal -0.195314 -0.980741 0
    outer loop
      vertex 43.1436 -28.4094 12
      vertex 43.2847 -28.4375 21
      vertex 43.1436 -28.4094 21
    endloop
  endfacet
  facet normal -0.195314 -0.980741 -0
    outer loop
      vertex 43.2847 -28.4375 21
      vertex 43.1436 -28.4094 12
      vertex 43.2847 -28.4375 12
    endloop
  endfacet
  facet normal -0.555502 -0.831515 0
    outer loop
      vertex 43.55 -28.5474 12
      vertex 43.6696 -28.6273 21
      vertex 43.55 -28.5474 21
    endloop
  endfacet
  facet normal -0.555502 -0.831515 -0
    outer loop
      vertex 43.6696 -28.6273 21
      vertex 43.55 -28.5474 12
      vertex 43.6696 -28.6273 12
    endloop
  endfacet
  facet normal 0.831515 -0.555502 0
    outer loop
      vertex 42.0474 -28.95 21
      vertex 42.1273 -28.8304 12
      vertex 42.1273 -28.8304 21
    endloop
  endfacet
  facet normal 0.831515 -0.555502 0
    outer loop
      vertex 42.1273 -28.8304 12
      vertex 42.0474 -28.95 21
      vertex 42.0474 -28.95 12
    endloop
  endfacet
  facet normal 0.751801 -0.65939 0
    outer loop
      vertex 42.1273 -28.8304 21
      vertex 42.2222 -28.7222 12
      vertex 42.2222 -28.7222 21
    endloop
  endfacet
  facet normal 0.751801 -0.65939 0
    outer loop
      vertex 42.2222 -28.7222 12
      vertex 42.1273 -28.8304 21
      vertex 42.1273 -28.8304 12
    endloop
  endfacet
  facet normal 0.947073 -0.321018 0
    outer loop
      vertex 41.9375 -29.2153 21
      vertex 41.9837 -29.079 12
      vertex 41.9837 -29.079 21
    endloop
  endfacet
  facet normal 0.947073 -0.321018 0
    outer loop
      vertex 41.9837 -29.079 12
      vertex 41.9375 -29.2153 21
      vertex 41.9375 -29.2153 12
    endloop
  endfacet
  facet normal 0.555502 -0.831515 0
    outer loop
      vertex 42.3304 -28.6273 12
      vertex 42.45 -28.5474 21
      vertex 42.3304 -28.6273 21
    endloop
  endfacet
  facet normal 0.555502 -0.831515 0
    outer loop
      vertex 42.45 -28.5474 21
      vertex 42.3304 -28.6273 12
      vertex 42.45 -28.5474 12
    endloop
  endfacet
  facet normal 0.195314 -0.980741 0
    outer loop
      vertex 42.7153 -28.4375 12
      vertex 42.8564 -28.4094 21
      vertex 42.7153 -28.4375 21
    endloop
  endfacet
  facet normal 0.195314 -0.980741 0
    outer loop
      vertex 42.8564 -28.4094 21
      vertex 42.7153 -28.4375 12
      vertex 42.8564 -28.4094 12
    endloop
  endfacet
  facet normal -0.947073 0.321018 0
    outer loop
      vertex 44.0163 -29.921 12
      vertex 44.0625 -29.7847 21
      vertex 44.0625 -29.7847 12
    endloop
  endfacet
  facet normal -0.947073 0.321018 0
    outer loop
      vertex 44.0625 -29.7847 21
      vertex 44.0163 -29.921 12
      vertex 44.0163 -29.921 21
    endloop
  endfacet
  facet normal -0.321018 0.947073 0
    outer loop
      vertex 43.421 -30.5163 12
      vertex 43.2847 -30.5625 21
      vertex 43.421 -30.5163 21
    endloop
  endfacet
  facet normal -0.321018 0.947073 0
    outer loop
      vertex 43.2847 -30.5625 21
      vertex 43.421 -30.5163 12
      vertex 43.2847 -30.5625 12
    endloop
  endfacet
  facet normal -0.751801 0.65939 0
    outer loop
      vertex 43.7778 -30.2778 12
      vertex 43.8727 -30.1696 21
      vertex 43.8727 -30.1696 12
    endloop
  endfacet
  facet normal -0.751801 0.65939 0
    outer loop
      vertex 43.8727 -30.1696 21
      vertex 43.7778 -30.2778 12
      vertex 43.7778 -30.2778 21
    endloop
  endfacet
  facet normal -0.555502 0.831515 0
    outer loop
      vertex 43.6696 -30.3727 12
      vertex 43.55 -30.4526 21
      vertex 43.6696 -30.3727 21
    endloop
  endfacet
  facet normal -0.555502 0.831515 0
    outer loop
      vertex 43.55 -30.4526 21
      vertex 43.6696 -30.3727 12
      vertex 43.55 -30.4526 12
    endloop
  endfacet
  facet normal 0.65939 0.751801 -0
    outer loop
      vertex 42.3304 -30.3727 12
      vertex 42.2222 -30.2778 21
      vertex 42.3304 -30.3727 21
    endloop
  endfacet
  facet normal 0.65939 0.751801 0
    outer loop
      vertex 42.2222 -30.2778 21
      vertex 42.3304 -30.3727 12
      vertex 42.2222 -30.2778 12
    endloop
  endfacet
  facet normal 0.321018 0.947073 -0
    outer loop
      vertex 42.7153 -30.5625 12
      vertex 42.579 -30.5163 21
      vertex 42.7153 -30.5625 21
    endloop
  endfacet
  facet normal 0.321018 0.947073 0
    outer loop
      vertex 42.579 -30.5163 21
      vertex 42.7153 -30.5625 12
      vertex 42.579 -30.5163 12
    endloop
  endfacet
  facet normal 0.751801 0.65939 0
    outer loop
      vertex 42.2222 -30.2778 21
      vertex 42.1273 -30.1696 12
      vertex 42.1273 -30.1696 21
    endloop
  endfacet
  facet normal 0.751801 0.65939 0
    outer loop
      vertex 42.1273 -30.1696 12
      vertex 42.2222 -30.2778 21
      vertex 42.2222 -30.2778 12
    endloop
  endfacet
  facet normal 0 0 1
    outer loop
      vertex 44.0906 -29.3564 12
      vertex 44.0906 -29.6436 12
      vertex 44.1 -29.5 12
    endloop
  endfacet
  facet normal 0 0 1
    outer loop
      vertex 44.0625 -29.2153 12
      vertex 44.0906 -29.6436 12
      vertex 44.0906 -29.3564 12
    endloop
  endfacet
  facet normal 0 0 1
    outer loop
      vertex 44.0625 -29.2153 12
      vertex 44.0625 -29.7847 12
      vertex 44.0906 -29.6436 12
    endloop
  endfacet
  facet normal 0 0 1
    outer loop
      vertex 44.0163 -29.079 12
      vertex 44.0625 -29.7847 12
      vertex 44.0625 -29.2153 12
    endloop
  endfacet
  facet normal 0 0 1
    outer loop
      vertex 44.0163 -29.079 12
      vertex 44.0163 -29.921 12
      vertex 44.0625 -29.7847 12
    endloop
  endfacet
  facet normal 0 0 1
    outer loop
      vertex 43.9526 -28.95 12
      vertex 44.0163 -29.921 12
      vertex 44.0163 -29.079 12
    endloop
  endfacet
  facet normal 0 0 1
    outer loop
      vertex 43.9526 -28.95 12
      vertex 43.9526 -30.05 12
      vertex 44.0163 -29.921 12
    endloop
  endfacet
  facet normal 0 0 1
    outer loop
      vertex 43.8727 -28.8304 12
      vertex 43.9526 -30.05 12
      vertex 43.9526 -28.95 12
    endloop
  endfacet
  facet normal 0 0 1
    outer loop
      vertex 43.8727 -28.8304 12
      vertex 43.8727 -30.1696 12
      vertex 43.9526 -30.05 12
    endloop
  endfacet
  facet normal 0 0 1
    outer loop
      vertex 43.7778 -28.7222 12
      vertex 43.8727 -30.1696 12
      vertex 43.8727 -28.8304 12
    endloop
  endfacet
  facet normal 0 0 1
    outer loop
      vertex 43.7778 -28.7222 12
      vertex 43.7778 -30.2778 12
      vertex 43.8727 -30.1696 12
    endloop
  endfacet
  facet normal 0 0 1
    outer loop
      vertex 43.6696 -28.6273 12
      vertex 43.7778 -30.2778 12
      vertex 43.7778 -28.7222 12
    endloop
  endfacet
  facet normal 0 0 1
    outer loop
      vertex 43.6696 -28.6273 12
      vertex 43.6696 -30.3727 12
      vertex 43.7778 -30.2778 12
    endloop
  endfacet
  facet normal 0 0 1
    outer loop
      vertex 43.55 -28.5474 12
      vertex 43.6696 -30.3727 12
      vertex 43.6696 -28.6273 12
    endloop
  endfacet
  facet normal 0 0 1
    outer loop
      vertex 43.55 -28.5474 12
      vertex 43.55 -30.4526 12
      vertex 43.6696 -30.3727 12
    endloop
  endfacet
  facet normal 0 0 1
    outer loop
      vertex 43.421 -28.4837 12
      vertex 43.55 -30.4526 12
      vertex 43.55 -28.5474 12
    endloop
  endfacet
  facet normal 0 0 1
    outer loop
      vertex 43.421 -28.4837 12
      vertex 43.421 -30.5163 12
      vertex 43.55 -30.4526 12
    endloop
  endfacet
  facet normal 0 0 1
    outer loop
      vertex 43.2847 -28.4375 12
      vertex 43.421 -30.5163 12
      vertex 43.421 -28.4837 12
    endloop
  endfacet
  facet normal 0 0 1
    outer loop
      vertex 43.2847 -28.4375 12
      vertex 43.2847 -30.5625 12
      vertex 43.421 -30.5163 12
    endloop
  endfacet
  facet normal 0 0 1
    outer loop
      vertex 43.1436 -28.4094 12
      vertex 43.2847 -30.5625 12
      vertex 43.2847 -28.4375 12
    endloop
  endfacet
  facet normal 0 0 1
    outer loop
      vertex 43.1436 -28.4094 12
      vertex 43.1436 -30.5906 12
      vertex 43.2847 -30.5625 12
    endloop
  endfacet
  facet normal 0 0 1
    outer loop
      vertex 43 -28.4 12
      vertex 43.1436 -30.5906 12
      vertex 43.1436 -28.4094 12
    endloop
  endfacet
  facet normal 0 0 1
    outer loop
      vertex 43 -28.4 12
      vertex 43 -30.6 12
      vertex 43.1436 -30.5906 12
    endloop
  endfacet
  facet normal -0 0 1
    outer loop
      vertex 42.8564 -28.4094 12
      vertex 43 -30.6 12
      vertex 43 -28.4 12
    endloop
  endfacet
  facet normal 0 0 1
    outer loop
      vertex 42.8564 -28.4094 12
      vertex 42.8564 -30.5906 12
      vertex 43 -30.6 12
    endloop
  endfacet
  facet normal -0 0 1
    outer loop
      vertex 42.7153 -28.4375 12
      vertex 42.8564 -30.5906 12
      vertex 42.8564 -28.4094 12
    endloop
  endfacet
  facet normal 0 0 1
    outer loop
      vertex 42.7153 -28.4375 12
      vertex 42.7153 -30.5625 12
      vertex 42.8564 -30.5906 12
    endloop
  endfacet
  facet normal -0 0 1
    outer loop
      vertex 42.579 -28.4837 12
      vertex 42.7153 -30.5625 12
      vertex 42.7153 -28.4375 12
    endloop
  endfacet
  facet normal 0 0 1
    outer loop
      vertex 42.579 -28.4837 12
      vertex 42.579 -30.5163 12
      vertex 42.7153 -30.5625 12
    endloop
  endfacet
  facet normal -0 0 1
    outer loop
      vertex 42.45 -28.5474 12
      vertex 42.579 -30.5163 12
      vertex 42.579 -28.4837 12
    endloop
  endfacet
  facet normal 0 0 1
    outer loop
      vertex 42.45 -28.5474 12
      vertex 42.45 -30.4526 12
      vertex 42.579 -30.5163 12
    endloop
  endfacet
  facet normal -0 0 1
    outer loop
      vertex 42.3304 -28.6273 12
      vertex 42.45 -30.4526 12
      vertex 42.45 -28.5474 12
    endloop
  endfacet
  facet normal 0 0 1
    outer loop
      vertex 42.3304 -28.6273 12
      vertex 42.3304 -30.3727 12
      vertex 42.45 -30.4526 12
    endloop
  endfacet
  facet normal -0 0 1
    outer loop
      vertex 42.2222 -28.7222 12
      vertex 42.3304 -30.3727 12
      vertex 42.3304 -28.6273 12
    endloop
  endfacet
  facet normal 0 0 1
    outer loop
      vertex 42.2222 -28.7222 12
      vertex 42.2222 -30.2778 12
      vertex 42.3304 -30.3727 12
    endloop
  endfacet
  facet normal -0 0 1
    outer loop
      vertex 42.1273 -28.8304 12
      vertex 42.2222 -30.2778 12
      vertex 42.2222 -28.7222 12
    endloop
  endfacet
  facet normal 0 0 1
    outer loop
      vertex 42.1273 -28.8304 12
      vertex 42.1273 -30.1696 12
      vertex 42.2222 -30.2778 12
    endloop
  endfacet
  facet normal -0 0 1
    outer loop
      vertex 42.0474 -28.95 12
      vertex 42.1273 -30.1696 12
      vertex 42.1273 -28.8304 12
    endloop
  endfacet
  facet normal 0 0 1
    outer loop
      vertex 42.0474 -28.95 12
      vertex 42.0474 -30.05 12
      vertex 42.1273 -30.1696 12
    endloop
  endfacet
  facet normal -0 0 1
    outer loop
      vertex 41.9837 -29.079 12
      vertex 42.0474 -30.05 12
      vertex 42.0474 -28.95 12
    endloop
  endfacet
  facet normal 0 0 1
    outer loop
      vertex 41.9837 -29.079 12
      vertex 41.9837 -29.921 12
      vertex 42.0474 -30.05 12
    endloop
  endfacet
  facet normal -0 0 1
    outer loop
      vertex 41.9375 -29.2153 12
      vertex 41.9837 -29.921 12
      vertex 41.9837 -29.079 12
    endloop
  endfacet
  facet normal 0 0 1
    outer loop
      vertex 41.9375 -29.2153 12
      vertex 41.9375 -29.7847 12
      vertex 41.9837 -29.921 12
    endloop
  endfacet
  facet normal -0 0 1
    outer loop
      vertex 41.9094 -29.3564 12
      vertex 41.9375 -29.7847 12
      vertex 41.9375 -29.2153 12
    endloop
  endfacet
  facet normal 0 0 1
    outer loop
      vertex 41.9094 -29.3564 12
      vertex 41.9094 -29.6436 12
      vertex 41.9375 -29.7847 12
    endloop
  endfacet
  facet normal 0 -0 1
    outer loop
      vertex 41.9094 -29.6436 12
      vertex 41.9094 -29.3564 12
      vertex 41.9 -29.5 12
    endloop
  endfacet
  facet normal -0.947073 -0.321018 0
    outer loop
      vertex 44.0625 -29.2153 12
      vertex 44.0163 -29.079 21
      vertex 44.0163 -29.079 12
    endloop
  endfacet
  facet normal -0.947073 -0.321018 0
    outer loop
      vertex 44.0163 -29.079 21
      vertex 44.0625 -29.2153 12
      vertex 44.0625 -29.2153 21
    endloop
  endfacet
  facet normal -0.44276 -0.89664 0
    outer loop
      vertex 43.421 -28.4837 12
      vertex 43.55 -28.5474 21
      vertex 43.421 -28.4837 21
    endloop
  endfacet
  facet normal -0.44276 -0.89664 -0
    outer loop
      vertex 43.55 -28.5474 21
      vertex 43.421 -28.4837 12
      vertex 43.55 -28.5474 12
    endloop
  endfacet
  facet normal 0.89664 -0.44276 0
    outer loop
      vertex 41.9837 -29.079 21
      vertex 42.0474 -28.95 12
      vertex 42.0474 -28.95 21
    endloop
  endfacet
  facet normal 0.89664 -0.44276 0
    outer loop
      vertex 42.0474 -28.95 12
      vertex 41.9837 -29.079 21
      vertex 41.9837 -29.079 12
    endloop
  endfacet
  facet normal 0.980741 -0.195314 0
    outer loop
      vertex 41.9094 -29.3564 21
      vertex 41.9375 -29.2153 12
      vertex 41.9375 -29.2153 21
    endloop
  endfacet
  facet normal 0.980741 -0.195314 0
    outer loop
      vertex 41.9375 -29.2153 12
      vertex 41.9094 -29.3564 21
      vertex 41.9094 -29.3564 12
    endloop
  endfacet
  facet normal 0.44276 -0.89664 0
    outer loop
      vertex 42.45 -28.5474 12
      vertex 42.579 -28.4837 21
      vertex 42.45 -28.5474 21
    endloop
  endfacet
  facet normal 0.44276 -0.89664 0
    outer loop
      vertex 42.579 -28.4837 21
      vertex 42.45 -28.5474 12
      vertex 42.579 -28.4837 12
    endloop
  endfacet
  facet normal 0.0653198 -0.997864 0
    outer loop
      vertex 42.8564 -28.4094 12
      vertex 43 -28.4 21
      vertex 42.8564 -28.4094 21
    endloop
  endfacet
  facet normal 0.0653198 -0.997864 0
    outer loop
      vertex 43 -28.4 21
      vertex 42.8564 -28.4094 12
      vertex 43 -28.4 12
    endloop
  endfacet
  facet normal -0.0653198 0.997864 0
    outer loop
      vertex 43.1436 -30.5906 12
      vertex 43 -30.6 21
      vertex 43.1436 -30.5906 21
    endloop
  endfacet
  facet normal -0.0653198 0.997864 0
    outer loop
      vertex 43 -30.6 21
      vertex 43.1436 -30.5906 12
      vertex 43 -30.6 12
    endloop
  endfacet
  facet normal -0.65939 0.751801 0
    outer loop
      vertex 43.7778 -30.2778 12
      vertex 43.6696 -30.3727 21
      vertex 43.7778 -30.2778 21
    endloop
  endfacet
  facet normal -0.65939 0.751801 0
    outer loop
      vertex 43.6696 -30.3727 21
      vertex 43.7778 -30.2778 12
      vertex 43.6696 -30.3727 12
    endloop
  endfacet
  facet normal -0.980741 0.195314 0
    outer loop
      vertex 44.0625 -29.7847 12
      vertex 44.0906 -29.6436 21
      vertex 44.0906 -29.6436 12
    endloop
  endfacet
  facet normal -0.980741 0.195314 0
    outer loop
      vertex 44.0906 -29.6436 21
      vertex 44.0625 -29.7847 12
      vertex 44.0625 -29.7847 21
    endloop
  endfacet
  facet normal 0.555502 0.831515 -0
    outer loop
      vertex 42.45 -30.4526 12
      vertex 42.3304 -30.3727 21
      vertex 42.45 -30.4526 21
    endloop
  endfacet
  facet normal 0.555502 0.831515 0
    outer loop
      vertex 42.3304 -30.3727 21
      vertex 42.45 -30.4526 12
      vertex 42.3304 -30.3727 12
    endloop
  endfacet
  facet normal 0.195314 0.980741 -0
    outer loop
      vertex 42.8564 -30.5906 12
      vertex 42.7153 -30.5625 21
      vertex 42.8564 -30.5906 21
    endloop
  endfacet
  facet normal 0.195314 0.980741 0
    outer loop
      vertex 42.7153 -30.5625 21
      vertex 42.8564 -30.5906 12
      vertex 42.7153 -30.5625 12
    endloop
  endfacet
  facet normal 0.89664 0.44276 0
    outer loop
      vertex 42.0474 -30.05 21
      vertex 41.9837 -29.921 12
      vertex 41.9837 -29.921 21
    endloop
  endfacet
  facet normal 0.89664 0.44276 0
    outer loop
      vertex 41.9837 -29.921 12
      vertex 42.0474 -30.05 21
      vertex 42.0474 -30.05 12
    endloop
  endfacet
  facet normal 0.947073 0.321018 0
    outer loop
      vertex 41.9837 -29.921 21
      vertex 41.9375 -29.7847 12
      vertex 41.9375 -29.7847 21
    endloop
  endfacet
  facet normal 0.947073 0.321018 0
    outer loop
      vertex 41.9375 -29.7847 12
      vertex 41.9837 -29.921 21
      vertex 41.9837 -29.921 12
    endloop
  endfacet
  facet normal 0.997864 0.0653198 0
    outer loop
      vertex 41.9094 -29.6436 21
      vertex 41.9 -29.5 12
      vertex 41.9 -29.5 21
    endloop
  endfacet
  facet normal 0.997864 0.0653198 0
    outer loop
      vertex 41.9 -29.5 12
      vertex 41.9094 -29.6436 21
      vertex 41.9094 -29.6436 12
    endloop
  endfacet
  facet normal -0.751801 -0.65939 0
    outer loop
      vertex 43.8727 -28.8304 12
      vertex 43.7778 -28.7222 21
      vertex 43.7778 -28.7222 12
    endloop
  endfacet
  facet normal -0.751801 -0.65939 0
    outer loop
      vertex 43.7778 -28.7222 21
      vertex 43.8727 -28.8304 12
      vertex 43.8727 -28.8304 21
    endloop
  endfacet
  facet normal -0.195314 0.980741 0
    outer loop
      vertex 43.2847 -30.5625 12
      vertex 43.1436 -30.5906 21
      vertex 43.2847 -30.5625 21
    endloop
  endfacet
  facet normal -0.195314 0.980741 0
    outer loop
      vertex 43.1436 -30.5906 21
      vertex 43.2847 -30.5625 12
      vertex 43.1436 -30.5906 12
    endloop
  endfacet
  facet normal -0.44276 0.89664 0
    outer loop
      vertex 43.55 -30.4526 12
      vertex 43.421 -30.5163 21
      vertex 43.55 -30.4526 21
    endloop
  endfacet
  facet normal -0.44276 0.89664 0
    outer loop
      vertex 43.421 -30.5163 21
      vertex 43.55 -30.4526 12
      vertex 43.421 -30.5163 12
    endloop
  endfacet
  facet normal -0.89664 0.44276 0
    outer loop
      vertex 43.9526 -30.05 12
      vertex 44.0163 -29.921 21
      vertex 44.0163 -29.921 12
    endloop
  endfacet
  facet normal -0.89664 0.44276 0
    outer loop
      vertex 44.0163 -29.921 21
      vertex 43.9526 -30.05 12
      vertex 43.9526 -30.05 21
    endloop
  endfacet
  facet normal -0.997864 0.0653198 0
    outer loop
      vertex 44.0906 -29.6436 12
      vertex 44.1 -29.5 21
      vertex 44.1 -29.5 12
    endloop
  endfacet
  facet normal -0.997864 0.0653198 0
    outer loop
      vertex 44.1 -29.5 21
      vertex 44.0906 -29.6436 12
      vertex 44.0906 -29.6436 21
    endloop
  endfacet
  facet normal 0.44276 0.89664 -0
    outer loop
      vertex 42.579 -30.5163 12
      vertex 42.45 -30.4526 21
      vertex 42.579 -30.5163 21
    endloop
  endfacet
  facet normal 0.44276 0.89664 0
    outer loop
      vertex 42.45 -30.4526 21
      vertex 42.579 -30.5163 12
      vertex 42.45 -30.4526 12
    endloop
  endfacet
  facet normal 0.0653198 0.997864 -0
    outer loop
      vertex 43 -30.6 12
      vertex 42.8564 -30.5906 21
      vertex 43 -30.6 21
    endloop
  endfacet
  facet normal 0.0653198 0.997864 0
    outer loop
      vertex 42.8564 -30.5906 21
      vertex 43 -30.6 12
      vertex 42.8564 -30.5906 12
    endloop
  endfacet
  facet normal 0.831515 0.555502 0
    outer loop
      vertex 42.1273 -30.1696 21
      vertex 42.0474 -30.05 12
      vertex 42.0474 -30.05 21
    endloop
  endfacet
  facet normal 0.831515 0.555502 0
    outer loop
      vertex 42.0474 -30.05 12
      vertex 42.1273 -30.1696 21
      vertex 42.1273 -30.1696 12
    endloop
  endfacet
  facet normal 0.980741 0.195314 0
    outer loop
      vertex 41.9375 -29.7847 21
      vertex 41.9094 -29.6436 12
      vertex 41.9094 -29.6436 21
    endloop
  endfacet
  facet normal 0.980741 0.195314 0
    outer loop
      vertex 41.9094 -29.6436 12
      vertex 41.9375 -29.7847 21
      vertex 41.9375 -29.7847 12
    endloop
  endfacet
  facet normal -0.997864 -0.0653198 0
    outer loop
      vertex 44.1 29.5 12
      vertex 44.0906 29.6436 21
      vertex 44.0906 29.6436 12
    endloop
  endfacet
  facet normal -0.997864 -0.0653198 0
    outer loop
      vertex 44.0906 29.6436 21
      vertex 44.1 29.5 12
      vertex 44.1 29.5 21
    endloop
  endfacet
  facet normal 0.0653198 -0.997864 0
    outer loop
      vertex 42.8564 30.5906 12
      vertex 43 30.6 21
      vertex 42.8564 30.5906 21
    endloop
  endfacet
  facet normal 0.0653198 -0.997864 0
    outer loop
      vertex 43 30.6 21
      vertex 42.8564 30.5906 12
      vertex 43 30.6 12
    endloop
  endfacet
  facet normal -0.0653198 0.997864 0
    outer loop
      vertex 43.1436 28.4094 12
      vertex 43 28.4 21
      vertex 43.1436 28.4094 21
    endloop
  endfacet
  facet normal -0.0653198 0.997864 0
    outer loop
      vertex 43 28.4 21
      vertex 43.1436 28.4094 12
      vertex 43 28.4 12
    endloop
  endfacet
  facet normal -0.65939 -0.751801 0
    outer loop
      vertex 43.6696 30.3727 12
      vertex 43.7778 30.2778 21
      vertex 43.6696 30.3727 21
    endloop
  endfacet
  facet normal -0.65939 -0.751801 -0
    outer loop
      vertex 43.7778 30.2778 21
      vertex 43.6696 30.3727 12
      vertex 43.7778 30.2778 12
    endloop
  endfacet
  facet normal 0.751801 -0.65939 0
    outer loop
      vertex 42.1273 30.1696 21
      vertex 42.2222 30.2778 12
      vertex 42.2222 30.2778 21
    endloop
  endfacet
  facet normal 0.751801 -0.65939 0
    outer loop
      vertex 42.2222 30.2778 12
      vertex 42.1273 30.1696 21
      vertex 42.1273 30.1696 12
    endloop
  endfacet
  facet normal 0.44276 -0.89664 0
    outer loop
      vertex 42.45 30.4526 12
      vertex 42.579 30.5163 21
      vertex 42.45 30.4526 21
    endloop
  endfacet
  facet normal 0.44276 -0.89664 0
    outer loop
      vertex 42.579 30.5163 21
      vertex 42.45 30.4526 12
      vertex 42.579 30.5163 12
    endloop
  endfacet
  facet normal -0.89664 -0.44276 0
    outer loop
      vertex 44.0163 29.921 12
      vertex 43.9526 30.05 21
      vertex 43.9526 30.05 12
    endloop
  endfacet
  facet normal -0.89664 -0.44276 0
    outer loop
      vertex 43.9526 30.05 21
      vertex 44.0163 29.921 12
      vertex 44.0163 29.921 21
    endloop
  endfacet
  facet normal -0.980741 -0.195314 0
    outer loop
      vertex 44.0906 29.6436 12
      vertex 44.0625 29.7847 21
      vertex 44.0625 29.7847 12
    endloop
  endfacet
  facet normal -0.980741 -0.195314 0
    outer loop
      vertex 44.0625 29.7847 21
      vertex 44.0906 29.6436 12
      vertex 44.0906 29.6436 21
    endloop
  endfacet
  facet normal -0.831515 -0.555502 0
    outer loop
      vertex 43.9526 30.05 12
      vertex 43.8727 30.1696 21
      vertex 43.8727 30.1696 12
    endloop
  endfacet
  facet normal -0.831515 -0.555502 0
    outer loop
      vertex 43.8727 30.1696 21
      vertex 43.9526 30.05 12
      vertex 43.9526 30.05 21
    endloop
  endfacet
  facet normal -0.321018 -0.947073 0
    outer loop
      vertex 43.2847 30.5625 12
      vertex 43.421 30.5163 21
      vertex 43.2847 30.5625 21
    endloop
  endfacet
  facet normal -0.321018 -0.947073 -0
    outer loop
      vertex 43.421 30.5163 21
      vertex 43.2847 30.5625 12
      vertex 43.421 30.5163 12
    endloop
  endfacet
  facet normal -0.555502 -0.831515 0
    outer loop
      vertex 43.55 30.4526 12
      vertex 43.6696 30.3727 21
      vertex 43.55 30.4526 21
    endloop
  endfacet
  facet normal -0.555502 -0.831515 -0
    outer loop
      vertex 43.6696 30.3727 21
      vertex 43.55 30.4526 12
      vertex 43.6696 30.3727 12
    endloop
  endfacet
  facet normal 0.89664 -0.44276 0
    outer loop
      vertex 41.9837 29.921 21
      vertex 42.0474 30.05 12
      vertex 42.0474 30.05 21
    endloop
  endfacet
  facet normal 0.89664 -0.44276 0
    outer loop
      vertex 42.0474 30.05 12
      vertex 41.9837 29.921 21
      vertex 41.9837 29.921 12
    endloop
  endfacet
  facet normal 0 0 1
    outer loop
      vertex 44.0906 29.6436 12
      vertex 44.0906 29.3564 12
      vertex 44.1 29.5 12
    endloop
  endfacet
  facet normal 0 0 1
    outer loop
      vertex 44.0625 29.7847 12
      vertex 44.0906 29.3564 12
      vertex 44.0906 29.6436 12
    endloop
  endfacet
  facet normal 0 0 1
    outer loop
      vertex 44.0625 29.7847 12
      vertex 44.0625 29.2153 12
      vertex 44.0906 29.3564 12
    endloop
  endfacet
  facet normal 0 0 1
    outer loop
      vertex 44.0163 29.921 12
      vertex 44.0625 29.2153 12
      vertex 44.0625 29.7847 12
    endloop
  endfacet
  facet normal 0 0 1
    outer loop
      vertex 44.0163 29.921 12
      vertex 44.0163 29.079 12
      vertex 44.0625 29.2153 12
    endloop
  endfacet
  facet normal 0 0 1
    outer loop
      vertex 43.9526 30.05 12
      vertex 44.0163 29.079 12
      vertex 44.0163 29.921 12
    endloop
  endfacet
  facet normal 0 0 1
    outer loop
      vertex 43.9526 30.05 12
      vertex 43.9526 28.95 12
      vertex 44.0163 29.079 12
    endloop
  endfacet
  facet normal 0 0 1
    outer loop
      vertex 43.8727 30.1696 12
      vertex 43.9526 28.95 12
      vertex 43.9526 30.05 12
    endloop
  endfacet
  facet normal 0 0 1
    outer loop
      vertex 43.8727 30.1696 12
      vertex 43.8727 28.8304 12
      vertex 43.9526 28.95 12
    endloop
  endfacet
  facet normal 0 0 1
    outer loop
      vertex 43.7778 30.2778 12
      vertex 43.8727 28.8304 12
      vertex 43.8727 30.1696 12
    endloop
  endfacet
  facet normal 0 0 1
    outer loop
      vertex 43.7778 30.2778 12
      vertex 43.7778 28.7222 12
      vertex 43.8727 28.8304 12
    endloop
  endfacet
  facet normal 0 0 1
    outer loop
      vertex 43.6696 30.3727 12
      vertex 43.7778 28.7222 12
      vertex 43.7778 30.2778 12
    endloop
  endfacet
  facet normal 0 0 1
    outer loop
      vertex 43.6696 30.3727 12
      vertex 43.6696 28.6273 12
      vertex 43.7778 28.7222 12
    endloop
  endfacet
  facet normal 0 0 1
    outer loop
      vertex 43.55 30.4526 12
      vertex 43.6696 28.6273 12
      vertex 43.6696 30.3727 12
    endloop
  endfacet
  facet normal 0 0 1
    outer loop
      vertex 43.55 30.4526 12
      vertex 43.55 28.5474 12
      vertex 43.6696 28.6273 12
    endloop
  endfacet
  facet normal 0 0 1
    outer loop
      vertex 43.421 30.5163 12
      vertex 43.55 28.5474 12
      vertex 43.55 30.4526 12
    endloop
  endfacet
  facet normal 0 0 1
    outer loop
      vertex 43.421 30.5163 12
      vertex 43.421 28.4837 12
      vertex 43.55 28.5474 12
    endloop
  endfacet
  facet normal 0 0 1
    outer loop
      vertex 43.2847 30.5625 12
      vertex 43.421 28.4837 12
      vertex 43.421 30.5163 12
    endloop
  endfacet
  facet normal 0 0 1
    outer loop
      vertex 43.2847 30.5625 12
      vertex 43.2847 28.4375 12
      vertex 43.421 28.4837 12
    endloop
  endfacet
  facet normal 0 0 1
    outer loop
      vertex 43.1436 30.5906 12
      vertex 43.2847 28.4375 12
      vertex 43.2847 30.5625 12
    endloop
  endfacet
  facet normal 0 0 1
    outer loop
      vertex 43.1436 30.5906 12
      vertex 43.1436 28.4094 12
      vertex 43.2847 28.4375 12
    endloop
  endfacet
  facet normal 0 0 1
    outer loop
      vertex 43 30.6 12
      vertex 43.1436 28.4094 12
      vertex 43.1436 30.5906 12
    endloop
  endfacet
  facet normal 0 0 1
    outer loop
      vertex 43 30.6 12
      vertex 43 28.4 12
      vertex 43.1436 28.4094 12
    endloop
  endfacet
  facet normal -0 0 1
    outer loop
      vertex 42.8564 30.5906 12
      vertex 43 28.4 12
      vertex 43 30.6 12
    endloop
  endfacet
  facet normal 0 0 1
    outer loop
      vertex 42.8564 30.5906 12
      vertex 42.8564 28.4094 12
      vertex 43 28.4 12
    endloop
  endfacet
  facet normal -0 0 1
    outer loop
      vertex 42.7153 30.5625 12
      vertex 42.8564 28.4094 12
      vertex 42.8564 30.5906 12
    endloop
  endfacet
  facet normal 0 0 1
    outer loop
      vertex 42.7153 30.5625 12
      vertex 42.7153 28.4375 12
      vertex 42.8564 28.4094 12
    endloop
  endfacet
  facet normal -0 0 1
    outer loop
      vertex 42.579 30.5163 12
      vertex 42.7153 28.4375 12
      vertex 42.7153 30.5625 12
    endloop
  endfacet
  facet normal 0 0 1
    outer loop
      vertex 42.579 30.5163 12
      vertex 42.579 28.4837 12
      vertex 42.7153 28.4375 12
    endloop
  endfacet
  facet normal -0 0 1
    outer loop
      vertex 42.45 30.4526 12
      vertex 42.579 28.4837 12
      vertex 42.579 30.5163 12
    endloop
  endfacet
  facet normal 0 0 1
    outer loop
      vertex 42.45 30.4526 12
      vertex 42.45 28.5474 12
      vertex 42.579 28.4837 12
    endloop
  endfacet
  facet normal -0 0 1
    outer loop
      vertex 42.3304 30.3727 12
      vertex 42.45 28.5474 12
      vertex 42.45 30.4526 12
    endloop
  endfacet
  facet normal 0 0 1
    outer loop
      vertex 42.3304 30.3727 12
      vertex 42.3304 28.6273 12
      vertex 42.45 28.5474 12
    endloop
  endfacet
  facet normal -0 0 1
    outer loop
      vertex 42.2222 30.2778 12
      vertex 42.3304 28.6273 12
      vertex 42.3304 30.3727 12
    endloop
  endfacet
  facet normal 0 0 1
    outer loop
      vertex 42.2222 30.2778 12
      vertex 42.2222 28.7222 12
      vertex 42.3304 28.6273 12
    endloop
  endfacet
  facet normal -0 0 1
    outer loop
      vertex 42.1273 30.1696 12
      vertex 42.2222 28.7222 12
      vertex 42.2222 30.2778 12
    endloop
  endfacet
  facet normal 0 0 1
    outer loop
      vertex 42.1273 30.1696 12
      vertex 42.1273 28.8304 12
      vertex 42.2222 28.7222 12
    endloop
  endfacet
  facet normal -0 0 1
    outer loop
      vertex 42.0474 30.05 12
      vertex 42.1273 28.8304 12
      vertex 42.1273 30.1696 12
    endloop
  endfacet
  facet normal 0 0 1
    outer loop
      vertex 42.0474 30.05 12
      vertex 42.0474 28.95 12
      vertex 42.1273 28.8304 12
    endloop
  endfacet
  facet normal -0 0 1
    outer loop
      vertex 41.9837 29.921 12
      vertex 42.0474 28.95 12
      vertex 42.0474 30.05 12
    endloop
  endfacet
  facet normal 0 0 1
    outer loop
      vertex 41.9837 29.921 12
      vertex 41.9837 29.079 12
      vertex 42.0474 28.95 12
    endloop
  endfacet
  facet normal -0 0 1
    outer loop
      vertex 41.9375 29.7847 12
      vertex 41.9837 29.079 12
      vertex 41.9837 29.921 12
    endloop
  endfacet
  facet normal 0 0 1
    outer loop
      vertex 41.9375 29.7847 12
      vertex 41.9375 29.2153 12
      vertex 41.9837 29.079 12
    endloop
  endfacet
  facet normal -0 0 1
    outer loop
      vertex 41.9094 29.6436 12
      vertex 41.9375 29.2153 12
      vertex 41.9375 29.7847 12
    endloop
  endfacet
  facet normal 0 0 1
    outer loop
      vertex 41.9094 29.6436 12
      vertex 41.9094 29.3564 12
      vertex 41.9375 29.2153 12
    endloop
  endfacet
  facet normal 0 -0 1
    outer loop
      vertex 41.9094 29.3564 12
      vertex 41.9094 29.6436 12
      vertex 41.9 29.5 12
    endloop
  endfacet
  facet normal 0.831515 -0.555502 0
    outer loop
      vertex 42.0474 30.05 21
      vertex 42.1273 30.1696 12
      vertex 42.1273 30.1696 21
    endloop
  endfacet
  facet normal 0.831515 -0.555502 0
    outer loop
      vertex 42.1273 30.1696 12
      vertex 42.0474 30.05 21
      vertex 42.0474 30.05 12
    endloop
  endfacet
  facet normal 0.555502 -0.831515 0
    outer loop
      vertex 42.3304 30.3727 12
      vertex 42.45 30.4526 21
      vertex 42.3304 30.3727 21
    endloop
  endfacet
  facet normal 0.555502 -0.831515 0
    outer loop
      vertex 42.45 30.4526 21
      vertex 42.3304 30.3727 12
      vertex 42.45 30.4526 12
    endloop
  endfacet
  facet normal 0.195314 -0.980741 0
    outer loop
      vertex 42.7153 30.5625 12
      vertex 42.8564 30.5906 21
      vertex 42.7153 30.5625 21
    endloop
  endfacet
  facet normal 0.195314 -0.980741 0
    outer loop
      vertex 42.8564 30.5906 21
      vertex 42.7153 30.5625 12
      vertex 42.8564 30.5906 12
    endloop
  endfacet
  facet normal -0.947073 -0.321018 0
    outer loop
      vertex 44.0625 29.7847 12
      vertex 44.0163 29.921 21
      vertex 44.0163 29.921 12
    endloop
  endfacet
  facet normal -0.947073 -0.321018 0
    outer loop
      vertex 44.0163 29.921 21
      vertex 44.0625 29.7847 12
      vertex 44.0625 29.7847 21
    endloop
  endfacet
  facet normal -0.751801 -0.65939 0
    outer loop
      vertex 43.8727 30.1696 12
      vertex 43.7778 30.2778 21
      vertex 43.7778 30.2778 12
    endloop
  endfacet
  facet normal -0.751801 -0.65939 0
    outer loop
      vertex 43.7778 30.2778 21
      vertex 43.8727 30.1696 12
      vertex 43.8727 30.1696 21
    endloop
  endfacet
  facet normal -0.195314 -0.980741 0
    outer loop
      vertex 43.1436 30.5906 12
      vertex 43.2847 30.5625 21
      vertex 43.1436 30.5906 21
    endloop
  endfacet
  facet normal -0.195314 -0.980741 -0
    outer loop
      vertex 43.2847 30.5625 21
      vertex 43.1436 30.5906 12
      vertex 43.2847 30.5625 12
    endloop
  endfacet
  facet normal -0.0653198 -0.997864 0
    outer loop
      vertex 43 30.6 12
      vertex 43.1436 30.5906 21
      vertex 43 30.6 21
    endloop
  endfacet
  facet normal -0.0653198 -0.997864 -0
    outer loop
      vertex 43.1436 30.5906 21
      vertex 43 30.6 12
      vertex 43.1436 30.5906 12
    endloop
  endfacet
  facet normal 0.947073 -0.321018 0
    outer loop
      vertex 41.9375 29.7847 21
      vertex 41.9837 29.921 12
      vertex 41.9837 29.921 21
    endloop
  endfacet
  facet normal 0.947073 -0.321018 0
    outer loop
      vertex 41.9837 29.921 12
      vertex 41.9375 29.7847 21
      vertex 41.9375 29.7847 12
    endloop
  endfacet
  facet normal 0.997864 -0.0653198 0
    outer loop
      vertex 41.9 29.5 21
      vertex 41.9094 29.6436 12
      vertex 41.9094 29.6436 21
    endloop
  endfacet
  facet normal 0.997864 -0.0653198 0
    outer loop
      vertex 41.9094 29.6436 12
      vertex 41.9 29.5 21
      vertex 41.9 29.5 12
    endloop
  endfacet
  facet normal 0.997864 0.0653198 0
    outer loop
      vertex 41.9094 29.3564 21
      vertex 41.9 29.5 12
      vertex 41.9 29.5 21
    endloop
  endfacet
  facet normal 0.997864 0.0653198 0
    outer loop
      vertex 41.9 29.5 12
      vertex 41.9094 29.3564 21
      vertex 41.9094 29.3564 12
    endloop
  endfacet
  facet normal -0.997864 0.0653198 0
    outer loop
      vertex 44.0906 29.3564 12
      vertex 44.1 29.5 21
      vertex 44.1 29.5 12
    endloop
  endfacet
  facet normal -0.997864 0.0653198 0
    outer loop
      vertex 44.1 29.5 21
      vertex 44.0906 29.3564 12
      vertex 44.0906 29.3564 21
    endloop
  endfacet
  facet normal -0.831515 0.555502 0
    outer loop
      vertex 43.8727 28.8304 12
      vertex 43.9526 28.95 21
      vertex 43.9526 28.95 12
    endloop
  endfacet
  facet normal -0.831515 0.555502 0
    outer loop
      vertex 43.9526 28.95 21
      vertex 43.8727 28.8304 12
      vertex 43.8727 28.8304 21
    endloop
  endfacet
  facet normal -0.980741 0.195314 0
    outer loop
      vertex 44.0625 29.2153 12
      vertex 44.0906 29.3564 21
      vertex 44.0906 29.3564 12
    endloop
  endfacet
  facet normal -0.980741 0.195314 0
    outer loop
      vertex 44.0906 29.3564 21
      vertex 44.0625 29.2153 12
      vertex 44.0625 29.2153 21
    endloop
  endfacet
  facet normal 0.321018 0.947073 -0
    outer loop
      vertex 42.7153 28.4375 12
      vertex 42.579 28.4837 21
      vertex 42.7153 28.4375 21
    endloop
  endfacet
  facet normal 0.321018 0.947073 0
    outer loop
      vertex 42.579 28.4837 21
      vertex 42.7153 28.4375 12
      vertex 42.579 28.4837 12
    endloop
  endfacet
  facet normal 0.831515 0.555502 0
    outer loop
      vertex 42.1273 28.8304 21
      vertex 42.0474 28.95 12
      vertex 42.0474 28.95 21
    endloop
  endfacet
  facet normal 0.831515 0.555502 0
    outer loop
      vertex 42.0474 28.95 12
      vertex 42.1273 28.8304 21
      vertex 42.1273 28.8304 12
    endloop
  endfacet
  facet normal -0.555502 0.831515 0
    outer loop
      vertex 43.6696 28.6273 12
      vertex 43.55 28.5474 21
      vertex 43.6696 28.6273 21
    endloop
  endfacet
  facet normal -0.555502 0.831515 0
    outer loop
      vertex 43.55 28.5474 21
      vertex 43.6696 28.6273 12
      vertex 43.55 28.5474 12
    endloop
  endfacet
  facet normal -0.44276 0.89664 0
    outer loop
      vertex 43.55 28.5474 12
      vertex 43.421 28.4837 21
      vertex 43.55 28.5474 21
    endloop
  endfacet
  facet normal -0.44276 0.89664 0
    outer loop
      vertex 43.421 28.4837 21
      vertex 43.55 28.5474 12
      vertex 43.421 28.4837 12
    endloop
  endfacet
  facet normal -0.44276 -0.89664 0
    outer loop
      vertex 43.421 30.5163 12
      vertex 43.55 30.4526 21
      vertex 43.421 30.5163 21
    endloop
  endfacet
  facet normal -0.44276 -0.89664 -0
    outer loop
      vertex 43.55 30.4526 21
      vertex 43.421 30.5163 12
      vertex 43.55 30.4526 12
    endloop
  endfacet
  facet normal 0.980741 -0.195314 0
    outer loop
      vertex 41.9094 29.6436 21
      vertex 41.9375 29.7847 12
      vertex 41.9375 29.7847 21
    endloop
  endfacet
  facet normal 0.980741 -0.195314 0
    outer loop
      vertex 41.9375 29.7847 12
      vertex 41.9094 29.6436 21
      vertex 41.9094 29.6436 12
    endloop
  endfacet
  facet normal 0.65939 -0.751801 0
    outer loop
      vertex 42.2222 30.2778 12
      vertex 42.3304 30.3727 21
      vertex 42.2222 30.2778 21
    endloop
  endfacet
  facet normal 0.65939 -0.751801 0
    outer loop
      vertex 42.3304 30.3727 21
      vertex 42.2222 30.2778 12
      vertex 42.3304 30.3727 12
    endloop
  endfacet
  facet normal 0.321018 -0.947073 0
    outer loop
      vertex 42.579 30.5163 12
      vertex 42.7153 30.5625 21
      vertex 42.579 30.5163 21
    endloop
  endfacet
  facet normal 0.321018 -0.947073 0
    outer loop
      vertex 42.7153 30.5625 21
      vertex 42.579 30.5163 12
      vertex 42.7153 30.5625 12
    endloop
  endfacet
  facet normal -0.947073 0.321018 0
    outer loop
      vertex 44.0163 29.079 12
      vertex 44.0625 29.2153 21
      vertex 44.0625 29.2153 12
    endloop
  endfacet
  facet normal -0.947073 0.321018 0
    outer loop
      vertex 44.0625 29.2153 21
      vertex 44.0163 29.079 12
      vertex 44.0163 29.079 21
    endloop
  endfacet
  facet normal -0.89664 0.44276 0
    outer loop
      vertex 43.9526 28.95 12
      vertex 44.0163 29.079 21
      vertex 44.0163 29.079 12
    endloop
  endfacet
  facet normal -0.89664 0.44276 0
    outer loop
      vertex 44.0163 29.079 21
      vertex 43.9526 28.95 12
      vertex 43.9526 28.95 21
    endloop
  endfacet
  facet normal 0.195314 0.980741 -0
    outer loop
      vertex 42.8564 28.4094 12
      vertex 42.7153 28.4375 21
      vertex 42.8564 28.4094 21
    endloop
  endfacet
  facet normal 0.195314 0.980741 0
    outer loop
      vertex 42.7153 28.4375 21
      vertex 42.8564 28.4094 12
      vertex 42.7153 28.4375 12
    endloop
  endfacet
  facet normal 0.555502 0.831515 -0
    outer loop
      vertex 42.45 28.5474 12
      vertex 42.3304 28.6273 21
      vertex 42.45 28.5474 21
    endloop
  endfacet
  facet normal 0.555502 0.831515 0
    outer loop
      vertex 42.3304 28.6273 21
      vertex 42.45 28.5474 12
      vertex 42.3304 28.6273 12
    endloop
  endfacet
  facet normal 0.980741 0.195314 0
    outer loop
      vertex 41.9375 29.2153 21
      vertex 41.9094 29.3564 12
      vertex 41.9094 29.3564 21
    endloop
  endfacet
  facet normal 0.980741 0.195314 0
    outer loop
      vertex 41.9094 29.3564 12
      vertex 41.9375 29.2153 21
      vertex 41.9375 29.2153 12
    endloop
  endfacet
  facet normal 0.947073 0.321018 0
    outer loop
      vertex 41.9837 29.079 21
      vertex 41.9375 29.2153 12
      vertex 41.9375 29.2153 21
    endloop
  endfacet
  facet normal 0.947073 0.321018 0
    outer loop
      vertex 41.9375 29.2153 12
      vertex 41.9837 29.079 21
      vertex 41.9837 29.079 12
    endloop
  endfacet
  facet normal 0.89664 0.44276 0
    outer loop
      vertex 42.0474 28.95 21
      vertex 41.9837 29.079 12
      vertex 41.9837 29.079 21
    endloop
  endfacet
  facet normal 0.89664 0.44276 0
    outer loop
      vertex 41.9837 29.079 12
      vertex 42.0474 28.95 21
      vertex 42.0474 28.95 12
    endloop
  endfacet
  facet normal -0.65939 0.751801 0
    outer loop
      vertex 43.7778 28.7222 12
      vertex 43.6696 28.6273 21
      vertex 43.7778 28.7222 21
    endloop
  endfacet
  facet normal -0.65939 0.751801 0
    outer loop
      vertex 43.6696 28.6273 21
      vertex 43.7778 28.7222 12
      vertex 43.6696 28.6273 12
    endloop
  endfacet
  facet normal -0.321018 0.947073 0
    outer loop
      vertex 43.421 28.4837 12
      vertex 43.2847 28.4375 21
      vertex 43.421 28.4837 21
    endloop
  endfacet
  facet normal -0.321018 0.947073 0
    outer loop
      vertex 43.2847 28.4375 21
      vertex 43.421 28.4837 12
      vertex 43.2847 28.4375 12
    endloop
  endfacet
  facet normal -0.195314 0.980741 0
    outer loop
      vertex 43.2847 28.4375 12
      vertex 43.1436 28.4094 21
      vertex 43.2847 28.4375 21
    endloop
  endfacet
  facet normal -0.195314 0.980741 0
    outer loop
      vertex 43.1436 28.4094 21
      vertex 43.2847 28.4375 12
      vertex 43.1436 28.4094 12
    endloop
  endfacet
  facet normal 0.0653198 0.997864 -0
    outer loop
      vertex 43 28.4 12
      vertex 42.8564 28.4094 21
      vertex 43 28.4 21
    endloop
  endfacet
  facet normal 0.0653198 0.997864 0
    outer loop
      vertex 42.8564 28.4094 21
      vertex 43 28.4 12
      vertex 42.8564 28.4094 12
    endloop
  endfacet
  facet normal 0.44276 0.89664 -0
    outer loop
      vertex 42.579 28.4837 12
      vertex 42.45 28.5474 21
      vertex 42.579 28.4837 21
    endloop
  endfacet
  facet normal 0.44276 0.89664 0
    outer loop
      vertex 42.45 28.5474 21
      vertex 42.579 28.4837 12
      vertex 42.45 28.5474 12
    endloop
  endfacet
  facet normal 0.65939 0.751801 -0
    outer loop
      vertex 42.3304 28.6273 12
      vertex 42.2222 28.7222 21
      vertex 42.3304 28.6273 21
    endloop
  endfacet
  facet normal 0.65939 0.751801 0
    outer loop
      vertex 42.2222 28.7222 21
      vertex 42.3304 28.6273 12
      vertex 42.2222 28.7222 12
    endloop
  endfacet
  facet normal 0.751801 0.65939 0
    outer loop
      vertex 42.2222 28.7222 21
      vertex 42.1273 28.8304 12
      vertex 42.1273 28.8304 21
    endloop
  endfacet
  facet normal 0.751801 0.65939 0
    outer loop
      vertex 42.1273 28.8304 12
      vertex 42.2222 28.7222 21
      vertex 42.2222 28.7222 12
    endloop
  endfacet
  facet normal -0.751801 0.65939 0
    outer loop
      vertex 43.7778 28.7222 12
      vertex 43.8727 28.8304 21
      vertex 43.8727 28.8304 12
    endloop
  endfacet
  facet normal -0.751801 0.65939 0
    outer loop
      vertex 43.8727 28.8304 21
      vertex 43.7778 28.7222 12
      vertex 43.7778 28.7222 21
    endloop
  endfacet
  facet normal 0 -0.0653198 -0.997864
    outer loop
      vertex -48 -13.1625 15.1
      vertex -45.6 -13.0189 15.0906
      vertex -45.6 -13.1625 15.1
    endloop
  endfacet
  facet normal -0 -0.0653198 -0.997864
    outer loop
      vertex -45.6 -13.0189 15.0906
      vertex -48 -13.1625 15.1
      vertex -48 -13.0189 15.0906
    endloop
  endfacet
  facet normal 0 -0.195314 -0.980741
    outer loop
      vertex -48 -13.0189 15.0906
      vertex -45.6 -12.8778 15.0625
      vertex -45.6 -13.0189 15.0906
    endloop
  endfacet
  facet normal -0 -0.195314 -0.980741
    outer loop
      vertex -45.6 -12.8778 15.0625
      vertex -48 -13.0189 15.0906
      vertex -48 -12.8778 15.0625
    endloop
  endfacet
  facet normal 0 -0.0653198 0.997864
    outer loop
      vertex -48 -13.0189 12.9094
      vertex -45.6 -13.1625 12.9
      vertex -45.6 -13.0189 12.9094
    endloop
  endfacet
  facet normal 0 -0.0653198 0.997864
    outer loop
      vertex -45.6 -13.1625 12.9
      vertex -48 -13.0189 12.9094
      vertex -48 -13.1625 12.9
    endloop
  endfacet
  facet normal 0 -0.997864 0.0653198
    outer loop
      vertex -48 -12.0719 13.8564
      vertex -45.6 -12.0625 14
      vertex -48 -12.0625 14
    endloop
  endfacet
  facet normal 0 -0.997864 0.0653198
    outer loop
      vertex -45.6 -12.0625 14
      vertex -48 -12.0719 13.8564
      vertex -45.6 -12.0719 13.8564
    endloop
  endfacet
  facet normal 0 0.997864 0.0653198
    outer loop
      vertex -45.6 -14.2531 13.8564
      vertex -48 -14.2625 14
      vertex -45.6 -14.2625 14
    endloop
  endfacet
  facet normal 0 0.997864 0.0653198
    outer loop
      vertex -48 -14.2625 14
      vertex -45.6 -14.2531 13.8564
      vertex -48 -14.2531 13.8564
    endloop
  endfacet
  facet normal -0 0.65939 0.751801
    outer loop
      vertex -48 -13.8321 13.1273
      vertex -45.6 -13.9403 13.2222
      vertex -45.6 -13.8321 13.1273
    endloop
  endfacet
  facet normal 0 0.65939 0.751801
    outer loop
      vertex -45.6 -13.9403 13.2222
      vertex -48 -13.8321 13.1273
      vertex -48 -13.9403 13.2222
    endloop
  endfacet
  facet normal 0 -0.65939 0.751801
    outer loop
      vertex -48 -12.3847 13.2222
      vertex -45.6 -12.4929 13.1273
      vertex -45.6 -12.3847 13.2222
    endloop
  endfacet
  facet normal 0 -0.65939 0.751801
    outer loop
      vertex -45.6 -12.4929 13.1273
      vertex -48 -12.3847 13.2222
      vertex -48 -12.4929 13.1273
    endloop
  endfacet
  facet normal 0 -0.89664 0.44276
    outer loop
      vertex -48 -12.2099 13.45
      vertex -45.6 -12.1462 13.579
      vertex -48 -12.1462 13.579
    endloop
  endfacet
  facet normal 0 -0.89664 0.44276
    outer loop
      vertex -45.6 -12.1462 13.579
      vertex -48 -12.2099 13.45
      vertex -45.6 -12.2099 13.45
    endloop
  endfacet
  facet normal 0 0.997864 -0.0653198
    outer loop
      vertex -45.6 -14.2625 14
      vertex -48 -14.2531 14.1436
      vertex -45.6 -14.2531 14.1436
    endloop
  endfacet
  facet normal 0 0.997864 -0.0653198
    outer loop
      vertex -48 -14.2531 14.1436
      vertex -45.6 -14.2625 14
      vertex -48 -14.2625 14
    endloop
  endfacet
  facet normal 0 0.555502 -0.831515
    outer loop
      vertex -48 -13.8321 14.8727
      vertex -45.6 -13.7125 14.9526
      vertex -45.6 -13.8321 14.8727
    endloop
  endfacet
  facet normal 0 0.555502 -0.831515
    outer loop
      vertex -45.6 -13.7125 14.9526
      vertex -48 -13.8321 14.8727
      vertex -48 -13.7125 14.9526
    endloop
  endfacet
  facet normal -0 0.321018 0.947073
    outer loop
      vertex -48 -13.4472 12.9375
      vertex -45.6 -13.5835 12.9837
      vertex -45.6 -13.4472 12.9375
    endloop
  endfacet
  facet normal 0 0.321018 0.947073
    outer loop
      vertex -45.6 -13.5835 12.9837
      vertex -48 -13.4472 12.9375
      vertex -48 -13.5835 12.9837
    endloop
  endfacet
  facet normal 0 -0.831515 -0.555502
    outer loop
      vertex -48 -12.2099 14.55
      vertex -45.6 -12.2898 14.6696
      vertex -48 -12.2898 14.6696
    endloop
  endfacet
  facet normal 0 -0.831515 -0.555502
    outer loop
      vertex -45.6 -12.2898 14.6696
      vertex -48 -12.2099 14.55
      vertex -45.6 -12.2099 14.55
    endloop
  endfacet
  facet normal 0 -0.321018 0.947073
    outer loop
      vertex -48 -12.7415 12.9837
      vertex -45.6 -12.8778 12.9375
      vertex -45.6 -12.7415 12.9837
    endloop
  endfacet
  facet normal 0 -0.321018 0.947073
    outer loop
      vertex -45.6 -12.8778 12.9375
      vertex -48 -12.7415 12.9837
      vertex -48 -12.8778 12.9375
    endloop
  endfacet
  facet normal 0 -0.555502 0.831515
    outer loop
      vertex -48 -12.4929 13.1273
      vertex -45.6 -12.6125 13.0474
      vertex -45.6 -12.4929 13.1273
    endloop
  endfacet
  facet normal 0 -0.555502 0.831515
    outer loop
      vertex -45.6 -12.6125 13.0474
      vertex -48 -12.4929 13.1273
      vertex -48 -12.6125 13.0474
    endloop
  endfacet
  facet normal 0 -0.947073 0.321018
    outer loop
      vertex -48 -12.1462 13.579
      vertex -45.6 -12.1 13.7153
      vertex -48 -12.1 13.7153
    endloop
  endfacet
  facet normal 0 -0.947073 0.321018
    outer loop
      vertex -45.6 -12.1 13.7153
      vertex -48 -12.1462 13.579
      vertex -45.6 -12.1462 13.579
    endloop
  endfacet
  facet normal 0 0.44276 -0.89664
    outer loop
      vertex -48 -13.7125 14.9526
      vertex -45.6 -13.5835 15.0163
      vertex -45.6 -13.7125 14.9526
    endloop
  endfacet
  facet normal 0 0.44276 -0.89664
    outer loop
      vertex -45.6 -13.5835 15.0163
      vertex -48 -13.7125 14.9526
      vertex -48 -13.5835 15.0163
    endloop
  endfacet
  facet normal 0 0.89664 0.44276
    outer loop
      vertex -45.6 -14.1151 13.45
      vertex -48 -14.1788 13.579
      vertex -45.6 -14.1788 13.579
    endloop
  endfacet
  facet normal 0 0.89664 0.44276
    outer loop
      vertex -48 -14.1788 13.579
      vertex -45.6 -14.1151 13.45
      vertex -48 -14.1151 13.45
    endloop
  endfacet
  facet normal 0 0.751801 0.65939
    outer loop
      vertex -45.6 -13.9403 13.2222
      vertex -48 -14.0352 13.3304
      vertex -45.6 -14.0352 13.3304
    endloop
  endfacet
  facet normal 0 0.751801 0.65939
    outer loop
      vertex -48 -14.0352 13.3304
      vertex -45.6 -13.9403 13.2222
      vertex -48 -13.9403 13.2222
    endloop
  endfacet
  facet normal -0 0.195314 0.980741
    outer loop
      vertex -48 -13.3061 12.9094
      vertex -45.6 -13.4472 12.9375
      vertex -45.6 -13.3061 12.9094
    endloop
  endfacet
  facet normal 0 0.195314 0.980741
    outer loop
      vertex -45.6 -13.4472 12.9375
      vertex -48 -13.3061 12.9094
      vertex -48 -13.4472 12.9375
    endloop
  endfacet
  facet normal 0 -0.751801 -0.65939
    outer loop
      vertex -48 -12.2898 14.6696
      vertex -45.6 -12.3847 14.7778
      vertex -48 -12.3847 14.7778
    endloop
  endfacet
  facet normal 0 -0.751801 -0.65939
    outer loop
      vertex -45.6 -12.3847 14.7778
      vertex -48 -12.2898 14.6696
      vertex -45.6 -12.2898 14.6696
    endloop
  endfacet
  facet normal 0 -0.555502 -0.831515
    outer loop
      vertex -48 -12.6125 14.9526
      vertex -45.6 -12.4929 14.8727
      vertex -45.6 -12.6125 14.9526
    endloop
  endfacet
  facet normal -0 -0.555502 -0.831515
    outer loop
      vertex -45.6 -12.4929 14.8727
      vertex -48 -12.6125 14.9526
      vertex -48 -12.4929 14.8727
    endloop
  endfacet
  facet normal 0 -0.980741 -0.195314
    outer loop
      vertex -48 -12.0719 14.1436
      vertex -45.6 -12.1 14.2847
      vertex -48 -12.1 14.2847
    endloop
  endfacet
  facet normal 0 -0.980741 -0.195314
    outer loop
      vertex -45.6 -12.1 14.2847
      vertex -48 -12.0719 14.1436
      vertex -45.6 -12.0719 14.1436
    endloop
  endfacet
  facet normal 0 -0.44276 0.89664
    outer loop
      vertex -48 -12.6125 13.0474
      vertex -45.6 -12.7415 12.9837
      vertex -45.6 -12.6125 13.0474
    endloop
  endfacet
  facet normal 0 -0.44276 0.89664
    outer loop
      vertex -45.6 -12.7415 12.9837
      vertex -48 -12.6125 13.0474
      vertex -48 -12.7415 12.9837
    endloop
  endfacet
  facet normal 0 -0.195314 0.980741
    outer loop
      vertex -48 -12.8778 12.9375
      vertex -45.6 -13.0189 12.9094
      vertex -45.6 -12.8778 12.9375
    endloop
  endfacet
  facet normal 0 -0.195314 0.980741
    outer loop
      vertex -45.6 -13.0189 12.9094
      vertex -48 -12.8778 12.9375
      vertex -48 -13.0189 12.9094
    endloop
  endfacet
  facet normal 0 -0.831515 0.555502
    outer loop
      vertex -48 -12.2898 13.3304
      vertex -45.6 -12.2099 13.45
      vertex -48 -12.2099 13.45
    endloop
  endfacet
  facet normal 0 -0.831515 0.555502
    outer loop
      vertex -45.6 -12.2099 13.45
      vertex -48 -12.2898 13.3304
      vertex -45.6 -12.2898 13.3304
    endloop
  endfacet
  facet normal 0 -0.751801 0.65939
    outer loop
      vertex -48 -12.3847 13.2222
      vertex -45.6 -12.2898 13.3304
      vertex -48 -12.2898 13.3304
    endloop
  endfacet
  facet normal 0 -0.751801 0.65939
    outer loop
      vertex -45.6 -12.2898 13.3304
      vertex -48 -12.3847 13.2222
      vertex -45.6 -12.3847 13.2222
    endloop
  endfacet
  facet normal 0 -0.980741 0.195314
    outer loop
      vertex -48 -12.1 13.7153
      vertex -45.6 -12.0719 13.8564
      vertex -48 -12.0719 13.8564
    endloop
  endfacet
  facet normal 0 -0.980741 0.195314
    outer loop
      vertex -45.6 -12.0719 13.8564
      vertex -48 -12.1 13.7153
      vertex -45.6 -12.1 13.7153
    endloop
  endfacet
  facet normal 0 0.65939 -0.751801
    outer loop
      vertex -48 -13.9403 14.7778
      vertex -45.6 -13.8321 14.8727
      vertex -45.6 -13.9403 14.7778
    endloop
  endfacet
  facet normal 0 0.65939 -0.751801
    outer loop
      vertex -45.6 -13.8321 14.8727
      vertex -48 -13.9403 14.7778
      vertex -48 -13.8321 14.8727
    endloop
  endfacet
  facet normal 0 0.831515 -0.555502
    outer loop
      vertex -45.6 -14.1151 14.55
      vertex -48 -14.0352 14.6696
      vertex -45.6 -14.0352 14.6696
    endloop
  endfacet
  facet normal 0 0.831515 -0.555502
    outer loop
      vertex -48 -14.0352 14.6696
      vertex -45.6 -14.1151 14.55
      vertex -48 -14.1151 14.55
    endloop
  endfacet
  facet normal 0 0.831515 0.555502
    outer loop
      vertex -45.6 -14.0352 13.3304
      vertex -48 -14.1151 13.45
      vertex -45.6 -14.1151 13.45
    endloop
  endfacet
  facet normal 0 0.831515 0.555502
    outer loop
      vertex -48 -14.1151 13.45
      vertex -45.6 -14.0352 13.3304
      vertex -48 -14.0352 13.3304
    endloop
  endfacet
  facet normal 0 0.947073 0.321018
    outer loop
      vertex -45.6 -14.1788 13.579
      vertex -48 -14.225 13.7153
      vertex -45.6 -14.225 13.7153
    endloop
  endfacet
  facet normal 0 0.947073 0.321018
    outer loop
      vertex -48 -14.225 13.7153
      vertex -45.6 -14.1788 13.579
      vertex -48 -14.1788 13.579
    endloop
  endfacet
  facet normal 0 0.980741 0.195314
    outer loop
      vertex -45.6 -14.225 13.7153
      vertex -48 -14.2531 13.8564
      vertex -45.6 -14.2531 13.8564
    endloop
  endfacet
  facet normal 0 0.980741 0.195314
    outer loop
      vertex -48 -14.2531 13.8564
      vertex -45.6 -14.225 13.7153
      vertex -48 -14.225 13.7153
    endloop
  endfacet
  facet normal -0 0.44276 0.89664
    outer loop
      vertex -48 -13.5835 12.9837
      vertex -45.6 -13.7125 13.0474
      vertex -45.6 -13.5835 12.9837
    endloop
  endfacet
  facet normal 0 0.44276 0.89664
    outer loop
      vertex -45.6 -13.7125 13.0474
      vertex -48 -13.5835 12.9837
      vertex -48 -13.7125 13.0474
    endloop
  endfacet
  facet normal -0 0.555502 0.831515
    outer loop
      vertex -48 -13.7125 13.0474
      vertex -45.6 -13.8321 13.1273
      vertex -45.6 -13.7125 13.0474
    endloop
  endfacet
  facet normal 0 0.555502 0.831515
    outer loop
      vertex -45.6 -13.8321 13.1273
      vertex -48 -13.7125 13.0474
      vertex -48 -13.8321 13.1273
    endloop
  endfacet
  facet normal -0 0.0653198 0.997864
    outer loop
      vertex -48 -13.1625 12.9
      vertex -45.6 -13.3061 12.9094
      vertex -45.6 -13.1625 12.9
    endloop
  endfacet
  facet normal 0 0.0653198 0.997864
    outer loop
      vertex -45.6 -13.3061 12.9094
      vertex -48 -13.1625 12.9
      vertex -48 -13.3061 12.9094
    endloop
  endfacet
  facet normal 0 -0.321018 -0.947073
    outer loop
      vertex -48 -12.8778 15.0625
      vertex -45.6 -12.7415 15.0163
      vertex -45.6 -12.8778 15.0625
    endloop
  endfacet
  facet normal -0 -0.321018 -0.947073
    outer loop
      vertex -45.6 -12.7415 15.0163
      vertex -48 -12.8778 15.0625
      vertex -48 -12.7415 15.0163
    endloop
  endfacet
  facet normal 0 -0.44276 -0.89664
    outer loop
      vertex -48 -12.7415 15.0163
      vertex -45.6 -12.6125 14.9526
      vertex -45.6 -12.7415 15.0163
    endloop
  endfacet
  facet normal -0 -0.44276 -0.89664
    outer loop
      vertex -45.6 -12.6125 14.9526
      vertex -48 -12.7415 15.0163
      vertex -48 -12.6125 14.9526
    endloop
  endfacet
  facet normal 0 -0.65939 -0.751801
    outer loop
      vertex -48 -12.4929 14.8727
      vertex -45.6 -12.3847 14.7778
      vertex -45.6 -12.4929 14.8727
    endloop
  endfacet
  facet normal -0 -0.65939 -0.751801
    outer loop
      vertex -45.6 -12.3847 14.7778
      vertex -48 -12.4929 14.8727
      vertex -48 -12.3847 14.7778
    endloop
  endfacet
  facet normal 0 -0.997864 -0.0653198
    outer loop
      vertex -48 -12.0625 14
      vertex -45.6 -12.0719 14.1436
      vertex -48 -12.0719 14.1436
    endloop
  endfacet
  facet normal 0 -0.997864 -0.0653198
    outer loop
      vertex -45.6 -12.0719 14.1436
      vertex -48 -12.0625 14
      vertex -45.6 -12.0625 14
    endloop
  endfacet
  facet normal 0 -0.89664 -0.44276
    outer loop
      vertex -48 -12.1462 14.421
      vertex -45.6 -12.2099 14.55
      vertex -48 -12.2099 14.55
    endloop
  endfacet
  facet normal 0 -0.89664 -0.44276
    outer loop
      vertex -45.6 -12.2099 14.55
      vertex -48 -12.1462 14.421
      vertex -45.6 -12.1462 14.421
    endloop
  endfacet
  facet normal 0 -0.947073 -0.321018
    outer loop
      vertex -48 -12.1 14.2847
      vertex -45.6 -12.1462 14.421
      vertex -48 -12.1462 14.421
    endloop
  endfacet
  facet normal 0 -0.947073 -0.321018
    outer loop
      vertex -45.6 -12.1462 14.421
      vertex -48 -12.1 14.2847
      vertex -45.6 -12.1 14.2847
    endloop
  endfacet
  facet normal 0 0.980741 -0.195314
    outer loop
      vertex -45.6 -14.2531 14.1436
      vertex -48 -14.225 14.2847
      vertex -45.6 -14.225 14.2847
    endloop
  endfacet
  facet normal 0 0.980741 -0.195314
    outer loop
      vertex -48 -14.225 14.2847
      vertex -45.6 -14.2531 14.1436
      vertex -48 -14.2531 14.1436
    endloop
  endfacet
  facet normal 0 0.947073 -0.321018
    outer loop
      vertex -45.6 -14.225 14.2847
      vertex -48 -14.1788 14.421
      vertex -45.6 -14.1788 14.421
    endloop
  endfacet
  facet normal 0 0.947073 -0.321018
    outer loop
      vertex -48 -14.1788 14.421
      vertex -45.6 -14.225 14.2847
      vertex -48 -14.225 14.2847
    endloop
  endfacet
  facet normal 0 0.89664 -0.44276
    outer loop
      vertex -45.6 -14.1788 14.421
      vertex -48 -14.1151 14.55
      vertex -45.6 -14.1151 14.55
    endloop
  endfacet
  facet normal 0 0.89664 -0.44276
    outer loop
      vertex -48 -14.1151 14.55
      vertex -45.6 -14.1788 14.421
      vertex -48 -14.1788 14.421
    endloop
  endfacet
  facet normal 0 0.751801 -0.65939
    outer loop
      vertex -45.6 -14.0352 14.6696
      vertex -48 -13.9403 14.7778
      vertex -45.6 -13.9403 14.7778
    endloop
  endfacet
  facet normal 0 0.751801 -0.65939
    outer loop
      vertex -48 -13.9403 14.7778
      vertex -45.6 -14.0352 14.6696
      vertex -48 -14.0352 14.6696
    endloop
  endfacet
  facet normal 0 0.195314 -0.980741
    outer loop
      vertex -48 -13.4472 15.0625
      vertex -45.6 -13.3061 15.0906
      vertex -45.6 -13.4472 15.0625
    endloop
  endfacet
  facet normal 0 0.195314 -0.980741
    outer loop
      vertex -45.6 -13.3061 15.0906
      vertex -48 -13.4472 15.0625
      vertex -48 -13.3061 15.0906
    endloop
  endfacet
  facet normal 0 0.0653198 -0.997864
    outer loop
      vertex -48 -13.3061 15.0906
      vertex -45.6 -13.1625 15.1
      vertex -45.6 -13.3061 15.0906
    endloop
  endfacet
  facet normal 0 0.0653198 -0.997864
    outer loop
      vertex -45.6 -13.1625 15.1
      vertex -48 -13.3061 15.0906
      vertex -48 -13.1625 15.1
    endloop
  endfacet
  facet normal 0 0.321018 -0.947073
    outer loop
      vertex -48 -13.5835 15.0163
      vertex -45.6 -13.4472 15.0625
      vertex -45.6 -13.5835 15.0163
    endloop
  endfacet
  facet normal 0 0.321018 -0.947073
    outer loop
      vertex -45.6 -13.4472 15.0625
      vertex -48 -13.5835 15.0163
      vertex -48 -13.4472 15.0625
    endloop
  endfacet
  facet normal 0 -0.0653198 -0.997864
    outer loop
      vertex -45.35 -13.1625 20.1
      vertex -45.1 -13.0189 20.0906
      vertex -45.1 -13.1625 20.1
    endloop
  endfacet
  facet normal -0 -0.0653198 -0.997864
    outer loop
      vertex -45.1 -13.0189 20.0906
      vertex -45.35 -13.1625 20.1
      vertex -45.35 -13.0189 20.0906
    endloop
  endfacet
  facet normal 0 -0.0653198 -0.997864
    outer loop
      vertex -48 -13.1625 20.1
      vertex -45.6 -13.0189 20.0906
      vertex -45.6 -13.1625 20.1
    endloop
  endfacet
  facet normal -0 -0.0653198 -0.997864
    outer loop
      vertex -45.6 -13.0189 20.0906
      vertex -48 -13.1625 20.1
      vertex -48 -13.0189 20.0906
    endloop
  endfacet
  facet normal 0 -0.195314 -0.980741
    outer loop
      vertex -45.35 -13.0189 20.0906
      vertex -45.1 -12.8778 20.0625
      vertex -45.1 -13.0189 20.0906
    endloop
  endfacet
  facet normal -0 -0.195314 -0.980741
    outer loop
      vertex -45.1 -12.8778 20.0625
      vertex -45.35 -13.0189 20.0906
      vertex -45.35 -12.8778 20.0625
    endloop
  endfacet
  facet normal 0 -0.195314 -0.980741
    outer loop
      vertex -48 -13.0189 20.0906
      vertex -45.6 -12.8778 20.0625
      vertex -45.6 -13.0189 20.0906
    endloop
  endfacet
  facet normal -0 -0.195314 -0.980741
    outer loop
      vertex -45.6 -12.8778 20.0625
      vertex -48 -13.0189 20.0906
      vertex -48 -12.8778 20.0625
    endloop
  endfacet
  facet normal 0 -0.0653198 0.997864
    outer loop
      vertex -48 -13.0189 17.9094
      vertex -45.6 -13.1625 17.9
      vertex -45.6 -13.0189 17.9094
    endloop
  endfacet
  facet normal 0 -0.0653198 0.997864
    outer loop
      vertex -45.6 -13.1625 17.9
      vertex -48 -13.0189 17.9094
      vertex -48 -13.1625 17.9
    endloop
  endfacet
  facet normal 0 -0.997864 0.0653198
    outer loop
      vertex -48 -12.0719 18.8564
      vertex -45.6 -12.0625 19
      vertex -48 -12.0625 19
    endloop
  endfacet
  facet normal 0 -0.997864 0.0653198
    outer loop
      vertex -45.6 -12.0625 19
      vertex -48 -12.0719 18.8564
      vertex -45.6 -12.0719 18.8564
    endloop
  endfacet
  facet normal 0 0.997864 0.0653198
    outer loop
      vertex -45.6 -14.2531 18.8564
      vertex -48 -14.2625 19
      vertex -45.6 -14.2625 19
    endloop
  endfacet
  facet normal 0 0.997864 0.0653198
    outer loop
      vertex -48 -14.2625 19
      vertex -45.6 -14.2531 18.8564
      vertex -48 -14.2531 18.8564
    endloop
  endfacet
  facet normal -0 0.65939 0.751801
    outer loop
      vertex -48 -13.8321 18.1273
      vertex -45.6 -13.9403 18.2222
      vertex -45.6 -13.8321 18.1273
    endloop
  endfacet
  facet normal 0 0.65939 0.751801
    outer loop
      vertex -45.6 -13.9403 18.2222
      vertex -48 -13.8321 18.1273
      vertex -48 -13.9403 18.2222
    endloop
  endfacet
  facet normal 0 -0.65939 0.751801
    outer loop
      vertex -48 -12.3847 18.2222
      vertex -45.6 -12.4929 18.1273
      vertex -45.6 -12.3847 18.2222
    endloop
  endfacet
  facet normal 0 -0.65939 0.751801
    outer loop
      vertex -45.6 -12.4929 18.1273
      vertex -48 -12.3847 18.2222
      vertex -48 -12.4929 18.1273
    endloop
  endfacet
  facet normal 0 -0.89664 0.44276
    outer loop
      vertex -48 -12.2099 18.45
      vertex -45.6 -12.1462 18.579
      vertex -48 -12.1462 18.579
    endloop
  endfacet
  facet normal 0 -0.89664 0.44276
    outer loop
      vertex -45.6 -12.1462 18.579
      vertex -48 -12.2099 18.45
      vertex -45.6 -12.2099 18.45
    endloop
  endfacet
  facet normal 0 0.997864 -0.0653198
    outer loop
      vertex -45.1 -14.2625 19
      vertex -45.35 -14.2531 19.1436
      vertex -45.1 -14.2531 19.1436
    endloop
  endfacet
  facet normal 0 0.997864 -0.0653198
    outer loop
      vertex -45.35 -14.2531 19.1436
      vertex -45.1 -14.2625 19
      vertex -45.35 -14.2625 19
    endloop
  endfacet
  facet normal 0 0.997864 -0.0653198
    outer loop
      vertex -45.6 -14.2625 19
      vertex -48 -14.2531 19.1436
      vertex -45.6 -14.2531 19.1436
    endloop
  endfacet
  facet normal 0 0.997864 -0.0653198
    outer loop
      vertex -48 -14.2531 19.1436
      vertex -45.6 -14.2625 19
      vertex -48 -14.2625 19
    endloop
  endfacet
  facet normal 0 0.555502 -0.831515
    outer loop
      vertex -45.35 -13.8321 19.8727
      vertex -45.1 -13.7125 19.9526
      vertex -45.1 -13.8321 19.8727
    endloop
  endfacet
  facet normal 0 0.555502 -0.831515
    outer loop
      vertex -45.1 -13.7125 19.9526
      vertex -45.35 -13.8321 19.8727
      vertex -45.35 -13.7125 19.9526
    endloop
  endfacet
  facet normal 0 0.555502 -0.831515
    outer loop
      vertex -48 -13.8321 19.8727
      vertex -45.6 -13.7125 19.9526
      vertex -45.6 -13.8321 19.8727
    endloop
  endfacet
  facet normal 0 0.555502 -0.831515
    outer loop
      vertex -45.6 -13.7125 19.9526
      vertex -48 -13.8321 19.8727
      vertex -48 -13.7125 19.9526
    endloop
  endfacet
  facet normal -0 0.321018 0.947073
    outer loop
      vertex -48 -13.4472 17.9375
      vertex -45.6 -13.5835 17.9837
      vertex -45.6 -13.4472 17.9375
    endloop
  endfacet
  facet normal 0 0.321018 0.947073
    outer loop
      vertex -45.6 -13.5835 17.9837
      vertex -48 -13.4472 17.9375
      vertex -48 -13.5835 17.9837
    endloop
  endfacet
  facet normal 0 -0.831515 -0.555502
    outer loop
      vertex -45.35 -12.2099 19.55
      vertex -45.1 -12.2898 19.6696
      vertex -45.35 -12.2898 19.6696
    endloop
  endfacet
  facet normal 0 -0.831515 -0.555502
    outer loop
      vertex -45.1 -12.2898 19.6696
      vertex -45.35 -12.2099 19.55
      vertex -45.1 -12.2099 19.55
    endloop
  endfacet
  facet normal 0 -0.831515 -0.555502
    outer loop
      vertex -48 -12.2099 19.55
      vertex -45.6 -12.2898 19.6696
      vertex -48 -12.2898 19.6696
    endloop
  endfacet
  facet normal 0 -0.831515 -0.555502
    outer loop
      vertex -45.6 -12.2898 19.6696
      vertex -48 -12.2099 19.55
      vertex -45.6 -12.2099 19.55
    endloop
  endfacet
  facet normal 0 -0.321018 0.947073
    outer loop
      vertex -48 -12.7415 17.9837
      vertex -45.6 -12.8778 17.9375
      vertex -45.6 -12.7415 17.9837
    endloop
  endfacet
  facet normal 0 -0.321018 0.947073
    outer loop
      vertex -45.6 -12.8778 17.9375
      vertex -48 -12.7415 17.9837
      vertex -48 -12.8778 17.9375
    endloop
  endfacet
  facet normal 0 -0.555502 0.831515
    outer loop
      vertex -48 -12.4929 18.1273
      vertex -45.6 -12.6125 18.0474
      vertex -45.6 -12.4929 18.1273
    endloop
  endfacet
  facet normal 0 -0.555502 0.831515
    outer loop
      vertex -45.6 -12.6125 18.0474
      vertex -48 -12.4929 18.1273
      vertex -48 -12.6125 18.0474
    endloop
  endfacet
  facet normal 0 -0.947073 0.321018
    outer loop
      vertex -48 -12.1462 18.579
      vertex -45.6 -12.1 18.7153
      vertex -48 -12.1 18.7153
    endloop
  endfacet
  facet normal 0 -0.947073 0.321018
    outer loop
      vertex -45.6 -12.1 18.7153
      vertex -48 -12.1462 18.579
      vertex -45.6 -12.1462 18.579
    endloop
  endfacet
  facet normal 0 0.44276 -0.89664
    outer loop
      vertex -45.35 -13.7125 19.9526
      vertex -45.1 -13.5835 20.0163
      vertex -45.1 -13.7125 19.9526
    endloop
  endfacet
  facet normal 0 0.44276 -0.89664
    outer loop
      vertex -45.1 -13.5835 20.0163
      vertex -45.35 -13.7125 19.9526
      vertex -45.35 -13.5835 20.0163
    endloop
  endfacet
  facet normal 0 0.44276 -0.89664
    outer loop
      vertex -48 -13.7125 19.9526
      vertex -45.6 -13.5835 20.0163
      vertex -45.6 -13.7125 19.9526
    endloop
  endfacet
  facet normal 0 0.44276 -0.89664
    outer loop
      vertex -45.6 -13.5835 20.0163
      vertex -48 -13.7125 19.9526
      vertex -48 -13.5835 20.0163
    endloop
  endfacet
  facet normal -1 0 0
    outer loop
      vertex -45.1 -12.0625 19
      vertex -45.1 -12.1 19.2847
      vertex -45.1 -12.0719 19.1436
    endloop
  endfacet
  facet normal -1 0 0
    outer loop
      vertex -45.1 -12.0625 19
      vertex -45.1 -12.1462 19.421
      vertex -45.1 -12.1 19.2847
    endloop
  endfacet
  facet normal -1 0 0
    outer loop
      vertex -45.1 -12.0625 19
      vertex -45.1 -12.2099 19.55
      vertex -45.1 -12.1462 19.421
    endloop
  endfacet
  facet normal -1 0 0
    outer loop
      vertex -45.1 -12.0625 19
      vertex -45.1 -12.2898 19.6696
      vertex -45.1 -12.2099 19.55
    endloop
  endfacet
  facet normal -1 0 0
    outer loop
      vertex -45.1 -12.0625 19
      vertex -45.1 -12.3847 19.7778
      vertex -45.1 -12.2898 19.6696
    endloop
  endfacet
  facet normal -1 0 0
    outer loop
      vertex -45.1 -12.0625 19
      vertex -45.1 -12.4929 19.8727
      vertex -45.1 -12.3847 19.7778
    endloop
  endfacet
  facet normal -1 0 0
    outer loop
      vertex -45.1 -12.0625 19
      vertex -45.1 -12.6125 19.9526
      vertex -45.1 -12.4929 19.8727
    endloop
  endfacet
  facet normal -1 0 0
    outer loop
      vertex -45.1 -12.0625 19
      vertex -45.1 -12.7415 20.0163
      vertex -45.1 -12.6125 19.9526
    endloop
  endfacet
  facet normal -1 0 0
    outer loop
      vertex -45.1 -12.0625 19
      vertex -45.1 -12.8778 20.0625
      vertex -45.1 -12.7415 20.0163
    endloop
  endfacet
  facet normal -1 0 0
    outer loop
      vertex -45.1 -12.0625 19
      vertex -45.1 -13.0189 20.0906
      vertex -45.1 -12.8778 20.0625
    endloop
  endfacet
  facet normal -1 0 0
    outer loop
      vertex -45.1 -12.0625 19
      vertex -45.1 -13.1625 20.1
      vertex -45.1 -13.0189 20.0906
    endloop
  endfacet
  facet normal -1 0 0
    outer loop
      vertex -45.1 -12.0625 19
      vertex -45.1 -13.3061 20.0906
      vertex -45.1 -13.1625 20.1
    endloop
  endfacet
  facet normal -1 0 0
    outer loop
      vertex -45.1 -12.0625 19
      vertex -45.1 -13.4472 20.0625
      vertex -45.1 -13.3061 20.0906
    endloop
  endfacet
  facet normal -1 0 0
    outer loop
      vertex -45.1 -12.0625 19
      vertex -45.1 -13.5835 20.0163
      vertex -45.1 -13.4472 20.0625
    endloop
  endfacet
  facet normal -1 0 0
    outer loop
      vertex -45.1 -12.0625 19
      vertex -45.1 -13.7125 19.9526
      vertex -45.1 -13.5835 20.0163
    endloop
  endfacet
  facet normal -1 0 0
    outer loop
      vertex -45.1 -12.0625 19
      vertex -45.1 -13.8321 19.8727
      vertex -45.1 -13.7125 19.9526
    endloop
  endfacet
  facet normal -1 0 0
    outer loop
      vertex -45.1 -12.0625 19
      vertex -45.1 -13.9403 19.7778
      vertex -45.1 -13.8321 19.8727
    endloop
  endfacet
  facet normal -1 0 0
    outer loop
      vertex -45.1 -12.0625 19
      vertex -45.1 -14.0352 19.6696
      vertex -45.1 -13.9403 19.7778
    endloop
  endfacet
  facet normal -1 0 0
    outer loop
      vertex -45.1 -12.0625 19
      vertex -45.1 -14.1151 19.55
      vertex -45.1 -14.0352 19.6696
    endloop
  endfacet
  facet normal -1 0 0
    outer loop
      vertex -45.1 -12.0625 19
      vertex -45.1 -14.1788 19.421
      vertex -45.1 -14.1151 19.55
    endloop
  endfacet
  facet normal -1 0 0
    outer loop
      vertex -45.1 -12.0625 19
      vertex -45.1 -14.225 19.2847
      vertex -45.1 -14.1788 19.421
    endloop
  endfacet
  facet normal -1 0 0
    outer loop
      vertex -45.1 -12.0625 19
      vertex -45.1 -14.2531 19.1436
      vertex -45.1 -14.225 19.2847
    endloop
  endfacet
  facet normal -1 0 -0
    outer loop
      vertex -45.1 -14.2531 19.1436
      vertex -45.1 -12.0625 19
      vertex -45.1 -14.2625 19
    endloop
  endfacet
  facet normal 0 0.89664 0.44276
    outer loop
      vertex -45.6 -14.1151 18.45
      vertex -48 -14.1788 18.579
      vertex -45.6 -14.1788 18.579
    endloop
  endfacet
  facet normal 0 0.89664 0.44276
    outer loop
      vertex -48 -14.1788 18.579
      vertex -45.6 -14.1151 18.45
      vertex -48 -14.1151 18.45
    endloop
  endfacet
  facet normal 0 0.751801 0.65939
    outer loop
      vertex -45.6 -13.9403 18.2222
      vertex -48 -14.0352 18.3304
      vertex -45.6 -14.0352 18.3304
    endloop
  endfacet
  facet normal 0 0.751801 0.65939
    outer loop
      vertex -48 -14.0352 18.3304
      vertex -45.6 -13.9403 18.2222
      vertex -48 -13.9403 18.2222
    endloop
  endfacet
  facet normal -0 0.195314 0.980741
    outer loop
      vertex -48 -13.3061 17.9094
      vertex -45.6 -13.4472 17.9375
      vertex -45.6 -13.3061 17.9094
    endloop
  endfacet
  facet normal 0 0.195314 0.980741
    outer loop
      vertex -45.6 -13.4472 17.9375
      vertex -48 -13.3061 17.9094
      vertex -48 -13.4472 17.9375
    endloop
  endfacet
  facet normal 0 -0.751801 -0.65939
    outer loop
      vertex -45.35 -12.2898 19.6696
      vertex -45.1 -12.3847 19.7778
      vertex -45.35 -12.3847 19.7778
    endloop
  endfacet
  facet normal 0 -0.751801 -0.65939
    outer loop
      vertex -45.1 -12.3847 19.7778
      vertex -45.35 -12.2898 19.6696
      vertex -45.1 -12.2898 19.6696
    endloop
  endfacet
  facet normal 0 -0.751801 -0.65939
    outer loop
      vertex -48 -12.2898 19.6696
      vertex -45.6 -12.3847 19.7778
      vertex -48 -12.3847 19.7778
    endloop
  endfacet
  facet normal 0 -0.751801 -0.65939
    outer loop
      vertex -45.6 -12.3847 19.7778
      vertex -48 -12.2898 19.6696
      vertex -45.6 -12.2898 19.6696
    endloop
  endfacet
  facet normal 0 -0.555502 -0.831515
    outer loop
      vertex -45.35 -12.6125 19.9526
      vertex -45.1 -12.4929 19.8727
      vertex -45.1 -12.6125 19.9526
    endloop
  endfacet
  facet normal -0 -0.555502 -0.831515
    outer loop
      vertex -45.1 -12.4929 19.8727
      vertex -45.35 -12.6125 19.9526
      vertex -45.35 -12.4929 19.8727
    endloop
  endfacet
  facet normal 0 -0.555502 -0.831515
    outer loop
      vertex -48 -12.6125 19.9526
      vertex -45.6 -12.4929 19.8727
      vertex -45.6 -12.6125 19.9526
    endloop
  endfacet
  facet normal -0 -0.555502 -0.831515
    outer loop
      vertex -45.6 -12.4929 19.8727
      vertex -48 -12.6125 19.9526
      vertex -48 -12.4929 19.8727
    endloop
  endfacet
  facet normal 0 -0.980741 -0.195314
    outer loop
      vertex -45.35 -12.0719 19.1436
      vertex -45.1 -12.1 19.2847
      vertex -45.35 -12.1 19.2847
    endloop
  endfacet
  facet normal 0 -0.980741 -0.195314
    outer loop
      vertex -45.1 -12.1 19.2847
      vertex -45.35 -12.0719 19.1436
      vertex -45.1 -12.0719 19.1436
    endloop
  endfacet
  facet normal 0 -0.980741 -0.195314
    outer loop
      vertex -48 -12.0719 19.1436
      vertex -45.6 -12.1 19.2847
      vertex -48 -12.1 19.2847
    endloop
  endfacet
  facet normal 0 -0.980741 -0.195314
    outer loop
      vertex -45.6 -12.1 19.2847
      vertex -48 -12.0719 19.1436
      vertex -45.6 -12.0719 19.1436
    endloop
  endfacet
  facet normal 0 -0.44276 0.89664
    outer loop
      vertex -48 -12.6125 18.0474
      vertex -45.6 -12.7415 17.9837
      vertex -45.6 -12.6125 18.0474
    endloop
  endfacet
  facet normal 0 -0.44276 0.89664
    outer loop
      vertex -45.6 -12.7415 17.9837
      vertex -48 -12.6125 18.0474
      vertex -48 -12.7415 17.9837
    endloop
  endfacet
  facet normal 0 -0.195314 0.980741
    outer loop
      vertex -48 -12.8778 17.9375
      vertex -45.6 -13.0189 17.9094
      vertex -45.6 -12.8778 17.9375
    endloop
  endfacet
  facet normal 0 -0.195314 0.980741
    outer loop
      vertex -45.6 -13.0189 17.9094
      vertex -48 -12.8778 17.9375
      vertex -48 -13.0189 17.9094
    endloop
  endfacet
  facet normal 0 -0.831515 0.555502
    outer loop
      vertex -48 -12.2898 18.3304
      vertex -45.6 -12.2099 18.45
      vertex -48 -12.2099 18.45
    endloop
  endfacet
  facet normal 0 -0.831515 0.555502
    outer loop
      vertex -45.6 -12.2099 18.45
      vertex -48 -12.2898 18.3304
      vertex -45.6 -12.2898 18.3304
    endloop
  endfacet
  facet normal 0 -0.751801 0.65939
    outer loop
      vertex -48 -12.3847 18.2222
      vertex -45.6 -12.2898 18.3304
      vertex -48 -12.2898 18.3304
    endloop
  endfacet
  facet normal 0 -0.751801 0.65939
    outer loop
      vertex -45.6 -12.2898 18.3304
      vertex -48 -12.3847 18.2222
      vertex -45.6 -12.3847 18.2222
    endloop
  endfacet
  facet normal 0 -0.980741 0.195314
    outer loop
      vertex -48 -12.1 18.7153
      vertex -45.6 -12.0719 18.8564
      vertex -48 -12.0719 18.8564
    endloop
  endfacet
  facet normal 0 -0.980741 0.195314
    outer loop
      vertex -45.6 -12.0719 18.8564
      vertex -48 -12.1 18.7153
      vertex -45.6 -12.1 18.7153
    endloop
  endfacet
  facet normal 0 0.65939 -0.751801
    outer loop
      vertex -45.35 -13.9403 19.7778
      vertex -45.1 -13.8321 19.8727
      vertex -45.1 -13.9403 19.7778
    endloop
  endfacet
  facet normal 0 0.65939 -0.751801
    outer loop
      vertex -45.1 -13.8321 19.8727
      vertex -45.35 -13.9403 19.7778
      vertex -45.35 -13.8321 19.8727
    endloop
  endfacet
  facet normal 0 0.65939 -0.751801
    outer loop
      vertex -48 -13.9403 19.7778
      vertex -45.6 -13.8321 19.8727
      vertex -45.6 -13.9403 19.7778
    endloop
  endfacet
  facet normal 0 0.65939 -0.751801
    outer loop
      vertex -45.6 -13.8321 19.8727
      vertex -48 -13.9403 19.7778
      vertex -48 -13.8321 19.8727
    endloop
  endfacet
  facet normal 0 0.831515 -0.555502
    outer loop
      vertex -45.1 -14.1151 19.55
      vertex -45.35 -14.0352 19.6696
      vertex -45.1 -14.0352 19.6696
    endloop
  endfacet
  facet normal 0 0.831515 -0.555502
    outer loop
      vertex -45.35 -14.0352 19.6696
      vertex -45.1 -14.1151 19.55
      vertex -45.35 -14.1151 19.55
    endloop
  endfacet
  facet normal 0 0.831515 -0.555502
    outer loop
      vertex -45.6 -14.1151 19.55
      vertex -48 -14.0352 19.6696
      vertex -45.6 -14.0352 19.6696
    endloop
  endfacet
  facet normal 0 0.831515 -0.555502
    outer loop
      vertex -48 -14.0352 19.6696
      vertex -45.6 -14.1151 19.55
      vertex -48 -14.1151 19.55
    endloop
  endfacet
  facet normal 0 0.831515 0.555502
    outer loop
      vertex -45.6 -14.0352 18.3304
      vertex -48 -14.1151 18.45
      vertex -45.6 -14.1151 18.45
    endloop
  endfacet
  facet normal 0 0.831515 0.555502
    outer loop
      vertex -48 -14.1151 18.45
      vertex -45.6 -14.0352 18.3304
      vertex -48 -14.0352 18.3304
    endloop
  endfacet
  facet normal 0 0.947073 0.321018
    outer loop
      vertex -45.6 -14.1788 18.579
      vertex -48 -14.225 18.7153
      vertex -45.6 -14.225 18.7153
    endloop
  endfacet
  facet normal 0 0.947073 0.321018
    outer loop
      vertex -48 -14.225 18.7153
      vertex -45.6 -14.1788 18.579
      vertex -48 -14.1788 18.579
    endloop
  endfacet
  facet normal 0 0.980741 0.195314
    outer loop
      vertex -45.6 -14.225 18.7153
      vertex -48 -14.2531 18.8564
      vertex -45.6 -14.2531 18.8564
    endloop
  endfacet
  facet normal 0 0.980741 0.195314
    outer loop
      vertex -48 -14.2531 18.8564
      vertex -45.6 -14.225 18.7153
      vertex -48 -14.225 18.7153
    endloop
  endfacet
  facet normal -0 0.44276 0.89664
    outer loop
      vertex -48 -13.5835 17.9837
      vertex -45.6 -13.7125 18.0474
      vertex -45.6 -13.5835 17.9837
    endloop
  endfacet
  facet normal 0 0.44276 0.89664
    outer loop
      vertex -45.6 -13.7125 18.0474
      vertex -48 -13.5835 17.9837
      vertex -48 -13.7125 18.0474
    endloop
  endfacet
  facet normal -0 0.555502 0.831515
    outer loop
      vertex -48 -13.7125 18.0474
      vertex -45.6 -13.8321 18.1273
      vertex -45.6 -13.7125 18.0474
    endloop
  endfacet
  facet normal 0 0.555502 0.831515
    outer loop
      vertex -45.6 -13.8321 18.1273
      vertex -48 -13.7125 18.0474
      vertex -48 -13.8321 18.1273
    endloop
  endfacet
  facet normal -0 0.0653198 0.997864
    outer loop
      vertex -48 -13.1625 17.9
      vertex -45.6 -13.3061 17.9094
      vertex -45.6 -13.1625 17.9
    endloop
  endfacet
  facet normal 0 0.0653198 0.997864
    outer loop
      vertex -45.6 -13.3061 17.9094
      vertex -48 -13.1625 17.9
      vertex -48 -13.3061 17.9094
    endloop
  endfacet
  facet normal 0 -0.321018 -0.947073
    outer loop
      vertex -45.35 -12.8778 20.0625
      vertex -45.1 -12.7415 20.0163
      vertex -45.1 -12.8778 20.0625
    endloop
  endfacet
  facet normal -0 -0.321018 -0.947073
    outer loop
      vertex -45.1 -12.7415 20.0163
      vertex -45.35 -12.8778 20.0625
      vertex -45.35 -12.7415 20.0163
    endloop
  endfacet
  facet normal 0 -0.321018 -0.947073
    outer loop
      vertex -48 -12.8778 20.0625
      vertex -45.6 -12.7415 20.0163
      vertex -45.6 -12.8778 20.0625
    endloop
  endfacet
  facet normal -0 -0.321018 -0.947073
    outer loop
      vertex -45.6 -12.7415 20.0163
      vertex -48 -12.8778 20.0625
      vertex -48 -12.7415 20.0163
    endloop
  endfacet
  facet normal 0 -0.44276 -0.89664
    outer loop
      vertex -45.35 -12.7415 20.0163
      vertex -45.1 -12.6125 19.9526
      vertex -45.1 -12.7415 20.0163
    endloop
  endfacet
  facet normal -0 -0.44276 -0.89664
    outer loop
      vertex -45.1 -12.6125 19.9526
      vertex -45.35 -12.7415 20.0163
      vertex -45.35 -12.6125 19.9526
    endloop
  endfacet
  facet normal 0 -0.44276 -0.89664
    outer loop
      vertex -48 -12.7415 20.0163
      vertex -45.6 -12.6125 19.9526
      vertex -45.6 -12.7415 20.0163
    endloop
  endfacet
  facet normal -0 -0.44276 -0.89664
    outer loop
      vertex -45.6 -12.6125 19.9526
      vertex -48 -12.7415 20.0163
      vertex -48 -12.6125 19.9526
    endloop
  endfacet
  facet normal 0 -0.65939 -0.751801
    outer loop
      vertex -45.35 -12.4929 19.8727
      vertex -45.1 -12.3847 19.7778
      vertex -45.1 -12.4929 19.8727
    endloop
  endfacet
  facet normal -0 -0.65939 -0.751801
    outer loop
      vertex -45.1 -12.3847 19.7778
      vertex -45.35 -12.4929 19.8727
      vertex -45.35 -12.3847 19.7778
    endloop
  endfacet
  facet normal 0 -0.65939 -0.751801
    outer loop
      vertex -48 -12.4929 19.8727
      vertex -45.6 -12.3847 19.7778
      vertex -45.6 -12.4929 19.8727
    endloop
  endfacet
  facet normal -0 -0.65939 -0.751801
    outer loop
      vertex -45.6 -12.3847 19.7778
      vertex -48 -12.4929 19.8727
      vertex -48 -12.3847 19.7778
    endloop
  endfacet
  facet normal 0 -0.997864 -0.0653198
    outer loop
      vertex -45.35 -12.0625 19
      vertex -45.1 -12.0719 19.1436
      vertex -45.35 -12.0719 19.1436
    endloop
  endfacet
  facet normal 0 -0.997864 -0.0653198
    outer loop
      vertex -45.1 -12.0719 19.1436
      vertex -45.35 -12.0625 19
      vertex -45.1 -12.0625 19
    endloop
  endfacet
  facet normal 0 -0.997864 -0.0653198
    outer loop
      vertex -48 -12.0625 19
      vertex -45.6 -12.0719 19.1436
      vertex -48 -12.0719 19.1436
    endloop
  endfacet
  facet normal 0 -0.997864 -0.0653198
    outer loop
      vertex -45.6 -12.0719 19.1436
      vertex -48 -12.0625 19
      vertex -45.6 -12.0625 19
    endloop
  endfacet
  facet normal 0 -0.89664 -0.44276
    outer loop
      vertex -45.35 -12.1462 19.421
      vertex -45.1 -12.2099 19.55
      vertex -45.35 -12.2099 19.55
    endloop
  endfacet
  facet normal 0 -0.89664 -0.44276
    outer loop
      vertex -45.1 -12.2099 19.55
      vertex -45.35 -12.1462 19.421
      vertex -45.1 -12.1462 19.421
    endloop
  endfacet
  facet normal 0 -0.89664 -0.44276
    outer loop
      vertex -48 -12.1462 19.421
      vertex -45.6 -12.2099 19.55
      vertex -48 -12.2099 19.55
    endloop
  endfacet
  facet normal 0 -0.89664 -0.44276
    outer loop
      vertex -45.6 -12.2099 19.55
      vertex -48 -12.1462 19.421
      vertex -45.6 -12.1462 19.421
    endloop
  endfacet
  facet normal 0 -0.947073 -0.321018
    outer loop
      vertex -45.35 -12.1 19.2847
      vertex -45.1 -12.1462 19.421
      vertex -45.35 -12.1462 19.421
    endloop
  endfacet
  facet normal 0 -0.947073 -0.321018
    outer loop
      vertex -45.1 -12.1462 19.421
      vertex -45.35 -12.1 19.2847
      vertex -45.1 -12.1 19.2847
    endloop
  endfacet
  facet normal 0 -0.947073 -0.321018
    outer loop
      vertex -48 -12.1 19.2847
      vertex -45.6 -12.1462 19.421
      vertex -48 -12.1462 19.421
    endloop
  endfacet
  facet normal 0 -0.947073 -0.321018
    outer loop
      vertex -45.6 -12.1462 19.421
      vertex -48 -12.1 19.2847
      vertex -45.6 -12.1 19.2847
    endloop
  endfacet
  facet normal 0 0.980741 -0.195314
    outer loop
      vertex -45.1 -14.2531 19.1436
      vertex -45.35 -14.225 19.2847
      vertex -45.1 -14.225 19.2847
    endloop
  endfacet
  facet normal 0 0.980741 -0.195314
    outer loop
      vertex -45.35 -14.225 19.2847
      vertex -45.1 -14.2531 19.1436
      vertex -45.35 -14.2531 19.1436
    endloop
  endfacet
  facet normal 0 0.980741 -0.195314
    outer loop
      vertex -45.6 -14.2531 19.1436
      vertex -48 -14.225 19.2847
      vertex -45.6 -14.225 19.2847
    endloop
  endfacet
  facet normal 0 0.980741 -0.195314
    outer loop
      vertex -48 -14.225 19.2847
      vertex -45.6 -14.2531 19.1436
      vertex -48 -14.2531 19.1436
    endloop
  endfacet
  facet normal 0 0.947073 -0.321018
    outer loop
      vertex -45.1 -14.225 19.2847
      vertex -45.35 -14.1788 19.421
      vertex -45.1 -14.1788 19.421
    endloop
  endfacet
  facet normal 0 0.947073 -0.321018
    outer loop
      vertex -45.35 -14.1788 19.421
      vertex -45.1 -14.225 19.2847
      vertex -45.35 -14.225 19.2847
    endloop
  endfacet
  facet normal 0 0.947073 -0.321018
    outer loop
      vertex -45.6 -14.225 19.2847
      vertex -48 -14.1788 19.421
      vertex -45.6 -14.1788 19.421
    endloop
  endfacet
  facet normal 0 0.947073 -0.321018
    outer loop
      vertex -48 -14.1788 19.421
      vertex -45.6 -14.225 19.2847
      vertex -48 -14.225 19.2847
    endloop
  endfacet
  facet normal 0 0.89664 -0.44276
    outer loop
      vertex -45.1 -14.1788 19.421
      vertex -45.35 -14.1151 19.55
      vertex -45.1 -14.1151 19.55
    endloop
  endfacet
  facet normal 0 0.89664 -0.44276
    outer loop
      vertex -45.35 -14.1151 19.55
      vertex -45.1 -14.1788 19.421
      vertex -45.35 -14.1788 19.421
    endloop
  endfacet
  facet normal 0 0.89664 -0.44276
    outer loop
      vertex -45.6 -14.1788 19.421
      vertex -48 -14.1151 19.55
      vertex -45.6 -14.1151 19.55
    endloop
  endfacet
  facet normal 0 0.89664 -0.44276
    outer loop
      vertex -48 -14.1151 19.55
      vertex -45.6 -14.1788 19.421
      vertex -48 -14.1788 19.421
    endloop
  endfacet
  facet normal 0 0.751801 -0.65939
    outer loop
      vertex -45.1 -14.0352 19.6696
      vertex -45.35 -13.9403 19.7778
      vertex -45.1 -13.9403 19.7778
    endloop
  endfacet
  facet normal 0 0.751801 -0.65939
    outer loop
      vertex -45.35 -13.9403 19.7778
      vertex -45.1 -14.0352 19.6696
      vertex -45.35 -14.0352 19.6696
    endloop
  endfacet
  facet normal 0 0.751801 -0.65939
    outer loop
      vertex -45.6 -14.0352 19.6696
      vertex -48 -13.9403 19.7778
      vertex -45.6 -13.9403 19.7778
    endloop
  endfacet
  facet normal 0 0.751801 -0.65939
    outer loop
      vertex -48 -13.9403 19.7778
      vertex -45.6 -14.0352 19.6696
      vertex -48 -14.0352 19.6696
    endloop
  endfacet
  facet normal 0 0.195314 -0.980741
    outer loop
      vertex -45.35 -13.4472 20.0625
      vertex -45.1 -13.3061 20.0906
      vertex -45.1 -13.4472 20.0625
    endloop
  endfacet
  facet normal 0 0.195314 -0.980741
    outer loop
      vertex -45.1 -13.3061 20.0906
      vertex -45.35 -13.4472 20.0625
      vertex -45.35 -13.3061 20.0906
    endloop
  endfacet
  facet normal 0 0.195314 -0.980741
    outer loop
      vertex -48 -13.4472 20.0625
      vertex -45.6 -13.3061 20.0906
      vertex -45.6 -13.4472 20.0625
    endloop
  endfacet
  facet normal 0 0.195314 -0.980741
    outer loop
      vertex -45.6 -13.3061 20.0906
      vertex -48 -13.4472 20.0625
      vertex -48 -13.3061 20.0906
    endloop
  endfacet
  facet normal 0 0.0653198 -0.997864
    outer loop
      vertex -45.35 -13.3061 20.0906
      vertex -45.1 -13.1625 20.1
      vertex -45.1 -13.3061 20.0906
    endloop
  endfacet
  facet normal 0 0.0653198 -0.997864
    outer loop
      vertex -45.1 -13.1625 20.1
      vertex -45.35 -13.3061 20.0906
      vertex -45.35 -13.1625 20.1
    endloop
  endfacet
  facet normal 0 0.0653198 -0.997864
    outer loop
      vertex -48 -13.3061 20.0906
      vertex -45.6 -13.1625 20.1
      vertex -45.6 -13.3061 20.0906
    endloop
  endfacet
  facet normal 0 0.0653198 -0.997864
    outer loop
      vertex -45.6 -13.1625 20.1
      vertex -48 -13.3061 20.0906
      vertex -48 -13.1625 20.1
    endloop
  endfacet
  facet normal 0 0.321018 -0.947073
    outer loop
      vertex -45.35 -13.5835 20.0163
      vertex -45.1 -13.4472 20.0625
      vertex -45.1 -13.5835 20.0163
    endloop
  endfacet
  facet normal 0 0.321018 -0.947073
    outer loop
      vertex -45.1 -13.4472 20.0625
      vertex -45.35 -13.5835 20.0163
      vertex -45.35 -13.4472 20.0625
    endloop
  endfacet
  facet normal 0 0.321018 -0.947073
    outer loop
      vertex -48 -13.5835 20.0163
      vertex -45.6 -13.4472 20.0625
      vertex -45.6 -13.5835 20.0163
    endloop
  endfacet
  facet normal 0 0.321018 -0.947073
    outer loop
      vertex -45.6 -13.4472 20.0625
      vertex -48 -13.5835 20.0163
      vertex -48 -13.4472 20.0625
    endloop
  endfacet
  facet normal 0 -0.0653289 -0.997864
    outer loop
      vertex -48 -7.1625 15.1
      vertex -45.6 -7.01892 15.0906
      vertex -45.6 -7.1625 15.1
    endloop
  endfacet
  facet normal -0 -0.0653289 -0.997864
    outer loop
      vertex -45.6 -7.01892 15.0906
      vertex -48 -7.1625 15.1
      vertex -48 -7.01892 15.0906
    endloop
  endfacet
  facet normal 0 -0.195287 -0.980746
    outer loop
      vertex -48 -7.01892 15.0906
      vertex -45.6 -6.8778 15.0625
      vertex -45.6 -7.01892 15.0906
    endloop
  endfacet
  facet normal -0 -0.195287 -0.980746
    outer loop
      vertex -45.6 -6.8778 15.0625
      vertex -48 -7.01892 15.0906
      vertex -48 -6.8778 15.0625
    endloop
  endfacet
  facet normal 0 -0.0653289 0.997864
    outer loop
      vertex -48 -7.01892 12.9094
      vertex -45.6 -7.1625 12.9
      vertex -45.6 -7.01892 12.9094
    endloop
  endfacet
  facet normal 0 -0.0653289 0.997864
    outer loop
      vertex -45.6 -7.1625 12.9
      vertex -48 -7.01892 12.9094
      vertex -48 -7.1625 12.9
    endloop
  endfacet
  facet normal 0 -0.99786 0.065389
    outer loop
      vertex -48 -6.07191 13.8564
      vertex -45.6 -6.0625 14
      vertex -48 -6.0625 14
    endloop
  endfacet
  facet normal 0 -0.99786 0.065389
    outer loop
      vertex -45.6 -6.0625 14
      vertex -48 -6.07191 13.8564
      vertex -45.6 -6.07191 13.8564
    endloop
  endfacet
  facet normal 0 0.99786 0.065389
    outer loop
      vertex -45.6 -8.25309 13.8564
      vertex -48 -8.2625 14
      vertex -45.6 -8.2625 14
    endloop
  endfacet
  facet normal 0 0.99786 0.065389
    outer loop
      vertex -48 -8.2625 14
      vertex -45.6 -8.25309 13.8564
      vertex -48 -8.25309 13.8564
    endloop
  endfacet
  facet normal -0 0.659458 0.751741
    outer loop
      vertex -48 -7.83214 13.1273
      vertex -45.6 -7.94032 13.2222
      vertex -45.6 -7.83214 13.1273
    endloop
  endfacet
  facet normal 0 0.659458 0.751741
    outer loop
      vertex -45.6 -7.94032 13.2222
      vertex -48 -7.83214 13.1273
      vertex -48 -7.94032 13.2222
    endloop
  endfacet
  facet normal 0 -0.659458 0.751741
    outer loop
      vertex -48 -6.38468 13.2222
      vertex -45.6 -6.49286 13.1273
      vertex -45.6 -6.38468 13.2222
    endloop
  endfacet
  facet normal 0 -0.659458 0.751741
    outer loop
      vertex -45.6 -6.49286 13.1273
      vertex -48 -6.38468 13.2222
      vertex -48 -6.49286 13.1273
    endloop
  endfacet
  facet normal 0 -0.896806 0.442424
    outer loop
      vertex -48 -6.20987 13.45
      vertex -45.6 -6.14623 13.579
      vertex -48 -6.14623 13.579
    endloop
  endfacet
  facet normal 0 -0.896806 0.442424
    outer loop
      vertex -45.6 -6.14623 13.579
      vertex -48 -6.20987 13.45
      vertex -45.6 -6.20987 13.45
    endloop
  endfacet
  facet normal 0 0.99786 -0.065389
    outer loop
      vertex -45.6 -8.2625 14
      vertex -48 -8.25309 14.1436
      vertex -45.6 -8.25309 14.1436
    endloop
  endfacet
  facet normal 0 0.99786 -0.065389
    outer loop
      vertex -48 -8.25309 14.1436
      vertex -45.6 -8.2625 14
      vertex -48 -8.2625 14
    endloop
  endfacet
  facet normal 0 0.555374 -0.831601
    outer loop
      vertex -48 -7.83214 14.8727
      vertex -45.6 -7.7125 14.9526
      vertex -45.6 -7.83214 14.8727
    endloop
  endfacet
  facet normal 0 0.555374 -0.831601
    outer loop
      vertex -45.6 -7.7125 14.9526
      vertex -48 -7.83214 14.8727
      vertex -48 -7.7125 14.9526
    endloop
  endfacet
  facet normal -0 0.321124 0.947037
    outer loop
      vertex -48 -7.4472 12.9375
      vertex -45.6 -7.58345 12.9837
      vertex -45.6 -7.4472 12.9375
    endloop
  endfacet
  facet normal 0 0.321124 0.947037
    outer loop
      vertex -45.6 -7.58345 12.9837
      vertex -48 -7.4472 12.9375
      vertex -48 -7.58345 12.9837
    endloop
  endfacet
  facet normal 0 -0.831387 -0.555694
    outer loop
      vertex -48 -6.20987 14.55
      vertex -45.6 -6.28981 14.6696
      vertex -48 -6.28981 14.6696
    endloop
  endfacet
  facet normal 0 -0.831387 -0.555694
    outer loop
      vertex -45.6 -6.28981 14.6696
      vertex -48 -6.20987 14.55
      vertex -45.6 -6.20987 14.55
    endloop
  endfacet
  facet normal 0 -0.321124 0.947037
    outer loop
      vertex -48 -6.74155 12.9837
      vertex -45.6 -6.8778 12.9375
      vertex -45.6 -6.74155 12.9837
    endloop
  endfacet
  facet normal 0 -0.321124 0.947037
    outer loop
      vertex -45.6 -6.8778 12.9375
      vertex -48 -6.74155 12.9837
      vertex -48 -6.8778 12.9375
    endloop
  endfacet
  facet normal 0 -0.555374 0.831601
    outer loop
      vertex -48 -6.49286 13.1273
      vertex -45.6 -6.6125 13.0474
      vertex -45.6 -6.49286 13.1273
    endloop
  endfacet
  facet normal 0 -0.555374 0.831601
    outer loop
      vertex -45.6 -6.6125 13.0474
      vertex -48 -6.49286 13.1273
      vertex -48 -6.6125 13.0474
    endloop
  endfacet
  facet normal 0 -0.946967 0.32133
    outer loop
      vertex -48 -6.14623 13.579
      vertex -45.6 -6.09998 13.7153
      vertex -48 -6.09998 13.7153
    endloop
  endfacet
  facet normal 0 -0.946967 0.32133
    outer loop
      vertex -45.6 -6.09998 13.7153
      vertex -48 -6.14623 13.579
      vertex -45.6 -6.14623 13.579
    endloop
  endfacet
  facet normal 0 0.442622 -0.896708
    outer loop
      vertex -48 -7.7125 14.9526
      vertex -45.6 -7.58345 15.0163
      vertex -45.6 -7.7125 14.9526
    endloop
  endfacet
  facet normal 0 0.442622 -0.896708
    outer loop
      vertex -45.6 -7.58345 15.0163
      vertex -48 -7.7125 14.9526
      vertex -48 -7.58345 15.0163
    endloop
  endfacet
  facet normal 0 0.896806 0.442424
    outer loop
      vertex -45.6 -8.11513 13.45
      vertex -48 -8.17877 13.579
      vertex -45.6 -8.17877 13.579
    endloop
  endfacet
  facet normal 0 0.896806 0.442424
    outer loop
      vertex -48 -8.17877 13.579
      vertex -45.6 -8.11513 13.45
      vertex -48 -8.11513 13.45
    endloop
  endfacet
  facet normal 0 0.751905 0.659272
    outer loop
      vertex -45.6 -7.94032 13.2222
      vertex -48 -8.03519 13.3304
      vertex -45.6 -8.03519 13.3304
    endloop
  endfacet
  facet normal 0 0.751905 0.659272
    outer loop
      vertex -48 -8.03519 13.3304
      vertex -45.6 -7.94032 13.2222
      vertex -48 -7.94032 13.2222
    endloop
  endfacet
  facet normal -0 0.195287 0.980746
    outer loop
      vertex -48 -7.30608 12.9094
      vertex -45.6 -7.4472 12.9375
      vertex -45.6 -7.30608 12.9094
    endloop
  endfacet
  facet normal 0 0.195287 0.980746
    outer loop
      vertex -45.6 -7.4472 12.9375
      vertex -48 -7.30608 12.9094
      vertex -48 -7.4472 12.9375
    endloop
  endfacet
  facet normal 0 -0.751905 -0.659272
    outer loop
      vertex -48 -6.28981 14.6696
      vertex -45.6 -6.38468 14.7778
      vertex -48 -6.38468 14.7778
    endloop
  endfacet
  facet normal 0 -0.751905 -0.659272
    outer loop
      vertex -45.6 -6.38468 14.7778
      vertex -48 -6.28981 14.6696
      vertex -45.6 -6.28981 14.6696
    endloop
  endfacet
  facet normal 0 -0.555374 -0.831601
    outer loop
      vertex -48 -6.6125 14.9526
      vertex -45.6 -6.49286 14.8727
      vertex -45.6 -6.6125 14.9526
    endloop
  endfacet
  facet normal -0 -0.555374 -0.831601
    outer loop
      vertex -45.6 -6.49286 14.8727
      vertex -48 -6.6125 14.9526
      vertex -48 -6.49286 14.8727
    endloop
  endfacet
  facet normal 0 -0.980781 -0.195113
    outer loop
      vertex -48 -6.07191 14.1436
      vertex -45.6 -6.09998 14.2847
      vertex -48 -6.09998 14.2847
    endloop
  endfacet
  facet normal 0 -0.980781 -0.195113
    outer loop
      vertex -45.6 -6.09998 14.2847
      vertex -48 -6.07191 14.1436
      vertex -45.6 -6.07191 14.1436
    endloop
  endfacet
  facet normal 0 -0.442622 0.896708
    outer loop
      vertex -48 -6.6125 13.0474
      vertex -45.6 -6.74155 12.9837
      vertex -45.6 -6.6125 13.0474
    endloop
  endfacet
  facet normal 0 -0.442622 0.896708
    outer loop
      vertex -45.6 -6.74155 12.9837
      vertex -48 -6.6125 13.0474
      vertex -48 -6.74155 12.9837
    endloop
  endfacet
  facet normal 0 -0.195287 0.980746
    outer loop
      vertex -48 -6.8778 12.9375
      vertex -45.6 -7.01892 12.9094
      vertex -45.6 -6.8778 12.9375
    endloop
  endfacet
  facet normal 0 -0.195287 0.980746
    outer loop
      vertex -45.6 -7.01892 12.9094
      vertex -48 -6.8778 12.9375
      vertex -48 -7.01892 12.9094
    endloop
  endfacet
  facet normal 0 -0.831387 0.555694
    outer loop
      vertex -48 -6.28981 13.3304
      vertex -45.6 -6.20987 13.45
      vertex -48 -6.20987 13.45
    endloop
  endfacet
  facet normal 0 -0.831387 0.555694
    outer loop
      vertex -45.6 -6.20987 13.45
      vertex -48 -6.28981 13.3304
      vertex -45.6 -6.28981 13.3304
    endloop
  endfacet
  facet normal 0 -0.751905 0.659272
    outer loop
      vertex -48 -6.38468 13.2222
      vertex -45.6 -6.28981 13.3304
      vertex -48 -6.28981 13.3304
    endloop
  endfacet
  facet normal 0 -0.751905 0.659272
    outer loop
      vertex -45.6 -6.28981 13.3304
      vertex -48 -6.38468 13.2222
      vertex -45.6 -6.38468 13.2222
    endloop
  endfacet
  facet normal 0 -0.980781 0.195113
    outer loop
      vertex -48 -6.09998 13.7153
      vertex -45.6 -6.07191 13.8564
      vertex -48 -6.07191 13.8564
    endloop
  endfacet
  facet normal 0 -0.980781 0.195113
    outer loop
      vertex -45.6 -6.07191 13.8564
      vertex -48 -6.09998 13.7153
      vertex -45.6 -6.09998 13.7153
    endloop
  endfacet
  facet normal 0 0.659458 -0.751741
    outer loop
      vertex -48 -7.94032 14.7778
      vertex -45.6 -7.83214 14.8727
      vertex -45.6 -7.94032 14.7778
    endloop
  endfacet
  facet normal 0 0.659458 -0.751741
    outer loop
      vertex -45.6 -7.83214 14.8727
      vertex -48 -7.94032 14.7778
      vertex -48 -7.83214 14.8727
    endloop
  endfacet
  facet normal 0 0.831387 -0.555694
    outer loop
      vertex -45.6 -8.11513 14.55
      vertex -48 -8.03519 14.6696
      vertex -45.6 -8.03519 14.6696
    endloop
  endfacet
  facet normal 0 0.831387 -0.555694
    outer loop
      vertex -48 -8.03519 14.6696
      vertex -45.6 -8.11513 14.55
      vertex -48 -8.11513 14.55
    endloop
  endfacet
  facet normal 0 0.831387 0.555694
    outer loop
      vertex -45.6 -8.03519 13.3304
      vertex -48 -8.11513 13.45
      vertex -45.6 -8.11513 13.45
    endloop
  endfacet
  facet normal 0 0.831387 0.555694
    outer loop
      vertex -48 -8.11513 13.45
      vertex -45.6 -8.03519 13.3304
      vertex -48 -8.03519 13.3304
    endloop
  endfacet
  facet normal 0 0.946967 0.32133
    outer loop
      vertex -45.6 -8.17877 13.579
      vertex -48 -8.22502 13.7153
      vertex -45.6 -8.22502 13.7153
    endloop
  endfacet
  facet normal 0 0.946967 0.32133
    outer loop
      vertex -48 -8.22502 13.7153
      vertex -45.6 -8.17877 13.579
      vertex -48 -8.17877 13.579
    endloop
  endfacet
  facet normal 0 0.980781 0.195113
    outer loop
      vertex -45.6 -8.22502 13.7153
      vertex -48 -8.25309 13.8564
      vertex -45.6 -8.25309 13.8564
    endloop
  endfacet
  facet normal 0 0.980781 0.195113
    outer loop
      vertex -48 -8.25309 13.8564
      vertex -45.6 -8.22502 13.7153
      vertex -48 -8.22502 13.7153
    endloop
  endfacet
  facet normal -0 0.442622 0.896708
    outer loop
      vertex -48 -7.58345 12.9837
      vertex -45.6 -7.7125 13.0474
      vertex -45.6 -7.58345 12.9837
    endloop
  endfacet
  facet normal 0 0.442622 0.896708
    outer loop
      vertex -45.6 -7.7125 13.0474
      vertex -48 -7.58345 12.9837
      vertex -48 -7.7125 13.0474
    endloop
  endfacet
  facet normal -0 0.555374 0.831601
    outer loop
      vertex -48 -7.7125 13.0474
      vertex -45.6 -7.83214 13.1273
      vertex -45.6 -7.7125 13.0474
    endloop
  endfacet
  facet normal 0 0.555374 0.831601
    outer loop
      vertex -45.6 -7.83214 13.1273
      vertex -48 -7.7125 13.0474
      vertex -48 -7.83214 13.1273
    endloop
  endfacet
  facet normal -0 0.0653289 0.997864
    outer loop
      vertex -48 -7.1625 12.9
      vertex -45.6 -7.30608 12.9094
      vertex -45.6 -7.1625 12.9
    endloop
  endfacet
  facet normal 0 0.0653289 0.997864
    outer loop
      vertex -45.6 -7.30608 12.9094
      vertex -48 -7.1625 12.9
      vertex -48 -7.30608 12.9094
    endloop
  endfacet
  facet normal 0 -0.321124 -0.947037
    outer loop
      vertex -48 -6.8778 15.0625
      vertex -45.6 -6.74155 15.0163
      vertex -45.6 -6.8778 15.0625
    endloop
  endfacet
  facet normal -0 -0.321124 -0.947037
    outer loop
      vertex -45.6 -6.74155 15.0163
      vertex -48 -6.8778 15.0625
      vertex -48 -6.74155 15.0163
    endloop
  endfacet
  facet normal 0 -0.442622 -0.896708
    outer loop
      vertex -48 -6.74155 15.0163
      vertex -45.6 -6.6125 14.9526
      vertex -45.6 -6.74155 15.0163
    endloop
  endfacet
  facet normal -0 -0.442622 -0.896708
    outer loop
      vertex -45.6 -6.6125 14.9526
      vertex -48 -6.74155 15.0163
      vertex -48 -6.6125 14.9526
    endloop
  endfacet
  facet normal 0 -0.659458 -0.751741
    outer loop
      vertex -48 -6.49286 14.8727
      vertex -45.6 -6.38468 14.7778
      vertex -45.6 -6.49286 14.8727
    endloop
  endfacet
  facet normal -0 -0.659458 -0.751741
    outer loop
      vertex -45.6 -6.38468 14.7778
      vertex -48 -6.49286 14.8727
      vertex -48 -6.38468 14.7778
    endloop
  endfacet
  facet normal 0 -0.99786 -0.065389
    outer loop
      vertex -48 -6.0625 14
      vertex -45.6 -6.07191 14.1436
      vertex -48 -6.07191 14.1436
    endloop
  endfacet
  facet normal 0 -0.99786 -0.065389
    outer loop
      vertex -45.6 -6.07191 14.1436
      vertex -48 -6.0625 14
      vertex -45.6 -6.0625 14
    endloop
  endfacet
  facet normal 0 -0.896806 -0.442424
    outer loop
      vertex -48 -6.14623 14.421
      vertex -45.6 -6.20987 14.55
      vertex -48 -6.20987 14.55
    endloop
  endfacet
  facet normal 0 -0.896806 -0.442424
    outer loop
      vertex -45.6 -6.20987 14.55
      vertex -48 -6.14623 14.421
      vertex -45.6 -6.14623 14.421
    endloop
  endfacet
  facet normal 0 -0.946967 -0.32133
    outer loop
      vertex -48 -6.09998 14.2847
      vertex -45.6 -6.14623 14.421
      vertex -48 -6.14623 14.421
    endloop
  endfacet
  facet normal 0 -0.946967 -0.32133
    outer loop
      vertex -45.6 -6.14623 14.421
      vertex -48 -6.09998 14.2847
      vertex -45.6 -6.09998 14.2847
    endloop
  endfacet
  facet normal 0 0.980781 -0.195113
    outer loop
      vertex -45.6 -8.25309 14.1436
      vertex -48 -8.22502 14.2847
      vertex -45.6 -8.22502 14.2847
    endloop
  endfacet
  facet normal 0 0.980781 -0.195113
    outer loop
      vertex -48 -8.22502 14.2847
      vertex -45.6 -8.25309 14.1436
      vertex -48 -8.25309 14.1436
    endloop
  endfacet
  facet normal 0 0.946967 -0.32133
    outer loop
      vertex -45.6 -8.22502 14.2847
      vertex -48 -8.17877 14.421
      vertex -45.6 -8.17877 14.421
    endloop
  endfacet
  facet normal 0 0.946967 -0.32133
    outer loop
      vertex -48 -8.17877 14.421
      vertex -45.6 -8.22502 14.2847
      vertex -48 -8.22502 14.2847
    endloop
  endfacet
  facet normal 0 0.896806 -0.442424
    outer loop
      vertex -45.6 -8.17877 14.421
      vertex -48 -8.11513 14.55
      vertex -45.6 -8.11513 14.55
    endloop
  endfacet
  facet normal 0 0.896806 -0.442424
    outer loop
      vertex -48 -8.11513 14.55
      vertex -45.6 -8.17877 14.421
      vertex -48 -8.17877 14.421
    endloop
  endfacet
  facet normal 0 0.751905 -0.659272
    outer loop
      vertex -45.6 -8.03519 14.6696
      vertex -48 -7.94032 14.7778
      vertex -45.6 -7.94032 14.7778
    endloop
  endfacet
  facet normal 0 0.751905 -0.659272
    outer loop
      vertex -48 -7.94032 14.7778
      vertex -45.6 -8.03519 14.6696
      vertex -48 -8.03519 14.6696
    endloop
  endfacet
  facet normal 0 0.195287 -0.980746
    outer loop
      vertex -48 -7.4472 15.0625
      vertex -45.6 -7.30608 15.0906
      vertex -45.6 -7.4472 15.0625
    endloop
  endfacet
  facet normal 0 0.195287 -0.980746
    outer loop
      vertex -45.6 -7.30608 15.0906
      vertex -48 -7.4472 15.0625
      vertex -48 -7.30608 15.0906
    endloop
  endfacet
  facet normal 0 0.0653289 -0.997864
    outer loop
      vertex -48 -7.30608 15.0906
      vertex -45.6 -7.1625 15.1
      vertex -45.6 -7.30608 15.0906
    endloop
  endfacet
  facet normal 0 0.0653289 -0.997864
    outer loop
      vertex -45.6 -7.1625 15.1
      vertex -48 -7.30608 15.0906
      vertex -48 -7.1625 15.1
    endloop
  endfacet
  facet normal 0 0.321124 -0.947037
    outer loop
      vertex -48 -7.58345 15.0163
      vertex -45.6 -7.4472 15.0625
      vertex -45.6 -7.58345 15.0163
    endloop
  endfacet
  facet normal 0 0.321124 -0.947037
    outer loop
      vertex -45.6 -7.4472 15.0625
      vertex -48 -7.58345 15.0163
      vertex -48 -7.4472 15.0625
    endloop
  endfacet
  facet normal 0 -0.0653289 -0.997864
    outer loop
      vertex -45.35 -7.1625 20.1
      vertex -45.1 -7.01892 20.0906
      vertex -45.1 -7.1625 20.1
    endloop
  endfacet
  facet normal -0 -0.0653289 -0.997864
    outer loop
      vertex -45.1 -7.01892 20.0906
      vertex -45.35 -7.1625 20.1
      vertex -45.35 -7.01892 20.0906
    endloop
  endfacet
  facet normal 0 -0.0653289 -0.997864
    outer loop
      vertex -48 -7.1625 20.1
      vertex -45.6 -7.01892 20.0906
      vertex -45.6 -7.1625 20.1
    endloop
  endfacet
  facet normal -0 -0.0653289 -0.997864
    outer loop
      vertex -45.6 -7.01892 20.0906
      vertex -48 -7.1625 20.1
      vertex -48 -7.01892 20.0906
    endloop
  endfacet
  facet normal 0 -0.195287 -0.980746
    outer loop
      vertex -45.35 -7.01892 20.0906
      vertex -45.1 -6.8778 20.0625
      vertex -45.1 -7.01892 20.0906
    endloop
  endfacet
  facet normal -0 -0.195287 -0.980746
    outer loop
      vertex -45.1 -6.8778 20.0625
      vertex -45.35 -7.01892 20.0906
      vertex -45.35 -6.8778 20.0625
    endloop
  endfacet
  facet normal 0 -0.195287 -0.980746
    outer loop
      vertex -48 -7.01892 20.0906
      vertex -45.6 -6.8778 20.0625
      vertex -45.6 -7.01892 20.0906
    endloop
  endfacet
  facet normal -0 -0.195287 -0.980746
    outer loop
      vertex -45.6 -6.8778 20.0625
      vertex -48 -7.01892 20.0906
      vertex -48 -6.8778 20.0625
    endloop
  endfacet
  facet normal 0 -0.0653289 0.997864
    outer loop
      vertex -48 -7.01892 17.9094
      vertex -45.6 -7.1625 17.9
      vertex -45.6 -7.01892 17.9094
    endloop
  endfacet
  facet normal 0 -0.0653289 0.997864
    outer loop
      vertex -45.6 -7.1625 17.9
      vertex -48 -7.01892 17.9094
      vertex -48 -7.1625 17.9
    endloop
  endfacet
  facet normal 0 -0.99786 0.065389
    outer loop
      vertex -48 -6.07191 18.8564
      vertex -45.6 -6.0625 19
      vertex -48 -6.0625 19
    endloop
  endfacet
  facet normal 0 -0.99786 0.065389
    outer loop
      vertex -45.6 -6.0625 19
      vertex -48 -6.07191 18.8564
      vertex -45.6 -6.07191 18.8564
    endloop
  endfacet
  facet normal 0 0.99786 0.065389
    outer loop
      vertex -45.6 -8.25309 18.8564
      vertex -48 -8.2625 19
      vertex -45.6 -8.2625 19
    endloop
  endfacet
  facet normal 0 0.99786 0.065389
    outer loop
      vertex -48 -8.2625 19
      vertex -45.6 -8.25309 18.8564
      vertex -48 -8.25309 18.8564
    endloop
  endfacet
  facet normal -0 0.659458 0.751741
    outer loop
      vertex -48 -7.83214 18.1273
      vertex -45.6 -7.94032 18.2222
      vertex -45.6 -7.83214 18.1273
    endloop
  endfacet
  facet normal 0 0.659458 0.751741
    outer loop
      vertex -45.6 -7.94032 18.2222
      vertex -48 -7.83214 18.1273
      vertex -48 -7.94032 18.2222
    endloop
  endfacet
  facet normal 0 -0.659458 0.751741
    outer loop
      vertex -48 -6.38468 18.2222
      vertex -45.6 -6.49286 18.1273
      vertex -45.6 -6.38468 18.2222
    endloop
  endfacet
  facet normal 0 -0.659458 0.751741
    outer loop
      vertex -45.6 -6.49286 18.1273
      vertex -48 -6.38468 18.2222
      vertex -48 -6.49286 18.1273
    endloop
  endfacet
  facet normal 0 -0.896806 0.442424
    outer loop
      vertex -48 -6.20987 18.45
      vertex -45.6 -6.14623 18.579
      vertex -48 -6.14623 18.579
    endloop
  endfacet
  facet normal 0 -0.896806 0.442424
    outer loop
      vertex -45.6 -6.14623 18.579
      vertex -48 -6.20987 18.45
      vertex -45.6 -6.20987 18.45
    endloop
  endfacet
  facet normal 0 0.99786 -0.065389
    outer loop
      vertex -45.1 -8.2625 19
      vertex -45.35 -8.25309 19.1436
      vertex -45.1 -8.25309 19.1436
    endloop
  endfacet
  facet normal 0 0.99786 -0.065389
    outer loop
      vertex -45.35 -8.25309 19.1436
      vertex -45.1 -8.2625 19
      vertex -45.35 -8.2625 19
    endloop
  endfacet
  facet normal 0 0.99786 -0.065389
    outer loop
      vertex -45.6 -8.2625 19
      vertex -48 -8.25309 19.1436
      vertex -45.6 -8.25309 19.1436
    endloop
  endfacet
  facet normal 0 0.99786 -0.065389
    outer loop
      vertex -48 -8.25309 19.1436
      vertex -45.6 -8.2625 19
      vertex -48 -8.2625 19
    endloop
  endfacet
  facet normal 0 0.555374 -0.831601
    outer loop
      vertex -45.35 -7.83214 19.8727
      vertex -45.1 -7.7125 19.9526
      vertex -45.1 -7.83214 19.8727
    endloop
  endfacet
  facet normal 0 0.555374 -0.831601
    outer loop
      vertex -45.1 -7.7125 19.9526
      vertex -45.35 -7.83214 19.8727
      vertex -45.35 -7.7125 19.9526
    endloop
  endfacet
  facet normal 0 0.555374 -0.831601
    outer loop
      vertex -48 -7.83214 19.8727
      vertex -45.6 -7.7125 19.9526
      vertex -45.6 -7.83214 19.8727
    endloop
  endfacet
  facet normal 0 0.555374 -0.831601
    outer loop
      vertex -45.6 -7.7125 19.9526
      vertex -48 -7.83214 19.8727
      vertex -48 -7.7125 19.9526
    endloop
  endfacet
  facet normal -0 0.321124 0.947037
    outer loop
      vertex -48 -7.4472 17.9375
      vertex -45.6 -7.58345 17.9837
      vertex -45.6 -7.4472 17.9375
    endloop
  endfacet
  facet normal 0 0.321124 0.947037
    outer loop
      vertex -45.6 -7.58345 17.9837
      vertex -48 -7.4472 17.9375
      vertex -48 -7.58345 17.9837
    endloop
  endfacet
  facet normal 0 -0.831387 -0.555694
    outer loop
      vertex -45.35 -6.20987 19.55
      vertex -45.1 -6.28981 19.6696
      vertex -45.35 -6.28981 19.6696
    endloop
  endfacet
  facet normal 0 -0.831387 -0.555694
    outer loop
      vertex -45.1 -6.28981 19.6696
      vertex -45.35 -6.20987 19.55
      vertex -45.1 -6.20987 19.55
    endloop
  endfacet
  facet normal 0 -0.831387 -0.555694
    outer loop
      vertex -48 -6.20987 19.55
      vertex -45.6 -6.28981 19.6696
      vertex -48 -6.28981 19.6696
    endloop
  endfacet
  facet normal 0 -0.831387 -0.555694
    outer loop
      vertex -45.6 -6.28981 19.6696
      vertex -48 -6.20987 19.55
      vertex -45.6 -6.20987 19.55
    endloop
  endfacet
  facet normal 0 -0.321124 0.947037
    outer loop
      vertex -48 -6.74155 17.9837
      vertex -45.6 -6.8778 17.9375
      vertex -45.6 -6.74155 17.9837
    endloop
  endfacet
  facet normal 0 -0.321124 0.947037
    outer loop
      vertex -45.6 -6.8778 17.9375
      vertex -48 -6.74155 17.9837
      vertex -48 -6.8778 17.9375
    endloop
  endfacet
  facet normal 0 -0.555374 0.831601
    outer loop
      vertex -48 -6.49286 18.1273
      vertex -45.6 -6.6125 18.0474
      vertex -45.6 -6.49286 18.1273
    endloop
  endfacet
  facet normal 0 -0.555374 0.831601
    outer loop
      vertex -45.6 -6.6125 18.0474
      vertex -48 -6.49286 18.1273
      vertex -48 -6.6125 18.0474
    endloop
  endfacet
  facet normal 0 -0.946967 0.32133
    outer loop
      vertex -48 -6.14623 18.579
      vertex -45.6 -6.09998 18.7153
      vertex -48 -6.09998 18.7153
    endloop
  endfacet
  facet normal 0 -0.946967 0.32133
    outer loop
      vertex -45.6 -6.09998 18.7153
      vertex -48 -6.14623 18.579
      vertex -45.6 -6.14623 18.579
    endloop
  endfacet
  facet normal 0 0.442622 -0.896708
    outer loop
      vertex -45.35 -7.7125 19.9526
      vertex -45.1 -7.58345 20.0163
      vertex -45.1 -7.7125 19.9526
    endloop
  endfacet
  facet normal 0 0.442622 -0.896708
    outer loop
      vertex -45.1 -7.58345 20.0163
      vertex -45.35 -7.7125 19.9526
      vertex -45.35 -7.58345 20.0163
    endloop
  endfacet
  facet normal 0 0.442622 -0.896708
    outer loop
      vertex -48 -7.7125 19.9526
      vertex -45.6 -7.58345 20.0163
      vertex -45.6 -7.7125 19.9526
    endloop
  endfacet
  facet normal 0 0.442622 -0.896708
    outer loop
      vertex -45.6 -7.58345 20.0163
      vertex -48 -7.7125 19.9526
      vertex -48 -7.58345 20.0163
    endloop
  endfacet
  facet normal -1 0 0
    outer loop
      vertex -45.1 -6.0625 19
      vertex -45.1 -6.09998 19.2847
      vertex -45.1 -6.07191 19.1436
    endloop
  endfacet
  facet normal -1 0 0
    outer loop
      vertex -45.1 -6.0625 19
      vertex -45.1 -6.14623 19.421
      vertex -45.1 -6.09998 19.2847
    endloop
  endfacet
  facet normal -1 0 0
    outer loop
      vertex -45.1 -6.0625 19
      vertex -45.1 -6.20987 19.55
      vertex -45.1 -6.14623 19.421
    endloop
  endfacet
  facet normal -1 0 0
    outer loop
      vertex -45.1 -6.0625 19
      vertex -45.1 -6.28981 19.6696
      vertex -45.1 -6.20987 19.55
    endloop
  endfacet
  facet normal -1 0 0
    outer loop
      vertex -45.1 -6.0625 19
      vertex -45.1 -6.38468 19.7778
      vertex -45.1 -6.28981 19.6696
    endloop
  endfacet
  facet normal -1 0 0
    outer loop
      vertex -45.1 -6.0625 19
      vertex -45.1 -6.49286 19.8727
      vertex -45.1 -6.38468 19.7778
    endloop
  endfacet
  facet normal -1 0 0
    outer loop
      vertex -45.1 -6.0625 19
      vertex -45.1 -6.6125 19.9526
      vertex -45.1 -6.49286 19.8727
    endloop
  endfacet
  facet normal -1 0 0
    outer loop
      vertex -45.1 -6.0625 19
      vertex -45.1 -6.74155 20.0163
      vertex -45.1 -6.6125 19.9526
    endloop
  endfacet
  facet normal -1 0 0
    outer loop
      vertex -45.1 -6.0625 19
      vertex -45.1 -6.8778 20.0625
      vertex -45.1 -6.74155 20.0163
    endloop
  endfacet
  facet normal -1 0 0
    outer loop
      vertex -45.1 -6.0625 19
      vertex -45.1 -7.01892 20.0906
      vertex -45.1 -6.8778 20.0625
    endloop
  endfacet
  facet normal -1 0 0
    outer loop
      vertex -45.1 -6.0625 19
      vertex -45.1 -7.1625 20.1
      vertex -45.1 -7.01892 20.0906
    endloop
  endfacet
  facet normal -1 0 0
    outer loop
      vertex -45.1 -6.0625 19
      vertex -45.1 -7.30608 20.0906
      vertex -45.1 -7.1625 20.1
    endloop
  endfacet
  facet normal -1 0 0
    outer loop
      vertex -45.1 -6.0625 19
      vertex -45.1 -7.4472 20.0625
      vertex -45.1 -7.30608 20.0906
    endloop
  endfacet
  facet normal -1 0 0
    outer loop
      vertex -45.1 -6.0625 19
      vertex -45.1 -7.58345 20.0163
      vertex -45.1 -7.4472 20.0625
    endloop
  endfacet
  facet normal -1 0 0
    outer loop
      vertex -45.1 -6.0625 19
      vertex -45.1 -7.7125 19.9526
      vertex -45.1 -7.58345 20.0163
    endloop
  endfacet
  facet normal -1 0 0
    outer loop
      vertex -45.1 -6.0625 19
      vertex -45.1 -7.83214 19.8727
      vertex -45.1 -7.7125 19.9526
    endloop
  endfacet
  facet normal -1 0 0
    outer loop
      vertex -45.1 -6.0625 19
      vertex -45.1 -7.94032 19.7778
      vertex -45.1 -7.83214 19.8727
    endloop
  endfacet
  facet normal -1 0 0
    outer loop
      vertex -45.1 -6.0625 19
      vertex -45.1 -8.03519 19.6696
      vertex -45.1 -7.94032 19.7778
    endloop
  endfacet
  facet normal -1 0 0
    outer loop
      vertex -45.1 -6.0625 19
      vertex -45.1 -8.11513 19.55
      vertex -45.1 -8.03519 19.6696
    endloop
  endfacet
  facet normal -1 0 0
    outer loop
      vertex -45.1 -6.0625 19
      vertex -45.1 -8.17877 19.421
      vertex -45.1 -8.11513 19.55
    endloop
  endfacet
  facet normal -1 0 0
    outer loop
      vertex -45.1 -6.0625 19
      vertex -45.1 -8.22502 19.2847
      vertex -45.1 -8.17877 19.421
    endloop
  endfacet
  facet normal -1 0 0
    outer loop
      vertex -45.1 -6.0625 19
      vertex -45.1 -8.25309 19.1436
      vertex -45.1 -8.22502 19.2847
    endloop
  endfacet
  facet normal -1 0 -0
    outer loop
      vertex -45.1 -8.25309 19.1436
      vertex -45.1 -6.0625 19
      vertex -45.1 -8.2625 19
    endloop
  endfacet
  facet normal 0 0.896806 0.442424
    outer loop
      vertex -45.6 -8.11513 18.45
      vertex -48 -8.17877 18.579
      vertex -45.6 -8.17877 18.579
    endloop
  endfacet
  facet normal 0 0.896806 0.442424
    outer loop
      vertex -48 -8.17877 18.579
      vertex -45.6 -8.11513 18.45
      vertex -48 -8.11513 18.45
    endloop
  endfacet
  facet normal 0 0.751905 0.659272
    outer loop
      vertex -45.6 -7.94032 18.2222
      vertex -48 -8.03519 18.3304
      vertex -45.6 -8.03519 18.3304
    endloop
  endfacet
  facet normal 0 0.751905 0.659272
    outer loop
      vertex -48 -8.03519 18.3304
      vertex -45.6 -7.94032 18.2222
      vertex -48 -7.94032 18.2222
    endloop
  endfacet
  facet normal -0 0.195287 0.980746
    outer loop
      vertex -48 -7.30608 17.9094
      vertex -45.6 -7.4472 17.9375
      vertex -45.6 -7.30608 17.9094
    endloop
  endfacet
  facet normal 0 0.195287 0.980746
    outer loop
      vertex -45.6 -7.4472 17.9375
      vertex -48 -7.30608 17.9094
      vertex -48 -7.4472 17.9375
    endloop
  endfacet
  facet normal 0 -0.751905 -0.659272
    outer loop
      vertex -45.35 -6.28981 19.6696
      vertex -45.1 -6.38468 19.7778
      vertex -45.35 -6.38468 19.7778
    endloop
  endfacet
  facet normal 0 -0.751905 -0.659272
    outer loop
      vertex -45.1 -6.38468 19.7778
      vertex -45.35 -6.28981 19.6696
      vertex -45.1 -6.28981 19.6696
    endloop
  endfacet
  facet normal 0 -0.751905 -0.659272
    outer loop
      vertex -48 -6.28981 19.6696
      vertex -45.6 -6.38468 19.7778
      vertex -48 -6.38468 19.7778
    endloop
  endfacet
  facet normal 0 -0.751905 -0.659272
    outer loop
      vertex -45.6 -6.38468 19.7778
      vertex -48 -6.28981 19.6696
      vertex -45.6 -6.28981 19.6696
    endloop
  endfacet
  facet normal 0 -0.555374 -0.831601
    outer loop
      vertex -45.35 -6.6125 19.9526
      vertex -45.1 -6.49286 19.8727
      vertex -45.1 -6.6125 19.9526
    endloop
  endfacet
  facet normal -0 -0.555374 -0.831601
    outer loop
      vertex -45.1 -6.49286 19.8727
      vertex -45.35 -6.6125 19.9526
      vertex -45.35 -6.49286 19.8727
    endloop
  endfacet
  facet normal 0 -0.555374 -0.831601
    outer loop
      vertex -48 -6.6125 19.9526
      vertex -45.6 -6.49286 19.8727
      vertex -45.6 -6.6125 19.9526
    endloop
  endfacet
  facet normal -0 -0.555374 -0.831601
    outer loop
      vertex -45.6 -6.49286 19.8727
      vertex -48 -6.6125 19.9526
      vertex -48 -6.49286 19.8727
    endloop
  endfacet
  facet normal 0 -0.980781 -0.195113
    outer loop
      vertex -45.35 -6.07191 19.1436
      vertex -45.1 -6.09998 19.2847
      vertex -45.35 -6.09998 19.2847
    endloop
  endfacet
  facet normal 0 -0.980781 -0.195113
    outer loop
      vertex -45.1 -6.09998 19.2847
      vertex -45.35 -6.07191 19.1436
      vertex -45.1 -6.07191 19.1436
    endloop
  endfacet
  facet normal 0 -0.980781 -0.195113
    outer loop
      vertex -48 -6.07191 19.1436
      vertex -45.6 -6.09998 19.2847
      vertex -48 -6.09998 19.2847
    endloop
  endfacet
  facet normal 0 -0.980781 -0.195113
    outer loop
      vertex -45.6 -6.09998 19.2847
      vertex -48 -6.07191 19.1436
      vertex -45.6 -6.07191 19.1436
    endloop
  endfacet
  facet normal 0 -0.442622 0.896708
    outer loop
      vertex -48 -6.6125 18.0474
      vertex -45.6 -6.74155 17.9837
      vertex -45.6 -6.6125 18.0474
    endloop
  endfacet
  facet normal 0 -0.442622 0.896708
    outer loop
      vertex -45.6 -6.74155 17.9837
      vertex -48 -6.6125 18.0474
      vertex -48 -6.74155 17.9837
    endloop
  endfacet
  facet normal 0 -0.195287 0.980746
    outer loop
      vertex -48 -6.8778 17.9375
      vertex -45.6 -7.01892 17.9094
      vertex -45.6 -6.8778 17.9375
    endloop
  endfacet
  facet normal 0 -0.195287 0.980746
    outer loop
      vertex -45.6 -7.01892 17.9094
      vertex -48 -6.8778 17.9375
      vertex -48 -7.01892 17.9094
    endloop
  endfacet
  facet normal 0 -0.831387 0.555694
    outer loop
      vertex -48 -6.28981 18.3304
      vertex -45.6 -6.20987 18.45
      vertex -48 -6.20987 18.45
    endloop
  endfacet
  facet normal 0 -0.831387 0.555694
    outer loop
      vertex -45.6 -6.20987 18.45
      vertex -48 -6.28981 18.3304
      vertex -45.6 -6.28981 18.3304
    endloop
  endfacet
  facet normal 0 -0.751905 0.659272
    outer loop
      vertex -48 -6.38468 18.2222
      vertex -45.6 -6.28981 18.3304
      vertex -48 -6.28981 18.3304
    endloop
  endfacet
  facet normal 0 -0.751905 0.659272
    outer loop
      vertex -45.6 -6.28981 18.3304
      vertex -48 -6.38468 18.2222
      vertex -45.6 -6.38468 18.2222
    endloop
  endfacet
  facet normal 0 -0.980781 0.195113
    outer loop
      vertex -48 -6.09998 18.7153
      vertex -45.6 -6.07191 18.8564
      vertex -48 -6.07191 18.8564
    endloop
  endfacet
  facet normal 0 -0.980781 0.195113
    outer loop
      vertex -45.6 -6.07191 18.8564
      vertex -48 -6.09998 18.7153
      vertex -45.6 -6.09998 18.7153
    endloop
  endfacet
  facet normal 0 0.659458 -0.751741
    outer loop
      vertex -45.35 -7.94032 19.7778
      vertex -45.1 -7.83214 19.8727
      vertex -45.1 -7.94032 19.7778
    endloop
  endfacet
  facet normal 0 0.659458 -0.751741
    outer loop
      vertex -45.1 -7.83214 19.8727
      vertex -45.35 -7.94032 19.7778
      vertex -45.35 -7.83214 19.8727
    endloop
  endfacet
  facet normal 0 0.659458 -0.751741
    outer loop
      vertex -48 -7.94032 19.7778
      vertex -45.6 -7.83214 19.8727
      vertex -45.6 -7.94032 19.7778
    endloop
  endfacet
  facet normal 0 0.659458 -0.751741
    outer loop
      vertex -45.6 -7.83214 19.8727
      vertex -48 -7.94032 19.7778
      vertex -48 -7.83214 19.8727
    endloop
  endfacet
  facet normal 0 0.831387 -0.555694
    outer loop
      vertex -45.1 -8.11513 19.55
      vertex -45.35 -8.03519 19.6696
      vertex -45.1 -8.03519 19.6696
    endloop
  endfacet
  facet normal 0 0.831387 -0.555694
    outer loop
      vertex -45.35 -8.03519 19.6696
      vertex -45.1 -8.11513 19.55
      vertex -45.35 -8.11513 19.55
    endloop
  endfacet
  facet normal 0 0.831387 -0.555694
    outer loop
      vertex -45.6 -8.11513 19.55
      vertex -48 -8.03519 19.6696
      vertex -45.6 -8.03519 19.6696
    endloop
  endfacet
  facet normal 0 0.831387 -0.555694
    outer loop
      vertex -48 -8.03519 19.6696
      vertex -45.6 -8.11513 19.55
      vertex -48 -8.11513 19.55
    endloop
  endfacet
  facet normal 0 0.831387 0.555694
    outer loop
      vertex -45.6 -8.03519 18.3304
      vertex -48 -8.11513 18.45
      vertex -45.6 -8.11513 18.45
    endloop
  endfacet
  facet normal 0 0.831387 0.555694
    outer loop
      vertex -48 -8.11513 18.45
      vertex -45.6 -8.03519 18.3304
      vertex -48 -8.03519 18.3304
    endloop
  endfacet
  facet normal 0 0.946967 0.32133
    outer loop
      vertex -45.6 -8.17877 18.579
      vertex -48 -8.22502 18.7153
      vertex -45.6 -8.22502 18.7153
    endloop
  endfacet
  facet normal 0 0.946967 0.32133
    outer loop
      vertex -48 -8.22502 18.7153
      vertex -45.6 -8.17877 18.579
      vertex -48 -8.17877 18.579
    endloop
  endfacet
  facet normal 0 0.980781 0.195113
    outer loop
      vertex -45.6 -8.22502 18.7153
      vertex -48 -8.25309 18.8564
      vertex -45.6 -8.25309 18.8564
    endloop
  endfacet
  facet normal 0 0.980781 0.195113
    outer loop
      vertex -48 -8.25309 18.8564
      vertex -45.6 -8.22502 18.7153
      vertex -48 -8.22502 18.7153
    endloop
  endfacet
  facet normal -0 0.442622 0.896708
    outer loop
      vertex -48 -7.58345 17.9837
      vertex -45.6 -7.7125 18.0474
      vertex -45.6 -7.58345 17.9837
    endloop
  endfacet
  facet normal 0 0.442622 0.896708
    outer loop
      vertex -45.6 -7.7125 18.0474
      vertex -48 -7.58345 17.9837
      vertex -48 -7.7125 18.0474
    endloop
  endfacet
  facet normal -0 0.555374 0.831601
    outer loop
      vertex -48 -7.7125 18.0474
      vertex -45.6 -7.83214 18.1273
      vertex -45.6 -7.7125 18.0474
    endloop
  endfacet
  facet normal 0 0.555374 0.831601
    outer loop
      vertex -45.6 -7.83214 18.1273
      vertex -48 -7.7125 18.0474
      vertex -48 -7.83214 18.1273
    endloop
  endfacet
  facet normal -0 0.0653289 0.997864
    outer loop
      vertex -48 -7.1625 17.9
      vertex -45.6 -7.30608 17.9094
      vertex -45.6 -7.1625 17.9
    endloop
  endfacet
  facet normal 0 0.0653289 0.997864
    outer loop
      vertex -45.6 -7.30608 17.9094
      vertex -48 -7.1625 17.9
      vertex -48 -7.30608 17.9094
    endloop
  endfacet
  facet normal 0 -0.321124 -0.947037
    outer loop
      vertex -45.35 -6.8778 20.0625
      vertex -45.1 -6.74155 20.0163
      vertex -45.1 -6.8778 20.0625
    endloop
  endfacet
  facet normal -0 -0.321124 -0.947037
    outer loop
      vertex -45.1 -6.74155 20.0163
      vertex -45.35 -6.8778 20.0625
      vertex -45.35 -6.74155 20.0163
    endloop
  endfacet
  facet normal 0 -0.321124 -0.947037
    outer loop
      vertex -48 -6.8778 20.0625
      vertex -45.6 -6.74155 20.0163
      vertex -45.6 -6.8778 20.0625
    endloop
  endfacet
  facet normal -0 -0.321124 -0.947037
    outer loop
      vertex -45.6 -6.74155 20.0163
      vertex -48 -6.8778 20.0625
      vertex -48 -6.74155 20.0163
    endloop
  endfacet
  facet normal 0 -0.442622 -0.896708
    outer loop
      vertex -45.35 -6.74155 20.0163
      vertex -45.1 -6.6125 19.9526
      vertex -45.1 -6.74155 20.0163
    endloop
  endfacet
  facet normal -0 -0.442622 -0.896708
    outer loop
      vertex -45.1 -6.6125 19.9526
      vertex -45.35 -6.74155 20.0163
      vertex -45.35 -6.6125 19.9526
    endloop
  endfacet
  facet normal 0 -0.442622 -0.896708
    outer loop
      vertex -48 -6.74155 20.0163
      vertex -45.6 -6.6125 19.9526
      vertex -45.6 -6.74155 20.0163
    endloop
  endfacet
  facet normal -0 -0.442622 -0.896708
    outer loop
      vertex -45.6 -6.6125 19.9526
      vertex -48 -6.74155 20.0163
      vertex -48 -6.6125 19.9526
    endloop
  endfacet
  facet normal 0 -0.659458 -0.751741
    outer loop
      vertex -45.35 -6.49286 19.8727
      vertex -45.1 -6.38468 19.7778
      vertex -45.1 -6.49286 19.8727
    endloop
  endfacet
  facet normal -0 -0.659458 -0.751741
    outer loop
      vertex -45.1 -6.38468 19.7778
      vertex -45.35 -6.49286 19.8727
      vertex -45.35 -6.38468 19.7778
    endloop
  endfacet
  facet normal 0 -0.659458 -0.751741
    outer loop
      vertex -48 -6.49286 19.8727
      vertex -45.6 -6.38468 19.7778
      vertex -45.6 -6.49286 19.8727
    endloop
  endfacet
  facet normal -0 -0.659458 -0.751741
    outer loop
      vertex -45.6 -6.38468 19.7778
      vertex -48 -6.49286 19.8727
      vertex -48 -6.38468 19.7778
    endloop
  endfacet
  facet normal 0 -0.99786 -0.065389
    outer loop
      vertex -45.35 -6.0625 19
      vertex -45.1 -6.07191 19.1436
      vertex -45.35 -6.07191 19.1436
    endloop
  endfacet
  facet normal 0 -0.99786 -0.065389
    outer loop
      vertex -45.1 -6.07191 19.1436
      vertex -45.35 -6.0625 19
      vertex -45.1 -6.0625 19
    endloop
  endfacet
  facet normal 0 -0.99786 -0.065389
    outer loop
      vertex -48 -6.0625 19
      vertex -45.6 -6.07191 19.1436
      vertex -48 -6.07191 19.1436
    endloop
  endfacet
  facet normal 0 -0.99786 -0.065389
    outer loop
      vertex -45.6 -6.07191 19.1436
      vertex -48 -6.0625 19
      vertex -45.6 -6.0625 19
    endloop
  endfacet
  facet normal 0 -0.896806 -0.442424
    outer loop
      vertex -45.35 -6.14623 19.421
      vertex -45.1 -6.20987 19.55
      vertex -45.35 -6.20987 19.55
    endloop
  endfacet
  facet normal 0 -0.896806 -0.442424
    outer loop
      vertex -45.1 -6.20987 19.55
      vertex -45.35 -6.14623 19.421
      vertex -45.1 -6.14623 19.421
    endloop
  endfacet
  facet normal 0 -0.896806 -0.442424
    outer loop
      vertex -48 -6.14623 19.421
      vertex -45.6 -6.20987 19.55
      vertex -48 -6.20987 19.55
    endloop
  endfacet
  facet normal 0 -0.896806 -0.442424
    outer loop
      vertex -45.6 -6.20987 19.55
      vertex -48 -6.14623 19.421
      vertex -45.6 -6.14623 19.421
    endloop
  endfacet
  facet normal 0 -0.946967 -0.32133
    outer loop
      vertex -45.35 -6.09998 19.2847
      vertex -45.1 -6.14623 19.421
      vertex -45.35 -6.14623 19.421
    endloop
  endfacet
  facet normal 0 -0.946967 -0.32133
    outer loop
      vertex -45.1 -6.14623 19.421
      vertex -45.35 -6.09998 19.2847
      vertex -45.1 -6.09998 19.2847
    endloop
  endfacet
  facet normal 0 -0.946967 -0.32133
    outer loop
      vertex -48 -6.09998 19.2847
      vertex -45.6 -6.14623 19.421
      vertex -48 -6.14623 19.421
    endloop
  endfacet
  facet normal 0 -0.946967 -0.32133
    outer loop
      vertex -45.6 -6.14623 19.421
      vertex -48 -6.09998 19.2847
      vertex -45.6 -6.09998 19.2847
    endloop
  endfacet
  facet normal 0 0.980781 -0.195113
    outer loop
      vertex -45.1 -8.25309 19.1436
      vertex -45.35 -8.22502 19.2847
      vertex -45.1 -8.22502 19.2847
    endloop
  endfacet
  facet normal 0 0.980781 -0.195113
    outer loop
      vertex -45.35 -8.22502 19.2847
      vertex -45.1 -8.25309 19.1436
      vertex -45.35 -8.25309 19.1436
    endloop
  endfacet
  facet normal 0 0.980781 -0.195113
    outer loop
      vertex -45.6 -8.25309 19.1436
      vertex -48 -8.22502 19.2847
      vertex -45.6 -8.22502 19.2847
    endloop
  endfacet
  facet normal 0 0.980781 -0.195113
    outer loop
      vertex -48 -8.22502 19.2847
      vertex -45.6 -8.25309 19.1436
      vertex -48 -8.25309 19.1436
    endloop
  endfacet
  facet normal 0 0.946967 -0.32133
    outer loop
      vertex -45.1 -8.22502 19.2847
      vertex -45.35 -8.17877 19.421
      vertex -45.1 -8.17877 19.421
    endloop
  endfacet
  facet normal 0 0.946967 -0.32133
    outer loop
      vertex -45.35 -8.17877 19.421
      vertex -45.1 -8.22502 19.2847
      vertex -45.35 -8.22502 19.2847
    endloop
  endfacet
  facet normal 0 0.946967 -0.32133
    outer loop
      vertex -45.6 -8.22502 19.2847
      vertex -48 -8.17877 19.421
      vertex -45.6 -8.17877 19.421
    endloop
  endfacet
  facet normal 0 0.946967 -0.32133
    outer loop
      vertex -48 -8.17877 19.421
      vertex -45.6 -8.22502 19.2847
      vertex -48 -8.22502 19.2847
    endloop
  endfacet
  facet normal 0 0.896806 -0.442424
    outer loop
      vertex -45.1 -8.17877 19.421
      vertex -45.35 -8.11513 19.55
      vertex -45.1 -8.11513 19.55
    endloop
  endfacet
  facet normal 0 0.896806 -0.442424
    outer loop
      vertex -45.35 -8.11513 19.55
      vertex -45.1 -8.17877 19.421
      vertex -45.35 -8.17877 19.421
    endloop
  endfacet
  facet normal 0 0.896806 -0.442424
    outer loop
      vertex -45.6 -8.17877 19.421
      vertex -48 -8.11513 19.55
      vertex -45.6 -8.11513 19.55
    endloop
  endfacet
  facet normal 0 0.896806 -0.442424
    outer loop
      vertex -48 -8.11513 19.55
      vertex -45.6 -8.17877 19.421
      vertex -48 -8.17877 19.421
    endloop
  endfacet
  facet normal 0 0.751905 -0.659272
    outer loop
      vertex -45.1 -8.03519 19.6696
      vertex -45.35 -7.94032 19.7778
      vertex -45.1 -7.94032 19.7778
    endloop
  endfacet
  facet normal 0 0.751905 -0.659272
    outer loop
      vertex -45.35 -7.94032 19.7778
      vertex -45.1 -8.03519 19.6696
      vertex -45.35 -8.03519 19.6696
    endloop
  endfacet
  facet normal 0 0.751905 -0.659272
    outer loop
      vertex -45.6 -8.03519 19.6696
      vertex -48 -7.94032 19.7778
      vertex -45.6 -7.94032 19.7778
    endloop
  endfacet
  facet normal 0 0.751905 -0.659272
    outer loop
      vertex -48 -7.94032 19.7778
      vertex -45.6 -8.03519 19.6696
      vertex -48 -8.03519 19.6696
    endloop
  endfacet
  facet normal 0 0.195287 -0.980746
    outer loop
      vertex -45.35 -7.4472 20.0625
      vertex -45.1 -7.30608 20.0906
      vertex -45.1 -7.4472 20.0625
    endloop
  endfacet
  facet normal 0 0.195287 -0.980746
    outer loop
      vertex -45.1 -7.30608 20.0906
      vertex -45.35 -7.4472 20.0625
      vertex -45.35 -7.30608 20.0906
    endloop
  endfacet
  facet normal 0 0.195287 -0.980746
    outer loop
      vertex -48 -7.4472 20.0625
      vertex -45.6 -7.30608 20.0906
      vertex -45.6 -7.4472 20.0625
    endloop
  endfacet
  facet normal 0 0.195287 -0.980746
    outer loop
      vertex -45.6 -7.30608 20.0906
      vertex -48 -7.4472 20.0625
      vertex -48 -7.30608 20.0906
    endloop
  endfacet
  facet normal 0 0.0653289 -0.997864
    outer loop
      vertex -45.35 -7.30608 20.0906
      vertex -45.1 -7.1625 20.1
      vertex -45.1 -7.30608 20.0906
    endloop
  endfacet
  facet normal 0 0.0653289 -0.997864
    outer loop
      vertex -45.1 -7.1625 20.1
      vertex -45.35 -7.30608 20.0906
      vertex -45.35 -7.1625 20.1
    endloop
  endfacet
  facet normal 0 0.0653289 -0.997864
    outer loop
      vertex -48 -7.30608 20.0906
      vertex -45.6 -7.1625 20.1
      vertex -45.6 -7.30608 20.0906
    endloop
  endfacet
  facet normal 0 0.0653289 -0.997864
    outer loop
      vertex -45.6 -7.1625 20.1
      vertex -48 -7.30608 20.0906
      vertex -48 -7.1625 20.1
    endloop
  endfacet
  facet normal 0 0.321124 -0.947037
    outer loop
      vertex -45.35 -7.58345 20.0163
      vertex -45.1 -7.4472 20.0625
      vertex -45.1 -7.58345 20.0163
    endloop
  endfacet
  facet normal 0 0.321124 -0.947037
    outer loop
      vertex -45.1 -7.4472 20.0625
      vertex -45.35 -7.58345 20.0163
      vertex -45.35 -7.4472 20.0625
    endloop
  endfacet
  facet normal 0 0.321124 -0.947037
    outer loop
      vertex -48 -7.58345 20.0163
      vertex -45.6 -7.4472 20.0625
      vertex -45.6 -7.58345 20.0163
    endloop
  endfacet
  facet normal 0 0.321124 -0.947037
    outer loop
      vertex -45.6 -7.4472 20.0625
      vertex -48 -7.58345 20.0163
      vertex -48 -7.4472 20.0625
    endloop
  endfacet
  facet normal 0 -0.0653289 -0.997864
    outer loop
      vertex -48 -1.1625 15.1
      vertex -45.6 -1.01892 15.0906
      vertex -45.6 -1.1625 15.1
    endloop
  endfacet
  facet normal -0 -0.0653289 -0.997864
    outer loop
      vertex -45.6 -1.01892 15.0906
      vertex -48 -1.1625 15.1
      vertex -48 -1.01892 15.0906
    endloop
  endfacet
  facet normal 0 -0.195286 -0.980746
    outer loop
      vertex -48 -1.01892 15.0906
      vertex -45.6 -0.877799 15.0625
      vertex -45.6 -1.01892 15.0906
    endloop
  endfacet
  facet normal -0 -0.195286 -0.980746
    outer loop
      vertex -45.6 -0.877799 15.0625
      vertex -48 -1.01892 15.0906
      vertex -48 -0.877799 15.0625
    endloop
  endfacet
  facet normal 0 -0.0653289 0.997864
    outer loop
      vertex -48 -1.01892 12.9094
      vertex -45.6 -1.1625 12.9
      vertex -45.6 -1.01892 12.9094
    endloop
  endfacet
  facet normal 0 -0.0653289 0.997864
    outer loop
      vertex -45.6 -1.1625 12.9
      vertex -48 -1.01892 12.9094
      vertex -48 -1.1625 12.9
    endloop
  endfacet
  facet normal 0 -0.99786 0.0653883
    outer loop
      vertex -48 -0.0719099 13.8564
      vertex -45.6 -0.0625 14
      vertex -48 -0.0625 14
    endloop
  endfacet
  facet normal 0 -0.99786 0.0653883
    outer loop
      vertex -45.6 -0.0625 14
      vertex -48 -0.0719099 13.8564
      vertex -45.6 -0.0719099 13.8564
    endloop
  endfacet
  facet normal 0 0.99786 0.065389
    outer loop
      vertex -45.6 -2.25309 13.8564
      vertex -48 -2.2625 14
      vertex -45.6 -2.2625 14
    endloop
  endfacet
  facet normal 0 0.99786 0.065389
    outer loop
      vertex -48 -2.2625 14
      vertex -45.6 -2.25309 13.8564
      vertex -48 -2.25309 13.8564
    endloop
  endfacet
  facet normal -0 0.659458 0.751741
    outer loop
      vertex -48 -1.83214 13.1273
      vertex -45.6 -1.94032 13.2222
      vertex -45.6 -1.83214 13.1273
    endloop
  endfacet
  facet normal 0 0.659458 0.751741
    outer loop
      vertex -45.6 -1.94032 13.2222
      vertex -48 -1.83214 13.1273
      vertex -48 -1.94032 13.2222
    endloop
  endfacet
  facet normal 0 -0.659458 0.751741
    outer loop
      vertex -48 -0.384682 13.2222
      vertex -45.6 -0.492862 13.1273
      vertex -45.6 -0.384682 13.2222
    endloop
  endfacet
  facet normal 0 -0.659458 0.751741
    outer loop
      vertex -45.6 -0.492862 13.1273
      vertex -48 -0.384682 13.2222
      vertex -48 -0.492862 13.1273
    endloop
  endfacet
  facet normal 0 -0.896809 0.442419
    outer loop
      vertex -48 -0.209871 13.45
      vertex -45.6 -0.146232 13.579
      vertex -48 -0.146232 13.579
    endloop
  endfacet
  facet normal 0 -0.896809 0.442419
    outer loop
      vertex -45.6 -0.146232 13.579
      vertex -48 -0.209871 13.45
      vertex -45.6 -0.209871 13.45
    endloop
  endfacet
  facet normal 0 0.99786 -0.065389
    outer loop
      vertex -45.6 -2.2625 14
      vertex -48 -2.25309 14.1436
      vertex -45.6 -2.25309 14.1436
    endloop
  endfacet
  facet normal 0 0.99786 -0.065389
    outer loop
      vertex -48 -2.25309 14.1436
      vertex -45.6 -2.2625 14
      vertex -48 -2.2625 14
    endloop
  endfacet
  facet normal 0 0.555374 -0.831601
    outer loop
      vertex -48 -1.83214 14.8727
      vertex -45.6 -1.7125 14.9526
      vertex -45.6 -1.83214 14.8727
    endloop
  endfacet
  facet normal 0 0.555374 -0.831601
    outer loop
      vertex -45.6 -1.7125 14.9526
      vertex -48 -1.83214 14.8727
      vertex -48 -1.7125 14.9526
    endloop
  endfacet
  facet normal -0 0.321124 0.947037
    outer loop
      vertex -48 -1.4472 12.9375
      vertex -45.6 -1.58345 12.9837
      vertex -45.6 -1.4472 12.9375
    endloop
  endfacet
  facet normal 0 0.321124 0.947037
    outer loop
      vertex -45.6 -1.58345 12.9837
      vertex -48 -1.4472 12.9375
      vertex -48 -1.58345 12.9837
    endloop
  endfacet
  facet normal 0 -0.831387 -0.555694
    outer loop
      vertex -48 -0.209871 14.55
      vertex -45.6 -0.289811 14.6696
      vertex -48 -0.289811 14.6696
    endloop
  endfacet
  facet normal 0 -0.831387 -0.555694
    outer loop
      vertex -45.6 -0.289811 14.6696
      vertex -48 -0.209871 14.55
      vertex -45.6 -0.209871 14.55
    endloop
  endfacet
  facet normal 0 -0.321122 0.947038
    outer loop
      vertex -48 -0.741548 12.9837
      vertex -45.6 -0.877799 12.9375
      vertex -45.6 -0.741548 12.9837
    endloop
  endfacet
  facet normal 0 -0.321122 0.947038
    outer loop
      vertex -45.6 -0.877799 12.9375
      vertex -48 -0.741548 12.9837
      vertex -48 -0.877799 12.9375
    endloop
  endfacet
  facet normal 0 -0.555383 0.831594
    outer loop
      vertex -48 -0.492862 13.1273
      vertex -45.6 -0.612499 13.0474
      vertex -45.6 -0.492862 13.1273
    endloop
  endfacet
  facet normal 0 -0.555383 0.831594
    outer loop
      vertex -45.6 -0.612499 13.0474
      vertex -48 -0.492862 13.1273
      vertex -48 -0.612499 13.0474
    endloop
  endfacet
  facet normal 0 -0.946966 0.321334
    outer loop
      vertex -48 -0.146232 13.579
      vertex -45.6 -0.0999813 13.7153
      vertex -48 -0.0999813 13.7153
    endloop
  endfacet
  facet normal 0 -0.946966 0.321334
    outer loop
      vertex -45.6 -0.0999813 13.7153
      vertex -48 -0.146232 13.579
      vertex -45.6 -0.146232 13.579
    endloop
  endfacet
  facet normal 0 0.442622 -0.896708
    outer loop
      vertex -48 -1.7125 14.9526
      vertex -45.6 -1.58345 15.0163
      vertex -45.6 -1.7125 14.9526
    endloop
  endfacet
  facet normal 0 0.442622 -0.896708
    outer loop
      vertex -45.6 -1.58345 15.0163
      vertex -48 -1.7125 14.9526
      vertex -48 -1.58345 15.0163
    endloop
  endfacet
  facet normal 0 0.896806 0.442424
    outer loop
      vertex -45.6 -2.11513 13.45
      vertex -48 -2.17877 13.579
      vertex -45.6 -2.17877 13.579
    endloop
  endfacet
  facet normal 0 0.896806 0.442424
    outer loop
      vertex -48 -2.17877 13.579
      vertex -45.6 -2.11513 13.45
      vertex -48 -2.11513 13.45
    endloop
  endfacet
  facet normal 0 0.751905 0.659272
    outer loop
      vertex -45.6 -1.94032 13.2222
      vertex -48 -2.03519 13.3304
      vertex -45.6 -2.03519 13.3304
    endloop
  endfacet
  facet normal 0 0.751905 0.659272
    outer loop
      vertex -48 -2.03519 13.3304
      vertex -45.6 -1.94032 13.2222
      vertex -48 -1.94032 13.2222
    endloop
  endfacet
  facet normal -0 0.195287 0.980746
    outer loop
      vertex -48 -1.30608 12.9094
      vertex -45.6 -1.4472 12.9375
      vertex -45.6 -1.30608 12.9094
    endloop
  endfacet
  facet normal 0 0.195287 0.980746
    outer loop
      vertex -45.6 -1.4472 12.9375
      vertex -48 -1.30608 12.9094
      vertex -48 -1.4472 12.9375
    endloop
  endfacet
  facet normal 0 -0.751901 -0.659276
    outer loop
      vertex -48 -0.289811 14.6696
      vertex -45.6 -0.384682 14.7778
      vertex -48 -0.384682 14.7778
    endloop
  endfacet
  facet normal 0 -0.751901 -0.659276
    outer loop
      vertex -45.6 -0.384682 14.7778
      vertex -48 -0.289811 14.6696
      vertex -45.6 -0.289811 14.6696
    endloop
  endfacet
  facet normal 0 -0.555383 -0.831594
    outer loop
      vertex -48 -0.612499 14.9526
      vertex -45.6 -0.492862 14.8727
      vertex -45.6 -0.612499 14.9526
    endloop
  endfacet
  facet normal -0 -0.555383 -0.831594
    outer loop
      vertex -45.6 -0.492862 14.8727
      vertex -48 -0.612499 14.9526
      vertex -48 -0.492862 14.8727
    endloop
  endfacet
  facet normal 0 -0.980779 -0.195123
    outer loop
      vertex -48 -0.0719099 14.1436
      vertex -45.6 -0.0999813 14.2847
      vertex -48 -0.0999813 14.2847
    endloop
  endfacet
  facet normal 0 -0.980779 -0.195123
    outer loop
      vertex -45.6 -0.0999813 14.2847
      vertex -48 -0.0719099 14.1436
      vertex -45.6 -0.0719099 14.1436
    endloop
  endfacet
  facet normal 0 -0.442624 0.896707
    outer loop
      vertex -48 -0.612499 13.0474
      vertex -45.6 -0.741548 12.9837
      vertex -45.6 -0.612499 13.0474
    endloop
  endfacet
  facet normal 0 -0.442624 0.896707
    outer loop
      vertex -45.6 -0.741548 12.9837
      vertex -48 -0.612499 13.0474
      vertex -48 -0.741548 12.9837
    endloop
  endfacet
  facet normal 0 -0.195286 0.980746
    outer loop
      vertex -48 -0.877799 12.9375
      vertex -45.6 -1.01892 12.9094
      vertex -45.6 -0.877799 12.9375
    endloop
  endfacet
  facet normal 0 -0.195286 0.980746
    outer loop
      vertex -45.6 -1.01892 12.9094
      vertex -48 -0.877799 12.9375
      vertex -48 -1.01892 12.9094
    endloop
  endfacet
  facet normal 0 -0.831387 0.555694
    outer loop
      vertex -48 -0.289811 13.3304
      vertex -45.6 -0.209871 13.45
      vertex -48 -0.209871 13.45
    endloop
  endfacet
  facet normal 0 -0.831387 0.555694
    outer loop
      vertex -45.6 -0.209871 13.45
      vertex -48 -0.289811 13.3304
      vertex -45.6 -0.289811 13.3304
    endloop
  endfacet
  facet normal 0 -0.751901 0.659276
    outer loop
      vertex -48 -0.384682 13.2222
      vertex -45.6 -0.289811 13.3304
      vertex -48 -0.289811 13.3304
    endloop
  endfacet
  facet normal 0 -0.751901 0.659276
    outer loop
      vertex -45.6 -0.289811 13.3304
      vertex -48 -0.384682 13.2222
      vertex -45.6 -0.384682 13.2222
    endloop
  endfacet
  facet normal 0 -0.980779 0.195123
    outer loop
      vertex -48 -0.0999813 13.7153
      vertex -45.6 -0.0719099 13.8564
      vertex -48 -0.0719099 13.8564
    endloop
  endfacet
  facet normal 0 -0.980779 0.195123
    outer loop
      vertex -45.6 -0.0719099 13.8564
      vertex -48 -0.0999813 13.7153
      vertex -45.6 -0.0999813 13.7153
    endloop
  endfacet
  facet normal 0 0.659458 -0.751741
    outer loop
      vertex -48 -1.94032 14.7778
      vertex -45.6 -1.83214 14.8727
      vertex -45.6 -1.94032 14.7778
    endloop
  endfacet
  facet normal 0 0.659458 -0.751741
    outer loop
      vertex -45.6 -1.83214 14.8727
      vertex -48 -1.94032 14.7778
      vertex -48 -1.83214 14.8727
    endloop
  endfacet
  facet normal 0 0.831387 -0.555694
    outer loop
      vertex -45.6 -2.11513 14.55
      vertex -48 -2.03519 14.6696
      vertex -45.6 -2.03519 14.6696
    endloop
  endfacet
  facet normal 0 0.831387 -0.555694
    outer loop
      vertex -48 -2.03519 14.6696
      vertex -45.6 -2.11513 14.55
      vertex -48 -2.11513 14.55
    endloop
  endfacet
  facet normal 0 0.831387 0.555694
    outer loop
      vertex -45.6 -2.03519 13.3304
      vertex -48 -2.11513 13.45
      vertex -45.6 -2.11513 13.45
    endloop
  endfacet
  facet normal 0 0.831387 0.555694
    outer loop
      vertex -48 -2.11513 13.45
      vertex -45.6 -2.03519 13.3304
      vertex -48 -2.03519 13.3304
    endloop
  endfacet
  facet normal 0 0.946967 0.32133
    outer loop
      vertex -45.6 -2.17877 13.579
      vertex -48 -2.22502 13.7153
      vertex -45.6 -2.22502 13.7153
    endloop
  endfacet
  facet normal 0 0.946967 0.32133
    outer loop
      vertex -48 -2.22502 13.7153
      vertex -45.6 -2.17877 13.579
      vertex -48 -2.17877 13.579
    endloop
  endfacet
  facet normal 0 0.980781 0.195113
    outer loop
      vertex -45.6 -2.22502 13.7153
      vertex -48 -2.25309 13.8564
      vertex -45.6 -2.25309 13.8564
    endloop
  endfacet
  facet normal 0 0.980781 0.195113
    outer loop
      vertex -48 -2.25309 13.8564
      vertex -45.6 -2.22502 13.7153
      vertex -48 -2.22502 13.7153
    endloop
  endfacet
  facet normal -0 0.442622 0.896708
    outer loop
      vertex -48 -1.58345 12.9837
      vertex -45.6 -1.7125 13.0474
      vertex -45.6 -1.58345 12.9837
    endloop
  endfacet
  facet normal 0 0.442622 0.896708
    outer loop
      vertex -45.6 -1.7125 13.0474
      vertex -48 -1.58345 12.9837
      vertex -48 -1.7125 13.0474
    endloop
  endfacet
  facet normal -0 0.555374 0.831601
    outer loop
      vertex -48 -1.7125 13.0474
      vertex -45.6 -1.83214 13.1273
      vertex -45.6 -1.7125 13.0474
    endloop
  endfacet
  facet normal 0 0.555374 0.831601
    outer loop
      vertex -45.6 -1.83214 13.1273
      vertex -48 -1.7125 13.0474
      vertex -48 -1.83214 13.1273
    endloop
  endfacet
  facet normal -0 0.0653289 0.997864
    outer loop
      vertex -48 -1.1625 12.9
      vertex -45.6 -1.30608 12.9094
      vertex -45.6 -1.1625 12.9
    endloop
  endfacet
  facet normal 0 0.0653289 0.997864
    outer loop
      vertex -45.6 -1.30608 12.9094
      vertex -48 -1.1625 12.9
      vertex -48 -1.30608 12.9094
    endloop
  endfacet
  facet normal 0 -0.321122 -0.947038
    outer loop
      vertex -48 -0.877799 15.0625
      vertex -45.6 -0.741548 15.0163
      vertex -45.6 -0.877799 15.0625
    endloop
  endfacet
  facet normal -0 -0.321122 -0.947038
    outer loop
      vertex -45.6 -0.741548 15.0163
      vertex -48 -0.877799 15.0625
      vertex -48 -0.741548 15.0163
    endloop
  endfacet
  facet normal 0 -0.442624 -0.896707
    outer loop
      vertex -48 -0.741548 15.0163
      vertex -45.6 -0.612499 14.9526
      vertex -45.6 -0.741548 15.0163
    endloop
  endfacet
  facet normal -0 -0.442624 -0.896707
    outer loop
      vertex -45.6 -0.612499 14.9526
      vertex -48 -0.741548 15.0163
      vertex -48 -0.612499 14.9526
    endloop
  endfacet
  facet normal 0 -0.659458 -0.751741
    outer loop
      vertex -48 -0.492862 14.8727
      vertex -45.6 -0.384682 14.7778
      vertex -45.6 -0.492862 14.8727
    endloop
  endfacet
  facet normal -0 -0.659458 -0.751741
    outer loop
      vertex -45.6 -0.384682 14.7778
      vertex -48 -0.492862 14.8727
      vertex -48 -0.384682 14.7778
    endloop
  endfacet
  facet normal 0 -0.99786 -0.0653883
    outer loop
      vertex -48 -0.0625 14
      vertex -45.6 -0.0719099 14.1436
      vertex -48 -0.0719099 14.1436
    endloop
  endfacet
  facet normal 0 -0.99786 -0.0653883
    outer loop
      vertex -45.6 -0.0719099 14.1436
      vertex -48 -0.0625 14
      vertex -45.6 -0.0625 14
    endloop
  endfacet
  facet normal 0 -0.896809 -0.442419
    outer loop
      vertex -48 -0.146232 14.421
      vertex -45.6 -0.209871 14.55
      vertex -48 -0.209871 14.55
    endloop
  endfacet
  facet normal 0 -0.896809 -0.442419
    outer loop
      vertex -45.6 -0.209871 14.55
      vertex -48 -0.146232 14.421
      vertex -45.6 -0.146232 14.421
    endloop
  endfacet
  facet normal 0 -0.946966 -0.321334
    outer loop
      vertex -48 -0.0999813 14.2847
      vertex -45.6 -0.146232 14.421
      vertex -48 -0.146232 14.421
    endloop
  endfacet
  facet normal 0 -0.946966 -0.321334
    outer loop
      vertex -45.6 -0.146232 14.421
      vertex -48 -0.0999813 14.2847
      vertex -45.6 -0.0999813 14.2847
    endloop
  endfacet
  facet normal 0 0.980781 -0.195113
    outer loop
      vertex -45.6 -2.25309 14.1436
      vertex -48 -2.22502 14.2847
      vertex -45.6 -2.22502 14.2847
    endloop
  endfacet
  facet normal 0 0.980781 -0.195113
    outer loop
      vertex -48 -2.22502 14.2847
      vertex -45.6 -2.25309 14.1436
      vertex -48 -2.25309 14.1436
    endloop
  endfacet
  facet normal 0 0.946967 -0.32133
    outer loop
      vertex -45.6 -2.22502 14.2847
      vertex -48 -2.17877 14.421
      vertex -45.6 -2.17877 14.421
    endloop
  endfacet
  facet normal 0 0.946967 -0.32133
    outer loop
      vertex -48 -2.17877 14.421
      vertex -45.6 -2.22502 14.2847
      vertex -48 -2.22502 14.2847
    endloop
  endfacet
  facet normal 0 0.896806 -0.442424
    outer loop
      vertex -45.6 -2.17877 14.421
      vertex -48 -2.11513 14.55
      vertex -45.6 -2.11513 14.55
    endloop
  endfacet
  facet normal 0 0.896806 -0.442424
    outer loop
      vertex -48 -2.11513 14.55
      vertex -45.6 -2.17877 14.421
      vertex -48 -2.17877 14.421
    endloop
  endfacet
  facet normal 0 0.751905 -0.659272
    outer loop
      vertex -45.6 -2.03519 14.6696
      vertex -48 -1.94032 14.7778
      vertex -45.6 -1.94032 14.7778
    endloop
  endfacet
  facet normal 0 0.751905 -0.659272
    outer loop
      vertex -48 -1.94032 14.7778
      vertex -45.6 -2.03519 14.6696
      vertex -48 -2.03519 14.6696
    endloop
  endfacet
  facet normal 0 0.195287 -0.980746
    outer loop
      vertex -48 -1.4472 15.0625
      vertex -45.6 -1.30608 15.0906
      vertex -45.6 -1.4472 15.0625
    endloop
  endfacet
  facet normal 0 0.195287 -0.980746
    outer loop
      vertex -45.6 -1.30608 15.0906
      vertex -48 -1.4472 15.0625
      vertex -48 -1.30608 15.0906
    endloop
  endfacet
  facet normal 0 0.0653289 -0.997864
    outer loop
      vertex -48 -1.30608 15.0906
      vertex -45.6 -1.1625 15.1
      vertex -45.6 -1.30608 15.0906
    endloop
  endfacet
  facet normal 0 0.0653289 -0.997864
    outer loop
      vertex -45.6 -1.1625 15.1
      vertex -48 -1.30608 15.0906
      vertex -48 -1.1625 15.1
    endloop
  endfacet
  facet normal 0 0.321124 -0.947037
    outer loop
      vertex -48 -1.58345 15.0163
      vertex -45.6 -1.4472 15.0625
      vertex -45.6 -1.58345 15.0163
    endloop
  endfacet
  facet normal 0 0.321124 -0.947037
    outer loop
      vertex -45.6 -1.4472 15.0625
      vertex -48 -1.58345 15.0163
      vertex -48 -1.4472 15.0625
    endloop
  endfacet
  facet normal 0 -0.0653289 -0.997864
    outer loop
      vertex -45.35 -1.1625 20.1
      vertex -45.1 -1.01892 20.0906
      vertex -45.1 -1.1625 20.1
    endloop
  endfacet
  facet normal -0 -0.0653289 -0.997864
    outer loop
      vertex -45.1 -1.01892 20.0906
      vertex -45.35 -1.1625 20.1
      vertex -45.35 -1.01892 20.0906
    endloop
  endfacet
  facet normal 0 -0.0653289 -0.997864
    outer loop
      vertex -48 -1.1625 20.1
      vertex -45.6 -1.01892 20.0906
      vertex -45.6 -1.1625 20.1
    endloop
  endfacet
  facet normal -0 -0.0653289 -0.997864
    outer loop
      vertex -45.6 -1.01892 20.0906
      vertex -48 -1.1625 20.1
      vertex -48 -1.01892 20.0906
    endloop
  endfacet
  facet normal 0 -0.195286 -0.980746
    outer loop
      vertex -45.35 -1.01892 20.0906
      vertex -45.1 -0.877799 20.0625
      vertex -45.1 -1.01892 20.0906
    endloop
  endfacet
  facet normal -0 -0.195286 -0.980746
    outer loop
      vertex -45.1 -0.877799 20.0625
      vertex -45.35 -1.01892 20.0906
      vertex -45.35 -0.877799 20.0625
    endloop
  endfacet
  facet normal 0 -0.195286 -0.980746
    outer loop
      vertex -48 -1.01892 20.0906
      vertex -45.6 -0.877799 20.0625
      vertex -45.6 -1.01892 20.0906
    endloop
  endfacet
  facet normal -0 -0.195286 -0.980746
    outer loop
      vertex -45.6 -0.877799 20.0625
      vertex -48 -1.01892 20.0906
      vertex -48 -0.877799 20.0625
    endloop
  endfacet
  facet normal 0 -0.0653289 0.997864
    outer loop
      vertex -48 -1.01892 17.9094
      vertex -45.6 -1.1625 17.9
      vertex -45.6 -1.01892 17.9094
    endloop
  endfacet
  facet normal 0 -0.0653289 0.997864
    outer loop
      vertex -45.6 -1.1625 17.9
      vertex -48 -1.01892 17.9094
      vertex -48 -1.1625 17.9
    endloop
  endfacet
  facet normal 0 -0.99786 0.0653883
    outer loop
      vertex -48 -0.0719099 18.8564
      vertex -45.6 -0.0625 19
      vertex -48 -0.0625 19
    endloop
  endfacet
  facet normal 0 -0.99786 0.0653883
    outer loop
      vertex -45.6 -0.0625 19
      vertex -48 -0.0719099 18.8564
      vertex -45.6 -0.0719099 18.8564
    endloop
  endfacet
  facet normal 0 0.99786 0.065389
    outer loop
      vertex -45.6 -2.25309 18.8564
      vertex -48 -2.2625 19
      vertex -45.6 -2.2625 19
    endloop
  endfacet
  facet normal 0 0.99786 0.065389
    outer loop
      vertex -48 -2.2625 19
      vertex -45.6 -2.25309 18.8564
      vertex -48 -2.25309 18.8564
    endloop
  endfacet
  facet normal -0 0.659458 0.751741
    outer loop
      vertex -48 -1.83214 18.1273
      vertex -45.6 -1.94032 18.2222
      vertex -45.6 -1.83214 18.1273
    endloop
  endfacet
  facet normal 0 0.659458 0.751741
    outer loop
      vertex -45.6 -1.94032 18.2222
      vertex -48 -1.83214 18.1273
      vertex -48 -1.94032 18.2222
    endloop
  endfacet
  facet normal 0 -0.659458 0.751741
    outer loop
      vertex -48 -0.384682 18.2222
      vertex -45.6 -0.492862 18.1273
      vertex -45.6 -0.384682 18.2222
    endloop
  endfacet
  facet normal 0 -0.659458 0.751741
    outer loop
      vertex -45.6 -0.492862 18.1273
      vertex -48 -0.384682 18.2222
      vertex -48 -0.492862 18.1273
    endloop
  endfacet
  facet normal 0 -0.896809 0.442419
    outer loop
      vertex -48 -0.209871 18.45
      vertex -45.6 -0.146232 18.579
      vertex -48 -0.146232 18.579
    endloop
  endfacet
  facet normal 0 -0.896809 0.442419
    outer loop
      vertex -45.6 -0.146232 18.579
      vertex -48 -0.209871 18.45
      vertex -45.6 -0.209871 18.45
    endloop
  endfacet
  facet normal 0 0.99786 -0.065389
    outer loop
      vertex -45.1 -2.2625 19
      vertex -45.35 -2.25309 19.1436
      vertex -45.1 -2.25309 19.1436
    endloop
  endfacet
  facet normal 0 0.99786 -0.065389
    outer loop
      vertex -45.35 -2.25309 19.1436
      vertex -45.1 -2.2625 19
      vertex -45.35 -2.2625 19
    endloop
  endfacet
  facet normal 0 0.99786 -0.065389
    outer loop
      vertex -45.6 -2.2625 19
      vertex -48 -2.25309 19.1436
      vertex -45.6 -2.25309 19.1436
    endloop
  endfacet
  facet normal 0 0.99786 -0.065389
    outer loop
      vertex -48 -2.25309 19.1436
      vertex -45.6 -2.2625 19
      vertex -48 -2.2625 19
    endloop
  endfacet
  facet normal 0 0.555374 -0.831601
    outer loop
      vertex -45.35 -1.83214 19.8727
      vertex -45.1 -1.7125 19.9526
      vertex -45.1 -1.83214 19.8727
    endloop
  endfacet
  facet normal 0 0.555374 -0.831601
    outer loop
      vertex -45.1 -1.7125 19.9526
      vertex -45.35 -1.83214 19.8727
      vertex -45.35 -1.7125 19.9526
    endloop
  endfacet
  facet normal 0 0.555374 -0.831601
    outer loop
      vertex -48 -1.83214 19.8727
      vertex -45.6 -1.7125 19.9526
      vertex -45.6 -1.83214 19.8727
    endloop
  endfacet
  facet normal 0 0.555374 -0.831601
    outer loop
      vertex -45.6 -1.7125 19.9526
      vertex -48 -1.83214 19.8727
      vertex -48 -1.7125 19.9526
    endloop
  endfacet
  facet normal -0 0.321124 0.947037
    outer loop
      vertex -48 -1.4472 17.9375
      vertex -45.6 -1.58345 17.9837
      vertex -45.6 -1.4472 17.9375
    endloop
  endfacet
  facet normal 0 0.321124 0.947037
    outer loop
      vertex -45.6 -1.58345 17.9837
      vertex -48 -1.4472 17.9375
      vertex -48 -1.58345 17.9837
    endloop
  endfacet
  facet normal 0 -0.946966 -0.321334
    outer loop
      vertex -45.35 -0.0999813 19.2847
      vertex -45.1 -0.146232 19.421
      vertex -45.35 -0.146232 19.421
    endloop
  endfacet
  facet normal 0 -0.946966 -0.321334
    outer loop
      vertex -45.1 -0.146232 19.421
      vertex -45.35 -0.0999813 19.2847
      vertex -45.1 -0.0999813 19.2847
    endloop
  endfacet
  facet normal 0 -0.946966 -0.321334
    outer loop
      vertex -48 -0.0999813 19.2847
      vertex -45.6 -0.146232 19.421
      vertex -48 -0.146232 19.421
    endloop
  endfacet
  facet normal 0 -0.946966 -0.321334
    outer loop
      vertex -45.6 -0.146232 19.421
      vertex -48 -0.0999813 19.2847
      vertex -45.6 -0.0999813 19.2847
    endloop
  endfacet
  facet normal 0 -0.321122 0.947038
    outer loop
      vertex -48 -0.741548 17.9837
      vertex -45.6 -0.877799 17.9375
      vertex -45.6 -0.741548 17.9837
    endloop
  endfacet
  facet normal 0 -0.321122 0.947038
    outer loop
      vertex -45.6 -0.877799 17.9375
      vertex -48 -0.741548 17.9837
      vertex -48 -0.877799 17.9375
    endloop
  endfacet
  facet normal 0 -0.442624 0.896707
    outer loop
      vertex -48 -0.612499 18.0474
      vertex -45.6 -0.741548 17.9837
      vertex -45.6 -0.612499 18.0474
    endloop
  endfacet
  facet normal 0 -0.442624 0.896707
    outer loop
      vertex -45.6 -0.741548 17.9837
      vertex -48 -0.612499 18.0474
      vertex -48 -0.741548 17.9837
    endloop
  endfacet
  facet normal 0 -0.751901 0.659276
    outer loop
      vertex -48 -0.384682 18.2222
      vertex -45.6 -0.289811 18.3304
      vertex -48 -0.289811 18.3304
    endloop
  endfacet
  facet normal 0 -0.751901 0.659276
    outer loop
      vertex -45.6 -0.289811 18.3304
      vertex -48 -0.384682 18.2222
      vertex -45.6 -0.384682 18.2222
    endloop
  endfacet
  facet normal 0 -0.946966 0.321334
    outer loop
      vertex -48 -0.146232 18.579
      vertex -45.6 -0.0999813 18.7153
      vertex -48 -0.0999813 18.7153
    endloop
  endfacet
  facet normal 0 -0.946966 0.321334
    outer loop
      vertex -45.6 -0.0999813 18.7153
      vertex -48 -0.146232 18.579
      vertex -45.6 -0.146232 18.579
    endloop
  endfacet
  facet normal -1 0 0
    outer loop
      vertex -45.1 -0.0625 19
      vertex -45.1 -0.0999813 19.2847
      vertex -45.1 -0.0719099 19.1436
    endloop
  endfacet
  facet normal -1 0 0
    outer loop
      vertex -45.1 -0.0625 19
      vertex -45.1 -0.146232 19.421
      vertex -45.1 -0.0999813 19.2847
    endloop
  endfacet
  facet normal -1 0 0
    outer loop
      vertex -45.1 -0.0625 19
      vertex -45.1 -0.209871 19.55
      vertex -45.1 -0.146232 19.421
    endloop
  endfacet
  facet normal -1 0 0
    outer loop
      vertex -45.1 -0.0625 19
      vertex -45.1 -0.289811 19.6696
      vertex -45.1 -0.209871 19.55
    endloop
  endfacet
  facet normal -1 0 0
    outer loop
      vertex -45.1 -0.0625 19
      vertex -45.1 -0.384682 19.7778
      vertex -45.1 -0.289811 19.6696
    endloop
  endfacet
  facet normal -1 0 0
    outer loop
      vertex -45.1 -0.0625 19
      vertex -45.1 -0.492862 19.8727
      vertex -45.1 -0.384682 19.7778
    endloop
  endfacet
  facet normal -1 0 0
    outer loop
      vertex -45.1 -0.0625 19
      vertex -45.1 -0.612499 19.9526
      vertex -45.1 -0.492862 19.8727
    endloop
  endfacet
  facet normal -1 0 0
    outer loop
      vertex -45.1 -0.0625 19
      vertex -45.1 -0.741548 20.0163
      vertex -45.1 -0.612499 19.9526
    endloop
  endfacet
  facet normal -1 0 0
    outer loop
      vertex -45.1 -0.0625 19
      vertex -45.1 -0.877799 20.0625
      vertex -45.1 -0.741548 20.0163
    endloop
  endfacet
  facet normal -1 0 0
    outer loop
      vertex -45.1 -0.0625 19
      vertex -45.1 -1.01892 20.0906
      vertex -45.1 -0.877799 20.0625
    endloop
  endfacet
  facet normal -1 0 0
    outer loop
      vertex -45.1 -0.0625 19
      vertex -45.1 -1.1625 20.1
      vertex -45.1 -1.01892 20.0906
    endloop
  endfacet
  facet normal -1 0 0
    outer loop
      vertex -45.1 -0.0625 19
      vertex -45.1 -1.30608 20.0906
      vertex -45.1 -1.1625 20.1
    endloop
  endfacet
  facet normal -1 0 0
    outer loop
      vertex -45.1 -0.0625 19
      vertex -45.1 -1.4472 20.0625
      vertex -45.1 -1.30608 20.0906
    endloop
  endfacet
  facet normal -1 0 0
    outer loop
      vertex -45.1 -0.0625 19
      vertex -45.1 -1.58345 20.0163
      vertex -45.1 -1.4472 20.0625
    endloop
  endfacet
  facet normal -1 0 0
    outer loop
      vertex -45.1 -0.0625 19
      vertex -45.1 -1.7125 19.9526
      vertex -45.1 -1.58345 20.0163
    endloop
  endfacet
  facet normal -1 0 0
    outer loop
      vertex -45.1 -0.0625 19
      vertex -45.1 -1.83214 19.8727
      vertex -45.1 -1.7125 19.9526
    endloop
  endfacet
  facet normal -1 0 0
    outer loop
      vertex -45.1 -0.0625 19
      vertex -45.1 -1.94032 19.7778
      vertex -45.1 -1.83214 19.8727
    endloop
  endfacet
  facet normal -1 0 0
    outer loop
      vertex -45.1 -0.0625 19
      vertex -45.1 -2.03519 19.6696
      vertex -45.1 -1.94032 19.7778
    endloop
  endfacet
  facet normal -1 0 0
    outer loop
      vertex -45.1 -0.0625 19
      vertex -45.1 -2.11513 19.55
      vertex -45.1 -2.03519 19.6696
    endloop
  endfacet
  facet normal -1 0 0
    outer loop
      vertex -45.1 -0.0625 19
      vertex -45.1 -2.17877 19.421
      vertex -45.1 -2.11513 19.55
    endloop
  endfacet
  facet normal -1 0 0
    outer loop
      vertex -45.1 -0.0625 19
      vertex -45.1 -2.22502 19.2847
      vertex -45.1 -2.17877 19.421
    endloop
  endfacet
  facet normal -1 0 0
    outer loop
      vertex -45.1 -0.0625 19
      vertex -45.1 -2.25309 19.1436
      vertex -45.1 -2.22502 19.2847
    endloop
  endfacet
  facet normal -1 0 -0
    outer loop
      vertex -45.1 -2.25309 19.1436
      vertex -45.1 -0.0625 19
      vertex -45.1 -2.2625 19
    endloop
  endfacet
  facet normal 0 0.896806 0.442424
    outer loop
      vertex -45.6 -2.11513 18.45
      vertex -48 -2.17877 18.579
      vertex -45.6 -2.17877 18.579
    endloop
  endfacet
  facet normal 0 0.896806 0.442424
    outer loop
      vertex -48 -2.17877 18.579
      vertex -45.6 -2.11513 18.45
      vertex -48 -2.11513 18.45
    endloop
  endfacet
  facet normal -0 0.195287 0.980746
    outer loop
      vertex -48 -1.30608 17.9094
      vertex -45.6 -1.4472 17.9375
      vertex -45.6 -1.30608 17.9094
    endloop
  endfacet
  facet normal 0 0.195287 0.980746
    outer loop
      vertex -45.6 -1.4472 17.9375
      vertex -48 -1.30608 17.9094
      vertex -48 -1.4472 17.9375
    endloop
  endfacet
  facet normal 0 -0.321122 -0.947038
    outer loop
      vertex -45.35 -0.877799 20.0625
      vertex -45.1 -0.741548 20.0163
      vertex -45.1 -0.877799 20.0625
    endloop
  endfacet
  facet normal -0 -0.321122 -0.947038
    outer loop
      vertex -45.1 -0.741548 20.0163
      vertex -45.35 -0.877799 20.0625
      vertex -45.35 -0.741548 20.0163
    endloop
  endfacet
  facet normal 0 -0.321122 -0.947038
    outer loop
      vertex -48 -0.877799 20.0625
      vertex -45.6 -0.741548 20.0163
      vertex -45.6 -0.877799 20.0625
    endloop
  endfacet
  facet normal -0 -0.321122 -0.947038
    outer loop
      vertex -45.6 -0.741548 20.0163
      vertex -48 -0.877799 20.0625
      vertex -48 -0.741548 20.0163
    endloop
  endfacet
  facet normal 0 -0.751901 -0.659276
    outer loop
      vertex -45.35 -0.289811 19.6696
      vertex -45.1 -0.384682 19.7778
      vertex -45.35 -0.384682 19.7778
    endloop
  endfacet
  facet normal 0 -0.751901 -0.659276
    outer loop
      vertex -45.1 -0.384682 19.7778
      vertex -45.35 -0.289811 19.6696
      vertex -45.1 -0.289811 19.6696
    endloop
  endfacet
  facet normal 0 -0.751901 -0.659276
    outer loop
      vertex -48 -0.289811 19.6696
      vertex -45.6 -0.384682 19.7778
      vertex -48 -0.384682 19.7778
    endloop
  endfacet
  facet normal 0 -0.751901 -0.659276
    outer loop
      vertex -45.6 -0.384682 19.7778
      vertex -48 -0.289811 19.6696
      vertex -45.6 -0.289811 19.6696
    endloop
  endfacet
  facet normal 0 -0.980779 -0.195123
    outer loop
      vertex -45.35 -0.0719099 19.1436
      vertex -45.1 -0.0999813 19.2847
      vertex -45.35 -0.0999813 19.2847
    endloop
  endfacet
  facet normal 0 -0.980779 -0.195123
    outer loop
      vertex -45.1 -0.0999813 19.2847
      vertex -45.35 -0.0719099 19.1436
      vertex -45.1 -0.0719099 19.1436
    endloop
  endfacet
  facet normal 0 -0.980779 -0.195123
    outer loop
      vertex -48 -0.0719099 19.1436
      vertex -45.6 -0.0999813 19.2847
      vertex -48 -0.0999813 19.2847
    endloop
  endfacet
  facet normal 0 -0.980779 -0.195123
    outer loop
      vertex -45.6 -0.0999813 19.2847
      vertex -48 -0.0719099 19.1436
      vertex -45.6 -0.0719099 19.1436
    endloop
  endfacet
  facet normal 0 -0.831387 -0.555694
    outer loop
      vertex -45.35 -0.209871 19.55
      vertex -45.1 -0.289811 19.6696
      vertex -45.35 -0.289811 19.6696
    endloop
  endfacet
  facet normal 0 -0.831387 -0.555694
    outer loop
      vertex -45.1 -0.289811 19.6696
      vertex -45.35 -0.209871 19.55
      vertex -45.1 -0.209871 19.55
    endloop
  endfacet
  facet normal 0 -0.831387 -0.555694
    outer loop
      vertex -48 -0.209871 19.55
      vertex -45.6 -0.289811 19.6696
      vertex -48 -0.289811 19.6696
    endloop
  endfacet
  facet normal 0 -0.831387 -0.555694
    outer loop
      vertex -45.6 -0.289811 19.6696
      vertex -48 -0.209871 19.55
      vertex -45.6 -0.209871 19.55
    endloop
  endfacet
  facet normal 0 -0.896809 -0.442419
    outer loop
      vertex -45.35 -0.146232 19.421
      vertex -45.1 -0.209871 19.55
      vertex -45.35 -0.209871 19.55
    endloop
  endfacet
  facet normal 0 -0.896809 -0.442419
    outer loop
      vertex -45.1 -0.209871 19.55
      vertex -45.35 -0.146232 19.421
      vertex -45.1 -0.146232 19.421
    endloop
  endfacet
  facet normal 0 -0.896809 -0.442419
    outer loop
      vertex -48 -0.146232 19.421
      vertex -45.6 -0.209871 19.55
      vertex -48 -0.209871 19.55
    endloop
  endfacet
  facet normal 0 -0.896809 -0.442419
    outer loop
      vertex -45.6 -0.209871 19.55
      vertex -48 -0.146232 19.421
      vertex -45.6 -0.146232 19.421
    endloop
  endfacet
  facet normal 0 -0.195286 0.980746
    outer loop
      vertex -48 -0.877799 17.9375
      vertex -45.6 -1.01892 17.9094
      vertex -45.6 -0.877799 17.9375
    endloop
  endfacet
  facet normal 0 -0.195286 0.980746
    outer loop
      vertex -45.6 -1.01892 17.9094
      vertex -48 -0.877799 17.9375
      vertex -48 -1.01892 17.9094
    endloop
  endfacet
  facet normal 0 -0.980779 0.195123
    outer loop
      vertex -48 -0.0999813 18.7153
      vertex -45.6 -0.0719099 18.8564
      vertex -48 -0.0719099 18.8564
    endloop
  endfacet
  facet normal 0 -0.980779 0.195123
    outer loop
      vertex -45.6 -0.0719099 18.8564
      vertex -48 -0.0999813 18.7153
      vertex -45.6 -0.0999813 18.7153
    endloop
  endfacet
  facet normal 0 0.946967 -0.32133
    outer loop
      vertex -45.1 -2.22502 19.2847
      vertex -45.35 -2.17877 19.421
      vertex -45.1 -2.17877 19.421
    endloop
  endfacet
  facet normal 0 0.946967 -0.32133
    outer loop
      vertex -45.35 -2.17877 19.421
      vertex -45.1 -2.22502 19.2847
      vertex -45.35 -2.22502 19.2847
    endloop
  endfacet
  facet normal 0 0.946967 -0.32133
    outer loop
      vertex -45.6 -2.22502 19.2847
      vertex -48 -2.17877 19.421
      vertex -45.6 -2.17877 19.421
    endloop
  endfacet
  facet normal 0 0.946967 -0.32133
    outer loop
      vertex -48 -2.17877 19.421
      vertex -45.6 -2.22502 19.2847
      vertex -48 -2.22502 19.2847
    endloop
  endfacet
  facet normal 0 0.659458 -0.751741
    outer loop
      vertex -45.35 -1.94032 19.7778
      vertex -45.1 -1.83214 19.8727
      vertex -45.1 -1.94032 19.7778
    endloop
  endfacet
  facet normal 0 0.659458 -0.751741
    outer loop
      vertex -45.1 -1.83214 19.8727
      vertex -45.35 -1.94032 19.7778
      vertex -45.35 -1.83214 19.8727
    endloop
  endfacet
  facet normal 0 0.659458 -0.751741
    outer loop
      vertex -48 -1.94032 19.7778
      vertex -45.6 -1.83214 19.8727
      vertex -45.6 -1.94032 19.7778
    endloop
  endfacet
  facet normal 0 0.659458 -0.751741
    outer loop
      vertex -45.6 -1.83214 19.8727
      vertex -48 -1.94032 19.7778
      vertex -48 -1.83214 19.8727
    endloop
  endfacet
  facet normal 0 0.831387 0.555694
    outer loop
      vertex -45.6 -2.03519 18.3304
      vertex -48 -2.11513 18.45
      vertex -45.6 -2.11513 18.45
    endloop
  endfacet
  facet normal 0 0.831387 0.555694
    outer loop
      vertex -48 -2.11513 18.45
      vertex -45.6 -2.03519 18.3304
      vertex -48 -2.03519 18.3304
    endloop
  endfacet
  facet normal 0 0.946967 0.32133
    outer loop
      vertex -45.6 -2.17877 18.579
      vertex -48 -2.22502 18.7153
      vertex -45.6 -2.22502 18.7153
    endloop
  endfacet
  facet normal 0 0.946967 0.32133
    outer loop
      vertex -48 -2.22502 18.7153
      vertex -45.6 -2.17877 18.579
      vertex -48 -2.17877 18.579
    endloop
  endfacet
  facet normal 0 0.980781 0.195113
    outer loop
      vertex -45.6 -2.22502 18.7153
      vertex -48 -2.25309 18.8564
      vertex -45.6 -2.25309 18.8564
    endloop
  endfacet
  facet normal 0 0.980781 0.195113
    outer loop
      vertex -48 -2.25309 18.8564
      vertex -45.6 -2.22502 18.7153
      vertex -48 -2.22502 18.7153
    endloop
  endfacet
  facet normal -0 0.442622 0.896708
    outer loop
      vertex -48 -1.58345 17.9837
      vertex -45.6 -1.7125 18.0474
      vertex -45.6 -1.58345 17.9837
    endloop
  endfacet
  facet normal 0 0.442622 0.896708
    outer loop
      vertex -45.6 -1.7125 18.0474
      vertex -48 -1.58345 17.9837
      vertex -48 -1.7125 18.0474
    endloop
  endfacet
  facet normal -0 0.555374 0.831601
    outer loop
      vertex -48 -1.7125 18.0474
      vertex -45.6 -1.83214 18.1273
      vertex -45.6 -1.7125 18.0474
    endloop
  endfacet
  facet normal 0 0.555374 0.831601
    outer loop
      vertex -45.6 -1.83214 18.1273
      vertex -48 -1.7125 18.0474
      vertex -48 -1.83214 18.1273
    endloop
  endfacet
  facet normal -0 0.0653289 0.997864
    outer loop
      vertex -48 -1.1625 17.9
      vertex -45.6 -1.30608 17.9094
      vertex -45.6 -1.1625 17.9
    endloop
  endfacet
  facet normal 0 0.0653289 0.997864
    outer loop
      vertex -45.6 -1.30608 17.9094
      vertex -48 -1.1625 17.9
      vertex -48 -1.30608 17.9094
    endloop
  endfacet
  facet normal 0 -0.442624 -0.896707
    outer loop
      vertex -45.35 -0.741548 20.0163
      vertex -45.1 -0.612499 19.9526
      vertex -45.1 -0.741548 20.0163
    endloop
  endfacet
  facet normal -0 -0.442624 -0.896707
    outer loop
      vertex -45.1 -0.612499 19.9526
      vertex -45.35 -0.741548 20.0163
      vertex -45.35 -0.612499 19.9526
    endloop
  endfacet
  facet normal 0 -0.442624 -0.896707
    outer loop
      vertex -48 -0.741548 20.0163
      vertex -45.6 -0.612499 19.9526
      vertex -45.6 -0.741548 20.0163
    endloop
  endfacet
  facet normal -0 -0.442624 -0.896707
    outer loop
      vertex -45.6 -0.612499 19.9526
      vertex -48 -0.741548 20.0163
      vertex -48 -0.612499 19.9526
    endloop
  endfacet
  facet normal 0 -0.555383 -0.831594
    outer loop
      vertex -45.35 -0.612499 19.9526
      vertex -45.1 -0.492862 19.8727
      vertex -45.1 -0.612499 19.9526
    endloop
  endfacet
  facet normal -0 -0.555383 -0.831594
    outer loop
      vertex -45.1 -0.492862 19.8727
      vertex -45.35 -0.612499 19.9526
      vertex -45.35 -0.492862 19.8727
    endloop
  endfacet
  facet normal 0 -0.555383 -0.831594
    outer loop
      vertex -48 -0.612499 19.9526
      vertex -45.6 -0.492862 19.8727
      vertex -45.6 -0.612499 19.9526
    endloop
  endfacet
  facet normal -0 -0.555383 -0.831594
    outer loop
      vertex -45.6 -0.492862 19.8727
      vertex -48 -0.612499 19.9526
      vertex -48 -0.492862 19.8727
    endloop
  endfacet
  facet normal 0 -0.659458 -0.751741
    outer loop
      vertex -45.35 -0.492862 19.8727
      vertex -45.1 -0.384682 19.7778
      vertex -45.1 -0.492862 19.8727
    endloop
  endfacet
  facet normal -0 -0.659458 -0.751741
    outer loop
      vertex -45.1 -0.384682 19.7778
      vertex -45.35 -0.492862 19.8727
      vertex -45.35 -0.384682 19.7778
    endloop
  endfacet
  facet normal 0 -0.659458 -0.751741
    outer loop
      vertex -48 -0.492862 19.8727
      vertex -45.6 -0.384682 19.7778
      vertex -45.6 -0.492862 19.8727
    endloop
  endfacet
  facet normal -0 -0.659458 -0.751741
    outer loop
      vertex -45.6 -0.384682 19.7778
      vertex -48 -0.492862 19.8727
      vertex -48 -0.384682 19.7778
    endloop
  endfacet
  facet normal 0 -0.99786 -0.0653883
    outer loop
      vertex -45.35 -0.0625 19
      vertex -45.1 -0.0719099 19.1436
      vertex -45.35 -0.0719099 19.1436
    endloop
  endfacet
  facet normal 0 -0.99786 -0.0653883
    outer loop
      vertex -45.1 -0.0719099 19.1436
      vertex -45.35 -0.0625 19
      vertex -45.1 -0.0625 19
    endloop
  endfacet
  facet normal 0 -0.99786 -0.0653883
    outer loop
      vertex -48 -0.0625 19
      vertex -45.6 -0.0719099 19.1436
      vertex -48 -0.0719099 19.1436
    endloop
  endfacet
  facet normal 0 -0.99786 -0.0653883
    outer loop
      vertex -45.6 -0.0719099 19.1436
      vertex -48 -0.0625 19
      vertex -45.6 -0.0625 19
    endloop
  endfacet
  facet normal 0 -0.555383 0.831594
    outer loop
      vertex -48 -0.492862 18.1273
      vertex -45.6 -0.612499 18.0474
      vertex -45.6 -0.492862 18.1273
    endloop
  endfacet
  facet normal 0 -0.555383 0.831594
    outer loop
      vertex -45.6 -0.612499 18.0474
      vertex -48 -0.492862 18.1273
      vertex -48 -0.612499 18.0474
    endloop
  endfacet
  facet normal 0 -0.831387 0.555694
    outer loop
      vertex -48 -0.289811 18.3304
      vertex -45.6 -0.209871 18.45
      vertex -48 -0.209871 18.45
    endloop
  endfacet
  facet normal 0 -0.831387 0.555694
    outer loop
      vertex -45.6 -0.209871 18.45
      vertex -48 -0.289811 18.3304
      vertex -45.6 -0.289811 18.3304
    endloop
  endfacet
  facet normal 0 0.980781 -0.195113
    outer loop
      vertex -45.1 -2.25309 19.1436
      vertex -45.35 -2.22502 19.2847
      vertex -45.1 -2.22502 19.2847
    endloop
  endfacet
  facet normal 0 0.980781 -0.195113
    outer loop
      vertex -45.35 -2.22502 19.2847
      vertex -45.1 -2.25309 19.1436
      vertex -45.35 -2.25309 19.1436
    endloop
  endfacet
  facet normal 0 0.980781 -0.195113
    outer loop
      vertex -45.6 -2.25309 19.1436
      vertex -48 -2.22502 19.2847
      vertex -45.6 -2.22502 19.2847
    endloop
  endfacet
  facet normal 0 0.980781 -0.195113
    outer loop
      vertex -48 -2.22502 19.2847
      vertex -45.6 -2.25309 19.1436
      vertex -48 -2.25309 19.1436
    endloop
  endfacet
  facet normal 0 0.896806 -0.442424
    outer loop
      vertex -45.1 -2.17877 19.421
      vertex -45.35 -2.11513 19.55
      vertex -45.1 -2.11513 19.55
    endloop
  endfacet
  facet normal 0 0.896806 -0.442424
    outer loop
      vertex -45.35 -2.11513 19.55
      vertex -45.1 -2.17877 19.421
      vertex -45.35 -2.17877 19.421
    endloop
  endfacet
  facet normal 0 0.896806 -0.442424
    outer loop
      vertex -45.6 -2.17877 19.421
      vertex -48 -2.11513 19.55
      vertex -45.6 -2.11513 19.55
    endloop
  endfacet
  facet normal 0 0.896806 -0.442424
    outer loop
      vertex -48 -2.11513 19.55
      vertex -45.6 -2.17877 19.421
      vertex -48 -2.17877 19.421
    endloop
  endfacet
  facet normal 0 0.831387 -0.555694
    outer loop
      vertex -45.1 -2.11513 19.55
      vertex -45.35 -2.03519 19.6696
      vertex -45.1 -2.03519 19.6696
    endloop
  endfacet
  facet normal 0 0.831387 -0.555694
    outer loop
      vertex -45.35 -2.03519 19.6696
      vertex -45.1 -2.11513 19.55
      vertex -45.35 -2.11513 19.55
    endloop
  endfacet
  facet normal 0 0.831387 -0.555694
    outer loop
      vertex -45.6 -2.11513 19.55
      vertex -48 -2.03519 19.6696
      vertex -45.6 -2.03519 19.6696
    endloop
  endfacet
  facet normal 0 0.831387 -0.555694
    outer loop
      vertex -48 -2.03519 19.6696
      vertex -45.6 -2.11513 19.55
      vertex -48 -2.11513 19.55
    endloop
  endfacet
  facet normal 0 0.751905 -0.659272
    outer loop
      vertex -45.1 -2.03519 19.6696
      vertex -45.35 -1.94032 19.7778
      vertex -45.1 -1.94032 19.7778
    endloop
  endfacet
  facet normal 0 0.751905 -0.659272
    outer loop
      vertex -45.35 -1.94032 19.7778
      vertex -45.1 -2.03519 19.6696
      vertex -45.35 -2.03519 19.6696
    endloop
  endfacet
  facet normal 0 0.751905 -0.659272
    outer loop
      vertex -45.6 -2.03519 19.6696
      vertex -48 -1.94032 19.7778
      vertex -45.6 -1.94032 19.7778
    endloop
  endfacet
  facet normal 0 0.751905 -0.659272
    outer loop
      vertex -48 -1.94032 19.7778
      vertex -45.6 -2.03519 19.6696
      vertex -48 -2.03519 19.6696
    endloop
  endfacet
  facet normal 0 0.195287 -0.980746
    outer loop
      vertex -45.35 -1.4472 20.0625
      vertex -45.1 -1.30608 20.0906
      vertex -45.1 -1.4472 20.0625
    endloop
  endfacet
  facet normal 0 0.195287 -0.980746
    outer loop
      vertex -45.1 -1.30608 20.0906
      vertex -45.35 -1.4472 20.0625
      vertex -45.35 -1.30608 20.0906
    endloop
  endfacet
  facet normal 0 0.195287 -0.980746
    outer loop
      vertex -48 -1.4472 20.0625
      vertex -45.6 -1.30608 20.0906
      vertex -45.6 -1.4472 20.0625
    endloop
  endfacet
  facet normal 0 0.195287 -0.980746
    outer loop
      vertex -45.6 -1.30608 20.0906
      vertex -48 -1.4472 20.0625
      vertex -48 -1.30608 20.0906
    endloop
  endfacet
  facet normal 0 0.0653289 -0.997864
    outer loop
      vertex -45.35 -1.30608 20.0906
      vertex -45.1 -1.1625 20.1
      vertex -45.1 -1.30608 20.0906
    endloop
  endfacet
  facet normal 0 0.0653289 -0.997864
    outer loop
      vertex -45.1 -1.1625 20.1
      vertex -45.35 -1.30608 20.0906
      vertex -45.35 -1.1625 20.1
    endloop
  endfacet
  facet normal 0 0.0653289 -0.997864
    outer loop
      vertex -48 -1.30608 20.0906
      vertex -45.6 -1.1625 20.1
      vertex -45.6 -1.30608 20.0906
    endloop
  endfacet
  facet normal 0 0.0653289 -0.997864
    outer loop
      vertex -45.6 -1.1625 20.1
      vertex -48 -1.30608 20.0906
      vertex -48 -1.1625 20.1
    endloop
  endfacet
  facet normal 0 0.751905 0.659272
    outer loop
      vertex -45.6 -1.94032 18.2222
      vertex -48 -2.03519 18.3304
      vertex -45.6 -2.03519 18.3304
    endloop
  endfacet
  facet normal 0 0.751905 0.659272
    outer loop
      vertex -48 -2.03519 18.3304
      vertex -45.6 -1.94032 18.2222
      vertex -48 -1.94032 18.2222
    endloop
  endfacet
  facet normal 0 0.442622 -0.896708
    outer loop
      vertex -45.35 -1.7125 19.9526
      vertex -45.1 -1.58345 20.0163
      vertex -45.1 -1.7125 19.9526
    endloop
  endfacet
  facet normal 0 0.442622 -0.896708
    outer loop
      vertex -45.1 -1.58345 20.0163
      vertex -45.35 -1.7125 19.9526
      vertex -45.35 -1.58345 20.0163
    endloop
  endfacet
  facet normal 0 0.442622 -0.896708
    outer loop
      vertex -48 -1.7125 19.9526
      vertex -45.6 -1.58345 20.0163
      vertex -45.6 -1.7125 19.9526
    endloop
  endfacet
  facet normal 0 0.442622 -0.896708
    outer loop
      vertex -45.6 -1.58345 20.0163
      vertex -48 -1.7125 19.9526
      vertex -48 -1.58345 20.0163
    endloop
  endfacet
  facet normal 0 0.321124 -0.947037
    outer loop
      vertex -45.35 -1.58345 20.0163
      vertex -45.1 -1.4472 20.0625
      vertex -45.1 -1.58345 20.0163
    endloop
  endfacet
  facet normal 0 0.321124 -0.947037
    outer loop
      vertex -45.1 -1.4472 20.0625
      vertex -45.35 -1.58345 20.0163
      vertex -45.35 -1.4472 20.0625
    endloop
  endfacet
  facet normal 0 0.321124 -0.947037
    outer loop
      vertex -48 -1.58345 20.0163
      vertex -45.6 -1.4472 20.0625
      vertex -45.6 -1.58345 20.0163
    endloop
  endfacet
  facet normal 0 0.321124 -0.947037
    outer loop
      vertex -45.6 -1.4472 20.0625
      vertex -48 -1.58345 20.0163
      vertex -48 -1.4472 20.0625
    endloop
  endfacet
  facet normal 0 -0.0653289 -0.997864
    outer loop
      vertex -48 4.8375 15.1
      vertex -45.6 4.98108 15.0906
      vertex -45.6 4.8375 15.1
    endloop
  endfacet
  facet normal -0 -0.0653289 -0.997864
    outer loop
      vertex -45.6 4.98108 15.0906
      vertex -48 4.8375 15.1
      vertex -48 4.98108 15.0906
    endloop
  endfacet
  facet normal 0 -0.195287 -0.980746
    outer loop
      vertex -48 4.98108 15.0906
      vertex -45.6 5.1222 15.0625
      vertex -45.6 4.98108 15.0906
    endloop
  endfacet
  facet normal -0 -0.195287 -0.980746
    outer loop
      vertex -45.6 5.1222 15.0625
      vertex -48 4.98108 15.0906
      vertex -48 5.1222 15.0625
    endloop
  endfacet
  facet normal 0 -0.0653289 0.997864
    outer loop
      vertex -48 4.98108 12.9094
      vertex -45.6 4.8375 12.9
      vertex -45.6 4.98108 12.9094
    endloop
  endfacet
  facet normal 0 -0.0653289 0.997864
    outer loop
      vertex -45.6 4.8375 12.9
      vertex -48 4.98108 12.9094
      vertex -48 4.8375 12.9
    endloop
  endfacet
  facet normal 0 0.99786 0.065389
    outer loop
      vertex -45.6 3.74691 13.8564
      vertex -48 3.7375 14
      vertex -45.6 3.7375 14
    endloop
  endfacet
  facet normal 0 0.99786 0.065389
    outer loop
      vertex -48 3.7375 14
      vertex -45.6 3.74691 13.8564
      vertex -48 3.74691 13.8564
    endloop
  endfacet
  facet normal -0 0.659458 0.751741
    outer loop
      vertex -48 4.16786 13.1273
      vertex -45.6 4.05968 13.2222
      vertex -45.6 4.16786 13.1273
    endloop
  endfacet
  facet normal 0 0.659458 0.751741
    outer loop
      vertex -45.6 4.05968 13.2222
      vertex -48 4.16786 13.1273
      vertex -48 4.05968 13.2222
    endloop
  endfacet
  facet normal 0 -0.751905 0.659272
    outer loop
      vertex -48 5.61532 13.2222
      vertex -45.6 5.71019 13.3304
      vertex -48 5.71019 13.3304
    endloop
  endfacet
  facet normal 0 -0.751905 0.659272
    outer loop
      vertex -45.6 5.71019 13.3304
      vertex -48 5.61532 13.2222
      vertex -45.6 5.61532 13.2222
    endloop
  endfacet
  facet normal 0 -0.946967 0.32133
    outer loop
      vertex -48 5.85377 13.579
      vertex -45.6 5.90002 13.7153
      vertex -48 5.90002 13.7153
    endloop
  endfacet
  facet normal 0 -0.946967 0.32133
    outer loop
      vertex -45.6 5.90002 13.7153
      vertex -48 5.85377 13.579
      vertex -45.6 5.85377 13.579
    endloop
  endfacet
  facet normal 0 0.99786 -0.065389
    outer loop
      vertex -45.6 3.7375 14
      vertex -48 3.74691 14.1436
      vertex -45.6 3.74691 14.1436
    endloop
  endfacet
  facet normal 0 0.99786 -0.065389
    outer loop
      vertex -48 3.74691 14.1436
      vertex -45.6 3.7375 14
      vertex -48 3.7375 14
    endloop
  endfacet
  facet normal 0 0.555374 -0.831601
    outer loop
      vertex -48 4.16786 14.8727
      vertex -45.6 4.2875 14.9526
      vertex -45.6 4.16786 14.8727
    endloop
  endfacet
  facet normal 0 0.555374 -0.831601
    outer loop
      vertex -45.6 4.2875 14.9526
      vertex -48 4.16786 14.8727
      vertex -48 4.2875 14.9526
    endloop
  endfacet
  facet normal -0 0.321124 0.947037
    outer loop
      vertex -48 4.5528 12.9375
      vertex -45.6 4.41655 12.9837
      vertex -45.6 4.5528 12.9375
    endloop
  endfacet
  facet normal 0 0.321124 0.947037
    outer loop
      vertex -45.6 4.41655 12.9837
      vertex -48 4.5528 12.9375
      vertex -48 4.41655 12.9837
    endloop
  endfacet
  facet normal 0 -0.659458 0.751741
    outer loop
      vertex -48 5.61532 13.2222
      vertex -45.6 5.50714 13.1273
      vertex -45.6 5.61532 13.2222
    endloop
  endfacet
  facet normal 0 -0.659458 0.751741
    outer loop
      vertex -45.6 5.50714 13.1273
      vertex -48 5.61532 13.2222
      vertex -48 5.50714 13.1273
    endloop
  endfacet
  facet normal 0 -0.99786 0.065389
    outer loop
      vertex -48 5.92809 13.8564
      vertex -45.6 5.9375 14
      vertex -48 5.9375 14
    endloop
  endfacet
  facet normal 0 -0.99786 0.065389
    outer loop
      vertex -45.6 5.9375 14
      vertex -48 5.92809 13.8564
      vertex -45.6 5.92809 13.8564
    endloop
  endfacet
  facet normal 0 0.896806 0.442424
    outer loop
      vertex -45.6 3.88487 13.45
      vertex -48 3.82123 13.579
      vertex -45.6 3.82123 13.579
    endloop
  endfacet
  facet normal 0 0.896806 0.442424
    outer loop
      vertex -48 3.82123 13.579
      vertex -45.6 3.88487 13.45
      vertex -48 3.88487 13.45
    endloop
  endfacet
  facet normal -0 0.195287 0.980746
    outer loop
      vertex -48 4.69392 12.9094
      vertex -45.6 4.5528 12.9375
      vertex -45.6 4.69392 12.9094
    endloop
  endfacet
  facet normal 0 0.195287 0.980746
    outer loop
      vertex -45.6 4.5528 12.9375
      vertex -48 4.69392 12.9094
      vertex -48 4.5528 12.9375
    endloop
  endfacet
  facet normal 0 -0.321124 -0.947037
    outer loop
      vertex -48 5.1222 15.0625
      vertex -45.6 5.25845 15.0163
      vertex -45.6 5.1222 15.0625
    endloop
  endfacet
  facet normal -0 -0.321124 -0.947037
    outer loop
      vertex -45.6 5.25845 15.0163
      vertex -48 5.1222 15.0625
      vertex -48 5.25845 15.0163
    endloop
  endfacet
  facet normal 0 -0.659458 -0.751741
    outer loop
      vertex -48 5.50714 14.8727
      vertex -45.6 5.61532 14.7778
      vertex -45.6 5.50714 14.8727
    endloop
  endfacet
  facet normal -0 -0.659458 -0.751741
    outer loop
      vertex -45.6 5.61532 14.7778
      vertex -48 5.50714 14.8727
      vertex -48 5.61532 14.7778
    endloop
  endfacet
  facet normal 0 -0.980781 -0.195113
    outer loop
      vertex -48 5.92809 14.1436
      vertex -45.6 5.90002 14.2847
      vertex -48 5.90002 14.2847
    endloop
  endfacet
  facet normal 0 -0.980781 -0.195113
    outer loop
      vertex -45.6 5.90002 14.2847
      vertex -48 5.92809 14.1436
      vertex -45.6 5.92809 14.1436
    endloop
  endfacet
  facet normal 0 -0.946967 -0.32133
    outer loop
      vertex -48 5.90002 14.2847
      vertex -45.6 5.85377 14.421
      vertex -48 5.85377 14.421
    endloop
  endfacet
  facet normal 0 -0.946967 -0.32133
    outer loop
      vertex -45.6 5.85377 14.421
      vertex -48 5.90002 14.2847
      vertex -45.6 5.90002 14.2847
    endloop
  endfacet
  facet normal 0 -0.99786 -0.065389
    outer loop
      vertex -48 5.9375 14
      vertex -45.6 5.92809 14.1436
      vertex -48 5.92809 14.1436
    endloop
  endfacet
  facet normal 0 -0.99786 -0.065389
    outer loop
      vertex -45.6 5.92809 14.1436
      vertex -48 5.9375 14
      vertex -45.6 5.9375 14
    endloop
  endfacet
  facet normal 0 -0.896806 -0.442424
    outer loop
      vertex -48 5.85377 14.421
      vertex -45.6 5.79013 14.55
      vertex -48 5.79013 14.55
    endloop
  endfacet
  facet normal 0 -0.896806 -0.442424
    outer loop
      vertex -45.6 5.79013 14.55
      vertex -48 5.85377 14.421
      vertex -45.6 5.85377 14.421
    endloop
  endfacet
  facet normal 0 -0.321124 0.947037
    outer loop
      vertex -48 5.25845 12.9837
      vertex -45.6 5.1222 12.9375
      vertex -45.6 5.25845 12.9837
    endloop
  endfacet
  facet normal 0 -0.321124 0.947037
    outer loop
      vertex -45.6 5.1222 12.9375
      vertex -48 5.25845 12.9837
      vertex -48 5.1222 12.9375
    endloop
  endfacet
  facet normal 0 -0.442622 0.896708
    outer loop
      vertex -48 5.3875 13.0474
      vertex -45.6 5.25845 12.9837
      vertex -45.6 5.3875 13.0474
    endloop
  endfacet
  facet normal 0 -0.442622 0.896708
    outer loop
      vertex -45.6 5.25845 12.9837
      vertex -48 5.3875 13.0474
      vertex -48 5.25845 12.9837
    endloop
  endfacet
  facet normal 0 -0.555374 0.831601
    outer loop
      vertex -48 5.50714 13.1273
      vertex -45.6 5.3875 13.0474
      vertex -45.6 5.50714 13.1273
    endloop
  endfacet
  facet normal 0 -0.555374 0.831601
    outer loop
      vertex -45.6 5.3875 13.0474
      vertex -48 5.50714 13.1273
      vertex -48 5.3875 13.0474
    endloop
  endfacet
  facet normal 0 -0.896806 0.442424
    outer loop
      vertex -48 5.79013 13.45
      vertex -45.6 5.85377 13.579
      vertex -48 5.85377 13.579
    endloop
  endfacet
  facet normal 0 -0.896806 0.442424
    outer loop
      vertex -45.6 5.85377 13.579
      vertex -48 5.79013 13.45
      vertex -45.6 5.79013 13.45
    endloop
  endfacet
  facet normal 0 0.946967 -0.32133
    outer loop
      vertex -45.6 3.77498 14.2847
      vertex -48 3.82123 14.421
      vertex -45.6 3.82123 14.421
    endloop
  endfacet
  facet normal 0 0.946967 -0.32133
    outer loop
      vertex -48 3.82123 14.421
      vertex -45.6 3.77498 14.2847
      vertex -48 3.77498 14.2847
    endloop
  endfacet
  facet normal 0 0.659458 -0.751741
    outer loop
      vertex -48 4.05968 14.7778
      vertex -45.6 4.16786 14.8727
      vertex -45.6 4.05968 14.7778
    endloop
  endfacet
  facet normal 0 0.659458 -0.751741
    outer loop
      vertex -45.6 4.16786 14.8727
      vertex -48 4.05968 14.7778
      vertex -48 4.16786 14.8727
    endloop
  endfacet
  facet normal 0 0.831387 0.555694
    outer loop
      vertex -45.6 3.96481 13.3304
      vertex -48 3.88487 13.45
      vertex -45.6 3.88487 13.45
    endloop
  endfacet
  facet normal 0 0.831387 0.555694
    outer loop
      vertex -48 3.88487 13.45
      vertex -45.6 3.96481 13.3304
      vertex -48 3.96481 13.3304
    endloop
  endfacet
  facet normal 0 0.946967 0.32133
    outer loop
      vertex -45.6 3.82123 13.579
      vertex -48 3.77498 13.7153
      vertex -45.6 3.77498 13.7153
    endloop
  endfacet
  facet normal 0 0.946967 0.32133
    outer loop
      vertex -48 3.77498 13.7153
      vertex -45.6 3.82123 13.579
      vertex -48 3.82123 13.579
    endloop
  endfacet
  facet normal 0 0.980781 0.195113
    outer loop
      vertex -45.6 3.77498 13.7153
      vertex -48 3.74691 13.8564
      vertex -45.6 3.74691 13.8564
    endloop
  endfacet
  facet normal 0 0.980781 0.195113
    outer loop
      vertex -48 3.74691 13.8564
      vertex -45.6 3.77498 13.7153
      vertex -48 3.77498 13.7153
    endloop
  endfacet
  facet normal -0 0.442622 0.896708
    outer loop
      vertex -48 4.41655 12.9837
      vertex -45.6 4.2875 13.0474
      vertex -45.6 4.41655 12.9837
    endloop
  endfacet
  facet normal 0 0.442622 0.896708
    outer loop
      vertex -45.6 4.2875 13.0474
      vertex -48 4.41655 12.9837
      vertex -48 4.2875 13.0474
    endloop
  endfacet
  facet normal -0 0.555374 0.831601
    outer loop
      vertex -48 4.2875 13.0474
      vertex -45.6 4.16786 13.1273
      vertex -45.6 4.2875 13.0474
    endloop
  endfacet
  facet normal 0 0.555374 0.831601
    outer loop
      vertex -45.6 4.16786 13.1273
      vertex -48 4.2875 13.0474
      vertex -48 4.16786 13.1273
    endloop
  endfacet
  facet normal -0 0.0653289 0.997864
    outer loop
      vertex -48 4.8375 12.9
      vertex -45.6 4.69392 12.9094
      vertex -45.6 4.8375 12.9
    endloop
  endfacet
  facet normal 0 0.0653289 0.997864
    outer loop
      vertex -45.6 4.69392 12.9094
      vertex -48 4.8375 12.9
      vertex -48 4.69392 12.9094
    endloop
  endfacet
  facet normal 0 -0.442622 -0.896708
    outer loop
      vertex -48 5.25845 15.0163
      vertex -45.6 5.3875 14.9526
      vertex -45.6 5.25845 15.0163
    endloop
  endfacet
  facet normal -0 -0.442622 -0.896708
    outer loop
      vertex -45.6 5.3875 14.9526
      vertex -48 5.25845 15.0163
      vertex -48 5.3875 14.9526
    endloop
  endfacet
  facet normal 0 -0.555374 -0.831601
    outer loop
      vertex -48 5.3875 14.9526
      vertex -45.6 5.50714 14.8727
      vertex -45.6 5.3875 14.9526
    endloop
  endfacet
  facet normal -0 -0.555374 -0.831601
    outer loop
      vertex -45.6 5.50714 14.8727
      vertex -48 5.3875 14.9526
      vertex -48 5.50714 14.8727
    endloop
  endfacet
  facet normal 0 -0.751905 -0.659272
    outer loop
      vertex -48 5.71019 14.6696
      vertex -45.6 5.61532 14.7778
      vertex -48 5.61532 14.7778
    endloop
  endfacet
  facet normal 0 -0.751905 -0.659272
    outer loop
      vertex -45.6 5.61532 14.7778
      vertex -48 5.71019 14.6696
      vertex -45.6 5.71019 14.6696
    endloop
  endfacet
  facet normal 0 -0.831387 -0.555694
    outer loop
      vertex -48 5.79013 14.55
      vertex -45.6 5.71019 14.6696
      vertex -48 5.71019 14.6696
    endloop
  endfacet
  facet normal 0 -0.831387 -0.555694
    outer loop
      vertex -45.6 5.71019 14.6696
      vertex -48 5.79013 14.55
      vertex -45.6 5.79013 14.55
    endloop
  endfacet
  facet normal 0 -0.195287 0.980746
    outer loop
      vertex -48 5.1222 12.9375
      vertex -45.6 4.98108 12.9094
      vertex -45.6 5.1222 12.9375
    endloop
  endfacet
  facet normal 0 -0.195287 0.980746
    outer loop
      vertex -45.6 4.98108 12.9094
      vertex -48 5.1222 12.9375
      vertex -48 4.98108 12.9094
    endloop
  endfacet
  facet normal 0 -0.831387 0.555694
    outer loop
      vertex -48 5.71019 13.3304
      vertex -45.6 5.79013 13.45
      vertex -48 5.79013 13.45
    endloop
  endfacet
  facet normal 0 -0.831387 0.555694
    outer loop
      vertex -45.6 5.79013 13.45
      vertex -48 5.71019 13.3304
      vertex -45.6 5.71019 13.3304
    endloop
  endfacet
  facet normal 0 -0.980781 0.195113
    outer loop
      vertex -48 5.90002 13.7153
      vertex -45.6 5.92809 13.8564
      vertex -48 5.92809 13.8564
    endloop
  endfacet
  facet normal 0 -0.980781 0.195113
    outer loop
      vertex -45.6 5.92809 13.8564
      vertex -48 5.90002 13.7153
      vertex -45.6 5.90002 13.7153
    endloop
  endfacet
  facet normal 0 0.980781 -0.195113
    outer loop
      vertex -45.6 3.74691 14.1436
      vertex -48 3.77498 14.2847
      vertex -45.6 3.77498 14.2847
    endloop
  endfacet
  facet normal 0 0.980781 -0.195113
    outer loop
      vertex -48 3.77498 14.2847
      vertex -45.6 3.74691 14.1436
      vertex -48 3.74691 14.1436
    endloop
  endfacet
  facet normal 0 0.896806 -0.442424
    outer loop
      vertex -45.6 3.82123 14.421
      vertex -48 3.88487 14.55
      vertex -45.6 3.88487 14.55
    endloop
  endfacet
  facet normal 0 0.896806 -0.442424
    outer loop
      vertex -48 3.88487 14.55
      vertex -45.6 3.82123 14.421
      vertex -48 3.82123 14.421
    endloop
  endfacet
  facet normal 0 0.831387 -0.555694
    outer loop
      vertex -45.6 3.88487 14.55
      vertex -48 3.96481 14.6696
      vertex -45.6 3.96481 14.6696
    endloop
  endfacet
  facet normal 0 0.831387 -0.555694
    outer loop
      vertex -48 3.96481 14.6696
      vertex -45.6 3.88487 14.55
      vertex -48 3.88487 14.55
    endloop
  endfacet
  facet normal 0 0.751905 -0.659272
    outer loop
      vertex -45.6 3.96481 14.6696
      vertex -48 4.05968 14.7778
      vertex -45.6 4.05968 14.7778
    endloop
  endfacet
  facet normal 0 0.751905 -0.659272
    outer loop
      vertex -48 4.05968 14.7778
      vertex -45.6 3.96481 14.6696
      vertex -48 3.96481 14.6696
    endloop
  endfacet
  facet normal 0 0.195287 -0.980746
    outer loop
      vertex -48 4.5528 15.0625
      vertex -45.6 4.69392 15.0906
      vertex -45.6 4.5528 15.0625
    endloop
  endfacet
  facet normal 0 0.195287 -0.980746
    outer loop
      vertex -45.6 4.69392 15.0906
      vertex -48 4.5528 15.0625
      vertex -48 4.69392 15.0906
    endloop
  endfacet
  facet normal 0 0.0653289 -0.997864
    outer loop
      vertex -48 4.69392 15.0906
      vertex -45.6 4.8375 15.1
      vertex -45.6 4.69392 15.0906
    endloop
  endfacet
  facet normal 0 0.0653289 -0.997864
    outer loop
      vertex -45.6 4.8375 15.1
      vertex -48 4.69392 15.0906
      vertex -48 4.8375 15.1
    endloop
  endfacet
  facet normal 0 0.751905 0.659272
    outer loop
      vertex -45.6 4.05968 13.2222
      vertex -48 3.96481 13.3304
      vertex -45.6 3.96481 13.3304
    endloop
  endfacet
  facet normal 0 0.751905 0.659272
    outer loop
      vertex -48 3.96481 13.3304
      vertex -45.6 4.05968 13.2222
      vertex -48 4.05968 13.2222
    endloop
  endfacet
  facet normal 0 0.442622 -0.896708
    outer loop
      vertex -48 4.2875 14.9526
      vertex -45.6 4.41655 15.0163
      vertex -45.6 4.2875 14.9526
    endloop
  endfacet
  facet normal 0 0.442622 -0.896708
    outer loop
      vertex -45.6 4.41655 15.0163
      vertex -48 4.2875 14.9526
      vertex -48 4.41655 15.0163
    endloop
  endfacet
  facet normal 0 0.321124 -0.947037
    outer loop
      vertex -48 4.41655 15.0163
      vertex -45.6 4.5528 15.0625
      vertex -45.6 4.41655 15.0163
    endloop
  endfacet
  facet normal 0 0.321124 -0.947037
    outer loop
      vertex -45.6 4.5528 15.0625
      vertex -48 4.41655 15.0163
      vertex -48 4.5528 15.0625
    endloop
  endfacet
  facet normal 0 -0.0653289 -0.997864
    outer loop
      vertex -45.35 4.8375 20.1
      vertex -45.1 4.98108 20.0906
      vertex -45.1 4.8375 20.1
    endloop
  endfacet
  facet normal -0 -0.0653289 -0.997864
    outer loop
      vertex -45.1 4.98108 20.0906
      vertex -45.35 4.8375 20.1
      vertex -45.35 4.98108 20.0906
    endloop
  endfacet
  facet normal 0 -0.0653289 -0.997864
    outer loop
      vertex -48 4.8375 20.1
      vertex -45.6 4.98108 20.0906
      vertex -45.6 4.8375 20.1
    endloop
  endfacet
  facet normal -0 -0.0653289 -0.997864
    outer loop
      vertex -45.6 4.98108 20.0906
      vertex -48 4.8375 20.1
      vertex -48 4.98108 20.0906
    endloop
  endfacet
  facet normal 0 -0.195287 -0.980746
    outer loop
      vertex -45.35 4.98108 20.0906
      vertex -45.1 5.1222 20.0625
      vertex -45.1 4.98108 20.0906
    endloop
  endfacet
  facet normal -0 -0.195287 -0.980746
    outer loop
      vertex -45.1 5.1222 20.0625
      vertex -45.35 4.98108 20.0906
      vertex -45.35 5.1222 20.0625
    endloop
  endfacet
  facet normal 0 -0.195287 -0.980746
    outer loop
      vertex -48 4.98108 20.0906
      vertex -45.6 5.1222 20.0625
      vertex -45.6 4.98108 20.0906
    endloop
  endfacet
  facet normal -0 -0.195287 -0.980746
    outer loop
      vertex -45.6 5.1222 20.0625
      vertex -48 4.98108 20.0906
      vertex -48 5.1222 20.0625
    endloop
  endfacet
  facet normal 0 -0.0653289 0.997864
    outer loop
      vertex -48 4.98108 17.9094
      vertex -45.6 4.8375 17.9
      vertex -45.6 4.98108 17.9094
    endloop
  endfacet
  facet normal 0 -0.0653289 0.997864
    outer loop
      vertex -45.6 4.8375 17.9
      vertex -48 4.98108 17.9094
      vertex -48 4.8375 17.9
    endloop
  endfacet
  facet normal 0 0.99786 0.065389
    outer loop
      vertex -45.6 3.74691 18.8564
      vertex -48 3.7375 19
      vertex -45.6 3.7375 19
    endloop
  endfacet
  facet normal 0 0.99786 0.065389
    outer loop
      vertex -48 3.7375 19
      vertex -45.6 3.74691 18.8564
      vertex -48 3.74691 18.8564
    endloop
  endfacet
  facet normal -0 0.659458 0.751741
    outer loop
      vertex -48 4.16786 18.1273
      vertex -45.6 4.05968 18.2222
      vertex -45.6 4.16786 18.1273
    endloop
  endfacet
  facet normal 0 0.659458 0.751741
    outer loop
      vertex -45.6 4.05968 18.2222
      vertex -48 4.16786 18.1273
      vertex -48 4.05968 18.2222
    endloop
  endfacet
  facet normal 0 -0.751905 0.659272
    outer loop
      vertex -48 5.61532 18.2222
      vertex -45.6 5.71019 18.3304
      vertex -48 5.71019 18.3304
    endloop
  endfacet
  facet normal 0 -0.751905 0.659272
    outer loop
      vertex -45.6 5.71019 18.3304
      vertex -48 5.61532 18.2222
      vertex -45.6 5.61532 18.2222
    endloop
  endfacet
  facet normal 0 -0.946967 0.32133
    outer loop
      vertex -48 5.85377 18.579
      vertex -45.6 5.90002 18.7153
      vertex -48 5.90002 18.7153
    endloop
  endfacet
  facet normal 0 -0.946967 0.32133
    outer loop
      vertex -45.6 5.90002 18.7153
      vertex -48 5.85377 18.579
      vertex -45.6 5.85377 18.579
    endloop
  endfacet
  facet normal 0 0.99786 -0.065389
    outer loop
      vertex -45.1 3.7375 19
      vertex -45.35 3.74691 19.1436
      vertex -45.1 3.74691 19.1436
    endloop
  endfacet
  facet normal 0 0.99786 -0.065389
    outer loop
      vertex -45.35 3.74691 19.1436
      vertex -45.1 3.7375 19
      vertex -45.35 3.7375 19
    endloop
  endfacet
  facet normal 0 0.99786 -0.065389
    outer loop
      vertex -45.6 3.7375 19
      vertex -48 3.74691 19.1436
      vertex -45.6 3.74691 19.1436
    endloop
  endfacet
  facet normal 0 0.99786 -0.065389
    outer loop
      vertex -48 3.74691 19.1436
      vertex -45.6 3.7375 19
      vertex -48 3.7375 19
    endloop
  endfacet
  facet normal 0 0.555374 -0.831601
    outer loop
      vertex -45.35 4.16786 19.8727
      vertex -45.1 4.2875 19.9526
      vertex -45.1 4.16786 19.8727
    endloop
  endfacet
  facet normal 0 0.555374 -0.831601
    outer loop
      vertex -45.1 4.2875 19.9526
      vertex -45.35 4.16786 19.8727
      vertex -45.35 4.2875 19.9526
    endloop
  endfacet
  facet normal 0 0.555374 -0.831601
    outer loop
      vertex -48 4.16786 19.8727
      vertex -45.6 4.2875 19.9526
      vertex -45.6 4.16786 19.8727
    endloop
  endfacet
  facet normal 0 0.555374 -0.831601
    outer loop
      vertex -45.6 4.2875 19.9526
      vertex -48 4.16786 19.8727
      vertex -48 4.2875 19.9526
    endloop
  endfacet
  facet normal -0 0.321124 0.947037
    outer loop
      vertex -48 4.5528 17.9375
      vertex -45.6 4.41655 17.9837
      vertex -45.6 4.5528 17.9375
    endloop
  endfacet
  facet normal 0 0.321124 0.947037
    outer loop
      vertex -45.6 4.41655 17.9837
      vertex -48 4.5528 17.9375
      vertex -48 4.41655 17.9837
    endloop
  endfacet
  facet normal 0 -0.659458 0.751741
    outer loop
      vertex -48 5.61532 18.2222
      vertex -45.6 5.50714 18.1273
      vertex -45.6 5.61532 18.2222
    endloop
  endfacet
  facet normal 0 -0.659458 0.751741
    outer loop
      vertex -45.6 5.50714 18.1273
      vertex -48 5.61532 18.2222
      vertex -48 5.50714 18.1273
    endloop
  endfacet
  facet normal 0 -0.99786 0.065389
    outer loop
      vertex -48 5.92809 18.8564
      vertex -45.6 5.9375 19
      vertex -48 5.9375 19
    endloop
  endfacet
  facet normal 0 -0.99786 0.065389
    outer loop
      vertex -45.6 5.9375 19
      vertex -48 5.92809 18.8564
      vertex -45.6 5.92809 18.8564
    endloop
  endfacet
  facet normal -1 0 0
    outer loop
      vertex -45.1 5.9375 19
      vertex -45.1 5.90002 19.2847
      vertex -45.1 5.92809 19.1436
    endloop
  endfacet
  facet normal -1 0 0
    outer loop
      vertex -45.1 5.9375 19
      vertex -45.1 5.85377 19.421
      vertex -45.1 5.90002 19.2847
    endloop
  endfacet
  facet normal -1 0 0
    outer loop
      vertex -45.1 5.9375 19
      vertex -45.1 5.79013 19.55
      vertex -45.1 5.85377 19.421
    endloop
  endfacet
  facet normal -1 0 0
    outer loop
      vertex -45.1 5.9375 19
      vertex -45.1 5.71019 19.6696
      vertex -45.1 5.79013 19.55
    endloop
  endfacet
  facet normal -1 0 0
    outer loop
      vertex -45.1 5.9375 19
      vertex -45.1 5.61532 19.7778
      vertex -45.1 5.71019 19.6696
    endloop
  endfacet
  facet normal -1 0 0
    outer loop
      vertex -45.1 5.9375 19
      vertex -45.1 5.50714 19.8727
      vertex -45.1 5.61532 19.7778
    endloop
  endfacet
  facet normal -1 0 0
    outer loop
      vertex -45.1 5.9375 19
      vertex -45.1 5.3875 19.9526
      vertex -45.1 5.50714 19.8727
    endloop
  endfacet
  facet normal -1 0 0
    outer loop
      vertex -45.1 5.9375 19
      vertex -45.1 5.25845 20.0163
      vertex -45.1 5.3875 19.9526
    endloop
  endfacet
  facet normal -1 0 0
    outer loop
      vertex -45.1 5.9375 19
      vertex -45.1 5.1222 20.0625
      vertex -45.1 5.25845 20.0163
    endloop
  endfacet
  facet normal -1 0 0
    outer loop
      vertex -45.1 5.9375 19
      vertex -45.1 4.98108 20.0906
      vertex -45.1 5.1222 20.0625
    endloop
  endfacet
  facet normal -1 0 0
    outer loop
      vertex -45.1 5.9375 19
      vertex -45.1 4.8375 20.1
      vertex -45.1 4.98108 20.0906
    endloop
  endfacet
  facet normal -1 0 0
    outer loop
      vertex -45.1 5.9375 19
      vertex -45.1 4.69392 20.0906
      vertex -45.1 4.8375 20.1
    endloop
  endfacet
  facet normal -1 0 0
    outer loop
      vertex -45.1 5.9375 19
      vertex -45.1 4.5528 20.0625
      vertex -45.1 4.69392 20.0906
    endloop
  endfacet
  facet normal -1 0 0
    outer loop
      vertex -45.1 5.9375 19
      vertex -45.1 4.41655 20.0163
      vertex -45.1 4.5528 20.0625
    endloop
  endfacet
  facet normal -1 0 0
    outer loop
      vertex -45.1 5.9375 19
      vertex -45.1 4.2875 19.9526
      vertex -45.1 4.41655 20.0163
    endloop
  endfacet
  facet normal -1 0 0
    outer loop
      vertex -45.1 5.9375 19
      vertex -45.1 4.16786 19.8727
      vertex -45.1 4.2875 19.9526
    endloop
  endfacet
  facet normal -1 0 0
    outer loop
      vertex -45.1 5.9375 19
      vertex -45.1 4.05968 19.7778
      vertex -45.1 4.16786 19.8727
    endloop
  endfacet
  facet normal -1 0 0
    outer loop
      vertex -45.1 5.9375 19
      vertex -45.1 3.96481 19.6696
      vertex -45.1 4.05968 19.7778
    endloop
  endfacet
  facet normal -1 0 0
    outer loop
      vertex -45.1 5.9375 19
      vertex -45.1 3.88487 19.55
      vertex -45.1 3.96481 19.6696
    endloop
  endfacet
  facet normal -1 0 0
    outer loop
      vertex -45.1 5.9375 19
      vertex -45.1 3.82123 19.421
      vertex -45.1 3.88487 19.55
    endloop
  endfacet
  facet normal -1 0 0
    outer loop
      vertex -45.1 5.9375 19
      vertex -45.1 3.77498 19.2847
      vertex -45.1 3.82123 19.421
    endloop
  endfacet
  facet normal -1 0 0
    outer loop
      vertex -45.1 5.9375 19
      vertex -45.1 3.74691 19.1436
      vertex -45.1 3.77498 19.2847
    endloop
  endfacet
  facet normal -1 0 -0
    outer loop
      vertex -45.1 3.74691 19.1436
      vertex -45.1 5.9375 19
      vertex -45.1 3.7375 19
    endloop
  endfacet
  facet normal 0 0.896806 0.442424
    outer loop
      vertex -45.6 3.88487 18.45
      vertex -48 3.82123 18.579
      vertex -45.6 3.82123 18.579
    endloop
  endfacet
  facet normal 0 0.896806 0.442424
    outer loop
      vertex -48 3.82123 18.579
      vertex -45.6 3.88487 18.45
      vertex -48 3.88487 18.45
    endloop
  endfacet
  facet normal -0 0.195287 0.980746
    outer loop
      vertex -48 4.69392 17.9094
      vertex -45.6 4.5528 17.9375
      vertex -45.6 4.69392 17.9094
    endloop
  endfacet
  facet normal 0 0.195287 0.980746
    outer loop
      vertex -45.6 4.5528 17.9375
      vertex -48 4.69392 17.9094
      vertex -48 4.5528 17.9375
    endloop
  endfacet
  facet normal 0 -0.321124 -0.947037
    outer loop
      vertex -45.35 5.1222 20.0625
      vertex -45.1 5.25845 20.0163
      vertex -45.1 5.1222 20.0625
    endloop
  endfacet
  facet normal -0 -0.321124 -0.947037
    outer loop
      vertex -45.1 5.25845 20.0163
      vertex -45.35 5.1222 20.0625
      vertex -45.35 5.25845 20.0163
    endloop
  endfacet
  facet normal 0 -0.321124 -0.947037
    outer loop
      vertex -48 5.1222 20.0625
      vertex -45.6 5.25845 20.0163
      vertex -45.6 5.1222 20.0625
    endloop
  endfacet
  facet normal -0 -0.321124 -0.947037
    outer loop
      vertex -45.6 5.25845 20.0163
      vertex -48 5.1222 20.0625
      vertex -48 5.25845 20.0163
    endloop
  endfacet
  facet normal 0 -0.659458 -0.751741
    outer loop
      vertex -45.35 5.50714 19.8727
      vertex -45.1 5.61532 19.7778
      vertex -45.1 5.50714 19.8727
    endloop
  endfacet
  facet normal -0 -0.659458 -0.751741
    outer loop
      vertex -45.1 5.61532 19.7778
      vertex -45.35 5.50714 19.8727
      vertex -45.35 5.61532 19.7778
    endloop
  endfacet
  facet normal 0 -0.659458 -0.751741
    outer loop
      vertex -48 5.50714 19.8727
      vertex -45.6 5.61532 19.7778
      vertex -45.6 5.50714 19.8727
    endloop
  endfacet
  facet normal -0 -0.659458 -0.751741
    outer loop
      vertex -45.6 5.61532 19.7778
      vertex -48 5.50714 19.8727
      vertex -48 5.61532 19.7778
    endloop
  endfacet
  facet normal 0 -0.980781 -0.195113
    outer loop
      vertex -45.35 5.92809 19.1436
      vertex -45.1 5.90002 19.2847
      vertex -45.35 5.90002 19.2847
    endloop
  endfacet
  facet normal 0 -0.980781 -0.195113
    outer loop
      vertex -45.1 5.90002 19.2847
      vertex -45.35 5.92809 19.1436
      vertex -45.1 5.92809 19.1436
    endloop
  endfacet
  facet normal 0 -0.980781 -0.195113
    outer loop
      vertex -48 5.92809 19.1436
      vertex -45.6 5.90002 19.2847
      vertex -48 5.90002 19.2847
    endloop
  endfacet
  facet normal 0 -0.980781 -0.195113
    outer loop
      vertex -45.6 5.90002 19.2847
      vertex -48 5.92809 19.1436
      vertex -45.6 5.92809 19.1436
    endloop
  endfacet
  facet normal 0 -0.946967 -0.32133
    outer loop
      vertex -45.35 5.90002 19.2847
      vertex -45.1 5.85377 19.421
      vertex -45.35 5.85377 19.421
    endloop
  endfacet
  facet normal 0 -0.946967 -0.32133
    outer loop
      vertex -45.1 5.85377 19.421
      vertex -45.35 5.90002 19.2847
      vertex -45.1 5.90002 19.2847
    endloop
  endfacet
  facet normal 0 -0.946967 -0.32133
    outer loop
      vertex -48 5.90002 19.2847
      vertex -45.6 5.85377 19.421
      vertex -48 5.85377 19.421
    endloop
  endfacet
  facet normal 0 -0.946967 -0.32133
    outer loop
      vertex -45.6 5.85377 19.421
      vertex -48 5.90002 19.2847
      vertex -45.6 5.90002 19.2847
    endloop
  endfacet
  facet normal 0 -0.99786 -0.065389
    outer loop
      vertex -45.35 5.9375 19
      vertex -45.1 5.92809 19.1436
      vertex -45.35 5.92809 19.1436
    endloop
  endfacet
  facet normal 0 -0.99786 -0.065389
    outer loop
      vertex -45.1 5.92809 19.1436
      vertex -45.35 5.9375 19
      vertex -45.1 5.9375 19
    endloop
  endfacet
  facet normal 0 -0.99786 -0.065389
    outer loop
      vertex -48 5.9375 19
      vertex -45.6 5.92809 19.1436
      vertex -48 5.92809 19.1436
    endloop
  endfacet
  facet normal 0 -0.99786 -0.065389
    outer loop
      vertex -45.6 5.92809 19.1436
      vertex -48 5.9375 19
      vertex -45.6 5.9375 19
    endloop
  endfacet
  facet normal 0 -0.896806 -0.442424
    outer loop
      vertex -45.35 5.85377 19.421
      vertex -45.1 5.79013 19.55
      vertex -45.35 5.79013 19.55
    endloop
  endfacet
  facet normal 0 -0.896806 -0.442424
    outer loop
      vertex -45.1 5.79013 19.55
      vertex -45.35 5.85377 19.421
      vertex -45.1 5.85377 19.421
    endloop
  endfacet
  facet normal 0 -0.896806 -0.442424
    outer loop
      vertex -48 5.85377 19.421
      vertex -45.6 5.79013 19.55
      vertex -48 5.79013 19.55
    endloop
  endfacet
  facet normal 0 -0.896806 -0.442424
    outer loop
      vertex -45.6 5.79013 19.55
      vertex -48 5.85377 19.421
      vertex -45.6 5.85377 19.421
    endloop
  endfacet
  facet normal 0 -0.321124 0.947037
    outer loop
      vertex -48 5.25845 17.9837
      vertex -45.6 5.1222 17.9375
      vertex -45.6 5.25845 17.9837
    endloop
  endfacet
  facet normal 0 -0.321124 0.947037
    outer loop
      vertex -45.6 5.1222 17.9375
      vertex -48 5.25845 17.9837
      vertex -48 5.1222 17.9375
    endloop
  endfacet
  facet normal 0 -0.442622 0.896708
    outer loop
      vertex -48 5.3875 18.0474
      vertex -45.6 5.25845 17.9837
      vertex -45.6 5.3875 18.0474
    endloop
  endfacet
  facet normal 0 -0.442622 0.896708
    outer loop
      vertex -45.6 5.25845 17.9837
      vertex -48 5.3875 18.0474
      vertex -48 5.25845 17.9837
    endloop
  endfacet
  facet normal 0 -0.555374 0.831601
    outer loop
      vertex -48 5.50714 18.1273
      vertex -45.6 5.3875 18.0474
      vertex -45.6 5.50714 18.1273
    endloop
  endfacet
  facet normal 0 -0.555374 0.831601
    outer loop
      vertex -45.6 5.3875 18.0474
      vertex -48 5.50714 18.1273
      vertex -48 5.3875 18.0474
    endloop
  endfacet
  facet normal 0 -0.896806 0.442424
    outer loop
      vertex -48 5.79013 18.45
      vertex -45.6 5.85377 18.579
      vertex -48 5.85377 18.579
    endloop
  endfacet
  facet normal 0 -0.896806 0.442424
    outer loop
      vertex -45.6 5.85377 18.579
      vertex -48 5.79013 18.45
      vertex -45.6 5.79013 18.45
    endloop
  endfacet
  facet normal 0 0.946967 -0.32133
    outer loop
      vertex -45.1 3.77498 19.2847
      vertex -45.35 3.82123 19.421
      vertex -45.1 3.82123 19.421
    endloop
  endfacet
  facet normal 0 0.946967 -0.32133
    outer loop
      vertex -45.35 3.82123 19.421
      vertex -45.1 3.77498 19.2847
      vertex -45.35 3.77498 19.2847
    endloop
  endfacet
  facet normal 0 0.946967 -0.32133
    outer loop
      vertex -45.6 3.77498 19.2847
      vertex -48 3.82123 19.421
      vertex -45.6 3.82123 19.421
    endloop
  endfacet
  facet normal 0 0.946967 -0.32133
    outer loop
      vertex -48 3.82123 19.421
      vertex -45.6 3.77498 19.2847
      vertex -48 3.77498 19.2847
    endloop
  endfacet
  facet normal 0 0.659458 -0.751741
    outer loop
      vertex -45.35 4.05968 19.7778
      vertex -45.1 4.16786 19.8727
      vertex -45.1 4.05968 19.7778
    endloop
  endfacet
  facet normal 0 0.659458 -0.751741
    outer loop
      vertex -45.1 4.16786 19.8727
      vertex -45.35 4.05968 19.7778
      vertex -45.35 4.16786 19.8727
    endloop
  endfacet
  facet normal 0 0.659458 -0.751741
    outer loop
      vertex -48 4.05968 19.7778
      vertex -45.6 4.16786 19.8727
      vertex -45.6 4.05968 19.7778
    endloop
  endfacet
  facet normal 0 0.659458 -0.751741
    outer loop
      vertex -45.6 4.16786 19.8727
      vertex -48 4.05968 19.7778
      vertex -48 4.16786 19.8727
    endloop
  endfacet
  facet normal 0 0.831387 0.555694
    outer loop
      vertex -45.6 3.96481 18.3304
      vertex -48 3.88487 18.45
      vertex -45.6 3.88487 18.45
    endloop
  endfacet
  facet normal 0 0.831387 0.555694
    outer loop
      vertex -48 3.88487 18.45
      vertex -45.6 3.96481 18.3304
      vertex -48 3.96481 18.3304
    endloop
  endfacet
  facet normal 0 0.946967 0.32133
    outer loop
      vertex -45.6 3.82123 18.579
      vertex -48 3.77498 18.7153
      vertex -45.6 3.77498 18.7153
    endloop
  endfacet
  facet normal 0 0.946967 0.32133
    outer loop
      vertex -48 3.77498 18.7153
      vertex -45.6 3.82123 18.579
      vertex -48 3.82123 18.579
    endloop
  endfacet
  facet normal 0 0.980781 0.195113
    outer loop
      vertex -45.6 3.77498 18.7153
      vertex -48 3.74691 18.8564
      vertex -45.6 3.74691 18.8564
    endloop
  endfacet
  facet normal 0 0.980781 0.195113
    outer loop
      vertex -48 3.74691 18.8564
      vertex -45.6 3.77498 18.7153
      vertex -48 3.77498 18.7153
    endloop
  endfacet
  facet normal -0 0.442622 0.896708
    outer loop
      vertex -48 4.41655 17.9837
      vertex -45.6 4.2875 18.0474
      vertex -45.6 4.41655 17.9837
    endloop
  endfacet
  facet normal 0 0.442622 0.896708
    outer loop
      vertex -45.6 4.2875 18.0474
      vertex -48 4.41655 17.9837
      vertex -48 4.2875 18.0474
    endloop
  endfacet
  facet normal -0 0.555374 0.831601
    outer loop
      vertex -48 4.2875 18.0474
      vertex -45.6 4.16786 18.1273
      vertex -45.6 4.2875 18.0474
    endloop
  endfacet
  facet normal 0 0.555374 0.831601
    outer loop
      vertex -45.6 4.16786 18.1273
      vertex -48 4.2875 18.0474
      vertex -48 4.16786 18.1273
    endloop
  endfacet
  facet normal -0 0.0653289 0.997864
    outer loop
      vertex -48 4.8375 17.9
      vertex -45.6 4.69392 17.9094
      vertex -45.6 4.8375 17.9
    endloop
  endfacet
  facet normal 0 0.0653289 0.997864
    outer loop
      vertex -45.6 4.69392 17.9094
      vertex -48 4.8375 17.9
      vertex -48 4.69392 17.9094
    endloop
  endfacet
  facet normal 0 -0.442622 -0.896708
    outer loop
      vertex -45.35 5.25845 20.0163
      vertex -45.1 5.3875 19.9526
      vertex -45.1 5.25845 20.0163
    endloop
  endfacet
  facet normal -0 -0.442622 -0.896708
    outer loop
      vertex -45.1 5.3875 19.9526
      vertex -45.35 5.25845 20.0163
      vertex -45.35 5.3875 19.9526
    endloop
  endfacet
  facet normal 0 -0.442622 -0.896708
    outer loop
      vertex -48 5.25845 20.0163
      vertex -45.6 5.3875 19.9526
      vertex -45.6 5.25845 20.0163
    endloop
  endfacet
  facet normal -0 -0.442622 -0.896708
    outer loop
      vertex -45.6 5.3875 19.9526
      vertex -48 5.25845 20.0163
      vertex -48 5.3875 19.9526
    endloop
  endfacet
  facet normal 0 -0.555374 -0.831601
    outer loop
      vertex -45.35 5.3875 19.9526
      vertex -45.1 5.50714 19.8727
      vertex -45.1 5.3875 19.9526
    endloop
  endfacet
  facet normal -0 -0.555374 -0.831601
    outer loop
      vertex -45.1 5.50714 19.8727
      vertex -45.35 5.3875 19.9526
      vertex -45.35 5.50714 19.8727
    endloop
  endfacet
  facet normal 0 -0.555374 -0.831601
    outer loop
      vertex -48 5.3875 19.9526
      vertex -45.6 5.50714 19.8727
      vertex -45.6 5.3875 19.9526
    endloop
  endfacet
  facet normal -0 -0.555374 -0.831601
    outer loop
      vertex -45.6 5.50714 19.8727
      vertex -48 5.3875 19.9526
      vertex -48 5.50714 19.8727
    endloop
  endfacet
  facet normal 0 -0.751905 -0.659272
    outer loop
      vertex -45.35 5.71019 19.6696
      vertex -45.1 5.61532 19.7778
      vertex -45.35 5.61532 19.7778
    endloop
  endfacet
  facet normal 0 -0.751905 -0.659272
    outer loop
      vertex -45.1 5.61532 19.7778
      vertex -45.35 5.71019 19.6696
      vertex -45.1 5.71019 19.6696
    endloop
  endfacet
  facet normal 0 -0.751905 -0.659272
    outer loop
      vertex -48 5.71019 19.6696
      vertex -45.6 5.61532 19.7778
      vertex -48 5.61532 19.7778
    endloop
  endfacet
  facet normal 0 -0.751905 -0.659272
    outer loop
      vertex -45.6 5.61532 19.7778
      vertex -48 5.71019 19.6696
      vertex -45.6 5.71019 19.6696
    endloop
  endfacet
  facet normal 0 -0.831387 -0.555694
    outer loop
      vertex -45.35 5.79013 19.55
      vertex -45.1 5.71019 19.6696
      vertex -45.35 5.71019 19.6696
    endloop
  endfacet
  facet normal 0 -0.831387 -0.555694
    outer loop
      vertex -45.1 5.71019 19.6696
      vertex -45.35 5.79013 19.55
      vertex -45.1 5.79013 19.55
    endloop
  endfacet
  facet normal 0 -0.831387 -0.555694
    outer loop
      vertex -48 5.79013 19.55
      vertex -45.6 5.71019 19.6696
      vertex -48 5.71019 19.6696
    endloop
  endfacet
  facet normal 0 -0.831387 -0.555694
    outer loop
      vertex -45.6 5.71019 19.6696
      vertex -48 5.79013 19.55
      vertex -45.6 5.79013 19.55
    endloop
  endfacet
  facet normal 0 -0.195287 0.980746
    outer loop
      vertex -48 5.1222 17.9375
      vertex -45.6 4.98108 17.9094
      vertex -45.6 5.1222 17.9375
    endloop
  endfacet
  facet normal 0 -0.195287 0.980746
    outer loop
      vertex -45.6 4.98108 17.9094
      vertex -48 5.1222 17.9375
      vertex -48 4.98108 17.9094
    endloop
  endfacet
  facet normal 0 -0.831387 0.555694
    outer loop
      vertex -48 5.71019 18.3304
      vertex -45.6 5.79013 18.45
      vertex -48 5.79013 18.45
    endloop
  endfacet
  facet normal 0 -0.831387 0.555694
    outer loop
      vertex -45.6 5.79013 18.45
      vertex -48 5.71019 18.3304
      vertex -45.6 5.71019 18.3304
    endloop
  endfacet
  facet normal 0 -0.980781 0.195113
    outer loop
      vertex -48 5.90002 18.7153
      vertex -45.6 5.92809 18.8564
      vertex -48 5.92809 18.8564
    endloop
  endfacet
  facet normal 0 -0.980781 0.195113
    outer loop
      vertex -45.6 5.92809 18.8564
      vertex -48 5.90002 18.7153
      vertex -45.6 5.90002 18.7153
    endloop
  endfacet
  facet normal 0 0.980781 -0.195113
    outer loop
      vertex -45.1 3.74691 19.1436
      vertex -45.35 3.77498 19.2847
      vertex -45.1 3.77498 19.2847
    endloop
  endfacet
  facet normal 0 0.980781 -0.195113
    outer loop
      vertex -45.35 3.77498 19.2847
      vertex -45.1 3.74691 19.1436
      vertex -45.35 3.74691 19.1436
    endloop
  endfacet
  facet normal 0 0.980781 -0.195113
    outer loop
      vertex -45.6 3.74691 19.1436
      vertex -48 3.77498 19.2847
      vertex -45.6 3.77498 19.2847
    endloop
  endfacet
  facet normal 0 0.980781 -0.195113
    outer loop
      vertex -48 3.77498 19.2847
      vertex -45.6 3.74691 19.1436
      vertex -48 3.74691 19.1436
    endloop
  endfacet
  facet normal 0 0.896806 -0.442424
    outer loop
      vertex -45.1 3.82123 19.421
      vertex -45.35 3.88487 19.55
      vertex -45.1 3.88487 19.55
    endloop
  endfacet
  facet normal 0 0.896806 -0.442424
    outer loop
      vertex -45.35 3.88487 19.55
      vertex -45.1 3.82123 19.421
      vertex -45.35 3.82123 19.421
    endloop
  endfacet
  facet normal 0 0.896806 -0.442424
    outer loop
      vertex -45.6 3.82123 19.421
      vertex -48 3.88487 19.55
      vertex -45.6 3.88487 19.55
    endloop
  endfacet
  facet normal 0 0.896806 -0.442424
    outer loop
      vertex -48 3.88487 19.55
      vertex -45.6 3.82123 19.421
      vertex -48 3.82123 19.421
    endloop
  endfacet
  facet normal 0 0.831387 -0.555694
    outer loop
      vertex -45.1 3.88487 19.55
      vertex -45.35 3.96481 19.6696
      vertex -45.1 3.96481 19.6696
    endloop
  endfacet
  facet normal 0 0.831387 -0.555694
    outer loop
      vertex -45.35 3.96481 19.6696
      vertex -45.1 3.88487 19.55
      vertex -45.35 3.88487 19.55
    endloop
  endfacet
  facet normal 0 0.831387 -0.555694
    outer loop
      vertex -45.6 3.88487 19.55
      vertex -48 3.96481 19.6696
      vertex -45.6 3.96481 19.6696
    endloop
  endfacet
  facet normal 0 0.831387 -0.555694
    outer loop
      vertex -48 3.96481 19.6696
      vertex -45.6 3.88487 19.55
      vertex -48 3.88487 19.55
    endloop
  endfacet
  facet normal 0 0.751905 -0.659272
    outer loop
      vertex -45.1 3.96481 19.6696
      vertex -45.35 4.05968 19.7778
      vertex -45.1 4.05968 19.7778
    endloop
  endfacet
  facet normal 0 0.751905 -0.659272
    outer loop
      vertex -45.35 4.05968 19.7778
      vertex -45.1 3.96481 19.6696
      vertex -45.35 3.96481 19.6696
    endloop
  endfacet
  facet normal 0 0.751905 -0.659272
    outer loop
      vertex -45.6 3.96481 19.6696
      vertex -48 4.05968 19.7778
      vertex -45.6 4.05968 19.7778
    endloop
  endfacet
  facet normal 0 0.751905 -0.659272
    outer loop
      vertex -48 4.05968 19.7778
      vertex -45.6 3.96481 19.6696
      vertex -48 3.96481 19.6696
    endloop
  endfacet
  facet normal 0 0.195287 -0.980746
    outer loop
      vertex -45.35 4.5528 20.0625
      vertex -45.1 4.69392 20.0906
      vertex -45.1 4.5528 20.0625
    endloop
  endfacet
  facet normal 0 0.195287 -0.980746
    outer loop
      vertex -45.1 4.69392 20.0906
      vertex -45.35 4.5528 20.0625
      vertex -45.35 4.69392 20.0906
    endloop
  endfacet
  facet normal 0 0.195287 -0.980746
    outer loop
      vertex -48 4.5528 20.0625
      vertex -45.6 4.69392 20.0906
      vertex -45.6 4.5528 20.0625
    endloop
  endfacet
  facet normal 0 0.195287 -0.980746
    outer loop
      vertex -45.6 4.69392 20.0906
      vertex -48 4.5528 20.0625
      vertex -48 4.69392 20.0906
    endloop
  endfacet
  facet normal 0 0.0653289 -0.997864
    outer loop
      vertex -45.35 4.69392 20.0906
      vertex -45.1 4.8375 20.1
      vertex -45.1 4.69392 20.0906
    endloop
  endfacet
  facet normal 0 0.0653289 -0.997864
    outer loop
      vertex -45.1 4.8375 20.1
      vertex -45.35 4.69392 20.0906
      vertex -45.35 4.8375 20.1
    endloop
  endfacet
  facet normal 0 0.0653289 -0.997864
    outer loop
      vertex -48 4.69392 20.0906
      vertex -45.6 4.8375 20.1
      vertex -45.6 4.69392 20.0906
    endloop
  endfacet
  facet normal 0 0.0653289 -0.997864
    outer loop
      vertex -45.6 4.8375 20.1
      vertex -48 4.69392 20.0906
      vertex -48 4.8375 20.1
    endloop
  endfacet
  facet normal 0 0.751905 0.659272
    outer loop
      vertex -45.6 4.05968 18.2222
      vertex -48 3.96481 18.3304
      vertex -45.6 3.96481 18.3304
    endloop
  endfacet
  facet normal 0 0.751905 0.659272
    outer loop
      vertex -48 3.96481 18.3304
      vertex -45.6 4.05968 18.2222
      vertex -48 4.05968 18.2222
    endloop
  endfacet
  facet normal 0 0.442622 -0.896708
    outer loop
      vertex -45.35 4.2875 19.9526
      vertex -45.1 4.41655 20.0163
      vertex -45.1 4.2875 19.9526
    endloop
  endfacet
  facet normal 0 0.442622 -0.896708
    outer loop
      vertex -45.1 4.41655 20.0163
      vertex -45.35 4.2875 19.9526
      vertex -45.35 4.41655 20.0163
    endloop
  endfacet
  facet normal 0 0.442622 -0.896708
    outer loop
      vertex -48 4.2875 19.9526
      vertex -45.6 4.41655 20.0163
      vertex -45.6 4.2875 19.9526
    endloop
  endfacet
  facet normal 0 0.442622 -0.896708
    outer loop
      vertex -45.6 4.41655 20.0163
      vertex -48 4.2875 19.9526
      vertex -48 4.41655 20.0163
    endloop
  endfacet
  facet normal 0 0.321124 -0.947037
    outer loop
      vertex -45.35 4.41655 20.0163
      vertex -45.1 4.5528 20.0625
      vertex -45.1 4.41655 20.0163
    endloop
  endfacet
  facet normal 0 0.321124 -0.947037
    outer loop
      vertex -45.1 4.5528 20.0625
      vertex -45.35 4.41655 20.0163
      vertex -45.35 4.5528 20.0625
    endloop
  endfacet
  facet normal 0 0.321124 -0.947037
    outer loop
      vertex -48 4.41655 20.0163
      vertex -45.6 4.5528 20.0625
      vertex -45.6 4.41655 20.0163
    endloop
  endfacet
  facet normal 0 0.321124 -0.947037
    outer loop
      vertex -45.6 4.5528 20.0625
      vertex -48 4.41655 20.0163
      vertex -48 4.5528 20.0625
    endloop
  endfacet
  facet normal 0 -0.0653198 -0.997864
    outer loop
      vertex -48 10.8375 15.1
      vertex -45.6 10.9811 15.0906
      vertex -45.6 10.8375 15.1
    endloop
  endfacet
  facet normal -0 -0.0653198 -0.997864
    outer loop
      vertex -45.6 10.9811 15.0906
      vertex -48 10.8375 15.1
      vertex -48 10.9811 15.0906
    endloop
  endfacet
  facet normal 0 -0.195314 -0.980741
    outer loop
      vertex -48 10.9811 15.0906
      vertex -45.6 11.1222 15.0625
      vertex -45.6 10.9811 15.0906
    endloop
  endfacet
  facet normal -0 -0.195314 -0.980741
    outer loop
      vertex -45.6 11.1222 15.0625
      vertex -48 10.9811 15.0906
      vertex -48 11.1222 15.0625
    endloop
  endfacet
  facet normal 0 -0.0653198 0.997864
    outer loop
      vertex -48 10.9811 12.9094
      vertex -45.6 10.8375 12.9
      vertex -45.6 10.9811 12.9094
    endloop
  endfacet
  facet normal 0 -0.0653198 0.997864
    outer loop
      vertex -45.6 10.8375 12.9
      vertex -48 10.9811 12.9094
      vertex -48 10.8375 12.9
    endloop
  endfacet
  facet normal 0 0.99786 0.065389
    outer loop
      vertex -45.6 9.74691 13.8564
      vertex -48 9.7375 14
      vertex -45.6 9.7375 14
    endloop
  endfacet
  facet normal 0 0.99786 0.065389
    outer loop
      vertex -48 9.7375 14
      vertex -45.6 9.74691 13.8564
      vertex -48 9.74691 13.8564
    endloop
  endfacet
  facet normal -0 0.65939 0.751801
    outer loop
      vertex -48 10.1679 13.1273
      vertex -45.6 10.0597 13.2222
      vertex -45.6 10.1679 13.1273
    endloop
  endfacet
  facet normal 0 0.65939 0.751801
    outer loop
      vertex -45.6 10.0597 13.2222
      vertex -48 10.1679 13.1273
      vertex -48 10.0597 13.2222
    endloop
  endfacet
  facet normal 0 -0.751801 0.65939
    outer loop
      vertex -48 11.6153 13.2222
      vertex -45.6 11.7102 13.3304
      vertex -48 11.7102 13.3304
    endloop
  endfacet
  facet normal 0 -0.751801 0.65939
    outer loop
      vertex -45.6 11.7102 13.3304
      vertex -48 11.6153 13.2222
      vertex -45.6 11.6153 13.2222
    endloop
  endfacet
  facet normal 0 -0.947073 0.321018
    outer loop
      vertex -48 11.8538 13.579
      vertex -45.6 11.9 13.7153
      vertex -48 11.9 13.7153
    endloop
  endfacet
  facet normal 0 -0.947073 0.321018
    outer loop
      vertex -45.6 11.9 13.7153
      vertex -48 11.8538 13.579
      vertex -45.6 11.8538 13.579
    endloop
  endfacet
  facet normal 0 0.99786 -0.065389
    outer loop
      vertex -45.6 9.7375 14
      vertex -48 9.74691 14.1436
      vertex -45.6 9.74691 14.1436
    endloop
  endfacet
  facet normal 0 0.99786 -0.065389
    outer loop
      vertex -48 9.74691 14.1436
      vertex -45.6 9.7375 14
      vertex -48 9.7375 14
    endloop
  endfacet
  facet normal 0 0.555502 -0.831515
    outer loop
      vertex -48 10.1679 14.8727
      vertex -45.6 10.2875 14.9526
      vertex -45.6 10.1679 14.8727
    endloop
  endfacet
  facet normal 0 0.555502 -0.831515
    outer loop
      vertex -45.6 10.2875 14.9526
      vertex -48 10.1679 14.8727
      vertex -48 10.2875 14.9526
    endloop
  endfacet
  facet normal -0 0.321018 0.947073
    outer loop
      vertex -48 10.5528 12.9375
      vertex -45.6 10.4165 12.9837
      vertex -45.6 10.5528 12.9375
    endloop
  endfacet
  facet normal 0 0.321018 0.947073
    outer loop
      vertex -45.6 10.4165 12.9837
      vertex -48 10.5528 12.9375
      vertex -48 10.4165 12.9837
    endloop
  endfacet
  facet normal 0 -0.44276 0.89664
    outer loop
      vertex -48 11.3875 13.0474
      vertex -45.6 11.2585 12.9837
      vertex -45.6 11.3875 13.0474
    endloop
  endfacet
  facet normal 0 -0.44276 0.89664
    outer loop
      vertex -45.6 11.2585 12.9837
      vertex -48 11.3875 13.0474
      vertex -48 11.2585 12.9837
    endloop
  endfacet
  facet normal 0 -0.65939 0.751801
    outer loop
      vertex -48 11.6153 13.2222
      vertex -45.6 11.5071 13.1273
      vertex -45.6 11.6153 13.2222
    endloop
  endfacet
  facet normal 0 -0.65939 0.751801
    outer loop
      vertex -45.6 11.5071 13.1273
      vertex -48 11.6153 13.2222
      vertex -48 11.5071 13.1273
    endloop
  endfacet
  facet normal 0 -0.997864 0.0653198
    outer loop
      vertex -48 11.9281 13.8564
      vertex -45.6 11.9375 14
      vertex -48 11.9375 14
    endloop
  endfacet
  facet normal 0 -0.997864 0.0653198
    outer loop
      vertex -45.6 11.9375 14
      vertex -48 11.9281 13.8564
      vertex -45.6 11.9281 13.8564
    endloop
  endfacet
  facet normal 0 0.44276 -0.89664
    outer loop
      vertex -48 10.2875 14.9526
      vertex -45.6 10.4165 15.0163
      vertex -45.6 10.2875 14.9526
    endloop
  endfacet
  facet normal 0 0.44276 -0.89664
    outer loop
      vertex -45.6 10.4165 15.0163
      vertex -48 10.2875 14.9526
      vertex -48 10.4165 15.0163
    endloop
  endfacet
  facet normal 0 0.896806 0.442424
    outer loop
      vertex -45.6 9.88487 13.45
      vertex -48 9.82123 13.579
      vertex -45.6 9.82123 13.579
    endloop
  endfacet
  facet normal 0 0.896806 0.442424
    outer loop
      vertex -48 9.82123 13.579
      vertex -45.6 9.88487 13.45
      vertex -48 9.88487 13.45
    endloop
  endfacet
  facet normal 0 0.751836 0.65935
    outer loop
      vertex -45.6 10.0597 13.2222
      vertex -48 9.96481 13.3304
      vertex -45.6 9.96481 13.3304
    endloop
  endfacet
  facet normal 0 0.751836 0.65935
    outer loop
      vertex -48 9.96481 13.3304
      vertex -45.6 10.0597 13.2222
      vertex -48 10.0597 13.2222
    endloop
  endfacet
  facet normal -0 0.195314 0.980741
    outer loop
      vertex -48 10.6939 12.9094
      vertex -45.6 10.5528 12.9375
      vertex -45.6 10.6939 12.9094
    endloop
  endfacet
  facet normal 0 0.195314 0.980741
    outer loop
      vertex -45.6 10.5528 12.9375
      vertex -48 10.6939 12.9094
      vertex -48 10.5528 12.9375
    endloop
  endfacet
  facet normal 0 -0.321018 -0.947073
    outer loop
      vertex -48 11.1222 15.0625
      vertex -45.6 11.2585 15.0163
      vertex -45.6 11.1222 15.0625
    endloop
  endfacet
  facet normal -0 -0.321018 -0.947073
    outer loop
      vertex -45.6 11.2585 15.0163
      vertex -48 11.1222 15.0625
      vertex -48 11.2585 15.0163
    endloop
  endfacet
  facet normal 0 -0.65939 -0.751801
    outer loop
      vertex -48 11.5071 14.8727
      vertex -45.6 11.6153 14.7778
      vertex -45.6 11.5071 14.8727
    endloop
  endfacet
  facet normal -0 -0.65939 -0.751801
    outer loop
      vertex -45.6 11.6153 14.7778
      vertex -48 11.5071 14.8727
      vertex -48 11.6153 14.7778
    endloop
  endfacet
  facet normal 0 -0.44276 -0.89664
    outer loop
      vertex -48 11.2585 15.0163
      vertex -45.6 11.3875 14.9526
      vertex -45.6 11.2585 15.0163
    endloop
  endfacet
  facet normal -0 -0.44276 -0.89664
    outer loop
      vertex -45.6 11.3875 14.9526
      vertex -48 11.2585 15.0163
      vertex -48 11.3875 14.9526
    endloop
  endfacet
  facet normal 0 -0.947073 -0.321018
    outer loop
      vertex -48 11.9 14.2847
      vertex -45.6 11.8538 14.421
      vertex -48 11.8538 14.421
    endloop
  endfacet
  facet normal 0 -0.947073 -0.321018
    outer loop
      vertex -45.6 11.8538 14.421
      vertex -48 11.9 14.2847
      vertex -45.6 11.9 14.2847
    endloop
  endfacet
  facet normal 0 -0.997864 -0.0653198
    outer loop
      vertex -48 11.9375 14
      vertex -45.6 11.9281 14.1436
      vertex -48 11.9281 14.1436
    endloop
  endfacet
  facet normal 0 -0.997864 -0.0653198
    outer loop
      vertex -45.6 11.9281 14.1436
      vertex -48 11.9375 14
      vertex -45.6 11.9375 14
    endloop
  endfacet
  facet normal 0 -0.89664 -0.44276
    outer loop
      vertex -48 11.8538 14.421
      vertex -45.6 11.7901 14.55
      vertex -48 11.7901 14.55
    endloop
  endfacet
  facet normal 0 -0.89664 -0.44276
    outer loop
      vertex -45.6 11.7901 14.55
      vertex -48 11.8538 14.421
      vertex -45.6 11.8538 14.421
    endloop
  endfacet
  facet normal 0 -0.751801 -0.65939
    outer loop
      vertex -48 11.7102 14.6696
      vertex -45.6 11.6153 14.7778
      vertex -48 11.6153 14.7778
    endloop
  endfacet
  facet normal 0 -0.751801 -0.65939
    outer loop
      vertex -45.6 11.6153 14.7778
      vertex -48 11.7102 14.6696
      vertex -45.6 11.7102 14.6696
    endloop
  endfacet
  facet normal 0 -0.321018 0.947073
    outer loop
      vertex -48 11.2585 12.9837
      vertex -45.6 11.1222 12.9375
      vertex -45.6 11.2585 12.9837
    endloop
  endfacet
  facet normal 0 -0.321018 0.947073
    outer loop
      vertex -45.6 11.1222 12.9375
      vertex -48 11.2585 12.9837
      vertex -48 11.1222 12.9375
    endloop
  endfacet
  facet normal 0 -0.89664 0.44276
    outer loop
      vertex -48 11.7901 13.45
      vertex -45.6 11.8538 13.579
      vertex -48 11.8538 13.579
    endloop
  endfacet
  facet normal 0 -0.89664 0.44276
    outer loop
      vertex -45.6 11.8538 13.579
      vertex -48 11.7901 13.45
      vertex -45.6 11.7901 13.45
    endloop
  endfacet
  facet normal 0 0.65939 -0.751801
    outer loop
      vertex -48 10.0597 14.7778
      vertex -45.6 10.1679 14.8727
      vertex -45.6 10.0597 14.7778
    endloop
  endfacet
  facet normal 0 0.65939 -0.751801
    outer loop
      vertex -45.6 10.1679 14.8727
      vertex -48 10.0597 14.7778
      vertex -48 10.1679 14.8727
    endloop
  endfacet
  facet normal 0 0.831387 -0.555694
    outer loop
      vertex -45.6 9.88487 14.55
      vertex -48 9.96481 14.6696
      vertex -45.6 9.96481 14.6696
    endloop
  endfacet
  facet normal 0 0.831387 -0.555694
    outer loop
      vertex -48 9.96481 14.6696
      vertex -45.6 9.88487 14.55
      vertex -48 9.88487 14.55
    endloop
  endfacet
  facet normal 0 0.831387 0.555694
    outer loop
      vertex -45.6 9.96481 13.3304
      vertex -48 9.88487 13.45
      vertex -45.6 9.88487 13.45
    endloop
  endfacet
  facet normal 0 0.831387 0.555694
    outer loop
      vertex -48 9.88487 13.45
      vertex -45.6 9.96481 13.3304
      vertex -48 9.96481 13.3304
    endloop
  endfacet
  facet normal 0 0.946967 0.32133
    outer loop
      vertex -45.6 9.82123 13.579
      vertex -48 9.77498 13.7153
      vertex -45.6 9.77498 13.7153
    endloop
  endfacet
  facet normal 0 0.946967 0.32133
    outer loop
      vertex -48 9.77498 13.7153
      vertex -45.6 9.82123 13.579
      vertex -48 9.82123 13.579
    endloop
  endfacet
  facet normal 0 0.980781 0.195113
    outer loop
      vertex -45.6 9.77498 13.7153
      vertex -48 9.74691 13.8564
      vertex -45.6 9.74691 13.8564
    endloop
  endfacet
  facet normal 0 0.980781 0.195113
    outer loop
      vertex -48 9.74691 13.8564
      vertex -45.6 9.77498 13.7153
      vertex -48 9.77498 13.7153
    endloop
  endfacet
  facet normal -0 0.44276 0.89664
    outer loop
      vertex -48 10.4165 12.9837
      vertex -45.6 10.2875 13.0474
      vertex -45.6 10.4165 12.9837
    endloop
  endfacet
  facet normal 0 0.44276 0.89664
    outer loop
      vertex -45.6 10.2875 13.0474
      vertex -48 10.4165 12.9837
      vertex -48 10.2875 13.0474
    endloop
  endfacet
  facet normal -0 0.555502 0.831515
    outer loop
      vertex -48 10.2875 13.0474
      vertex -45.6 10.1679 13.1273
      vertex -45.6 10.2875 13.0474
    endloop
  endfacet
  facet normal 0 0.555502 0.831515
    outer loop
      vertex -45.6 10.1679 13.1273
      vertex -48 10.2875 13.0474
      vertex -48 10.1679 13.1273
    endloop
  endfacet
  facet normal -0 0.0653198 0.997864
    outer loop
      vertex -48 10.8375 12.9
      vertex -45.6 10.6939 12.9094
      vertex -45.6 10.8375 12.9
    endloop
  endfacet
  facet normal 0 0.0653198 0.997864
    outer loop
      vertex -45.6 10.6939 12.9094
      vertex -48 10.8375 12.9
      vertex -48 10.6939 12.9094
    endloop
  endfacet
  facet normal 0 -0.555502 -0.831515
    outer loop
      vertex -48 11.3875 14.9526
      vertex -45.6 11.5071 14.8727
      vertex -45.6 11.3875 14.9526
    endloop
  endfacet
  facet normal -0 -0.555502 -0.831515
    outer loop
      vertex -45.6 11.5071 14.8727
      vertex -48 11.3875 14.9526
      vertex -48 11.5071 14.8727
    endloop
  endfacet
  facet normal 0 -0.980741 -0.195314
    outer loop
      vertex -48 11.9281 14.1436
      vertex -45.6 11.9 14.2847
      vertex -48 11.9 14.2847
    endloop
  endfacet
  facet normal 0 -0.980741 -0.195314
    outer loop
      vertex -45.6 11.9 14.2847
      vertex -48 11.9281 14.1436
      vertex -45.6 11.9281 14.1436
    endloop
  endfacet
  facet normal 0 -0.831515 -0.555502
    outer loop
      vertex -48 11.7901 14.55
      vertex -45.6 11.7102 14.6696
      vertex -48 11.7102 14.6696
    endloop
  endfacet
  facet normal 0 -0.831515 -0.555502
    outer loop
      vertex -45.6 11.7102 14.6696
      vertex -48 11.7901 14.55
      vertex -45.6 11.7901 14.55
    endloop
  endfacet
  facet normal 0 -0.555502 0.831515
    outer loop
      vertex -48 11.5071 13.1273
      vertex -45.6 11.3875 13.0474
      vertex -45.6 11.5071 13.1273
    endloop
  endfacet
  facet normal 0 -0.555502 0.831515
    outer loop
      vertex -45.6 11.3875 13.0474
      vertex -48 11.5071 13.1273
      vertex -48 11.3875 13.0474
    endloop
  endfacet
  facet normal 0 -0.195314 0.980741
    outer loop
      vertex -48 11.1222 12.9375
      vertex -45.6 10.9811 12.9094
      vertex -45.6 11.1222 12.9375
    endloop
  endfacet
  facet normal 0 -0.195314 0.980741
    outer loop
      vertex -45.6 10.9811 12.9094
      vertex -48 11.1222 12.9375
      vertex -48 10.9811 12.9094
    endloop
  endfacet
  facet normal 0 -0.831515 0.555502
    outer loop
      vertex -48 11.7102 13.3304
      vertex -45.6 11.7901 13.45
      vertex -48 11.7901 13.45
    endloop
  endfacet
  facet normal 0 -0.831515 0.555502
    outer loop
      vertex -45.6 11.7901 13.45
      vertex -48 11.7102 13.3304
      vertex -45.6 11.7102 13.3304
    endloop
  endfacet
  facet normal 0 -0.980741 0.195314
    outer loop
      vertex -48 11.9 13.7153
      vertex -45.6 11.9281 13.8564
      vertex -48 11.9281 13.8564
    endloop
  endfacet
  facet normal 0 -0.980741 0.195314
    outer loop
      vertex -45.6 11.9281 13.8564
      vertex -48 11.9 13.7153
      vertex -45.6 11.9 13.7153
    endloop
  endfacet
  facet normal 0 0.980781 -0.195113
    outer loop
      vertex -45.6 9.74691 14.1436
      vertex -48 9.77498 14.2847
      vertex -45.6 9.77498 14.2847
    endloop
  endfacet
  facet normal 0 0.980781 -0.195113
    outer loop
      vertex -48 9.77498 14.2847
      vertex -45.6 9.74691 14.1436
      vertex -48 9.74691 14.1436
    endloop
  endfacet
  facet normal 0 0.946967 -0.32133
    outer loop
      vertex -45.6 9.77498 14.2847
      vertex -48 9.82123 14.421
      vertex -45.6 9.82123 14.421
    endloop
  endfacet
  facet normal 0 0.946967 -0.32133
    outer loop
      vertex -48 9.82123 14.421
      vertex -45.6 9.77498 14.2847
      vertex -48 9.77498 14.2847
    endloop
  endfacet
  facet normal 0 0.896806 -0.442424
    outer loop
      vertex -45.6 9.82123 14.421
      vertex -48 9.88487 14.55
      vertex -45.6 9.88487 14.55
    endloop
  endfacet
  facet normal 0 0.896806 -0.442424
    outer loop
      vertex -48 9.88487 14.55
      vertex -45.6 9.82123 14.421
      vertex -48 9.82123 14.421
    endloop
  endfacet
  facet normal 0 0.751836 -0.65935
    outer loop
      vertex -45.6 9.96481 14.6696
      vertex -48 10.0597 14.7778
      vertex -45.6 10.0597 14.7778
    endloop
  endfacet
  facet normal 0 0.751836 -0.65935
    outer loop
      vertex -48 10.0597 14.7778
      vertex -45.6 9.96481 14.6696
      vertex -48 9.96481 14.6696
    endloop
  endfacet
  facet normal 0 0.195314 -0.980741
    outer loop
      vertex -48 10.5528 15.0625
      vertex -45.6 10.6939 15.0906
      vertex -45.6 10.5528 15.0625
    endloop
  endfacet
  facet normal 0 0.195314 -0.980741
    outer loop
      vertex -45.6 10.6939 15.0906
      vertex -48 10.5528 15.0625
      vertex -48 10.6939 15.0906
    endloop
  endfacet
  facet normal 0 0.0653198 -0.997864
    outer loop
      vertex -48 10.6939 15.0906
      vertex -45.6 10.8375 15.1
      vertex -45.6 10.6939 15.0906
    endloop
  endfacet
  facet normal 0 0.0653198 -0.997864
    outer loop
      vertex -45.6 10.8375 15.1
      vertex -48 10.6939 15.0906
      vertex -48 10.8375 15.1
    endloop
  endfacet
  facet normal 0 0.321018 -0.947073
    outer loop
      vertex -48 10.4165 15.0163
      vertex -45.6 10.5528 15.0625
      vertex -45.6 10.4165 15.0163
    endloop
  endfacet
  facet normal 0 0.321018 -0.947073
    outer loop
      vertex -45.6 10.5528 15.0625
      vertex -48 10.4165 15.0163
      vertex -48 10.5528 15.0625
    endloop
  endfacet
  facet normal 0 -0.0653198 -0.997864
    outer loop
      vertex -45.35 10.8375 20.1
      vertex -45.1 10.9811 20.0906
      vertex -45.1 10.8375 20.1
    endloop
  endfacet
  facet normal -0 -0.0653198 -0.997864
    outer loop
      vertex -45.1 10.9811 20.0906
      vertex -45.35 10.8375 20.1
      vertex -45.35 10.9811 20.0906
    endloop
  endfacet
  facet normal 0 -0.0653198 -0.997864
    outer loop
      vertex -48 10.8375 20.1
      vertex -45.6 10.9811 20.0906
      vertex -45.6 10.8375 20.1
    endloop
  endfacet
  facet normal -0 -0.0653198 -0.997864
    outer loop
      vertex -45.6 10.9811 20.0906
      vertex -48 10.8375 20.1
      vertex -48 10.9811 20.0906
    endloop
  endfacet
  facet normal 0 -0.195314 -0.980741
    outer loop
      vertex -45.35 10.9811 20.0906
      vertex -45.1 11.1222 20.0625
      vertex -45.1 10.9811 20.0906
    endloop
  endfacet
  facet normal -0 -0.195314 -0.980741
    outer loop
      vertex -45.1 11.1222 20.0625
      vertex -45.35 10.9811 20.0906
      vertex -45.35 11.1222 20.0625
    endloop
  endfacet
  facet normal 0 -0.195314 -0.980741
    outer loop
      vertex -48 10.9811 20.0906
      vertex -45.6 11.1222 20.0625
      vertex -45.6 10.9811 20.0906
    endloop
  endfacet
  facet normal -0 -0.195314 -0.980741
    outer loop
      vertex -45.6 11.1222 20.0625
      vertex -48 10.9811 20.0906
      vertex -48 11.1222 20.0625
    endloop
  endfacet
  facet normal 0 -0.0653198 0.997864
    outer loop
      vertex -48 10.9811 17.9094
      vertex -45.6 10.8375 17.9
      vertex -45.6 10.9811 17.9094
    endloop
  endfacet
  facet normal 0 -0.0653198 0.997864
    outer loop
      vertex -45.6 10.8375 17.9
      vertex -48 10.9811 17.9094
      vertex -48 10.8375 17.9
    endloop
  endfacet
  facet normal 0 0.99786 0.065389
    outer loop
      vertex -45.6 9.74691 18.8564
      vertex -48 9.7375 19
      vertex -45.6 9.7375 19
    endloop
  endfacet
  facet normal 0 0.99786 0.065389
    outer loop
      vertex -48 9.7375 19
      vertex -45.6 9.74691 18.8564
      vertex -48 9.74691 18.8564
    endloop
  endfacet
  facet normal -0 0.65939 0.751801
    outer loop
      vertex -48 10.1679 18.1273
      vertex -45.6 10.0597 18.2222
      vertex -45.6 10.1679 18.1273
    endloop
  endfacet
  facet normal 0 0.65939 0.751801
    outer loop
      vertex -45.6 10.0597 18.2222
      vertex -48 10.1679 18.1273
      vertex -48 10.0597 18.2222
    endloop
  endfacet
  facet normal 0 -0.751801 0.65939
    outer loop
      vertex -48 11.6153 18.2222
      vertex -45.6 11.7102 18.3304
      vertex -48 11.7102 18.3304
    endloop
  endfacet
  facet normal 0 -0.751801 0.65939
    outer loop
      vertex -45.6 11.7102 18.3304
      vertex -48 11.6153 18.2222
      vertex -45.6 11.6153 18.2222
    endloop
  endfacet
  facet normal 0 0.99786 -0.065389
    outer loop
      vertex -45.1 9.7375 19
      vertex -45.35 9.74691 19.1436
      vertex -45.1 9.74691 19.1436
    endloop
  endfacet
  facet normal 0 0.99786 -0.065389
    outer loop
      vertex -45.35 9.74691 19.1436
      vertex -45.1 9.7375 19
      vertex -45.35 9.7375 19
    endloop
  endfacet
  facet normal 0 0.99786 -0.065389
    outer loop
      vertex -45.6 9.7375 19
      vertex -48 9.74691 19.1436
      vertex -45.6 9.74691 19.1436
    endloop
  endfacet
  facet normal 0 0.99786 -0.065389
    outer loop
      vertex -48 9.74691 19.1436
      vertex -45.6 9.7375 19
      vertex -48 9.7375 19
    endloop
  endfacet
  facet normal 0 0.555502 -0.831515
    outer loop
      vertex -45.35 10.1679 19.8727
      vertex -45.1 10.2875 19.9526
      vertex -45.1 10.1679 19.8727
    endloop
  endfacet
  facet normal 0 0.555502 -0.831515
    outer loop
      vertex -45.1 10.2875 19.9526
      vertex -45.35 10.1679 19.8727
      vertex -45.35 10.2875 19.9526
    endloop
  endfacet
  facet normal 0 0.555502 -0.831515
    outer loop
      vertex -48 10.1679 19.8727
      vertex -45.6 10.2875 19.9526
      vertex -45.6 10.1679 19.8727
    endloop
  endfacet
  facet normal 0 0.555502 -0.831515
    outer loop
      vertex -45.6 10.2875 19.9526
      vertex -48 10.1679 19.8727
      vertex -48 10.2875 19.9526
    endloop
  endfacet
  facet normal -0 0.321018 0.947073
    outer loop
      vertex -48 10.5528 17.9375
      vertex -45.6 10.4165 17.9837
      vertex -45.6 10.5528 17.9375
    endloop
  endfacet
  facet normal 0 0.321018 0.947073
    outer loop
      vertex -45.6 10.4165 17.9837
      vertex -48 10.5528 17.9375
      vertex -48 10.4165 17.9837
    endloop
  endfacet
  facet normal 0 -0.65939 0.751801
    outer loop
      vertex -48 11.6153 18.2222
      vertex -45.6 11.5071 18.1273
      vertex -45.6 11.6153 18.2222
    endloop
  endfacet
  facet normal 0 -0.65939 0.751801
    outer loop
      vertex -45.6 11.5071 18.1273
      vertex -48 11.6153 18.2222
      vertex -48 11.5071 18.1273
    endloop
  endfacet
  facet normal 0 -0.997864 0.0653198
    outer loop
      vertex -48 11.9281 18.8564
      vertex -45.6 11.9375 19
      vertex -48 11.9375 19
    endloop
  endfacet
  facet normal 0 -0.997864 0.0653198
    outer loop
      vertex -45.6 11.9375 19
      vertex -48 11.9281 18.8564
      vertex -45.6 11.9281 18.8564
    endloop
  endfacet
  facet normal 0 0.44276 -0.89664
    outer loop
      vertex -45.35 10.2875 19.9526
      vertex -45.1 10.4165 20.0163
      vertex -45.1 10.2875 19.9526
    endloop
  endfacet
  facet normal 0 0.44276 -0.89664
    outer loop
      vertex -45.1 10.4165 20.0163
      vertex -45.35 10.2875 19.9526
      vertex -45.35 10.4165 20.0163
    endloop
  endfacet
  facet normal 0 0.44276 -0.89664
    outer loop
      vertex -48 10.2875 19.9526
      vertex -45.6 10.4165 20.0163
      vertex -45.6 10.2875 19.9526
    endloop
  endfacet
  facet normal 0 0.44276 -0.89664
    outer loop
      vertex -45.6 10.4165 20.0163
      vertex -48 10.2875 19.9526
      vertex -48 10.4165 20.0163
    endloop
  endfacet
  facet normal -1 0 0
    outer loop
      vertex -45.1 11.9375 19
      vertex -45.1 11.9 19.2847
      vertex -45.1 11.9281 19.1436
    endloop
  endfacet
  facet normal -1 0 0
    outer loop
      vertex -45.1 11.9375 19
      vertex -45.1 11.8538 19.421
      vertex -45.1 11.9 19.2847
    endloop
  endfacet
  facet normal -1 0 0
    outer loop
      vertex -45.1 11.9375 19
      vertex -45.1 11.7901 19.55
      vertex -45.1 11.8538 19.421
    endloop
  endfacet
  facet normal -1 0 0
    outer loop
      vertex -45.1 11.9375 19
      vertex -45.1 11.7102 19.6696
      vertex -45.1 11.7901 19.55
    endloop
  endfacet
  facet normal -1 0 0
    outer loop
      vertex -45.1 11.9375 19
      vertex -45.1 11.6153 19.7778
      vertex -45.1 11.7102 19.6696
    endloop
  endfacet
  facet normal -1 0 0
    outer loop
      vertex -45.1 11.9375 19
      vertex -45.1 11.5071 19.8727
      vertex -45.1 11.6153 19.7778
    endloop
  endfacet
  facet normal -1 0 0
    outer loop
      vertex -45.1 11.9375 19
      vertex -45.1 11.3875 19.9526
      vertex -45.1 11.5071 19.8727
    endloop
  endfacet
  facet normal -1 0 0
    outer loop
      vertex -45.1 11.9375 19
      vertex -45.1 11.2585 20.0163
      vertex -45.1 11.3875 19.9526
    endloop
  endfacet
  facet normal -1 0 0
    outer loop
      vertex -45.1 11.9375 19
      vertex -45.1 11.1222 20.0625
      vertex -45.1 11.2585 20.0163
    endloop
  endfacet
  facet normal -1 0 0
    outer loop
      vertex -45.1 11.9375 19
      vertex -45.1 10.9811 20.0906
      vertex -45.1 11.1222 20.0625
    endloop
  endfacet
  facet normal -1 0 0
    outer loop
      vertex -45.1 11.9375 19
      vertex -45.1 10.8375 20.1
      vertex -45.1 10.9811 20.0906
    endloop
  endfacet
  facet normal -1 0 0
    outer loop
      vertex -45.1 11.9375 19
      vertex -45.1 10.6939 20.0906
      vertex -45.1 10.8375 20.1
    endloop
  endfacet
  facet normal -1 0 0
    outer loop
      vertex -45.1 11.9375 19
      vertex -45.1 10.5528 20.0625
      vertex -45.1 10.6939 20.0906
    endloop
  endfacet
  facet normal -1 0 0
    outer loop
      vertex -45.1 11.9375 19
      vertex -45.1 10.4165 20.0163
      vertex -45.1 10.5528 20.0625
    endloop
  endfacet
  facet normal -1 0 0
    outer loop
      vertex -45.1 11.9375 19
      vertex -45.1 10.2875 19.9526
      vertex -45.1 10.4165 20.0163
    endloop
  endfacet
  facet normal -1 0 0
    outer loop
      vertex -45.1 11.9375 19
      vertex -45.1 10.1679 19.8727
      vertex -45.1 10.2875 19.9526
    endloop
  endfacet
  facet normal -1 0 0
    outer loop
      vertex -45.1 11.9375 19
      vertex -45.1 10.0597 19.7778
      vertex -45.1 10.1679 19.8727
    endloop
  endfacet
  facet normal -1 0 0
    outer loop
      vertex -45.1 11.9375 19
      vertex -45.1 9.96481 19.6696
      vertex -45.1 10.0597 19.7778
    endloop
  endfacet
  facet normal -1 0 0
    outer loop
      vertex -45.1 11.9375 19
      vertex -45.1 9.88487 19.55
      vertex -45.1 9.96481 19.6696
    endloop
  endfacet
  facet normal -1 0 0
    outer loop
      vertex -45.1 11.9375 19
      vertex -45.1 9.82123 19.421
      vertex -45.1 9.88487 19.55
    endloop
  endfacet
  facet normal -1 0 0
    outer loop
      vertex -45.1 11.9375 19
      vertex -45.1 9.77498 19.2847
      vertex -45.1 9.82123 19.421
    endloop
  endfacet
  facet normal -1 0 0
    outer loop
      vertex -45.1 11.9375 19
      vertex -45.1 9.74691 19.1436
      vertex -45.1 9.77498 19.2847
    endloop
  endfacet
  facet normal -1 0 -0
    outer loop
      vertex -45.1 9.74691 19.1436
      vertex -45.1 11.9375 19
      vertex -45.1 9.7375 19
    endloop
  endfacet
  facet normal 0 0.896806 0.442424
    outer loop
      vertex -45.6 9.88487 18.45
      vertex -48 9.82123 18.579
      vertex -45.6 9.82123 18.579
    endloop
  endfacet
  facet normal 0 0.896806 0.442424
    outer loop
      vertex -48 9.82123 18.579
      vertex -45.6 9.88487 18.45
      vertex -48 9.88487 18.45
    endloop
  endfacet
  facet normal 0 0.751836 0.65935
    outer loop
      vertex -45.6 10.0597 18.2222
      vertex -48 9.96481 18.3304
      vertex -45.6 9.96481 18.3304
    endloop
  endfacet
  facet normal 0 0.751836 0.65935
    outer loop
      vertex -48 9.96481 18.3304
      vertex -45.6 10.0597 18.2222
      vertex -48 10.0597 18.2222
    endloop
  endfacet
  facet normal -0 0.195314 0.980741
    outer loop
      vertex -48 10.6939 17.9094
      vertex -45.6 10.5528 17.9375
      vertex -45.6 10.6939 17.9094
    endloop
  endfacet
  facet normal 0 0.195314 0.980741
    outer loop
      vertex -45.6 10.5528 17.9375
      vertex -48 10.6939 17.9094
      vertex -48 10.5528 17.9375
    endloop
  endfacet
  facet normal 0 -0.321018 -0.947073
    outer loop
      vertex -45.35 11.1222 20.0625
      vertex -45.1 11.2585 20.0163
      vertex -45.1 11.1222 20.0625
    endloop
  endfacet
  facet normal -0 -0.321018 -0.947073
    outer loop
      vertex -45.1 11.2585 20.0163
      vertex -45.35 11.1222 20.0625
      vertex -45.35 11.2585 20.0163
    endloop
  endfacet
  facet normal 0 -0.321018 -0.947073
    outer loop
      vertex -48 11.1222 20.0625
      vertex -45.6 11.2585 20.0163
      vertex -45.6 11.1222 20.0625
    endloop
  endfacet
  facet normal -0 -0.321018 -0.947073
    outer loop
      vertex -45.6 11.2585 20.0163
      vertex -48 11.1222 20.0625
      vertex -48 11.2585 20.0163
    endloop
  endfacet
  facet normal 0 -0.65939 -0.751801
    outer loop
      vertex -45.35 11.5071 19.8727
      vertex -45.1 11.6153 19.7778
      vertex -45.1 11.5071 19.8727
    endloop
  endfacet
  facet normal -0 -0.65939 -0.751801
    outer loop
      vertex -45.1 11.6153 19.7778
      vertex -45.35 11.5071 19.8727
      vertex -45.35 11.6153 19.7778
    endloop
  endfacet
  facet normal 0 -0.65939 -0.751801
    outer loop
      vertex -48 11.5071 19.8727
      vertex -45.6 11.6153 19.7778
      vertex -45.6 11.5071 19.8727
    endloop
  endfacet
  facet normal -0 -0.65939 -0.751801
    outer loop
      vertex -45.6 11.6153 19.7778
      vertex -48 11.5071 19.8727
      vertex -48 11.6153 19.7778
    endloop
  endfacet
  facet normal 0 -0.44276 -0.89664
    outer loop
      vertex -45.35 11.2585 20.0163
      vertex -45.1 11.3875 19.9526
      vertex -45.1 11.2585 20.0163
    endloop
  endfacet
  facet normal -0 -0.44276 -0.89664
    outer loop
      vertex -45.1 11.3875 19.9526
      vertex -45.35 11.2585 20.0163
      vertex -45.35 11.3875 19.9526
    endloop
  endfacet
  facet normal 0 -0.44276 -0.89664
    outer loop
      vertex -48 11.2585 20.0163
      vertex -45.6 11.3875 19.9526
      vertex -45.6 11.2585 20.0163
    endloop
  endfacet
  facet normal -0 -0.44276 -0.89664
    outer loop
      vertex -45.6 11.3875 19.9526
      vertex -48 11.2585 20.0163
      vertex -48 11.3875 19.9526
    endloop
  endfacet
  facet normal 0 -0.947073 -0.321018
    outer loop
      vertex -45.35 11.9 19.2847
      vertex -45.1 11.8538 19.421
      vertex -45.35 11.8538 19.421
    endloop
  endfacet
  facet normal 0 -0.947073 -0.321018
    outer loop
      vertex -45.1 11.8538 19.421
      vertex -45.35 11.9 19.2847
      vertex -45.1 11.9 19.2847
    endloop
  endfacet
  facet normal 0 -0.947073 -0.321018
    outer loop
      vertex -48 11.9 19.2847
      vertex -45.6 11.8538 19.421
      vertex -48 11.8538 19.421
    endloop
  endfacet
  facet normal 0 -0.947073 -0.321018
    outer loop
      vertex -45.6 11.8538 19.421
      vertex -48 11.9 19.2847
      vertex -45.6 11.9 19.2847
    endloop
  endfacet
  facet normal 0 -0.997864 -0.0653198
    outer loop
      vertex -45.35 11.9375 19
      vertex -45.1 11.9281 19.1436
      vertex -45.35 11.9281 19.1436
    endloop
  endfacet
  facet normal 0 -0.997864 -0.0653198
    outer loop
      vertex -45.1 11.9281 19.1436
      vertex -45.35 11.9375 19
      vertex -45.1 11.9375 19
    endloop
  endfacet
  facet normal 0 -0.997864 -0.0653198
    outer loop
      vertex -48 11.9375 19
      vertex -45.6 11.9281 19.1436
      vertex -48 11.9281 19.1436
    endloop
  endfacet
  facet normal 0 -0.997864 -0.0653198
    outer loop
      vertex -45.6 11.9281 19.1436
      vertex -48 11.9375 19
      vertex -45.6 11.9375 19
    endloop
  endfacet
  facet normal 0 -0.89664 -0.44276
    outer loop
      vertex -45.35 11.8538 19.421
      vertex -45.1 11.7901 19.55
      vertex -45.35 11.7901 19.55
    endloop
  endfacet
  facet normal 0 -0.89664 -0.44276
    outer loop
      vertex -45.1 11.7901 19.55
      vertex -45.35 11.8538 19.421
      vertex -45.1 11.8538 19.421
    endloop
  endfacet
  facet normal 0 -0.89664 -0.44276
    outer loop
      vertex -48 11.8538 19.421
      vertex -45.6 11.7901 19.55
      vertex -48 11.7901 19.55
    endloop
  endfacet
  facet normal 0 -0.89664 -0.44276
    outer loop
      vertex -45.6 11.7901 19.55
      vertex -48 11.8538 19.421
      vertex -45.6 11.8538 19.421
    endloop
  endfacet
  facet normal 0 -0.751801 -0.65939
    outer loop
      vertex -45.35 11.7102 19.6696
      vertex -45.1 11.6153 19.7778
      vertex -45.35 11.6153 19.7778
    endloop
  endfacet
  facet normal 0 -0.751801 -0.65939
    outer loop
      vertex -45.1 11.6153 19.7778
      vertex -45.35 11.7102 19.6696
      vertex -45.1 11.7102 19.6696
    endloop
  endfacet
  facet normal 0 -0.751801 -0.65939
    outer loop
      vertex -48 11.7102 19.6696
      vertex -45.6 11.6153 19.7778
      vertex -48 11.6153 19.7778
    endloop
  endfacet
  facet normal 0 -0.751801 -0.65939
    outer loop
      vertex -45.6 11.6153 19.7778
      vertex -48 11.7102 19.6696
      vertex -45.6 11.7102 19.6696
    endloop
  endfacet
  facet normal 0 -0.321018 0.947073
    outer loop
      vertex -48 11.2585 17.9837
      vertex -45.6 11.1222 17.9375
      vertex -45.6 11.2585 17.9837
    endloop
  endfacet
  facet normal 0 -0.321018 0.947073
    outer loop
      vertex -45.6 11.1222 17.9375
      vertex -48 11.2585 17.9837
      vertex -48 11.1222 17.9375
    endloop
  endfacet
  facet normal 0 -0.89664 0.44276
    outer loop
      vertex -48 11.7901 18.45
      vertex -45.6 11.8538 18.579
      vertex -48 11.8538 18.579
    endloop
  endfacet
  facet normal 0 -0.89664 0.44276
    outer loop
      vertex -45.6 11.8538 18.579
      vertex -48 11.7901 18.45
      vertex -45.6 11.7901 18.45
    endloop
  endfacet
  facet normal 0 0.65939 -0.751801
    outer loop
      vertex -45.35 10.0597 19.7778
      vertex -45.1 10.1679 19.8727
      vertex -45.1 10.0597 19.7778
    endloop
  endfacet
  facet normal 0 0.65939 -0.751801
    outer loop
      vertex -45.1 10.1679 19.8727
      vertex -45.35 10.0597 19.7778
      vertex -45.35 10.1679 19.8727
    endloop
  endfacet
  facet normal 0 0.65939 -0.751801
    outer loop
      vertex -48 10.0597 19.7778
      vertex -45.6 10.1679 19.8727
      vertex -45.6 10.0597 19.7778
    endloop
  endfacet
  facet normal 0 0.65939 -0.751801
    outer loop
      vertex -45.6 10.1679 19.8727
      vertex -48 10.0597 19.7778
      vertex -48 10.1679 19.8727
    endloop
  endfacet
  facet normal 0 0.831387 -0.555694
    outer loop
      vertex -45.1 9.88487 19.55
      vertex -45.35 9.96481 19.6696
      vertex -45.1 9.96481 19.6696
    endloop
  endfacet
  facet normal 0 0.831387 -0.555694
    outer loop
      vertex -45.35 9.96481 19.6696
      vertex -45.1 9.88487 19.55
      vertex -45.35 9.88487 19.55
    endloop
  endfacet
  facet normal 0 0.831387 -0.555694
    outer loop
      vertex -45.6 9.88487 19.55
      vertex -48 9.96481 19.6696
      vertex -45.6 9.96481 19.6696
    endloop
  endfacet
  facet normal 0 0.831387 -0.555694
    outer loop
      vertex -48 9.96481 19.6696
      vertex -45.6 9.88487 19.55
      vertex -48 9.88487 19.55
    endloop
  endfacet
  facet normal 0 0.831387 0.555694
    outer loop
      vertex -45.6 9.96481 18.3304
      vertex -48 9.88487 18.45
      vertex -45.6 9.88487 18.45
    endloop
  endfacet
  facet normal 0 0.831387 0.555694
    outer loop
      vertex -48 9.88487 18.45
      vertex -45.6 9.96481 18.3304
      vertex -48 9.96481 18.3304
    endloop
  endfacet
  facet normal 0 0.946967 0.32133
    outer loop
      vertex -45.6 9.82123 18.579
      vertex -48 9.77498 18.7153
      vertex -45.6 9.77498 18.7153
    endloop
  endfacet
  facet normal 0 0.946967 0.32133
    outer loop
      vertex -48 9.77498 18.7153
      vertex -45.6 9.82123 18.579
      vertex -48 9.82123 18.579
    endloop
  endfacet
  facet normal 0 0.980781 0.195113
    outer loop
      vertex -45.6 9.77498 18.7153
      vertex -48 9.74691 18.8564
      vertex -45.6 9.74691 18.8564
    endloop
  endfacet
  facet normal 0 0.980781 0.195113
    outer loop
      vertex -48 9.74691 18.8564
      vertex -45.6 9.77498 18.7153
      vertex -48 9.77498 18.7153
    endloop
  endfacet
  facet normal -0 0.44276 0.89664
    outer loop
      vertex -48 10.4165 17.9837
      vertex -45.6 10.2875 18.0474
      vertex -45.6 10.4165 17.9837
    endloop
  endfacet
  facet normal 0 0.44276 0.89664
    outer loop
      vertex -45.6 10.2875 18.0474
      vertex -48 10.4165 17.9837
      vertex -48 10.2875 18.0474
    endloop
  endfacet
  facet normal -0 0.555502 0.831515
    outer loop
      vertex -48 10.2875 18.0474
      vertex -45.6 10.1679 18.1273
      vertex -45.6 10.2875 18.0474
    endloop
  endfacet
  facet normal 0 0.555502 0.831515
    outer loop
      vertex -45.6 10.1679 18.1273
      vertex -48 10.2875 18.0474
      vertex -48 10.1679 18.1273
    endloop
  endfacet
  facet normal -0 0.0653198 0.997864
    outer loop
      vertex -48 10.8375 17.9
      vertex -45.6 10.6939 17.9094
      vertex -45.6 10.8375 17.9
    endloop
  endfacet
  facet normal 0 0.0653198 0.997864
    outer loop
      vertex -45.6 10.6939 17.9094
      vertex -48 10.8375 17.9
      vertex -48 10.6939 17.9094
    endloop
  endfacet
  facet normal 0 -0.555502 -0.831515
    outer loop
      vertex -45.35 11.3875 19.9526
      vertex -45.1 11.5071 19.8727
      vertex -45.1 11.3875 19.9526
    endloop
  endfacet
  facet normal -0 -0.555502 -0.831515
    outer loop
      vertex -45.1 11.5071 19.8727
      vertex -45.35 11.3875 19.9526
      vertex -45.35 11.5071 19.8727
    endloop
  endfacet
  facet normal 0 -0.555502 -0.831515
    outer loop
      vertex -48 11.3875 19.9526
      vertex -45.6 11.5071 19.8727
      vertex -45.6 11.3875 19.9526
    endloop
  endfacet
  facet normal -0 -0.555502 -0.831515
    outer loop
      vertex -45.6 11.5071 19.8727
      vertex -48 11.3875 19.9526
      vertex -48 11.5071 19.8727
    endloop
  endfacet
  facet normal 0 -0.980741 -0.195314
    outer loop
      vertex -45.35 11.9281 19.1436
      vertex -45.1 11.9 19.2847
      vertex -45.35 11.9 19.2847
    endloop
  endfacet
  facet normal 0 -0.980741 -0.195314
    outer loop
      vertex -45.1 11.9 19.2847
      vertex -45.35 11.9281 19.1436
      vertex -45.1 11.9281 19.1436
    endloop
  endfacet
  facet normal 0 -0.980741 -0.195314
    outer loop
      vertex -48 11.9281 19.1436
      vertex -45.6 11.9 19.2847
      vertex -48 11.9 19.2847
    endloop
  endfacet
  facet normal 0 -0.980741 -0.195314
    outer loop
      vertex -45.6 11.9 19.2847
      vertex -48 11.9281 19.1436
      vertex -45.6 11.9281 19.1436
    endloop
  endfacet
  facet normal 0 -0.831515 -0.555502
    outer loop
      vertex -45.35 11.7901 19.55
      vertex -45.1 11.7102 19.6696
      vertex -45.35 11.7102 19.6696
    endloop
  endfacet
  facet normal 0 -0.831515 -0.555502
    outer loop
      vertex -45.1 11.7102 19.6696
      vertex -45.35 11.7901 19.55
      vertex -45.1 11.7901 19.55
    endloop
  endfacet
  facet normal 0 -0.831515 -0.555502
    outer loop
      vertex -48 11.7901 19.55
      vertex -45.6 11.7102 19.6696
      vertex -48 11.7102 19.6696
    endloop
  endfacet
  facet normal 0 -0.831515 -0.555502
    outer loop
      vertex -45.6 11.7102 19.6696
      vertex -48 11.7901 19.55
      vertex -45.6 11.7901 19.55
    endloop
  endfacet
  facet normal 0 -0.555502 0.831515
    outer loop
      vertex -48 11.5071 18.1273
      vertex -45.6 11.3875 18.0474
      vertex -45.6 11.5071 18.1273
    endloop
  endfacet
  facet normal 0 -0.555502 0.831515
    outer loop
      vertex -45.6 11.3875 18.0474
      vertex -48 11.5071 18.1273
      vertex -48 11.3875 18.0474
    endloop
  endfacet
  facet normal 0 -0.44276 0.89664
    outer loop
      vertex -48 11.3875 18.0474
      vertex -45.6 11.2585 17.9837
      vertex -45.6 11.3875 18.0474
    endloop
  endfacet
  facet normal 0 -0.44276 0.89664
    outer loop
      vertex -45.6 11.2585 17.9837
      vertex -48 11.3875 18.0474
      vertex -48 11.2585 17.9837
    endloop
  endfacet
  facet normal 0 -0.195314 0.980741
    outer loop
      vertex -48 11.1222 17.9375
      vertex -45.6 10.9811 17.9094
      vertex -45.6 11.1222 17.9375
    endloop
  endfacet
  facet normal 0 -0.195314 0.980741
    outer loop
      vertex -45.6 10.9811 17.9094
      vertex -48 11.1222 17.9375
      vertex -48 10.9811 17.9094
    endloop
  endfacet
  facet normal 0 -0.831515 0.555502
    outer loop
      vertex -48 11.7102 18.3304
      vertex -45.6 11.7901 18.45
      vertex -48 11.7901 18.45
    endloop
  endfacet
  facet normal 0 -0.831515 0.555502
    outer loop
      vertex -45.6 11.7901 18.45
      vertex -48 11.7102 18.3304
      vertex -45.6 11.7102 18.3304
    endloop
  endfacet
  facet normal 0 -0.980741 0.195314
    outer loop
      vertex -48 11.9 18.7153
      vertex -45.6 11.9281 18.8564
      vertex -48 11.9281 18.8564
    endloop
  endfacet
  facet normal 0 -0.980741 0.195314
    outer loop
      vertex -45.6 11.9281 18.8564
      vertex -48 11.9 18.7153
      vertex -45.6 11.9 18.7153
    endloop
  endfacet
  facet normal 0 -0.947073 0.321018
    outer loop
      vertex -48 11.8538 18.579
      vertex -45.6 11.9 18.7153
      vertex -48 11.9 18.7153
    endloop
  endfacet
  facet normal 0 -0.947073 0.321018
    outer loop
      vertex -45.6 11.9 18.7153
      vertex -48 11.8538 18.579
      vertex -45.6 11.8538 18.579
    endloop
  endfacet
  facet normal 0 0.980781 -0.195113
    outer loop
      vertex -45.1 9.74691 19.1436
      vertex -45.35 9.77498 19.2847
      vertex -45.1 9.77498 19.2847
    endloop
  endfacet
  facet normal 0 0.980781 -0.195113
    outer loop
      vertex -45.35 9.77498 19.2847
      vertex -45.1 9.74691 19.1436
      vertex -45.35 9.74691 19.1436
    endloop
  endfacet
  facet normal 0 0.980781 -0.195113
    outer loop
      vertex -45.6 9.74691 19.1436
      vertex -48 9.77498 19.2847
      vertex -45.6 9.77498 19.2847
    endloop
  endfacet
  facet normal 0 0.980781 -0.195113
    outer loop
      vertex -48 9.77498 19.2847
      vertex -45.6 9.74691 19.1436
      vertex -48 9.74691 19.1436
    endloop
  endfacet
  facet normal 0 0.946967 -0.32133
    outer loop
      vertex -45.1 9.77498 19.2847
      vertex -45.35 9.82123 19.421
      vertex -45.1 9.82123 19.421
    endloop
  endfacet
  facet normal 0 0.946967 -0.32133
    outer loop
      vertex -45.35 9.82123 19.421
      vertex -45.1 9.77498 19.2847
      vertex -45.35 9.77498 19.2847
    endloop
  endfacet
  facet normal 0 0.946967 -0.32133
    outer loop
      vertex -45.6 9.77498 19.2847
      vertex -48 9.82123 19.421
      vertex -45.6 9.82123 19.421
    endloop
  endfacet
  facet normal 0 0.946967 -0.32133
    outer loop
      vertex -48 9.82123 19.421
      vertex -45.6 9.77498 19.2847
      vertex -48 9.77498 19.2847
    endloop
  endfacet
  facet normal 0 0.896806 -0.442424
    outer loop
      vertex -45.1 9.82123 19.421
      vertex -45.35 9.88487 19.55
      vertex -45.1 9.88487 19.55
    endloop
  endfacet
  facet normal 0 0.896806 -0.442424
    outer loop
      vertex -45.35 9.88487 19.55
      vertex -45.1 9.82123 19.421
      vertex -45.35 9.82123 19.421
    endloop
  endfacet
  facet normal 0 0.896806 -0.442424
    outer loop
      vertex -45.6 9.82123 19.421
      vertex -48 9.88487 19.55
      vertex -45.6 9.88487 19.55
    endloop
  endfacet
  facet normal 0 0.896806 -0.442424
    outer loop
      vertex -48 9.88487 19.55
      vertex -45.6 9.82123 19.421
      vertex -48 9.82123 19.421
    endloop
  endfacet
  facet normal 0 0.751836 -0.65935
    outer loop
      vertex -45.1 9.96481 19.6696
      vertex -45.35 10.0597 19.7778
      vertex -45.1 10.0597 19.7778
    endloop
  endfacet
  facet normal 0 0.751836 -0.65935
    outer loop
      vertex -45.35 10.0597 19.7778
      vertex -45.1 9.96481 19.6696
      vertex -45.35 9.96481 19.6696
    endloop
  endfacet
  facet normal 0 0.751836 -0.65935
    outer loop
      vertex -45.6 9.96481 19.6696
      vertex -48 10.0597 19.7778
      vertex -45.6 10.0597 19.7778
    endloop
  endfacet
  facet normal 0 0.751836 -0.65935
    outer loop
      vertex -48 10.0597 19.7778
      vertex -45.6 9.96481 19.6696
      vertex -48 9.96481 19.6696
    endloop
  endfacet
  facet normal 0 0.195314 -0.980741
    outer loop
      vertex -45.35 10.5528 20.0625
      vertex -45.1 10.6939 20.0906
      vertex -45.1 10.5528 20.0625
    endloop
  endfacet
  facet normal 0 0.195314 -0.980741
    outer loop
      vertex -45.1 10.6939 20.0906
      vertex -45.35 10.5528 20.0625
      vertex -45.35 10.6939 20.0906
    endloop
  endfacet
  facet normal 0 0.195314 -0.980741
    outer loop
      vertex -48 10.5528 20.0625
      vertex -45.6 10.6939 20.0906
      vertex -45.6 10.5528 20.0625
    endloop
  endfacet
  facet normal 0 0.195314 -0.980741
    outer loop
      vertex -45.6 10.6939 20.0906
      vertex -48 10.5528 20.0625
      vertex -48 10.6939 20.0906
    endloop
  endfacet
  facet normal 0 0.0653198 -0.997864
    outer loop
      vertex -45.35 10.6939 20.0906
      vertex -45.1 10.8375 20.1
      vertex -45.1 10.6939 20.0906
    endloop
  endfacet
  facet normal 0 0.0653198 -0.997864
    outer loop
      vertex -45.1 10.8375 20.1
      vertex -45.35 10.6939 20.0906
      vertex -45.35 10.8375 20.1
    endloop
  endfacet
  facet normal 0 0.0653198 -0.997864
    outer loop
      vertex -48 10.6939 20.0906
      vertex -45.6 10.8375 20.1
      vertex -45.6 10.6939 20.0906
    endloop
  endfacet
  facet normal 0 0.0653198 -0.997864
    outer loop
      vertex -45.6 10.8375 20.1
      vertex -48 10.6939 20.0906
      vertex -48 10.8375 20.1
    endloop
  endfacet
  facet normal 0 0.321018 -0.947073
    outer loop
      vertex -45.35 10.4165 20.0163
      vertex -45.1 10.5528 20.0625
      vertex -45.1 10.4165 20.0163
    endloop
  endfacet
  facet normal 0 0.321018 -0.947073
    outer loop
      vertex -45.1 10.5528 20.0625
      vertex -45.35 10.4165 20.0163
      vertex -45.35 10.5528 20.0625
    endloop
  endfacet
  facet normal 0 0.321018 -0.947073
    outer loop
      vertex -48 10.4165 20.0163
      vertex -45.6 10.5528 20.0625
      vertex -45.6 10.4165 20.0163
    endloop
  endfacet
  facet normal 0 0.321018 -0.947073
    outer loop
      vertex -45.6 10.5528 20.0625
      vertex -48 10.4165 20.0163
      vertex -48 10.5528 20.0625
    endloop
  endfacet
  facet normal 1 -0 0
    outer loop
      vertex -15.234 -29.6 2.4
      vertex -15.234 29.6 0
      vertex -15.234 29.6 2.4
    endloop
  endfacet
  facet normal 1 0 0
    outer loop
      vertex -15.234 29.6 0
      vertex -15.234 -29.6 2.4
      vertex -15.234 -29.6 0
    endloop
  endfacet
  facet normal -1 0 0
    outer loop
      vertex 22.266 -29.6 0
      vertex 22.266 29.6 2.4
      vertex 22.266 29.6 0
    endloop
  endfacet
  facet normal -1 -0 0
    outer loop
      vertex 22.266 29.6 2.4
      vertex 22.266 -29.6 0
      vertex 22.266 -29.6 2.4
    endloop
  endfacet
  facet normal 0 1 -0
    outer loop
      vertex 22.266 -29.6 0
      vertex -15.234 -29.6 2.4
      vertex 22.266 -29.6 2.4
    endloop
  endfacet
  facet normal 0 1 0
    outer loop
      vertex -15.234 -29.6 2.4
      vertex 22.266 -29.6 0
      vertex -15.234 -29.6 0
    endloop
  endfacet
  facet normal 0 -1 0
    outer loop
      vertex -15.234 29.6 0
      vertex 22.266 29.6 2.4
      vertex -15.234 29.6 2.4
    endloop
  endfacet
  facet normal 0 -1 -0
    outer loop
      vertex 22.266 29.6 2.4
      vertex -15.234 29.6 0
      vertex 22.266 29.6 0
    endloop
  endfacet
  facet normal -0.997864 -0.0653198 0
    outer loop
      vertex 33.999 -15.504 0
      vertex 33.9896 -15.3604 2.4
      vertex 33.9896 -15.3604 0
    endloop
  endfacet
  facet normal -0.997864 -0.0653198 0
    outer loop
      vertex 33.9896 -15.3604 2.4
      vertex 33.999 -15.504 0
      vertex 33.999 -15.504 2.4
    endloop
  endfacet
  facet normal 0.997864 -0.0653198 0
    outer loop
      vertex 31.799 -15.504 2.4
      vertex 31.8084 -15.3604 0
      vertex 31.8084 -15.3604 2.4
    endloop
  endfacet
  facet normal 0.997864 -0.0653198 0
    outer loop
      vertex 31.8084 -15.3604 0
      vertex 31.799 -15.504 2.4
      vertex 31.799 -15.504 0
    endloop
  endfacet
  facet normal -0.0653198 -0.997864 0
    outer loop
      vertex 32.899 -14.404 0
      vertex 33.0426 -14.4134 2.4
      vertex 32.899 -14.404 2.4
    endloop
  endfacet
  facet normal -0.0653198 -0.997864 -0
    outer loop
      vertex 33.0426 -14.4134 2.4
      vertex 32.899 -14.404 0
      vertex 33.0426 -14.4134 0
    endloop
  endfacet
  facet normal -0.0653198 0.997864 0
    outer loop
      vertex 33.0426 -16.5946 0
      vertex 32.899 -16.604 2.4
      vertex 33.0426 -16.5946 2.4
    endloop
  endfacet
  facet normal -0.0653198 0.997864 0
    outer loop
      vertex 32.899 -16.604 2.4
      vertex 33.0426 -16.5946 0
      vertex 32.899 -16.604 0
    endloop
  endfacet
  facet normal -0.751801 0.65939 0
    outer loop
      vertex 33.6768 -16.2818 0
      vertex 33.7717 -16.1736 2.4
      vertex 33.7717 -16.1736 0
    endloop
  endfacet
  facet normal -0.751801 0.65939 0
    outer loop
      vertex 33.7717 -16.1736 2.4
      vertex 33.6768 -16.2818 0
      vertex 33.6768 -16.2818 2.4
    endloop
  endfacet
  facet normal -0.65939 -0.751801 0
    outer loop
      vertex 33.5686 -14.6313 0
      vertex 33.6768 -14.7262 2.4
      vertex 33.5686 -14.6313 2.4
    endloop
  endfacet
  facet normal -0.65939 -0.751801 -0
    outer loop
      vertex 33.6768 -14.7262 2.4
      vertex 33.5686 -14.6313 0
      vertex 33.6768 -14.7262 0
    endloop
  endfacet
  facet normal 0.65939 -0.751801 0
    outer loop
      vertex 32.1212 -14.7262 0
      vertex 32.2294 -14.6313 2.4
      vertex 32.1212 -14.7262 2.4
    endloop
  endfacet
  facet normal 0.65939 -0.751801 0
    outer loop
      vertex 32.2294 -14.6313 2.4
      vertex 32.1212 -14.7262 0
      vertex 32.2294 -14.6313 0
    endloop
  endfacet
  facet normal 0.321018 -0.947073 0
    outer loop
      vertex 32.478 -14.4877 0
      vertex 32.6143 -14.4415 2.4
      vertex 32.478 -14.4877 2.4
    endloop
  endfacet
  facet normal 0.321018 -0.947073 0
    outer loop
      vertex 32.6143 -14.4415 2.4
      vertex 32.478 -14.4877 0
      vertex 32.6143 -14.4415 0
    endloop
  endfacet
  facet normal -0.89664 -0.44276 0
    outer loop
      vertex 33.9153 -15.083 0
      vertex 33.8516 -14.954 2.4
      vertex 33.8516 -14.954 0
    endloop
  endfacet
  facet normal -0.89664 -0.44276 0
    outer loop
      vertex 33.8516 -14.954 2.4
      vertex 33.9153 -15.083 0
      vertex 33.9153 -15.083 2.4
    endloop
  endfacet
  facet normal -0.980741 -0.195314 0
    outer loop
      vertex 33.9896 -15.3604 0
      vertex 33.9615 -15.2193 2.4
      vertex 33.9615 -15.2193 0
    endloop
  endfacet
  facet normal -0.980741 -0.195314 0
    outer loop
      vertex 33.9615 -15.2193 2.4
      vertex 33.9896 -15.3604 0
      vertex 33.9896 -15.3604 2.4
    endloop
  endfacet
  facet normal -0.831515 -0.555502 0
    outer loop
      vertex 33.8516 -14.954 0
      vertex 33.7717 -14.8344 2.4
      vertex 33.7717 -14.8344 0
    endloop
  endfacet
  facet normal -0.831515 -0.555502 0
    outer loop
      vertex 33.7717 -14.8344 2.4
      vertex 33.8516 -14.954 0
      vertex 33.8516 -14.954 2.4
    endloop
  endfacet
  facet normal -0.44276 -0.89664 0
    outer loop
      vertex 33.32 -14.4877 0
      vertex 33.449 -14.5514 2.4
      vertex 33.32 -14.4877 2.4
    endloop
  endfacet
  facet normal -0.44276 -0.89664 -0
    outer loop
      vertex 33.449 -14.5514 2.4
      vertex 33.32 -14.4877 0
      vertex 33.449 -14.5514 0
    endloop
  endfacet
  facet normal -0.555502 -0.831515 0
    outer loop
      vertex 33.449 -14.5514 0
      vertex 33.5686 -14.6313 2.4
      vertex 33.449 -14.5514 2.4
    endloop
  endfacet
  facet normal -0.555502 -0.831515 -0
    outer loop
      vertex 33.5686 -14.6313 2.4
      vertex 33.449 -14.5514 0
      vertex 33.5686 -14.6313 0
    endloop
  endfacet
  facet normal 0.831515 -0.555502 0
    outer loop
      vertex 31.9464 -14.954 2.4
      vertex 32.0263 -14.8344 0
      vertex 32.0263 -14.8344 2.4
    endloop
  endfacet
  facet normal 0.831515 -0.555502 0
    outer loop
      vertex 32.0263 -14.8344 0
      vertex 31.9464 -14.954 2.4
      vertex 31.9464 -14.954 0
    endloop
  endfacet
  facet normal 0.751801 -0.65939 0
    outer loop
      vertex 32.0263 -14.8344 2.4
      vertex 32.1212 -14.7262 0
      vertex 32.1212 -14.7262 2.4
    endloop
  endfacet
  facet normal 0.751801 -0.65939 0
    outer loop
      vertex 32.1212 -14.7262 0
      vertex 32.0263 -14.8344 2.4
      vertex 32.0263 -14.8344 0
    endloop
  endfacet
  facet normal 0.947073 -0.321018 0
    outer loop
      vertex 31.8365 -15.2193 2.4
      vertex 31.8827 -15.083 0
      vertex 31.8827 -15.083 2.4
    endloop
  endfacet
  facet normal 0.947073 -0.321018 0
    outer loop
      vertex 31.8827 -15.083 0
      vertex 31.8365 -15.2193 2.4
      vertex 31.8365 -15.2193 0
    endloop
  endfacet
  facet normal 0.555502 -0.831515 0
    outer loop
      vertex 32.2294 -14.6313 0
      vertex 32.349 -14.5514 2.4
      vertex 32.2294 -14.6313 2.4
    endloop
  endfacet
  facet normal 0.555502 -0.831515 0
    outer loop
      vertex 32.349 -14.5514 2.4
      vertex 32.2294 -14.6313 0
      vertex 32.349 -14.5514 0
    endloop
  endfacet
  facet normal 0.0653198 -0.997864 0
    outer loop
      vertex 32.7554 -14.4134 0
      vertex 32.899 -14.404 2.4
      vertex 32.7554 -14.4134 2.4
    endloop
  endfacet
  facet normal 0.0653198 -0.997864 0
    outer loop
      vertex 32.899 -14.404 2.4
      vertex 32.7554 -14.4134 0
      vertex 32.899 -14.404 0
    endloop
  endfacet
  facet normal -0.195314 0.980741 0
    outer loop
      vertex 33.1837 -16.5665 0
      vertex 33.0426 -16.5946 2.4
      vertex 33.1837 -16.5665 2.4
    endloop
  endfacet
  facet normal -0.195314 0.980741 0
    outer loop
      vertex 33.0426 -16.5946 2.4
      vertex 33.1837 -16.5665 0
      vertex 33.0426 -16.5946 0
    endloop
  endfacet
  facet normal -0.947073 -0.321018 0
    outer loop
      vertex 33.9615 -15.2193 0
      vertex 33.9153 -15.083 2.4
      vertex 33.9153 -15.083 0
    endloop
  endfacet
  facet normal -0.947073 -0.321018 0
    outer loop
      vertex 33.9153 -15.083 2.4
      vertex 33.9615 -15.2193 0
      vertex 33.9615 -15.2193 2.4
    endloop
  endfacet
  facet normal -0.751801 -0.65939 0
    outer loop
      vertex 33.7717 -14.8344 0
      vertex 33.6768 -14.7262 2.4
      vertex 33.6768 -14.7262 0
    endloop
  endfacet
  facet normal -0.751801 -0.65939 0
    outer loop
      vertex 33.6768 -14.7262 2.4
      vertex 33.7717 -14.8344 0
      vertex 33.7717 -14.8344 2.4
    endloop
  endfacet
  facet normal -0.321018 -0.947073 0
    outer loop
      vertex 33.1837 -14.4415 0
      vertex 33.32 -14.4877 2.4
      vertex 33.1837 -14.4415 2.4
    endloop
  endfacet
  facet normal -0.321018 -0.947073 -0
    outer loop
      vertex 33.32 -14.4877 2.4
      vertex 33.1837 -14.4415 0
      vertex 33.32 -14.4877 0
    endloop
  endfacet
  facet normal -0.195314 -0.980741 0
    outer loop
      vertex 33.0426 -14.4134 0
      vertex 33.1837 -14.4415 2.4
      vertex 33.0426 -14.4134 2.4
    endloop
  endfacet
  facet normal -0.195314 -0.980741 -0
    outer loop
      vertex 33.1837 -14.4415 2.4
      vertex 33.0426 -14.4134 0
      vertex 33.1837 -14.4415 0
    endloop
  endfacet
  facet normal 0.89664 -0.44276 0
    outer loop
      vertex 31.8827 -15.083 2.4
      vertex 31.9464 -14.954 0
      vertex 31.9464 -14.954 2.4
    endloop
  endfacet
  facet normal 0.89664 -0.44276 0
    outer loop
      vertex 31.9464 -14.954 0
      vertex 31.8827 -15.083 2.4
      vertex 31.8827 -15.083 0
    endloop
  endfacet
  facet normal 0.980741 -0.195314 0
    outer loop
      vertex 31.8084 -15.3604 2.4
      vertex 31.8365 -15.2193 0
      vertex 31.8365 -15.2193 2.4
    endloop
  endfacet
  facet normal 0.980741 -0.195314 0
    outer loop
      vertex 31.8365 -15.2193 0
      vertex 31.8084 -15.3604 2.4
      vertex 31.8084 -15.3604 0
    endloop
  endfacet
  facet normal 0.195314 -0.980741 0
    outer loop
      vertex 32.6143 -14.4415 0
      vertex 32.7554 -14.4134 2.4
      vertex 32.6143 -14.4415 2.4
    endloop
  endfacet
  facet normal 0.195314 -0.980741 0
    outer loop
      vertex 32.7554 -14.4134 2.4
      vertex 32.6143 -14.4415 0
      vertex 32.7554 -14.4134 0
    endloop
  endfacet
  facet normal -0.997864 0.0653198 0
    outer loop
      vertex 33.9896 -15.6476 0
      vertex 33.999 -15.504 2.4
      vertex 33.999 -15.504 0
    endloop
  endfacet
  facet normal -0.997864 0.0653198 0
    outer loop
      vertex 33.999 -15.504 2.4
      vertex 33.9896 -15.6476 0
      vertex 33.9896 -15.6476 2.4
    endloop
  endfacet
  facet normal -0.947073 0.321018 0
    outer loop
      vertex 33.9153 -15.925 0
      vertex 33.9615 -15.7887 2.4
      vertex 33.9615 -15.7887 0
    endloop
  endfacet
  facet normal -0.947073 0.321018 0
    outer loop
      vertex 33.9615 -15.7887 2.4
      vertex 33.9153 -15.925 0
      vertex 33.9153 -15.925 2.4
    endloop
  endfacet
  facet normal -0.980741 0.195314 0
    outer loop
      vertex 33.9615 -15.7887 0
      vertex 33.9896 -15.6476 2.4
      vertex 33.9896 -15.6476 0
    endloop
  endfacet
  facet normal -0.980741 0.195314 0
    outer loop
      vertex 33.9896 -15.6476 2.4
      vertex 33.9615 -15.7887 0
      vertex 33.9615 -15.7887 2.4
    endloop
  endfacet
  facet normal 0.321018 0.947073 -0
    outer loop
      vertex 32.6143 -16.5665 0
      vertex 32.478 -16.5203 2.4
      vertex 32.6143 -16.5665 2.4
    endloop
  endfacet
  facet normal 0.321018 0.947073 0
    outer loop
      vertex 32.478 -16.5203 2.4
      vertex 32.6143 -16.5665 0
      vertex 32.478 -16.5203 0
    endloop
  endfacet
  facet normal -0.65939 0.751801 0
    outer loop
      vertex 33.6768 -16.2818 0
      vertex 33.5686 -16.3767 2.4
      vertex 33.6768 -16.2818 2.4
    endloop
  endfacet
  facet normal -0.65939 0.751801 0
    outer loop
      vertex 33.5686 -16.3767 2.4
      vertex 33.6768 -16.2818 0
      vertex 33.5686 -16.3767 0
    endloop
  endfacet
  facet normal -0.44276 0.89664 0
    outer loop
      vertex 33.449 -16.4566 0
      vertex 33.32 -16.5203 2.4
      vertex 33.449 -16.4566 2.4
    endloop
  endfacet
  facet normal -0.44276 0.89664 0
    outer loop
      vertex 33.32 -16.5203 2.4
      vertex 33.449 -16.4566 0
      vertex 33.32 -16.5203 0
    endloop
  endfacet
  facet normal 0.44276 -0.89664 0
    outer loop
      vertex 32.349 -14.5514 0
      vertex 32.478 -14.4877 2.4
      vertex 32.349 -14.5514 2.4
    endloop
  endfacet
  facet normal 0.44276 -0.89664 0
    outer loop
      vertex 32.478 -14.4877 2.4
      vertex 32.349 -14.5514 0
      vertex 32.478 -14.4877 0
    endloop
  endfacet
  facet normal 0.751801 0.65939 0
    outer loop
      vertex 32.1212 -16.2818 2.4
      vertex 32.0263 -16.1736 0
      vertex 32.0263 -16.1736 2.4
    endloop
  endfacet
  facet normal 0.751801 0.65939 0
    outer loop
      vertex 32.0263 -16.1736 0
      vertex 32.1212 -16.2818 2.4
      vertex 32.1212 -16.2818 0
    endloop
  endfacet
  facet normal 0.947073 0.321018 0
    outer loop
      vertex 31.8827 -15.925 2.4
      vertex 31.8365 -15.7887 0
      vertex 31.8365 -15.7887 2.4
    endloop
  endfacet
  facet normal 0.947073 0.321018 0
    outer loop
      vertex 31.8365 -15.7887 0
      vertex 31.8827 -15.925 2.4
      vertex 31.8827 -15.925 0
    endloop
  endfacet
  facet normal -0.555502 0.831515 0
    outer loop
      vertex 33.5686 -16.3767 0
      vertex 33.449 -16.4566 2.4
      vertex 33.5686 -16.3767 2.4
    endloop
  endfacet
  facet normal -0.555502 0.831515 0
    outer loop
      vertex 33.449 -16.4566 2.4
      vertex 33.5686 -16.3767 0
      vertex 33.449 -16.4566 0
    endloop
  endfacet
  facet normal -0.321018 0.947073 0
    outer loop
      vertex 33.32 -16.5203 0
      vertex 33.1837 -16.5665 2.4
      vertex 33.32 -16.5203 2.4
    endloop
  endfacet
  facet normal -0.321018 0.947073 0
    outer loop
      vertex 33.1837 -16.5665 2.4
      vertex 33.32 -16.5203 0
      vertex 33.1837 -16.5665 0
    endloop
  endfacet
  facet normal -0.89664 0.44276 0
    outer loop
      vertex 33.8516 -16.054 0
      vertex 33.9153 -15.925 2.4
      vertex 33.9153 -15.925 0
    endloop
  endfacet
  facet normal -0.89664 0.44276 0
    outer loop
      vertex 33.9153 -15.925 2.4
      vertex 33.8516 -16.054 0
      vertex 33.8516 -16.054 2.4
    endloop
  endfacet
  facet normal -0.831515 0.555502 0
    outer loop
      vertex 33.7717 -16.1736 0
      vertex 33.8516 -16.054 2.4
      vertex 33.8516 -16.054 0
    endloop
  endfacet
  facet normal -0.831515 0.555502 0
    outer loop
      vertex 33.8516 -16.054 2.4
      vertex 33.7717 -16.1736 0
      vertex 33.7717 -16.1736 2.4
    endloop
  endfacet
  facet normal 0.0653198 0.997864 -0
    outer loop
      vertex 32.899 -16.604 0
      vertex 32.7554 -16.5946 2.4
      vertex 32.899 -16.604 2.4
    endloop
  endfacet
  facet normal 0.0653198 0.997864 0
    outer loop
      vertex 32.7554 -16.5946 2.4
      vertex 32.899 -16.604 0
      vertex 32.7554 -16.5946 0
    endloop
  endfacet
  facet normal 0.44276 0.89664 -0
    outer loop
      vertex 32.478 -16.5203 0
      vertex 32.349 -16.4566 2.4
      vertex 32.478 -16.5203 2.4
    endloop
  endfacet
  facet normal 0.44276 0.89664 0
    outer loop
      vertex 32.349 -16.4566 2.4
      vertex 32.478 -16.5203 0
      vertex 32.349 -16.4566 0
    endloop
  endfacet
  facet normal 0.195314 0.980741 -0
    outer loop
      vertex 32.7554 -16.5946 0
      vertex 32.6143 -16.5665 2.4
      vertex 32.7554 -16.5946 2.4
    endloop
  endfacet
  facet normal 0.195314 0.980741 0
    outer loop
      vertex 32.6143 -16.5665 2.4
      vertex 32.7554 -16.5946 0
      vertex 32.6143 -16.5665 0
    endloop
  endfacet
  facet normal 0.65939 0.751801 -0
    outer loop
      vertex 32.2294 -16.3767 0
      vertex 32.1212 -16.2818 2.4
      vertex 32.2294 -16.3767 2.4
    endloop
  endfacet
  facet normal 0.65939 0.751801 0
    outer loop
      vertex 32.1212 -16.2818 2.4
      vertex 32.2294 -16.3767 0
      vertex 32.1212 -16.2818 0
    endloop
  endfacet
  facet normal 0.831515 0.555502 0
    outer loop
      vertex 32.0263 -16.1736 2.4
      vertex 31.9464 -16.054 0
      vertex 31.9464 -16.054 2.4
    endloop
  endfacet
  facet normal 0.831515 0.555502 0
    outer loop
      vertex 31.9464 -16.054 0
      vertex 32.0263 -16.1736 2.4
      vertex 32.0263 -16.1736 0
    endloop
  endfacet
  facet normal 0.89664 0.44276 0
    outer loop
      vertex 31.9464 -16.054 2.4
      vertex 31.8827 -15.925 0
      vertex 31.8827 -15.925 2.4
    endloop
  endfacet
  facet normal 0.89664 0.44276 0
    outer loop
      vertex 31.8827 -15.925 0
      vertex 31.9464 -16.054 2.4
      vertex 31.9464 -16.054 0
    endloop
  endfacet
  facet normal 0.980741 0.195314 0
    outer loop
      vertex 31.8365 -15.7887 2.4
      vertex 31.8084 -15.6476 0
      vertex 31.8084 -15.6476 2.4
    endloop
  endfacet
  facet normal 0.980741 0.195314 0
    outer loop
      vertex 31.8084 -15.6476 0
      vertex 31.8365 -15.7887 2.4
      vertex 31.8365 -15.7887 0
    endloop
  endfacet
  facet normal 0.997864 0.0653198 0
    outer loop
      vertex 31.8084 -15.6476 2.4
      vertex 31.799 -15.504 0
      vertex 31.799 -15.504 2.4
    endloop
  endfacet
  facet normal 0.997864 0.0653198 0
    outer loop
      vertex 31.799 -15.504 0
      vertex 31.8084 -15.6476 2.4
      vertex 31.8084 -15.6476 0
    endloop
  endfacet
  facet normal 0.555502 0.831515 -0
    outer loop
      vertex 32.349 -16.4566 0
      vertex 32.2294 -16.3767 2.4
      vertex 32.349 -16.4566 2.4
    endloop
  endfacet
  facet normal 0.555502 0.831515 0
    outer loop
      vertex 32.2294 -16.3767 2.4
      vertex 32.349 -16.4566 0
      vertex 32.2294 -16.3767 0
    endloop
  endfacet
  facet normal 1 -0 0
    outer loop
      vertex -3.184 30.1 11.4
      vertex -3.184 32.5 4
      vertex -3.184 32.5 11.4
    endloop
  endfacet
  facet normal 1 0 0
    outer loop
      vertex -3.184 32.5 4
      vertex -3.184 30.1 11.4
      vertex -3.184 30.1 4
    endloop
  endfacet
  facet normal 0 0 -1
    outer loop
      vertex -3.184 30.1 11.4
      vertex 10.216 32.5 11.4
      vertex 10.216 30.1 11.4
    endloop
  endfacet
  facet normal -0 0 -1
    outer loop
      vertex 10.216 32.5 11.4
      vertex -3.184 30.1 11.4
      vertex -3.184 32.5 11.4
    endloop
  endfacet
  facet normal -1 0 0
    outer loop
      vertex 10.216 30.1 4
      vertex 10.216 32.5 11.4
      vertex 10.216 32.5 4
    endloop
  endfacet
  facet normal -1 -0 0
    outer loop
      vertex 10.216 32.5 11.4
      vertex 10.216 30.1 4
      vertex 10.216 30.1 11.4
    endloop
  endfacet
  facet normal -0 0 1
    outer loop
      vertex -3.184 32.5 4
      vertex 10.216 30.1 4
      vertex 10.216 32.5 4
    endloop
  endfacet
  facet normal 0 0 1
    outer loop
      vertex 10.216 30.1 4
      vertex -3.184 32.5 4
      vertex -3.184 30.1 4
    endloop
  endfacet
endsolid OpenSCAD_Model
