solid OpenSCAD_Model
  facet normal 0.321407 -0.946941 0
    outer loop
      vertex 44.2941 -32.3296 0
      vertex 44.9134 -32.1194 20
      vertex 44.2941 -32.3296 20
    endloop
  endfacet
  facet normal 0.321407 -0.946941 0
    outer loop
      vertex 44.9134 -32.1194 20
      vertex 44.2941 -32.3296 0
      vertex 44.9134 -32.1194 0
    endloop
  endfacet
  facet normal 0.195087 -0.980786 0
    outer loop
      vertex 43.6526 -32.4572 0
      vertex 44.2941 -32.3296 20
      vertex 43.6526 -32.4572 20
    endloop
  endfacet
  facet normal 0.195087 -0.980786 0
    outer loop
      vertex 44.2941 -32.3296 20
      vertex 43.6526 -32.4572 0
      vertex 44.2941 -32.3296 0
    endloop
  endfacet
  facet normal -1 0 0
    outer loop
      vertex -48 -9.88487 10.55
      vertex -48 -5.79013 10.55
      vertex -48 -9.82123 10.421
    endloop
  endfacet
  facet normal -1 0 0
    outer loop
      vertex -48 -5.71019 14.3304
      vertex -48 -9.74691 14.8564
      vertex -48 -9.7375 15
    endloop
  endfacet
  facet normal -1 0 0
    outer loop
      vertex -48 -5.79013 10.55
      vertex -48 -9.88487 10.55
      vertex -48 -5.71019 10.6696
    endloop
  endfacet
  facet normal -1 0 0
    outer loop
      vertex -48 -5.71019 14.3304
      vertex -48 -9.77498 14.7153
      vertex -48 -9.74691 14.8564
    endloop
  endfacet
  facet normal -1 0 0
    outer loop
      vertex -48 -9.96481 10.6696
      vertex -48 -5.71019 10.6696
      vertex -48 -9.88487 10.55
    endloop
  endfacet
  facet normal -1 0 0
    outer loop
      vertex -48 -5.71019 14.3304
      vertex -48 -9.82123 14.579
      vertex -48 -9.77498 14.7153
    endloop
  endfacet
  facet normal -1 0 0
    outer loop
      vertex -48 -5.71019 10.6696
      vertex -48 -9.96481 10.6696
      vertex -48 -5.71019 14.3304
    endloop
  endfacet
  facet normal -1 0 0
    outer loop
      vertex -48 -5.71019 14.3304
      vertex -48 -9.88487 14.45
      vertex -48 -9.82123 14.579
    endloop
  endfacet
  facet normal -1 0 0
    outer loop
      vertex -48 -9.96481 14.3304
      vertex -48 -5.71019 14.3304
      vertex -48 -9.96481 10.6696
    endloop
  endfacet
  facet normal -1 0 0
    outer loop
      vertex -48 -5.71019 14.3304
      vertex -48 -9.96481 14.3304
      vertex -48 -9.88487 14.45
    endloop
  endfacet
  facet normal -1 0 0
    outer loop
      vertex -48 -10.0597 10.7778
      vertex -48 -9.96481 14.3304
      vertex -48 -9.96481 10.6696
    endloop
  endfacet
  facet normal -1 0 0
    outer loop
      vertex -48 -10.0597 10.7778
      vertex -48 -10.0597 14.2222
      vertex -48 -9.96481 14.3304
    endloop
  endfacet
  facet normal -1 0 0
    outer loop
      vertex -48 -10.1679 10.8727
      vertex -48 -10.0597 14.2222
      vertex -48 -10.0597 10.7778
    endloop
  endfacet
  facet normal -1 0 0
    outer loop
      vertex -48 -10.1679 10.8727
      vertex -48 -10.1679 14.1273
      vertex -48 -10.0597 14.2222
    endloop
  endfacet
  facet normal -1 0 0
    outer loop
      vertex -48 -10.2875 10.9526
      vertex -48 -10.1679 14.1273
      vertex -48 -10.1679 10.8727
    endloop
  endfacet
  facet normal -1 0 0
    outer loop
      vertex -48 -10.2875 10.9526
      vertex -48 -10.2875 14.0474
      vertex -48 -10.1679 14.1273
    endloop
  endfacet
  facet normal -1 0 0
    outer loop
      vertex -48 -10.4165 11.0163
      vertex -48 -10.2875 14.0474
      vertex -48 -10.2875 10.9526
    endloop
  endfacet
  facet normal -1 0 0
    outer loop
      vertex -48 -10.4165 11.0163
      vertex -48 -10.4165 13.9837
      vertex -48 -10.2875 14.0474
    endloop
  endfacet
  facet normal -1 0 0
    outer loop
      vertex -48 -10.5528 11.0625
      vertex -48 -10.4165 13.9837
      vertex -48 -10.4165 11.0163
    endloop
  endfacet
  facet normal -1 0 0
    outer loop
      vertex -48 -10.5528 11.0625
      vertex -48 -10.5528 13.9375
      vertex -48 -10.4165 13.9837
    endloop
  endfacet
  facet normal -1 0 0
    outer loop
      vertex -48 -10.6939 11.0906
      vertex -48 -10.5528 13.9375
      vertex -48 -10.5528 11.0625
    endloop
  endfacet
  facet normal -1 0 0
    outer loop
      vertex -48 -10.6939 11.0906
      vertex -48 -10.6939 13.9094
      vertex -48 -10.5528 13.9375
    endloop
  endfacet
  facet normal -1 0 0
    outer loop
      vertex -48 -10.8375 11.1
      vertex -48 -10.6939 13.9094
      vertex -48 -10.6939 11.0906
    endloop
  endfacet
  facet normal -1 0 0
    outer loop
      vertex -48 -10.8375 11.1
      vertex -48 -10.8375 13.9
      vertex -48 -10.6939 13.9094
    endloop
  endfacet
  facet normal -1 0 0
    outer loop
      vertex -48 -10.9811 11.0906
      vertex -48 -10.8375 13.9
      vertex -48 -10.8375 11.1
    endloop
  endfacet
  facet normal -1 0 0
    outer loop
      vertex -48 -10.9811 11.0906
      vertex -48 -10.9811 13.9094
      vertex -48 -10.8375 13.9
    endloop
  endfacet
  facet normal -1 0 0
    outer loop
      vertex -48 -11.1222 11.0625
      vertex -48 -10.9811 13.9094
      vertex -48 -10.9811 11.0906
    endloop
  endfacet
  facet normal -1 0 0
    outer loop
      vertex -48 -11.1222 11.0625
      vertex -48 -11.1222 13.9375
      vertex -48 -10.9811 13.9094
    endloop
  endfacet
  facet normal -1 0 0
    outer loop
      vertex -48 -11.2585 11.0163
      vertex -48 -11.1222 13.9375
      vertex -48 -11.1222 11.0625
    endloop
  endfacet
  facet normal -1 0 0
    outer loop
      vertex -48 -11.2585 11.0163
      vertex -48 -11.2585 13.9837
      vertex -48 -11.1222 13.9375
    endloop
  endfacet
  facet normal -1 0 0
    outer loop
      vertex -48 -11.3875 10.9526
      vertex -48 -11.2585 13.9837
      vertex -48 -11.2585 11.0163
    endloop
  endfacet
  facet normal -1 0 0
    outer loop
      vertex -48 -11.3875 10.9526
      vertex -48 -11.3875 14.0474
      vertex -48 -11.2585 13.9837
    endloop
  endfacet
  facet normal -1 0 0
    outer loop
      vertex -48 -11.5071 10.8727
      vertex -48 -11.3875 14.0474
      vertex -48 -11.3875 10.9526
    endloop
  endfacet
  facet normal -1 0 0
    outer loop
      vertex -48 -11.5071 10.8727
      vertex -48 -11.5071 14.1273
      vertex -48 -11.3875 14.0474
    endloop
  endfacet
  facet normal -1 0 0
    outer loop
      vertex -48 -11.6153 10.7778
      vertex -48 -11.5071 14.1273
      vertex -48 -11.5071 10.8727
    endloop
  endfacet
  facet normal -1 0 0
    outer loop
      vertex -48 -11.6153 10.7778
      vertex -48 -11.6153 14.2222
      vertex -48 -11.5071 14.1273
    endloop
  endfacet
  facet normal -1 0 0
    outer loop
      vertex -48 -11.7102 10.6696
      vertex -48 -11.6153 14.2222
      vertex -48 -11.6153 10.7778
    endloop
  endfacet
  facet normal -1 0 0
    outer loop
      vertex -48 -11.7102 10.6696
      vertex -48 -11.7102 14.3304
      vertex -48 -11.6153 14.2222
    endloop
  endfacet
  facet normal -1 0 0
    outer loop
      vertex -48 -11.7901 10.55
      vertex -48 -11.7102 14.3304
      vertex -48 -11.7102 10.6696
    endloop
  endfacet
  facet normal -1 0 0
    outer loop
      vertex -48 -11.7901 10.55
      vertex -48 -11.7901 14.45
      vertex -48 -11.7102 14.3304
    endloop
  endfacet
  facet normal -1 0 0
    outer loop
      vertex -48 -11.8538 10.421
      vertex -48 -11.7901 14.45
      vertex -48 -11.7901 10.55
    endloop
  endfacet
  facet normal -1 0 0
    outer loop
      vertex -48 -11.8538 10.421
      vertex -48 -11.8538 14.579
      vertex -48 -11.7901 14.45
    endloop
  endfacet
  facet normal -1 0 0
    outer loop
      vertex -48 -11.9 10.2847
      vertex -48 -11.8538 14.579
      vertex -48 -11.8538 10.421
    endloop
  endfacet
  facet normal -1 0 0
    outer loop
      vertex -48 -11.9 10.2847
      vertex -48 -11.9 14.7153
      vertex -48 -11.8538 14.579
    endloop
  endfacet
  facet normal -1 0 0
    outer loop
      vertex -48 -27.5 20
      vertex -48 -11.9 10.2847
      vertex -48 -11.9281 10.1436
    endloop
  endfacet
  facet normal -1 0 0
    outer loop
      vertex -48 -11.9 10.2847
      vertex -48 -27.5 20
      vertex -48 -11.9 14.7153
    endloop
  endfacet
  facet normal -1 0 0
    outer loop
      vertex -48 -27.5 20
      vertex -48 -11.9281 10.1436
      vertex -48 -11.9375 10
    endloop
  endfacet
  facet normal -1 0 0
    outer loop
      vertex -48 -11.9 14.7153
      vertex -48 -27.5 20
      vertex -48 -11.9281 14.8564
    endloop
  endfacet
  facet normal -1 0 0
    outer loop
      vertex -48 -9.88487 5.55
      vertex -48 -5.79013 5.55
      vertex -48 -9.82123 5.42095
    endloop
  endfacet
  facet normal -1 0 0
    outer loop
      vertex -48 -5.71019 9.33036
      vertex -48 -9.74691 9.85642
      vertex -48 -9.7375 10
    endloop
  endfacet
  facet normal -1 0 0
    outer loop
      vertex -48 -5.79013 5.55
      vertex -48 -9.88487 5.55
      vertex -48 -5.71019 5.66964
    endloop
  endfacet
  facet normal -1 0 0
    outer loop
      vertex -48 -5.71019 9.33036
      vertex -48 -9.77498 9.7153
      vertex -48 -9.74691 9.85642
    endloop
  endfacet
  facet normal -1 0 0
    outer loop
      vertex -48 -9.96481 5.66964
      vertex -48 -5.71019 5.66964
      vertex -48 -9.88487 5.55
    endloop
  endfacet
  facet normal -1 0 0
    outer loop
      vertex -48 -5.71019 9.33036
      vertex -48 -9.82123 9.57905
      vertex -48 -9.77498 9.7153
    endloop
  endfacet
  facet normal -1 0 0
    outer loop
      vertex -48 -5.71019 5.66964
      vertex -48 -9.96481 5.66964
      vertex -48 -5.71019 9.33036
    endloop
  endfacet
  facet normal -1 0 0
    outer loop
      vertex -48 -5.71019 9.33036
      vertex -48 -9.88487 9.45
      vertex -48 -9.82123 9.57905
    endloop
  endfacet
  facet normal -1 0 0
    outer loop
      vertex -48 -9.96481 9.33036
      vertex -48 -5.71019 9.33036
      vertex -48 -9.96481 5.66964
    endloop
  endfacet
  facet normal -1 0 0
    outer loop
      vertex -48 -5.71019 9.33036
      vertex -48 -9.96481 9.33036
      vertex -48 -9.88487 9.45
    endloop
  endfacet
  facet normal -1 0 0
    outer loop
      vertex -48 -10.0597 5.77782
      vertex -48 -9.96481 9.33036
      vertex -48 -9.96481 5.66964
    endloop
  endfacet
  facet normal -1 0 0
    outer loop
      vertex -48 -10.0597 5.77782
      vertex -48 -10.0597 9.22218
      vertex -48 -9.96481 9.33036
    endloop
  endfacet
  facet normal -1 0 0
    outer loop
      vertex -48 -10.1679 5.87269
      vertex -48 -10.0597 9.22218
      vertex -48 -10.0597 5.77782
    endloop
  endfacet
  facet normal -1 0 0
    outer loop
      vertex -48 -10.1679 5.87269
      vertex -48 -10.1679 9.12731
      vertex -48 -10.0597 9.22218
    endloop
  endfacet
  facet normal -1 0 0
    outer loop
      vertex -48 -10.2875 5.95263
      vertex -48 -10.1679 9.12731
      vertex -48 -10.1679 5.87269
    endloop
  endfacet
  facet normal -1 0 0
    outer loop
      vertex -48 -10.2875 5.95263
      vertex -48 -10.2875 9.04737
      vertex -48 -10.1679 9.12731
    endloop
  endfacet
  facet normal -1 0 0
    outer loop
      vertex -48 -10.4165 6.01627
      vertex -48 -10.2875 9.04737
      vertex -48 -10.2875 5.95263
    endloop
  endfacet
  facet normal -1 0 0
    outer loop
      vertex -48 -10.4165 6.01627
      vertex -48 -10.4165 8.98373
      vertex -48 -10.2875 9.04737
    endloop
  endfacet
  facet normal -1 0 0
    outer loop
      vertex -48 -10.5528 6.06252
      vertex -48 -10.4165 8.98373
      vertex -48 -10.4165 6.01627
    endloop
  endfacet
  facet normal -1 0 0
    outer loop
      vertex -48 -10.5528 6.06252
      vertex -48 -10.5528 8.93748
      vertex -48 -10.4165 8.98373
    endloop
  endfacet
  facet normal -1 0 0
    outer loop
      vertex -48 -10.6939 6.09059
      vertex -48 -10.5528 8.93748
      vertex -48 -10.5528 6.06252
    endloop
  endfacet
  facet normal -1 0 0
    outer loop
      vertex -48 -10.6939 6.09059
      vertex -48 -10.6939 8.90941
      vertex -48 -10.5528 8.93748
    endloop
  endfacet
  facet normal -1 0 0
    outer loop
      vertex -48 -10.8375 6.1
      vertex -48 -10.6939 8.90941
      vertex -48 -10.6939 6.09059
    endloop
  endfacet
  facet normal -1 0 0
    outer loop
      vertex -48 -10.8375 6.1
      vertex -48 -10.8375 8.9
      vertex -48 -10.6939 8.90941
    endloop
  endfacet
  facet normal -1 0 0
    outer loop
      vertex -48 -10.9811 6.09059
      vertex -48 -10.8375 8.9
      vertex -48 -10.8375 6.1
    endloop
  endfacet
  facet normal -1 0 0
    outer loop
      vertex -48 -10.9811 6.09059
      vertex -48 -10.9811 8.90941
      vertex -48 -10.8375 8.9
    endloop
  endfacet
  facet normal -1 0 0
    outer loop
      vertex -48 -11.1222 6.06252
      vertex -48 -10.9811 8.90941
      vertex -48 -10.9811 6.09059
    endloop
  endfacet
  facet normal -1 0 0
    outer loop
      vertex -48 -11.1222 6.06252
      vertex -48 -11.1222 8.93748
      vertex -48 -10.9811 8.90941
    endloop
  endfacet
  facet normal -1 0 0
    outer loop
      vertex -48 -11.2585 6.01627
      vertex -48 -11.1222 8.93748
      vertex -48 -11.1222 6.06252
    endloop
  endfacet
  facet normal -1 0 0
    outer loop
      vertex -48 -11.2585 6.01627
      vertex -48 -11.2585 8.98373
      vertex -48 -11.1222 8.93748
    endloop
  endfacet
  facet normal -1 0 0
    outer loop
      vertex -48 -11.3875 5.95263
      vertex -48 -11.2585 8.98373
      vertex -48 -11.2585 6.01627
    endloop
  endfacet
  facet normal -1 0 0
    outer loop
      vertex -48 -11.3875 5.95263
      vertex -48 -11.3875 9.04737
      vertex -48 -11.2585 8.98373
    endloop
  endfacet
  facet normal -1 0 0
    outer loop
      vertex -48 -11.5071 5.87269
      vertex -48 -11.3875 9.04737
      vertex -48 -11.3875 5.95263
    endloop
  endfacet
  facet normal -1 0 0
    outer loop
      vertex -48 -11.5071 5.87269
      vertex -48 -11.5071 9.12731
      vertex -48 -11.3875 9.04737
    endloop
  endfacet
  facet normal -1 0 0
    outer loop
      vertex -48 -11.6153 5.77782
      vertex -48 -11.5071 9.12731
      vertex -48 -11.5071 5.87269
    endloop
  endfacet
  facet normal -1 0 0
    outer loop
      vertex -48 -11.6153 5.77782
      vertex -48 -11.6153 9.22218
      vertex -48 -11.5071 9.12731
    endloop
  endfacet
  facet normal -1 0 0
    outer loop
      vertex -48 -11.7102 5.66964
      vertex -48 -11.6153 9.22218
      vertex -48 -11.6153 5.77782
    endloop
  endfacet
  facet normal -1 0 0
    outer loop
      vertex -48 -11.7102 5.66964
      vertex -48 -11.7102 9.33036
      vertex -48 -11.6153 9.22218
    endloop
  endfacet
  facet normal -1 0 0
    outer loop
      vertex -48 -11.7901 5.55
      vertex -48 -11.7102 9.33036
      vertex -48 -11.7102 5.66964
    endloop
  endfacet
  facet normal -1 0 0
    outer loop
      vertex -48 -11.7901 5.55
      vertex -48 -11.7901 9.45
      vertex -48 -11.7102 9.33036
    endloop
  endfacet
  facet normal -1 0 0
    outer loop
      vertex -48 -11.8538 5.42095
      vertex -48 -11.7901 9.45
      vertex -48 -11.7901 5.55
    endloop
  endfacet
  facet normal -1 0 0
    outer loop
      vertex -48 -11.8538 5.42095
      vertex -48 -11.8538 9.57905
      vertex -48 -11.7901 9.45
    endloop
  endfacet
  facet normal -1 0 0
    outer loop
      vertex -48 -11.9 5.2847
      vertex -48 -11.8538 9.57905
      vertex -48 -11.8538 5.42095
    endloop
  endfacet
  facet normal -1 0 0
    outer loop
      vertex -48 -11.9 5.2847
      vertex -48 -11.9 9.7153
      vertex -48 -11.8538 9.57905
    endloop
  endfacet
  facet normal -1 0 0
    outer loop
      vertex -48 -27.5 0
      vertex -48 -11.9 5.2847
      vertex -48 -11.9281 5.14358
    endloop
  endfacet
  facet normal -1 -0 0
    outer loop
      vertex -48 -11.9 5.2847
      vertex -48 -27.5 0
      vertex -48 -11.9 9.7153
    endloop
  endfacet
  facet normal -1 0 0
    outer loop
      vertex -48 -27.5 0
      vertex -48 -11.9281 5.14358
      vertex -48 -11.9375 5
    endloop
  endfacet
  facet normal -1 -0 0
    outer loop
      vertex -48 -11.9 9.7153
      vertex -48 -27.5 0
      vertex -48 -11.9281 9.85642
    endloop
  endfacet
  facet normal -1 0 0
    outer loop
      vertex -48 -3.88487 10.55
      vertex -48 0.209871 10.55
      vertex -48 -3.82123 10.421
    endloop
  endfacet
  facet normal -1 0 0
    outer loop
      vertex -48 0.289811 14.3304
      vertex -48 -3.74691 14.8564
      vertex -48 -3.7375 15
    endloop
  endfacet
  facet normal -1 0 0
    outer loop
      vertex -48 0.209871 10.55
      vertex -48 -3.88487 10.55
      vertex -48 0.289811 10.6696
    endloop
  endfacet
  facet normal -1 0 0
    outer loop
      vertex -48 0.289811 14.3304
      vertex -48 -3.77498 14.7153
      vertex -48 -3.74691 14.8564
    endloop
  endfacet
  facet normal -1 0 0
    outer loop
      vertex -48 -3.96481 10.6696
      vertex -48 0.289811 10.6696
      vertex -48 -3.88487 10.55
    endloop
  endfacet
  facet normal -1 0 0
    outer loop
      vertex -48 0.289811 14.3304
      vertex -48 -3.82123 14.579
      vertex -48 -3.77498 14.7153
    endloop
  endfacet
  facet normal -1 0 0
    outer loop
      vertex -48 0.289811 10.6696
      vertex -48 -3.96481 10.6696
      vertex -48 0.289811 14.3304
    endloop
  endfacet
  facet normal -1 0 0
    outer loop
      vertex -48 0.289811 14.3304
      vertex -48 -3.88487 14.45
      vertex -48 -3.82123 14.579
    endloop
  endfacet
  facet normal -1 0 0
    outer loop
      vertex -48 -3.96481 14.3304
      vertex -48 0.289811 14.3304
      vertex -48 -3.96481 10.6696
    endloop
  endfacet
  facet normal -1 0 0
    outer loop
      vertex -48 0.289811 14.3304
      vertex -48 -3.96481 14.3304
      vertex -48 -3.88487 14.45
    endloop
  endfacet
  facet normal -1 0 0
    outer loop
      vertex -48 -4.05968 10.7778
      vertex -48 -3.96481 14.3304
      vertex -48 -3.96481 10.6696
    endloop
  endfacet
  facet normal -1 0 0
    outer loop
      vertex -48 -4.05968 10.7778
      vertex -48 -4.05968 14.2222
      vertex -48 -3.96481 14.3304
    endloop
  endfacet
  facet normal -1 0 0
    outer loop
      vertex -48 -4.16786 10.8727
      vertex -48 -4.05968 14.2222
      vertex -48 -4.05968 10.7778
    endloop
  endfacet
  facet normal -1 0 0
    outer loop
      vertex -48 -4.16786 10.8727
      vertex -48 -4.16786 14.1273
      vertex -48 -4.05968 14.2222
    endloop
  endfacet
  facet normal -1 0 0
    outer loop
      vertex -48 -4.2875 10.9526
      vertex -48 -4.16786 14.1273
      vertex -48 -4.16786 10.8727
    endloop
  endfacet
  facet normal -1 0 0
    outer loop
      vertex -48 -4.2875 10.9526
      vertex -48 -4.2875 14.0474
      vertex -48 -4.16786 14.1273
    endloop
  endfacet
  facet normal -1 0 0
    outer loop
      vertex -48 -4.41655 11.0163
      vertex -48 -4.2875 14.0474
      vertex -48 -4.2875 10.9526
    endloop
  endfacet
  facet normal -1 0 0
    outer loop
      vertex -48 -4.41655 11.0163
      vertex -48 -4.41655 13.9837
      vertex -48 -4.2875 14.0474
    endloop
  endfacet
  facet normal -1 0 0
    outer loop
      vertex -48 -4.5528 11.0625
      vertex -48 -4.41655 13.9837
      vertex -48 -4.41655 11.0163
    endloop
  endfacet
  facet normal -1 0 0
    outer loop
      vertex -48 -4.5528 11.0625
      vertex -48 -4.5528 13.9375
      vertex -48 -4.41655 13.9837
    endloop
  endfacet
  facet normal -1 0 0
    outer loop
      vertex -48 -4.69392 11.0906
      vertex -48 -4.5528 13.9375
      vertex -48 -4.5528 11.0625
    endloop
  endfacet
  facet normal -1 0 0
    outer loop
      vertex -48 -4.69392 11.0906
      vertex -48 -4.69392 13.9094
      vertex -48 -4.5528 13.9375
    endloop
  endfacet
  facet normal -1 0 0
    outer loop
      vertex -48 -4.8375 11.1
      vertex -48 -4.69392 13.9094
      vertex -48 -4.69392 11.0906
    endloop
  endfacet
  facet normal -1 0 0
    outer loop
      vertex -48 -4.8375 11.1
      vertex -48 -4.8375 13.9
      vertex -48 -4.69392 13.9094
    endloop
  endfacet
  facet normal -1 0 0
    outer loop
      vertex -48 -4.98108 11.0906
      vertex -48 -4.8375 13.9
      vertex -48 -4.8375 11.1
    endloop
  endfacet
  facet normal -1 0 0
    outer loop
      vertex -48 -4.98108 11.0906
      vertex -48 -4.98108 13.9094
      vertex -48 -4.8375 13.9
    endloop
  endfacet
  facet normal -1 0 0
    outer loop
      vertex -48 -5.1222 11.0625
      vertex -48 -4.98108 13.9094
      vertex -48 -4.98108 11.0906
    endloop
  endfacet
  facet normal -1 0 0
    outer loop
      vertex -48 -5.1222 11.0625
      vertex -48 -5.1222 13.9375
      vertex -48 -4.98108 13.9094
    endloop
  endfacet
  facet normal -1 0 0
    outer loop
      vertex -48 -5.25845 11.0163
      vertex -48 -5.1222 13.9375
      vertex -48 -5.1222 11.0625
    endloop
  endfacet
  facet normal -1 0 0
    outer loop
      vertex -48 -5.25845 11.0163
      vertex -48 -5.25845 13.9837
      vertex -48 -5.1222 13.9375
    endloop
  endfacet
  facet normal -1 0 0
    outer loop
      vertex -48 -5.3875 10.9526
      vertex -48 -5.25845 13.9837
      vertex -48 -5.25845 11.0163
    endloop
  endfacet
  facet normal -1 0 0
    outer loop
      vertex -48 -5.3875 10.9526
      vertex -48 -5.3875 14.0474
      vertex -48 -5.25845 13.9837
    endloop
  endfacet
  facet normal -1 0 0
    outer loop
      vertex -48 -5.50714 10.8727
      vertex -48 -5.3875 14.0474
      vertex -48 -5.3875 10.9526
    endloop
  endfacet
  facet normal -1 0 0
    outer loop
      vertex -48 -5.50714 10.8727
      vertex -48 -5.50714 14.1273
      vertex -48 -5.3875 14.0474
    endloop
  endfacet
  facet normal -1 0 0
    outer loop
      vertex -48 -5.61532 10.7778
      vertex -48 -5.50714 14.1273
      vertex -48 -5.50714 10.8727
    endloop
  endfacet
  facet normal -1 0 0
    outer loop
      vertex -48 -5.61532 10.7778
      vertex -48 -5.61532 14.2222
      vertex -48 -5.50714 14.1273
    endloop
  endfacet
  facet normal -1 0 0
    outer loop
      vertex -48 -5.71019 10.6696
      vertex -48 -5.61532 14.2222
      vertex -48 -5.61532 10.7778
    endloop
  endfacet
  facet normal -1 0 0
    outer loop
      vertex -48 -5.71019 10.6696
      vertex -48 -5.71019 14.3304
      vertex -48 -5.61532 14.2222
    endloop
  endfacet
  facet normal -1 0 0
    outer loop
      vertex -48 -5.90002 10.2847
      vertex -48 -9.77498 10.2847
      vertex -48 -5.85377 10.421
    endloop
  endfacet
  facet normal -1 0 0
    outer loop
      vertex -48 -9.82123 10.421
      vertex -48 -5.85377 10.421
      vertex -48 -9.77498 10.2847
    endloop
  endfacet
  facet normal -1 0 0
    outer loop
      vertex -48 -9.77498 10.2847
      vertex -48 -5.90002 10.2847
      vertex -48 -9.74691 10.1436
    endloop
  endfacet
  facet normal -1 0 0
    outer loop
      vertex -48 -5.85377 10.421
      vertex -48 -9.82123 10.421
      vertex -48 -5.79013 10.55
    endloop
  endfacet
  facet normal -1 0 0
    outer loop
      vertex -48 -5.92809 10.1436
      vertex -48 -9.74691 10.1436
      vertex -48 -5.90002 10.2847
    endloop
  endfacet
  facet normal -1 0 0
    outer loop
      vertex -48 -5.71019 14.3304
      vertex -48 -9.7375 15
      vertex -48 -5.79013 14.45
    endloop
  endfacet
  facet normal -1 0 0
    outer loop
      vertex -48 -9.74691 10.1436
      vertex -48 -5.92809 10.1436
      vertex -48 -9.7375 10
    endloop
  endfacet
  facet normal -1 0 0
    outer loop
      vertex -48 -5.79013 14.45
      vertex -48 -9.7375 15
      vertex -48 -5.85377 14.579
    endloop
  endfacet
  facet normal -1 0 0
    outer loop
      vertex -48 -9.7375 10
      vertex -48 -5.92809 10.1436
      vertex -48 -5.9375 10
    endloop
  endfacet
  facet normal -1 0 0
    outer loop
      vertex -48 -5.85377 14.579
      vertex -48 -9.7375 15
      vertex -48 -5.90002 14.7153
    endloop
  endfacet
  facet normal -1 0 0
    outer loop
      vertex -48 -3.88487 5.55
      vertex -48 0.209871 5.55
      vertex -48 -3.82123 5.42095
    endloop
  endfacet
  facet normal -1 0 0
    outer loop
      vertex -48 0.289811 9.33036
      vertex -48 -3.74691 9.85642
      vertex -48 -3.7375 10
    endloop
  endfacet
  facet normal -1 0 0
    outer loop
      vertex -48 0.209871 5.55
      vertex -48 -3.88487 5.55
      vertex -48 0.289811 5.66964
    endloop
  endfacet
  facet normal -1 0 0
    outer loop
      vertex -48 0.289811 9.33036
      vertex -48 -3.77498 9.7153
      vertex -48 -3.74691 9.85642
    endloop
  endfacet
  facet normal -1 0 0
    outer loop
      vertex -48 -3.96481 5.66964
      vertex -48 0.289811 5.66964
      vertex -48 -3.88487 5.55
    endloop
  endfacet
  facet normal -1 0 0
    outer loop
      vertex -48 0.289811 9.33036
      vertex -48 -3.82123 9.57905
      vertex -48 -3.77498 9.7153
    endloop
  endfacet
  facet normal -1 0 0
    outer loop
      vertex -48 0.289811 5.66964
      vertex -48 -3.96481 5.66964
      vertex -48 0.289811 9.33036
    endloop
  endfacet
  facet normal -1 0 0
    outer loop
      vertex -48 0.289811 9.33036
      vertex -48 -3.88487 9.45
      vertex -48 -3.82123 9.57905
    endloop
  endfacet
  facet normal -1 0 0
    outer loop
      vertex -48 -3.96481 9.33036
      vertex -48 0.289811 9.33036
      vertex -48 -3.96481 5.66964
    endloop
  endfacet
  facet normal -1 0 0
    outer loop
      vertex -48 0.289811 9.33036
      vertex -48 -3.96481 9.33036
      vertex -48 -3.88487 9.45
    endloop
  endfacet
  facet normal -1 0 0
    outer loop
      vertex -48 -4.05968 5.77782
      vertex -48 -3.96481 9.33036
      vertex -48 -3.96481 5.66964
    endloop
  endfacet
  facet normal -1 0 0
    outer loop
      vertex -48 -4.05968 5.77782
      vertex -48 -4.05968 9.22218
      vertex -48 -3.96481 9.33036
    endloop
  endfacet
  facet normal -1 0 0
    outer loop
      vertex -48 -4.16786 5.87269
      vertex -48 -4.05968 9.22218
      vertex -48 -4.05968 5.77782
    endloop
  endfacet
  facet normal -1 0 0
    outer loop
      vertex -48 -4.16786 5.87269
      vertex -48 -4.16786 9.12731
      vertex -48 -4.05968 9.22218
    endloop
  endfacet
  facet normal -1 0 0
    outer loop
      vertex -48 -4.2875 5.95263
      vertex -48 -4.16786 9.12731
      vertex -48 -4.16786 5.87269
    endloop
  endfacet
  facet normal -1 0 0
    outer loop
      vertex -48 -4.2875 5.95263
      vertex -48 -4.2875 9.04737
      vertex -48 -4.16786 9.12731
    endloop
  endfacet
  facet normal -1 0 0
    outer loop
      vertex -48 -4.41655 6.01627
      vertex -48 -4.2875 9.04737
      vertex -48 -4.2875 5.95263
    endloop
  endfacet
  facet normal -1 0 0
    outer loop
      vertex -48 -4.41655 6.01627
      vertex -48 -4.41655 8.98373
      vertex -48 -4.2875 9.04737
    endloop
  endfacet
  facet normal -1 0 0
    outer loop
      vertex -48 -4.5528 6.06252
      vertex -48 -4.41655 8.98373
      vertex -48 -4.41655 6.01627
    endloop
  endfacet
  facet normal -1 0 0
    outer loop
      vertex -48 -4.5528 6.06252
      vertex -48 -4.5528 8.93748
      vertex -48 -4.41655 8.98373
    endloop
  endfacet
  facet normal -1 0 0
    outer loop
      vertex -48 -4.69392 6.09059
      vertex -48 -4.5528 8.93748
      vertex -48 -4.5528 6.06252
    endloop
  endfacet
  facet normal -1 0 0
    outer loop
      vertex -48 -4.69392 6.09059
      vertex -48 -4.69392 8.90941
      vertex -48 -4.5528 8.93748
    endloop
  endfacet
  facet normal -1 0 0
    outer loop
      vertex -48 -4.8375 6.1
      vertex -48 -4.69392 8.90941
      vertex -48 -4.69392 6.09059
    endloop
  endfacet
  facet normal -1 0 0
    outer loop
      vertex -48 -4.8375 6.1
      vertex -48 -4.8375 8.9
      vertex -48 -4.69392 8.90941
    endloop
  endfacet
  facet normal -1 0 0
    outer loop
      vertex -48 -4.98108 6.09059
      vertex -48 -4.8375 8.9
      vertex -48 -4.8375 6.1
    endloop
  endfacet
  facet normal -1 0 0
    outer loop
      vertex -48 -4.98108 6.09059
      vertex -48 -4.98108 8.90941
      vertex -48 -4.8375 8.9
    endloop
  endfacet
  facet normal -1 0 0
    outer loop
      vertex -48 -5.1222 6.06252
      vertex -48 -4.98108 8.90941
      vertex -48 -4.98108 6.09059
    endloop
  endfacet
  facet normal -1 0 0
    outer loop
      vertex -48 -5.1222 6.06252
      vertex -48 -5.1222 8.93748
      vertex -48 -4.98108 8.90941
    endloop
  endfacet
  facet normal -1 0 0
    outer loop
      vertex -48 -5.25845 6.01627
      vertex -48 -5.1222 8.93748
      vertex -48 -5.1222 6.06252
    endloop
  endfacet
  facet normal -1 0 0
    outer loop
      vertex -48 -5.25845 6.01627
      vertex -48 -5.25845 8.98373
      vertex -48 -5.1222 8.93748
    endloop
  endfacet
  facet normal -1 0 0
    outer loop
      vertex -48 -5.3875 5.95263
      vertex -48 -5.25845 8.98373
      vertex -48 -5.25845 6.01627
    endloop
  endfacet
  facet normal -1 0 0
    outer loop
      vertex -48 -5.3875 5.95263
      vertex -48 -5.3875 9.04737
      vertex -48 -5.25845 8.98373
    endloop
  endfacet
  facet normal -1 0 0
    outer loop
      vertex -48 -5.50714 5.87269
      vertex -48 -5.3875 9.04737
      vertex -48 -5.3875 5.95263
    endloop
  endfacet
  facet normal -1 0 0
    outer loop
      vertex -48 -5.50714 5.87269
      vertex -48 -5.50714 9.12731
      vertex -48 -5.3875 9.04737
    endloop
  endfacet
  facet normal -1 0 0
    outer loop
      vertex -48 -5.61532 5.77782
      vertex -48 -5.50714 9.12731
      vertex -48 -5.50714 5.87269
    endloop
  endfacet
  facet normal -1 0 0
    outer loop
      vertex -48 -5.61532 5.77782
      vertex -48 -5.61532 9.22218
      vertex -48 -5.50714 9.12731
    endloop
  endfacet
  facet normal -1 0 0
    outer loop
      vertex -48 -5.71019 5.66964
      vertex -48 -5.61532 9.22218
      vertex -48 -5.61532 5.77782
    endloop
  endfacet
  facet normal -1 0 0
    outer loop
      vertex -48 -5.71019 5.66964
      vertex -48 -5.71019 9.33036
      vertex -48 -5.61532 9.22218
    endloop
  endfacet
  facet normal -1 0 0
    outer loop
      vertex -48 -5.90002 5.2847
      vertex -48 -9.77498 5.2847
      vertex -48 -5.85377 5.42095
    endloop
  endfacet
  facet normal -1 0 0
    outer loop
      vertex -48 -9.82123 5.42095
      vertex -48 -5.85377 5.42095
      vertex -48 -9.77498 5.2847
    endloop
  endfacet
  facet normal -1 0 0
    outer loop
      vertex -48 -9.77498 5.2847
      vertex -48 -5.90002 5.2847
      vertex -48 -9.74691 5.14358
    endloop
  endfacet
  facet normal -1 0 0
    outer loop
      vertex -48 -5.85377 5.42095
      vertex -48 -9.82123 5.42095
      vertex -48 -5.79013 5.55
    endloop
  endfacet
  facet normal -1 0 0
    outer loop
      vertex -48 -5.92809 5.14358
      vertex -48 -9.74691 5.14358
      vertex -48 -5.90002 5.2847
    endloop
  endfacet
  facet normal -1 0 0
    outer loop
      vertex -48 -5.71019 9.33036
      vertex -48 -9.7375 10
      vertex -48 -5.79013 9.45
    endloop
  endfacet
  facet normal -1 0 0
    outer loop
      vertex -48 -9.74691 5.14358
      vertex -48 -5.92809 5.14358
      vertex -48 -9.7375 5
    endloop
  endfacet
  facet normal -1 0 0
    outer loop
      vertex -48 -5.79013 9.45
      vertex -48 -9.7375 10
      vertex -48 -5.85377 9.57905
    endloop
  endfacet
  facet normal -1 0 0
    outer loop
      vertex -48 -9.7375 5
      vertex -48 -5.92809 5.14358
      vertex -48 -5.9375 5
    endloop
  endfacet
  facet normal -1 0 0
    outer loop
      vertex -48 -5.85377 9.57905
      vertex -48 -9.7375 10
      vertex -48 -5.90002 9.7153
    endloop
  endfacet
  facet normal -1 0 0
    outer loop
      vertex -48 2.11513 10.55
      vertex -48 6.20987 10.55
      vertex -48 2.17877 10.421
    endloop
  endfacet
  facet normal -1 0 0
    outer loop
      vertex -48 6.28981 14.3304
      vertex -48 2.25309 14.8564
      vertex -48 2.2625 15
    endloop
  endfacet
  facet normal -1 0 0
    outer loop
      vertex -48 6.20987 10.55
      vertex -48 2.11513 10.55
      vertex -48 6.28981 10.6696
    endloop
  endfacet
  facet normal -1 0 0
    outer loop
      vertex -48 6.28981 14.3304
      vertex -48 2.22502 14.7153
      vertex -48 2.25309 14.8564
    endloop
  endfacet
  facet normal -1 0 0
    outer loop
      vertex -48 2.03519 10.6696
      vertex -48 6.28981 10.6696
      vertex -48 2.11513 10.55
    endloop
  endfacet
  facet normal -1 0 0
    outer loop
      vertex -48 6.28981 14.3304
      vertex -48 2.17877 14.579
      vertex -48 2.22502 14.7153
    endloop
  endfacet
  facet normal -1 0 0
    outer loop
      vertex -48 6.28981 10.6696
      vertex -48 2.03519 10.6696
      vertex -48 6.28981 14.3304
    endloop
  endfacet
  facet normal -1 0 0
    outer loop
      vertex -48 6.28981 14.3304
      vertex -48 2.11513 14.45
      vertex -48 2.17877 14.579
    endloop
  endfacet
  facet normal -1 0 0
    outer loop
      vertex -48 2.03519 14.3304
      vertex -48 6.28981 14.3304
      vertex -48 2.03519 10.6696
    endloop
  endfacet
  facet normal -1 0 0
    outer loop
      vertex -48 6.28981 14.3304
      vertex -48 2.03519 14.3304
      vertex -48 2.11513 14.45
    endloop
  endfacet
  facet normal -1 0 0
    outer loop
      vertex -48 1.94032 10.7778
      vertex -48 2.03519 14.3304
      vertex -48 2.03519 10.6696
    endloop
  endfacet
  facet normal -1 0 0
    outer loop
      vertex -48 1.94032 10.7778
      vertex -48 1.94032 14.2222
      vertex -48 2.03519 14.3304
    endloop
  endfacet
  facet normal -1 0 0
    outer loop
      vertex -48 1.83214 10.8727
      vertex -48 1.94032 14.2222
      vertex -48 1.94032 10.7778
    endloop
  endfacet
  facet normal -1 0 0
    outer loop
      vertex -48 1.83214 10.8727
      vertex -48 1.83214 14.1273
      vertex -48 1.94032 14.2222
    endloop
  endfacet
  facet normal -1 0 0
    outer loop
      vertex -48 1.7125 10.9526
      vertex -48 1.83214 14.1273
      vertex -48 1.83214 10.8727
    endloop
  endfacet
  facet normal -1 0 0
    outer loop
      vertex -48 1.7125 10.9526
      vertex -48 1.7125 14.0474
      vertex -48 1.83214 14.1273
    endloop
  endfacet
  facet normal -1 0 0
    outer loop
      vertex -48 1.58345 11.0163
      vertex -48 1.7125 14.0474
      vertex -48 1.7125 10.9526
    endloop
  endfacet
  facet normal -1 0 0
    outer loop
      vertex -48 1.58345 11.0163
      vertex -48 1.58345 13.9837
      vertex -48 1.7125 14.0474
    endloop
  endfacet
  facet normal -1 0 0
    outer loop
      vertex -48 1.4472 11.0625
      vertex -48 1.58345 13.9837
      vertex -48 1.58345 11.0163
    endloop
  endfacet
  facet normal -1 0 0
    outer loop
      vertex -48 1.4472 11.0625
      vertex -48 1.4472 13.9375
      vertex -48 1.58345 13.9837
    endloop
  endfacet
  facet normal -1 0 0
    outer loop
      vertex -48 1.30608 11.0906
      vertex -48 1.4472 13.9375
      vertex -48 1.4472 11.0625
    endloop
  endfacet
  facet normal -1 0 0
    outer loop
      vertex -48 1.30608 11.0906
      vertex -48 1.30608 13.9094
      vertex -48 1.4472 13.9375
    endloop
  endfacet
  facet normal -1 0 0
    outer loop
      vertex -48 1.1625 11.1
      vertex -48 1.30608 13.9094
      vertex -48 1.30608 11.0906
    endloop
  endfacet
  facet normal -1 0 0
    outer loop
      vertex -48 1.1625 11.1
      vertex -48 1.1625 13.9
      vertex -48 1.30608 13.9094
    endloop
  endfacet
  facet normal -1 0 0
    outer loop
      vertex -48 1.01892 11.0906
      vertex -48 1.1625 13.9
      vertex -48 1.1625 11.1
    endloop
  endfacet
  facet normal -1 0 0
    outer loop
      vertex -48 1.01892 11.0906
      vertex -48 1.01892 13.9094
      vertex -48 1.1625 13.9
    endloop
  endfacet
  facet normal -1 0 0
    outer loop
      vertex -48 0.877799 11.0625
      vertex -48 1.01892 13.9094
      vertex -48 1.01892 11.0906
    endloop
  endfacet
  facet normal -1 0 0
    outer loop
      vertex -48 0.877799 11.0625
      vertex -48 0.877799 13.9375
      vertex -48 1.01892 13.9094
    endloop
  endfacet
  facet normal -1 0 0
    outer loop
      vertex -48 0.741548 11.0163
      vertex -48 0.877799 13.9375
      vertex -48 0.877799 11.0625
    endloop
  endfacet
  facet normal -1 0 0
    outer loop
      vertex -48 0.741548 11.0163
      vertex -48 0.741548 13.9837
      vertex -48 0.877799 13.9375
    endloop
  endfacet
  facet normal -1 0 0
    outer loop
      vertex -48 0.612499 10.9526
      vertex -48 0.741548 13.9837
      vertex -48 0.741548 11.0163
    endloop
  endfacet
  facet normal -1 0 0
    outer loop
      vertex -48 0.612499 10.9526
      vertex -48 0.612499 14.0474
      vertex -48 0.741548 13.9837
    endloop
  endfacet
  facet normal -1 0 0
    outer loop
      vertex -48 0.492862 10.8727
      vertex -48 0.612499 14.0474
      vertex -48 0.612499 10.9526
    endloop
  endfacet
  facet normal -1 0 0
    outer loop
      vertex -48 0.492862 10.8727
      vertex -48 0.492862 14.1273
      vertex -48 0.612499 14.0474
    endloop
  endfacet
  facet normal -1 0 0
    outer loop
      vertex -48 0.384682 10.7778
      vertex -48 0.492862 14.1273
      vertex -48 0.492862 10.8727
    endloop
  endfacet
  facet normal -1 0 0
    outer loop
      vertex -48 0.384682 10.7778
      vertex -48 0.384682 14.2222
      vertex -48 0.492862 14.1273
    endloop
  endfacet
  facet normal -1 0 0
    outer loop
      vertex -48 0.289811 10.6696
      vertex -48 0.384682 14.2222
      vertex -48 0.384682 10.7778
    endloop
  endfacet
  facet normal -1 0 0
    outer loop
      vertex -48 0.289811 10.6696
      vertex -48 0.289811 14.3304
      vertex -48 0.384682 14.2222
    endloop
  endfacet
  facet normal -1 0 0
    outer loop
      vertex -48 0.0999813 10.2847
      vertex -48 -3.77498 10.2847
      vertex -48 0.146232 10.421
    endloop
  endfacet
  facet normal -1 0 0
    outer loop
      vertex -48 -3.82123 10.421
      vertex -48 0.146232 10.421
      vertex -48 -3.77498 10.2847
    endloop
  endfacet
  facet normal -1 0 0
    outer loop
      vertex -48 -3.77498 10.2847
      vertex -48 0.0999813 10.2847
      vertex -48 -3.74691 10.1436
    endloop
  endfacet
  facet normal -1 0 0
    outer loop
      vertex -48 0.146232 10.421
      vertex -48 -3.82123 10.421
      vertex -48 0.209871 10.55
    endloop
  endfacet
  facet normal -1 0 0
    outer loop
      vertex -48 0.0719099 10.1436
      vertex -48 -3.74691 10.1436
      vertex -48 0.0999813 10.2847
    endloop
  endfacet
  facet normal -1 0 0
    outer loop
      vertex -48 0.289811 14.3304
      vertex -48 -3.7375 15
      vertex -48 0.209871 14.45
    endloop
  endfacet
  facet normal -1 0 0
    outer loop
      vertex -48 -3.74691 10.1436
      vertex -48 0.0719099 10.1436
      vertex -48 -3.7375 10
    endloop
  endfacet
  facet normal -1 0 0
    outer loop
      vertex -48 0.209871 14.45
      vertex -48 -3.7375 15
      vertex -48 0.146232 14.579
    endloop
  endfacet
  facet normal -1 0 0
    outer loop
      vertex -48 -3.7375 10
      vertex -48 0.0719099 10.1436
      vertex -48 0.0625 10
    endloop
  endfacet
  facet normal -1 0 0
    outer loop
      vertex -48 0.146232 14.579
      vertex -48 -3.7375 15
      vertex -48 0.0999813 14.7153
    endloop
  endfacet
  facet normal -1 0 0
    outer loop
      vertex -48 2.11513 5.55
      vertex -48 6.20987 5.55
      vertex -48 2.17877 5.42095
    endloop
  endfacet
  facet normal -1 0 0
    outer loop
      vertex -48 6.28981 9.33036
      vertex -48 2.25309 9.85642
      vertex -48 2.2625 10
    endloop
  endfacet
  facet normal -1 0 0
    outer loop
      vertex -48 6.20987 5.55
      vertex -48 2.11513 5.55
      vertex -48 6.28981 5.66964
    endloop
  endfacet
  facet normal -1 0 0
    outer loop
      vertex -48 6.28981 9.33036
      vertex -48 2.22502 9.7153
      vertex -48 2.25309 9.85642
    endloop
  endfacet
  facet normal -1 0 0
    outer loop
      vertex -48 2.03519 5.66964
      vertex -48 6.28981 5.66964
      vertex -48 2.11513 5.55
    endloop
  endfacet
  facet normal -1 0 0
    outer loop
      vertex -48 6.28981 9.33036
      vertex -48 2.17877 9.57905
      vertex -48 2.22502 9.7153
    endloop
  endfacet
  facet normal -1 0 0
    outer loop
      vertex -48 6.28981 5.66964
      vertex -48 2.03519 5.66964
      vertex -48 6.28981 9.33036
    endloop
  endfacet
  facet normal -1 0 0
    outer loop
      vertex -48 6.28981 9.33036
      vertex -48 2.11513 9.45
      vertex -48 2.17877 9.57905
    endloop
  endfacet
  facet normal -1 0 0
    outer loop
      vertex -48 2.03519 9.33036
      vertex -48 6.28981 9.33036
      vertex -48 2.03519 5.66964
    endloop
  endfacet
  facet normal -1 0 0
    outer loop
      vertex -48 6.28981 9.33036
      vertex -48 2.03519 9.33036
      vertex -48 2.11513 9.45
    endloop
  endfacet
  facet normal -1 0 0
    outer loop
      vertex -48 1.94032 5.77782
      vertex -48 2.03519 9.33036
      vertex -48 2.03519 5.66964
    endloop
  endfacet
  facet normal -1 0 0
    outer loop
      vertex -48 1.94032 5.77782
      vertex -48 1.94032 9.22218
      vertex -48 2.03519 9.33036
    endloop
  endfacet
  facet normal -1 0 0
    outer loop
      vertex -48 1.83214 5.87269
      vertex -48 1.94032 9.22218
      vertex -48 1.94032 5.77782
    endloop
  endfacet
  facet normal -1 0 0
    outer loop
      vertex -48 1.83214 5.87269
      vertex -48 1.83214 9.12731
      vertex -48 1.94032 9.22218
    endloop
  endfacet
  facet normal -1 0 0
    outer loop
      vertex -48 1.7125 5.95263
      vertex -48 1.83214 9.12731
      vertex -48 1.83214 5.87269
    endloop
  endfacet
  facet normal -1 0 0
    outer loop
      vertex -48 1.7125 5.95263
      vertex -48 1.7125 9.04737
      vertex -48 1.83214 9.12731
    endloop
  endfacet
  facet normal -1 0 0
    outer loop
      vertex -48 1.58345 6.01627
      vertex -48 1.7125 9.04737
      vertex -48 1.7125 5.95263
    endloop
  endfacet
  facet normal -1 0 0
    outer loop
      vertex -48 1.58345 6.01627
      vertex -48 1.58345 8.98373
      vertex -48 1.7125 9.04737
    endloop
  endfacet
  facet normal -1 0 0
    outer loop
      vertex -48 1.4472 6.06252
      vertex -48 1.58345 8.98373
      vertex -48 1.58345 6.01627
    endloop
  endfacet
  facet normal -1 0 0
    outer loop
      vertex -48 1.4472 6.06252
      vertex -48 1.4472 8.93748
      vertex -48 1.58345 8.98373
    endloop
  endfacet
  facet normal -1 0 0
    outer loop
      vertex -48 1.30608 6.09059
      vertex -48 1.4472 8.93748
      vertex -48 1.4472 6.06252
    endloop
  endfacet
  facet normal -1 0 0
    outer loop
      vertex -48 1.30608 6.09059
      vertex -48 1.30608 8.90941
      vertex -48 1.4472 8.93748
    endloop
  endfacet
  facet normal -1 0 0
    outer loop
      vertex -48 1.1625 6.1
      vertex -48 1.30608 8.90941
      vertex -48 1.30608 6.09059
    endloop
  endfacet
  facet normal -1 0 0
    outer loop
      vertex -48 1.1625 6.1
      vertex -48 1.1625 8.9
      vertex -48 1.30608 8.90941
    endloop
  endfacet
  facet normal -1 0 0
    outer loop
      vertex -48 1.01892 6.09059
      vertex -48 1.1625 8.9
      vertex -48 1.1625 6.1
    endloop
  endfacet
  facet normal -1 0 0
    outer loop
      vertex -48 1.01892 6.09059
      vertex -48 1.01892 8.90941
      vertex -48 1.1625 8.9
    endloop
  endfacet
  facet normal -1 0 0
    outer loop
      vertex -48 0.877799 6.06252
      vertex -48 1.01892 8.90941
      vertex -48 1.01892 6.09059
    endloop
  endfacet
  facet normal -1 0 0
    outer loop
      vertex -48 0.877799 6.06252
      vertex -48 0.877799 8.93748
      vertex -48 1.01892 8.90941
    endloop
  endfacet
  facet normal -1 0 0
    outer loop
      vertex -48 0.741548 6.01627
      vertex -48 0.877799 8.93748
      vertex -48 0.877799 6.06252
    endloop
  endfacet
  facet normal -1 0 0
    outer loop
      vertex -48 0.741548 6.01627
      vertex -48 0.741548 8.98373
      vertex -48 0.877799 8.93748
    endloop
  endfacet
  facet normal -1 0 0
    outer loop
      vertex -48 0.612499 5.95263
      vertex -48 0.741548 8.98373
      vertex -48 0.741548 6.01627
    endloop
  endfacet
  facet normal -1 0 0
    outer loop
      vertex -48 0.612499 5.95263
      vertex -48 0.612499 9.04737
      vertex -48 0.741548 8.98373
    endloop
  endfacet
  facet normal -1 0 0
    outer loop
      vertex -48 0.492862 5.87269
      vertex -48 0.612499 9.04737
      vertex -48 0.612499 5.95263
    endloop
  endfacet
  facet normal -1 0 0
    outer loop
      vertex -48 0.492862 5.87269
      vertex -48 0.492862 9.12731
      vertex -48 0.612499 9.04737
    endloop
  endfacet
  facet normal -1 0 0
    outer loop
      vertex -48 0.384682 5.77782
      vertex -48 0.492862 9.12731
      vertex -48 0.492862 5.87269
    endloop
  endfacet
  facet normal -1 0 0
    outer loop
      vertex -48 0.384682 5.77782
      vertex -48 0.384682 9.22218
      vertex -48 0.492862 9.12731
    endloop
  endfacet
  facet normal -1 0 0
    outer loop
      vertex -48 0.289811 5.66964
      vertex -48 0.384682 9.22218
      vertex -48 0.384682 5.77782
    endloop
  endfacet
  facet normal -1 0 0
    outer loop
      vertex -48 0.289811 5.66964
      vertex -48 0.289811 9.33036
      vertex -48 0.384682 9.22218
    endloop
  endfacet
  facet normal -1 0 0
    outer loop
      vertex -48 0.0999813 5.2847
      vertex -48 -3.77498 5.2847
      vertex -48 0.146232 5.42095
    endloop
  endfacet
  facet normal -1 0 0
    outer loop
      vertex -48 -3.82123 5.42095
      vertex -48 0.146232 5.42095
      vertex -48 -3.77498 5.2847
    endloop
  endfacet
  facet normal -1 0 0
    outer loop
      vertex -48 -3.77498 5.2847
      vertex -48 0.0999813 5.2847
      vertex -48 -3.74691 5.14358
    endloop
  endfacet
  facet normal -1 0 0
    outer loop
      vertex -48 0.146232 5.42095
      vertex -48 -3.82123 5.42095
      vertex -48 0.209871 5.55
    endloop
  endfacet
  facet normal -1 0 0
    outer loop
      vertex -48 0.0719099 5.14358
      vertex -48 -3.74691 5.14358
      vertex -48 0.0999813 5.2847
    endloop
  endfacet
  facet normal -1 0 0
    outer loop
      vertex -48 0.289811 9.33036
      vertex -48 -3.7375 10
      vertex -48 0.209871 9.45
    endloop
  endfacet
  facet normal -1 0 0
    outer loop
      vertex -48 -3.74691 5.14358
      vertex -48 0.0719099 5.14358
      vertex -48 -3.7375 5
    endloop
  endfacet
  facet normal -1 0 0
    outer loop
      vertex -48 0.209871 9.45
      vertex -48 -3.7375 10
      vertex -48 0.146232 9.57905
    endloop
  endfacet
  facet normal -1 0 0
    outer loop
      vertex -48 -3.7375 5
      vertex -48 0.0719099 5.14358
      vertex -48 0.0625 5
    endloop
  endfacet
  facet normal -1 0 0
    outer loop
      vertex -48 0.146232 9.57905
      vertex -48 -3.7375 10
      vertex -48 0.0999813 9.7153
    endloop
  endfacet
  facet normal -1 0 0
    outer loop
      vertex -48 8.11513 10.55
      vertex -48 12.2099 10.55
      vertex -48 8.17877 10.421
    endloop
  endfacet
  facet normal -1 0 0
    outer loop
      vertex -48 12.2898 14.3304
      vertex -48 8.25309 14.8564
      vertex -48 8.2625 15
    endloop
  endfacet
  facet normal -1 0 0
    outer loop
      vertex -48 12.2099 10.55
      vertex -48 8.11513 10.55
      vertex -48 12.2898 10.6696
    endloop
  endfacet
  facet normal -1 0 0
    outer loop
      vertex -48 12.2898 14.3304
      vertex -48 8.22502 14.7153
      vertex -48 8.25309 14.8564
    endloop
  endfacet
  facet normal -1 0 0
    outer loop
      vertex -48 8.03519 10.6696
      vertex -48 12.2898 10.6696
      vertex -48 8.11513 10.55
    endloop
  endfacet
  facet normal -1 0 0
    outer loop
      vertex -48 12.2898 14.3304
      vertex -48 8.17877 14.579
      vertex -48 8.22502 14.7153
    endloop
  endfacet
  facet normal -1 0 0
    outer loop
      vertex -48 12.2898 10.6696
      vertex -48 8.03519 10.6696
      vertex -48 12.2898 14.3304
    endloop
  endfacet
  facet normal -1 0 0
    outer loop
      vertex -48 12.2898 14.3304
      vertex -48 8.11513 14.45
      vertex -48 8.17877 14.579
    endloop
  endfacet
  facet normal -1 0 0
    outer loop
      vertex -48 8.03519 14.3304
      vertex -48 12.2898 14.3304
      vertex -48 8.03519 10.6696
    endloop
  endfacet
  facet normal -1 0 0
    outer loop
      vertex -48 12.2898 14.3304
      vertex -48 8.03519 14.3304
      vertex -48 8.11513 14.45
    endloop
  endfacet
  facet normal -1 0 0
    outer loop
      vertex -48 7.94032 10.7778
      vertex -48 8.03519 14.3304
      vertex -48 8.03519 10.6696
    endloop
  endfacet
  facet normal -1 0 0
    outer loop
      vertex -48 7.94032 10.7778
      vertex -48 7.94032 14.2222
      vertex -48 8.03519 14.3304
    endloop
  endfacet
  facet normal -1 0 0
    outer loop
      vertex -48 7.83214 10.8727
      vertex -48 7.94032 14.2222
      vertex -48 7.94032 10.7778
    endloop
  endfacet
  facet normal -1 0 0
    outer loop
      vertex -48 7.83214 10.8727
      vertex -48 7.83214 14.1273
      vertex -48 7.94032 14.2222
    endloop
  endfacet
  facet normal -1 0 0
    outer loop
      vertex -48 7.7125 10.9526
      vertex -48 7.83214 14.1273
      vertex -48 7.83214 10.8727
    endloop
  endfacet
  facet normal -1 0 0
    outer loop
      vertex -48 7.7125 10.9526
      vertex -48 7.7125 14.0474
      vertex -48 7.83214 14.1273
    endloop
  endfacet
  facet normal -1 0 0
    outer loop
      vertex -48 7.58345 11.0163
      vertex -48 7.7125 14.0474
      vertex -48 7.7125 10.9526
    endloop
  endfacet
  facet normal -1 0 0
    outer loop
      vertex -48 7.58345 11.0163
      vertex -48 7.58345 13.9837
      vertex -48 7.7125 14.0474
    endloop
  endfacet
  facet normal -1 0 0
    outer loop
      vertex -48 7.4472 11.0625
      vertex -48 7.58345 13.9837
      vertex -48 7.58345 11.0163
    endloop
  endfacet
  facet normal -1 0 0
    outer loop
      vertex -48 7.4472 11.0625
      vertex -48 7.4472 13.9375
      vertex -48 7.58345 13.9837
    endloop
  endfacet
  facet normal -1 0 0
    outer loop
      vertex -48 7.30608 11.0906
      vertex -48 7.4472 13.9375
      vertex -48 7.4472 11.0625
    endloop
  endfacet
  facet normal -1 0 0
    outer loop
      vertex -48 7.30608 11.0906
      vertex -48 7.30608 13.9094
      vertex -48 7.4472 13.9375
    endloop
  endfacet
  facet normal -1 0 0
    outer loop
      vertex -48 7.1625 11.1
      vertex -48 7.30608 13.9094
      vertex -48 7.30608 11.0906
    endloop
  endfacet
  facet normal -1 0 0
    outer loop
      vertex -48 7.1625 11.1
      vertex -48 7.1625 13.9
      vertex -48 7.30608 13.9094
    endloop
  endfacet
  facet normal -1 0 0
    outer loop
      vertex -48 7.01892 11.0906
      vertex -48 7.1625 13.9
      vertex -48 7.1625 11.1
    endloop
  endfacet
  facet normal -1 0 0
    outer loop
      vertex -48 7.01892 11.0906
      vertex -48 7.01892 13.9094
      vertex -48 7.1625 13.9
    endloop
  endfacet
  facet normal -1 0 0
    outer loop
      vertex -48 6.8778 11.0625
      vertex -48 7.01892 13.9094
      vertex -48 7.01892 11.0906
    endloop
  endfacet
  facet normal -1 0 0
    outer loop
      vertex -48 6.8778 11.0625
      vertex -48 6.8778 13.9375
      vertex -48 7.01892 13.9094
    endloop
  endfacet
  facet normal -1 0 0
    outer loop
      vertex -48 6.74155 11.0163
      vertex -48 6.8778 13.9375
      vertex -48 6.8778 11.0625
    endloop
  endfacet
  facet normal -1 0 0
    outer loop
      vertex -48 6.74155 11.0163
      vertex -48 6.74155 13.9837
      vertex -48 6.8778 13.9375
    endloop
  endfacet
  facet normal -1 0 0
    outer loop
      vertex -48 6.6125 10.9526
      vertex -48 6.74155 13.9837
      vertex -48 6.74155 11.0163
    endloop
  endfacet
  facet normal -1 0 0
    outer loop
      vertex -48 6.6125 10.9526
      vertex -48 6.6125 14.0474
      vertex -48 6.74155 13.9837
    endloop
  endfacet
  facet normal -1 0 0
    outer loop
      vertex -48 6.49286 10.8727
      vertex -48 6.6125 14.0474
      vertex -48 6.6125 10.9526
    endloop
  endfacet
  facet normal -1 0 0
    outer loop
      vertex -48 6.49286 10.8727
      vertex -48 6.49286 14.1273
      vertex -48 6.6125 14.0474
    endloop
  endfacet
  facet normal -1 0 0
    outer loop
      vertex -48 6.38468 10.7778
      vertex -48 6.49286 14.1273
      vertex -48 6.49286 10.8727
    endloop
  endfacet
  facet normal -1 0 0
    outer loop
      vertex -48 6.38468 10.7778
      vertex -48 6.38468 14.2222
      vertex -48 6.49286 14.1273
    endloop
  endfacet
  facet normal -1 0 0
    outer loop
      vertex -48 6.28981 10.6696
      vertex -48 6.38468 14.2222
      vertex -48 6.38468 10.7778
    endloop
  endfacet
  facet normal -1 0 0
    outer loop
      vertex -48 6.28981 10.6696
      vertex -48 6.28981 14.3304
      vertex -48 6.38468 14.2222
    endloop
  endfacet
  facet normal -1 0 0
    outer loop
      vertex -48 6.09998 10.2847
      vertex -48 2.22502 10.2847
      vertex -48 6.14623 10.421
    endloop
  endfacet
  facet normal -1 0 0
    outer loop
      vertex -48 2.17877 10.421
      vertex -48 6.14623 10.421
      vertex -48 2.22502 10.2847
    endloop
  endfacet
  facet normal -1 0 0
    outer loop
      vertex -48 2.22502 10.2847
      vertex -48 6.09998 10.2847
      vertex -48 2.25309 10.1436
    endloop
  endfacet
  facet normal -1 0 0
    outer loop
      vertex -48 6.14623 10.421
      vertex -48 2.17877 10.421
      vertex -48 6.20987 10.55
    endloop
  endfacet
  facet normal -1 0 0
    outer loop
      vertex -48 6.07191 10.1436
      vertex -48 2.25309 10.1436
      vertex -48 6.09998 10.2847
    endloop
  endfacet
  facet normal -1 0 0
    outer loop
      vertex -48 6.28981 14.3304
      vertex -48 2.2625 15
      vertex -48 6.20987 14.45
    endloop
  endfacet
  facet normal -1 0 0
    outer loop
      vertex -48 2.25309 10.1436
      vertex -48 6.07191 10.1436
      vertex -48 2.2625 10
    endloop
  endfacet
  facet normal -1 0 0
    outer loop
      vertex -48 6.20987 14.45
      vertex -48 2.2625 15
      vertex -48 6.14623 14.579
    endloop
  endfacet
  facet normal -1 0 0
    outer loop
      vertex -48 2.2625 10
      vertex -48 6.07191 10.1436
      vertex -48 6.0625 10
    endloop
  endfacet
  facet normal -1 0 0
    outer loop
      vertex -48 6.14623 14.579
      vertex -48 2.2625 15
      vertex -48 6.09998 14.7153
    endloop
  endfacet
  facet normal -1 0 0
    outer loop
      vertex -48 8.11513 5.55
      vertex -48 12.2099 5.55
      vertex -48 8.17877 5.42095
    endloop
  endfacet
  facet normal -1 0 0
    outer loop
      vertex -48 12.2898 9.33036
      vertex -48 8.25309 9.85642
      vertex -48 8.2625 10
    endloop
  endfacet
  facet normal -1 0 0
    outer loop
      vertex -48 12.2099 5.55
      vertex -48 8.11513 5.55
      vertex -48 12.2898 5.66964
    endloop
  endfacet
  facet normal -1 0 0
    outer loop
      vertex -48 12.2898 9.33036
      vertex -48 8.22502 9.7153
      vertex -48 8.25309 9.85642
    endloop
  endfacet
  facet normal -1 0 0
    outer loop
      vertex -48 8.03519 5.66964
      vertex -48 12.2898 5.66964
      vertex -48 8.11513 5.55
    endloop
  endfacet
  facet normal -1 0 0
    outer loop
      vertex -48 12.2898 9.33036
      vertex -48 8.17877 9.57905
      vertex -48 8.22502 9.7153
    endloop
  endfacet
  facet normal -1 0 0
    outer loop
      vertex -48 12.2898 5.66964
      vertex -48 8.03519 5.66964
      vertex -48 12.2898 9.33036
    endloop
  endfacet
  facet normal -1 0 0
    outer loop
      vertex -48 12.2898 9.33036
      vertex -48 8.11513 9.45
      vertex -48 8.17877 9.57905
    endloop
  endfacet
  facet normal -1 0 0
    outer loop
      vertex -48 8.03519 9.33036
      vertex -48 12.2898 9.33036
      vertex -48 8.03519 5.66964
    endloop
  endfacet
  facet normal -1 0 0
    outer loop
      vertex -48 12.2898 9.33036
      vertex -48 8.03519 9.33036
      vertex -48 8.11513 9.45
    endloop
  endfacet
  facet normal -1 0 0
    outer loop
      vertex -48 7.94032 5.77782
      vertex -48 8.03519 9.33036
      vertex -48 8.03519 5.66964
    endloop
  endfacet
  facet normal -1 0 0
    outer loop
      vertex -48 7.94032 5.77782
      vertex -48 7.94032 9.22218
      vertex -48 8.03519 9.33036
    endloop
  endfacet
  facet normal -1 0 0
    outer loop
      vertex -48 7.83214 5.87269
      vertex -48 7.94032 9.22218
      vertex -48 7.94032 5.77782
    endloop
  endfacet
  facet normal -1 0 0
    outer loop
      vertex -48 7.83214 5.87269
      vertex -48 7.83214 9.12731
      vertex -48 7.94032 9.22218
    endloop
  endfacet
  facet normal -1 0 0
    outer loop
      vertex -48 7.7125 5.95263
      vertex -48 7.83214 9.12731
      vertex -48 7.83214 5.87269
    endloop
  endfacet
  facet normal -1 0 0
    outer loop
      vertex -48 7.7125 5.95263
      vertex -48 7.7125 9.04737
      vertex -48 7.83214 9.12731
    endloop
  endfacet
  facet normal -1 0 0
    outer loop
      vertex -48 7.58345 6.01627
      vertex -48 7.7125 9.04737
      vertex -48 7.7125 5.95263
    endloop
  endfacet
  facet normal -1 0 0
    outer loop
      vertex -48 7.58345 6.01627
      vertex -48 7.58345 8.98373
      vertex -48 7.7125 9.04737
    endloop
  endfacet
  facet normal -1 0 0
    outer loop
      vertex -48 7.4472 6.06252
      vertex -48 7.58345 8.98373
      vertex -48 7.58345 6.01627
    endloop
  endfacet
  facet normal -1 0 0
    outer loop
      vertex -48 7.4472 6.06252
      vertex -48 7.4472 8.93748
      vertex -48 7.58345 8.98373
    endloop
  endfacet
  facet normal -1 0 0
    outer loop
      vertex -48 7.30608 6.09059
      vertex -48 7.4472 8.93748
      vertex -48 7.4472 6.06252
    endloop
  endfacet
  facet normal -1 0 0
    outer loop
      vertex -48 7.30608 6.09059
      vertex -48 7.30608 8.90941
      vertex -48 7.4472 8.93748
    endloop
  endfacet
  facet normal -1 0 0
    outer loop
      vertex -48 7.1625 6.1
      vertex -48 7.30608 8.90941
      vertex -48 7.30608 6.09059
    endloop
  endfacet
  facet normal -1 0 0
    outer loop
      vertex -48 7.1625 6.1
      vertex -48 7.1625 8.9
      vertex -48 7.30608 8.90941
    endloop
  endfacet
  facet normal -1 0 0
    outer loop
      vertex -48 7.01892 6.09059
      vertex -48 7.1625 8.9
      vertex -48 7.1625 6.1
    endloop
  endfacet
  facet normal -1 0 0
    outer loop
      vertex -48 7.01892 6.09059
      vertex -48 7.01892 8.90941
      vertex -48 7.1625 8.9
    endloop
  endfacet
  facet normal -1 0 0
    outer loop
      vertex -48 6.8778 6.06252
      vertex -48 7.01892 8.90941
      vertex -48 7.01892 6.09059
    endloop
  endfacet
  facet normal -1 0 0
    outer loop
      vertex -48 6.8778 6.06252
      vertex -48 6.8778 8.93748
      vertex -48 7.01892 8.90941
    endloop
  endfacet
  facet normal -1 0 0
    outer loop
      vertex -48 6.74155 6.01627
      vertex -48 6.8778 8.93748
      vertex -48 6.8778 6.06252
    endloop
  endfacet
  facet normal -1 0 0
    outer loop
      vertex -48 6.74155 6.01627
      vertex -48 6.74155 8.98373
      vertex -48 6.8778 8.93748
    endloop
  endfacet
  facet normal -1 0 0
    outer loop
      vertex -48 6.6125 5.95263
      vertex -48 6.74155 8.98373
      vertex -48 6.74155 6.01627
    endloop
  endfacet
  facet normal -1 0 0
    outer loop
      vertex -48 6.6125 5.95263
      vertex -48 6.6125 9.04737
      vertex -48 6.74155 8.98373
    endloop
  endfacet
  facet normal -1 0 0
    outer loop
      vertex -48 6.49286 5.87269
      vertex -48 6.6125 9.04737
      vertex -48 6.6125 5.95263
    endloop
  endfacet
  facet normal -1 0 0
    outer loop
      vertex -48 6.49286 5.87269
      vertex -48 6.49286 9.12731
      vertex -48 6.6125 9.04737
    endloop
  endfacet
  facet normal -1 0 0
    outer loop
      vertex -48 6.38468 5.77782
      vertex -48 6.49286 9.12731
      vertex -48 6.49286 5.87269
    endloop
  endfacet
  facet normal -1 0 0
    outer loop
      vertex -48 6.38468 5.77782
      vertex -48 6.38468 9.22218
      vertex -48 6.49286 9.12731
    endloop
  endfacet
  facet normal -1 0 0
    outer loop
      vertex -48 6.28981 5.66964
      vertex -48 6.38468 9.22218
      vertex -48 6.38468 5.77782
    endloop
  endfacet
  facet normal -1 0 0
    outer loop
      vertex -48 6.28981 5.66964
      vertex -48 6.28981 9.33036
      vertex -48 6.38468 9.22218
    endloop
  endfacet
  facet normal -1 0 0
    outer loop
      vertex -48 6.09998 5.2847
      vertex -48 2.22502 5.2847
      vertex -48 6.14623 5.42095
    endloop
  endfacet
  facet normal -1 0 0
    outer loop
      vertex -48 2.17877 5.42095
      vertex -48 6.14623 5.42095
      vertex -48 2.22502 5.2847
    endloop
  endfacet
  facet normal -1 0 0
    outer loop
      vertex -48 2.22502 5.2847
      vertex -48 6.09998 5.2847
      vertex -48 2.25309 5.14358
    endloop
  endfacet
  facet normal -1 0 0
    outer loop
      vertex -48 6.14623 5.42095
      vertex -48 2.17877 5.42095
      vertex -48 6.20987 5.55
    endloop
  endfacet
  facet normal -1 0 0
    outer loop
      vertex -48 6.07191 5.14358
      vertex -48 2.25309 5.14358
      vertex -48 6.09998 5.2847
    endloop
  endfacet
  facet normal -1 0 0
    outer loop
      vertex -48 6.28981 9.33036
      vertex -48 2.2625 10
      vertex -48 6.20987 9.45
    endloop
  endfacet
  facet normal -1 0 0
    outer loop
      vertex -48 2.25309 5.14358
      vertex -48 6.07191 5.14358
      vertex -48 2.2625 5
    endloop
  endfacet
  facet normal -1 0 0
    outer loop
      vertex -48 6.20987 9.45
      vertex -48 2.2625 10
      vertex -48 6.14623 9.57905
    endloop
  endfacet
  facet normal -1 0 0
    outer loop
      vertex -48 2.2625 5
      vertex -48 6.07191 5.14358
      vertex -48 6.0625 5
    endloop
  endfacet
  facet normal -1 0 0
    outer loop
      vertex -48 6.14623 9.57905
      vertex -48 2.2625 10
      vertex -48 6.09998 9.7153
    endloop
  endfacet
  facet normal -1 0 0
    outer loop
      vertex -48 14.225 10.2847
      vertex -48 27.5 20
      vertex -48 14.2531 10.1436
    endloop
  endfacet
  facet normal -1 0 0
    outer loop
      vertex -48 27.5 20
      vertex -48 14.2531 14.8564
      vertex -48 14.2625 15
    endloop
  endfacet
  facet normal -1 0 0
    outer loop
      vertex -48 14.225 14.7153
      vertex -48 27.5 20
      vertex -48 14.225 10.2847
    endloop
  endfacet
  facet normal -1 0 0
    outer loop
      vertex -48 27.5 20
      vertex -48 14.225 14.7153
      vertex -48 14.2531 14.8564
    endloop
  endfacet
  facet normal -1 0 0
    outer loop
      vertex -48 14.1788 10.421
      vertex -48 14.225 14.7153
      vertex -48 14.225 10.2847
    endloop
  endfacet
  facet normal -1 0 0
    outer loop
      vertex -48 14.1788 10.421
      vertex -48 14.1788 14.579
      vertex -48 14.225 14.7153
    endloop
  endfacet
  facet normal -1 0 0
    outer loop
      vertex -48 14.1151 10.55
      vertex -48 14.1788 14.579
      vertex -48 14.1788 10.421
    endloop
  endfacet
  facet normal -1 0 0
    outer loop
      vertex -48 14.1151 10.55
      vertex -48 14.1151 14.45
      vertex -48 14.1788 14.579
    endloop
  endfacet
  facet normal -1 0 0
    outer loop
      vertex -48 14.0352 10.6696
      vertex -48 14.1151 14.45
      vertex -48 14.1151 10.55
    endloop
  endfacet
  facet normal -1 0 0
    outer loop
      vertex -48 14.0352 10.6696
      vertex -48 14.0352 14.3304
      vertex -48 14.1151 14.45
    endloop
  endfacet
  facet normal -1 0 0
    outer loop
      vertex -48 13.9403 10.7778
      vertex -48 14.0352 14.3304
      vertex -48 14.0352 10.6696
    endloop
  endfacet
  facet normal -1 0 0
    outer loop
      vertex -48 13.9403 10.7778
      vertex -48 13.9403 14.2222
      vertex -48 14.0352 14.3304
    endloop
  endfacet
  facet normal -1 0 0
    outer loop
      vertex -48 13.8321 10.8727
      vertex -48 13.9403 14.2222
      vertex -48 13.9403 10.7778
    endloop
  endfacet
  facet normal -1 0 0
    outer loop
      vertex -48 13.8321 10.8727
      vertex -48 13.8321 14.1273
      vertex -48 13.9403 14.2222
    endloop
  endfacet
  facet normal -1 0 0
    outer loop
      vertex -48 13.7125 10.9526
      vertex -48 13.8321 14.1273
      vertex -48 13.8321 10.8727
    endloop
  endfacet
  facet normal -1 0 0
    outer loop
      vertex -48 13.7125 10.9526
      vertex -48 13.7125 14.0474
      vertex -48 13.8321 14.1273
    endloop
  endfacet
  facet normal -1 0 0
    outer loop
      vertex -48 13.5835 11.0163
      vertex -48 13.7125 14.0474
      vertex -48 13.7125 10.9526
    endloop
  endfacet
  facet normal -1 0 0
    outer loop
      vertex -48 13.5835 11.0163
      vertex -48 13.5835 13.9837
      vertex -48 13.7125 14.0474
    endloop
  endfacet
  facet normal -1 0 0
    outer loop
      vertex -48 13.4472 11.0625
      vertex -48 13.5835 13.9837
      vertex -48 13.5835 11.0163
    endloop
  endfacet
  facet normal -1 0 0
    outer loop
      vertex -48 13.4472 11.0625
      vertex -48 13.4472 13.9375
      vertex -48 13.5835 13.9837
    endloop
  endfacet
  facet normal -1 0 0
    outer loop
      vertex -48 13.3061 11.0906
      vertex -48 13.4472 13.9375
      vertex -48 13.4472 11.0625
    endloop
  endfacet
  facet normal -1 0 0
    outer loop
      vertex -48 13.3061 11.0906
      vertex -48 13.3061 13.9094
      vertex -48 13.4472 13.9375
    endloop
  endfacet
  facet normal -1 0 0
    outer loop
      vertex -48 13.1625 11.1
      vertex -48 13.3061 13.9094
      vertex -48 13.3061 11.0906
    endloop
  endfacet
  facet normal -1 0 0
    outer loop
      vertex -48 13.1625 11.1
      vertex -48 13.1625 13.9
      vertex -48 13.3061 13.9094
    endloop
  endfacet
  facet normal -1 0 0
    outer loop
      vertex -48 13.0189 11.0906
      vertex -48 13.1625 13.9
      vertex -48 13.1625 11.1
    endloop
  endfacet
  facet normal -1 0 0
    outer loop
      vertex -48 13.0189 11.0906
      vertex -48 13.0189 13.9094
      vertex -48 13.1625 13.9
    endloop
  endfacet
  facet normal -1 0 0
    outer loop
      vertex -48 12.8778 11.0625
      vertex -48 13.0189 13.9094
      vertex -48 13.0189 11.0906
    endloop
  endfacet
  facet normal -1 0 0
    outer loop
      vertex -48 12.8778 11.0625
      vertex -48 12.8778 13.9375
      vertex -48 13.0189 13.9094
    endloop
  endfacet
  facet normal -1 0 0
    outer loop
      vertex -48 12.7415 11.0163
      vertex -48 12.8778 13.9375
      vertex -48 12.8778 11.0625
    endloop
  endfacet
  facet normal -1 0 0
    outer loop
      vertex -48 12.7415 11.0163
      vertex -48 12.7415 13.9837
      vertex -48 12.8778 13.9375
    endloop
  endfacet
  facet normal -1 0 0
    outer loop
      vertex -48 12.6125 10.9526
      vertex -48 12.7415 13.9837
      vertex -48 12.7415 11.0163
    endloop
  endfacet
  facet normal -1 0 0
    outer loop
      vertex -48 12.6125 10.9526
      vertex -48 12.6125 14.0474
      vertex -48 12.7415 13.9837
    endloop
  endfacet
  facet normal -1 0 0
    outer loop
      vertex -48 12.4929 10.8727
      vertex -48 12.6125 14.0474
      vertex -48 12.6125 10.9526
    endloop
  endfacet
  facet normal -1 0 0
    outer loop
      vertex -48 12.4929 10.8727
      vertex -48 12.4929 14.1273
      vertex -48 12.6125 14.0474
    endloop
  endfacet
  facet normal -1 0 0
    outer loop
      vertex -48 12.3847 10.7778
      vertex -48 12.4929 14.1273
      vertex -48 12.4929 10.8727
    endloop
  endfacet
  facet normal -1 0 0
    outer loop
      vertex -48 12.3847 10.7778
      vertex -48 12.3847 14.2222
      vertex -48 12.4929 14.1273
    endloop
  endfacet
  facet normal -1 0 0
    outer loop
      vertex -48 12.2898 10.6696
      vertex -48 12.3847 14.2222
      vertex -48 12.3847 10.7778
    endloop
  endfacet
  facet normal -1 0 0
    outer loop
      vertex -48 12.2898 10.6696
      vertex -48 12.2898 14.3304
      vertex -48 12.3847 14.2222
    endloop
  endfacet
  facet normal -1 0 0
    outer loop
      vertex -48 12.1 10.2847
      vertex -48 8.22502 10.2847
      vertex -48 12.1462 10.421
    endloop
  endfacet
  facet normal -1 0 0
    outer loop
      vertex -48 8.17877 10.421
      vertex -48 12.1462 10.421
      vertex -48 8.22502 10.2847
    endloop
  endfacet
  facet normal -1 0 0
    outer loop
      vertex -48 8.22502 10.2847
      vertex -48 12.1 10.2847
      vertex -48 8.25309 10.1436
    endloop
  endfacet
  facet normal -1 0 0
    outer loop
      vertex -48 12.1462 10.421
      vertex -48 8.17877 10.421
      vertex -48 12.2099 10.55
    endloop
  endfacet
  facet normal -1 0 0
    outer loop
      vertex -48 12.0719 10.1436
      vertex -48 8.25309 10.1436
      vertex -48 12.1 10.2847
    endloop
  endfacet
  facet normal -1 0 0
    outer loop
      vertex -48 12.2898 14.3304
      vertex -48 8.2625 15
      vertex -48 12.2099 14.45
    endloop
  endfacet
  facet normal -1 0 0
    outer loop
      vertex -48 8.25309 10.1436
      vertex -48 12.0719 10.1436
      vertex -48 8.2625 10
    endloop
  endfacet
  facet normal -1 0 0
    outer loop
      vertex -48 12.2099 14.45
      vertex -48 8.2625 15
      vertex -48 12.1462 14.579
    endloop
  endfacet
  facet normal -1 0 0
    outer loop
      vertex -48 8.2625 10
      vertex -48 12.0719 10.1436
      vertex -48 12.0625 10
    endloop
  endfacet
  facet normal -1 0 0
    outer loop
      vertex -48 12.1462 14.579
      vertex -48 8.2625 15
      vertex -48 12.1 14.7153
    endloop
  endfacet
  facet normal -1 0 0
    outer loop
      vertex -48 14.225 5.2847
      vertex -48 27.5 0
      vertex -48 14.2531 5.14358
    endloop
  endfacet
  facet normal -1 0 0
    outer loop
      vertex -48 27.5 0
      vertex -48 14.2531 9.85642
      vertex -48 14.2625 10
    endloop
  endfacet
  facet normal -1 0 0
    outer loop
      vertex -48 14.225 9.7153
      vertex -48 27.5 0
      vertex -48 14.225 5.2847
    endloop
  endfacet
  facet normal -1 0 0
    outer loop
      vertex -48 27.5 0
      vertex -48 14.225 9.7153
      vertex -48 14.2531 9.85642
    endloop
  endfacet
  facet normal -1 0 0
    outer loop
      vertex -48 14.1788 5.42095
      vertex -48 14.225 9.7153
      vertex -48 14.225 5.2847
    endloop
  endfacet
  facet normal -1 0 0
    outer loop
      vertex -48 14.1788 5.42095
      vertex -48 14.1788 9.57905
      vertex -48 14.225 9.7153
    endloop
  endfacet
  facet normal -1 0 0
    outer loop
      vertex -48 14.1151 5.55
      vertex -48 14.1788 9.57905
      vertex -48 14.1788 5.42095
    endloop
  endfacet
  facet normal -1 0 0
    outer loop
      vertex -48 14.1151 5.55
      vertex -48 14.1151 9.45
      vertex -48 14.1788 9.57905
    endloop
  endfacet
  facet normal -1 0 0
    outer loop
      vertex -48 14.0352 5.66964
      vertex -48 14.1151 9.45
      vertex -48 14.1151 5.55
    endloop
  endfacet
  facet normal -1 0 0
    outer loop
      vertex -48 14.0352 5.66964
      vertex -48 14.0352 9.33036
      vertex -48 14.1151 9.45
    endloop
  endfacet
  facet normal -1 0 0
    outer loop
      vertex -48 13.9403 5.77782
      vertex -48 14.0352 9.33036
      vertex -48 14.0352 5.66964
    endloop
  endfacet
  facet normal -1 0 0
    outer loop
      vertex -48 13.9403 5.77782
      vertex -48 13.9403 9.22218
      vertex -48 14.0352 9.33036
    endloop
  endfacet
  facet normal -1 0 0
    outer loop
      vertex -48 13.8321 5.87269
      vertex -48 13.9403 9.22218
      vertex -48 13.9403 5.77782
    endloop
  endfacet
  facet normal -1 0 0
    outer loop
      vertex -48 13.8321 5.87269
      vertex -48 13.8321 9.12731
      vertex -48 13.9403 9.22218
    endloop
  endfacet
  facet normal -1 0 0
    outer loop
      vertex -48 13.7125 5.95263
      vertex -48 13.8321 9.12731
      vertex -48 13.8321 5.87269
    endloop
  endfacet
  facet normal -1 0 0
    outer loop
      vertex -48 13.7125 5.95263
      vertex -48 13.7125 9.04737
      vertex -48 13.8321 9.12731
    endloop
  endfacet
  facet normal -1 0 0
    outer loop
      vertex -48 13.5835 6.01627
      vertex -48 13.7125 9.04737
      vertex -48 13.7125 5.95263
    endloop
  endfacet
  facet normal -1 0 0
    outer loop
      vertex -48 13.5835 6.01627
      vertex -48 13.5835 8.98373
      vertex -48 13.7125 9.04737
    endloop
  endfacet
  facet normal -1 0 0
    outer loop
      vertex -48 13.4472 6.06252
      vertex -48 13.5835 8.98373
      vertex -48 13.5835 6.01627
    endloop
  endfacet
  facet normal -1 0 0
    outer loop
      vertex -48 13.4472 6.06252
      vertex -48 13.4472 8.93748
      vertex -48 13.5835 8.98373
    endloop
  endfacet
  facet normal -1 0 0
    outer loop
      vertex -48 13.3061 6.09059
      vertex -48 13.4472 8.93748
      vertex -48 13.4472 6.06252
    endloop
  endfacet
  facet normal -1 0 0
    outer loop
      vertex -48 13.3061 6.09059
      vertex -48 13.3061 8.90941
      vertex -48 13.4472 8.93748
    endloop
  endfacet
  facet normal -1 0 0
    outer loop
      vertex -48 13.1625 6.1
      vertex -48 13.3061 8.90941
      vertex -48 13.3061 6.09059
    endloop
  endfacet
  facet normal -1 0 0
    outer loop
      vertex -48 13.1625 6.1
      vertex -48 13.1625 8.9
      vertex -48 13.3061 8.90941
    endloop
  endfacet
  facet normal -1 0 0
    outer loop
      vertex -48 13.0189 6.09059
      vertex -48 13.1625 8.9
      vertex -48 13.1625 6.1
    endloop
  endfacet
  facet normal -1 0 0
    outer loop
      vertex -48 13.0189 6.09059
      vertex -48 13.0189 8.90941
      vertex -48 13.1625 8.9
    endloop
  endfacet
  facet normal -1 0 0
    outer loop
      vertex -48 12.8778 6.06252
      vertex -48 13.0189 8.90941
      vertex -48 13.0189 6.09059
    endloop
  endfacet
  facet normal -1 0 0
    outer loop
      vertex -48 12.8778 6.06252
      vertex -48 12.8778 8.93748
      vertex -48 13.0189 8.90941
    endloop
  endfacet
  facet normal -1 0 0
    outer loop
      vertex -48 12.7415 6.01627
      vertex -48 12.8778 8.93748
      vertex -48 12.8778 6.06252
    endloop
  endfacet
  facet normal -1 0 0
    outer loop
      vertex -48 12.7415 6.01627
      vertex -48 12.7415 8.98373
      vertex -48 12.8778 8.93748
    endloop
  endfacet
  facet normal -1 0 0
    outer loop
      vertex -48 12.6125 5.95263
      vertex -48 12.7415 8.98373
      vertex -48 12.7415 6.01627
    endloop
  endfacet
  facet normal -1 0 0
    outer loop
      vertex -48 12.6125 5.95263
      vertex -48 12.6125 9.04737
      vertex -48 12.7415 8.98373
    endloop
  endfacet
  facet normal -1 0 0
    outer loop
      vertex -48 12.4929 5.87269
      vertex -48 12.6125 9.04737
      vertex -48 12.6125 5.95263
    endloop
  endfacet
  facet normal -1 0 0
    outer loop
      vertex -48 12.4929 5.87269
      vertex -48 12.4929 9.12731
      vertex -48 12.6125 9.04737
    endloop
  endfacet
  facet normal -1 0 0
    outer loop
      vertex -48 12.3847 5.77782
      vertex -48 12.4929 9.12731
      vertex -48 12.4929 5.87269
    endloop
  endfacet
  facet normal -1 0 0
    outer loop
      vertex -48 12.3847 5.77782
      vertex -48 12.3847 9.22218
      vertex -48 12.4929 9.12731
    endloop
  endfacet
  facet normal -1 0 0
    outer loop
      vertex -48 12.2898 5.66964
      vertex -48 12.3847 9.22218
      vertex -48 12.3847 5.77782
    endloop
  endfacet
  facet normal -1 0 0
    outer loop
      vertex -48 12.2898 5.66964
      vertex -48 12.2898 9.33036
      vertex -48 12.3847 9.22218
    endloop
  endfacet
  facet normal -1 0 0
    outer loop
      vertex -48 12.1 5.2847
      vertex -48 8.22502 5.2847
      vertex -48 12.1462 5.42095
    endloop
  endfacet
  facet normal -1 0 0
    outer loop
      vertex -48 8.17877 5.42095
      vertex -48 12.1462 5.42095
      vertex -48 8.22502 5.2847
    endloop
  endfacet
  facet normal -1 0 0
    outer loop
      vertex -48 8.22502 5.2847
      vertex -48 12.1 5.2847
      vertex -48 8.25309 5.14358
    endloop
  endfacet
  facet normal -1 0 0
    outer loop
      vertex -48 12.1462 5.42095
      vertex -48 8.17877 5.42095
      vertex -48 12.2099 5.55
    endloop
  endfacet
  facet normal -1 0 0
    outer loop
      vertex -48 12.0719 5.14358
      vertex -48 8.25309 5.14358
      vertex -48 12.1 5.2847
    endloop
  endfacet
  facet normal -1 0 0
    outer loop
      vertex -48 12.2898 9.33036
      vertex -48 8.2625 10
      vertex -48 12.2099 9.45
    endloop
  endfacet
  facet normal -1 0 0
    outer loop
      vertex -48 8.25309 5.14358
      vertex -48 12.0719 5.14358
      vertex -48 8.2625 5
    endloop
  endfacet
  facet normal -1 0 0
    outer loop
      vertex -48 12.2099 9.45
      vertex -48 8.2625 10
      vertex -48 12.1462 9.57905
    endloop
  endfacet
  facet normal -1 0 0
    outer loop
      vertex -48 8.2625 5
      vertex -48 12.0719 5.14358
      vertex -48 12.0625 5
    endloop
  endfacet
  facet normal -1 0 0
    outer loop
      vertex -48 12.1462 9.57905
      vertex -48 8.2625 10
      vertex -48 12.1 9.7153
    endloop
  endfacet
  facet normal -1 0 0
    outer loop
      vertex -48 14.2531 5.14358
      vertex -48 27.5 0
      vertex -48 14.2625 5
    endloop
  endfacet
  facet normal -1 0 0
    outer loop
      vertex -48 27.5 0
      vertex -48 14.2531 4.85642
      vertex -48 14.2625 5
    endloop
  endfacet
  facet normal -1 0 0
    outer loop
      vertex -48 27.5 0
      vertex -48 14.225 4.7153
      vertex -48 14.2531 4.85642
    endloop
  endfacet
  facet normal -1 0 0
    outer loop
      vertex -48 27.5 0
      vertex -48 14.1788 4.57905
      vertex -48 14.225 4.7153
    endloop
  endfacet
  facet normal -1 0 0
    outer loop
      vertex -48 27.5 0
      vertex -48 14.1151 4.45
      vertex -48 14.1788 4.57905
    endloop
  endfacet
  facet normal -1 0 0
    outer loop
      vertex -48 27.5 0
      vertex -48 14.0352 4.33036
      vertex -48 14.1151 4.45
    endloop
  endfacet
  facet normal -1 0 0
    outer loop
      vertex -48 27.5 0
      vertex -48 13.9403 4.22218
      vertex -48 14.0352 4.33036
    endloop
  endfacet
  facet normal -1 0 0
    outer loop
      vertex -48 27.5 0
      vertex -48 13.8321 4.12731
      vertex -48 13.9403 4.22218
    endloop
  endfacet
  facet normal -1 0 0
    outer loop
      vertex -48 27.5 0
      vertex -48 13.7125 4.04737
      vertex -48 13.8321 4.12731
    endloop
  endfacet
  facet normal -1 0 0
    outer loop
      vertex -48 27.5 0
      vertex -48 13.5835 3.98373
      vertex -48 13.7125 4.04737
    endloop
  endfacet
  facet normal -1 0 0
    outer loop
      vertex -48 27.5 0
      vertex -48 13.4472 3.93748
      vertex -48 13.5835 3.98373
    endloop
  endfacet
  facet normal -1 0 0
    outer loop
      vertex -48 27.5 0
      vertex -48 13.3061 3.90941
      vertex -48 13.4472 3.93748
    endloop
  endfacet
  facet normal -1 0 0
    outer loop
      vertex -48 27.5 0
      vertex -48 13.1625 3.9
      vertex -48 13.3061 3.90941
    endloop
  endfacet
  facet normal -1 0 0
    outer loop
      vertex -48 27.5 0
      vertex -48 13.0189 3.90941
      vertex -48 13.1625 3.9
    endloop
  endfacet
  facet normal -1 0 0
    outer loop
      vertex -48 7.30608 3.90941
      vertex -48 13.0189 3.90941
      vertex -48 27.5 0
    endloop
  endfacet
  facet normal -1 0 0
    outer loop
      vertex -48 12.0719 9.85642
      vertex -48 8.2625 10
      vertex -48 12.0625 10
    endloop
  endfacet
  facet normal -1 0 0
    outer loop
      vertex -48 12.1 9.7153
      vertex -48 8.2625 10
      vertex -48 12.0719 9.85642
    endloop
  endfacet
  facet normal -1 0 0
    outer loop
      vertex -48 12.0719 4.85642
      vertex -48 8.2625 5
      vertex -48 12.0625 5
    endloop
  endfacet
  facet normal -1 0 0
    outer loop
      vertex -48 8.25309 4.85642
      vertex -48 12.0719 4.85642
      vertex -48 12.1 4.7153
    endloop
  endfacet
  facet normal -1 0 0
    outer loop
      vertex -48 8.22502 4.7153
      vertex -48 12.1 4.7153
      vertex -48 12.1462 4.57905
    endloop
  endfacet
  facet normal -1 0 0
    outer loop
      vertex -48 8.17877 4.57905
      vertex -48 12.1462 4.57905
      vertex -48 12.2099 4.45
    endloop
  endfacet
  facet normal -1 0 0
    outer loop
      vertex -48 8.11513 4.45
      vertex -48 12.2099 4.45
      vertex -48 12.2898 4.33036
    endloop
  endfacet
  facet normal -1 0 0
    outer loop
      vertex -48 8.03519 4.33036
      vertex -48 12.2898 4.33036
      vertex -48 12.3847 4.22218
    endloop
  endfacet
  facet normal -1 0 0
    outer loop
      vertex -48 7.94032 4.22218
      vertex -48 12.3847 4.22218
      vertex -48 12.4929 4.12731
    endloop
  endfacet
  facet normal -1 0 0
    outer loop
      vertex -48 7.83214 4.12731
      vertex -48 12.4929 4.12731
      vertex -48 12.6125 4.04737
    endloop
  endfacet
  facet normal -1 0 0
    outer loop
      vertex -48 7.7125 4.04737
      vertex -48 12.6125 4.04737
      vertex -48 12.7415 3.98373
    endloop
  endfacet
  facet normal -1 0 0
    outer loop
      vertex -48 7.58345 3.98373
      vertex -48 12.7415 3.98373
      vertex -48 12.8778 3.93748
    endloop
  endfacet
  facet normal -1 0 0
    outer loop
      vertex -48 13.0189 3.90941
      vertex -48 7.30608 3.90941
      vertex -48 12.8778 3.93748
    endloop
  endfacet
  facet normal -1 0 0
    outer loop
      vertex -48 12.0719 4.85642
      vertex -48 8.25309 4.85642
      vertex -48 8.2625 5
    endloop
  endfacet
  facet normal -1 0 0
    outer loop
      vertex -48 12.1 4.7153
      vertex -48 8.22502 4.7153
      vertex -48 8.25309 4.85642
    endloop
  endfacet
  facet normal -1 0 0
    outer loop
      vertex -48 12.1462 4.57905
      vertex -48 8.17877 4.57905
      vertex -48 8.22502 4.7153
    endloop
  endfacet
  facet normal -1 0 0
    outer loop
      vertex -48 12.2099 4.45
      vertex -48 8.11513 4.45
      vertex -48 8.17877 4.57905
    endloop
  endfacet
  facet normal -1 0 0
    outer loop
      vertex -48 12.2898 4.33036
      vertex -48 8.03519 4.33036
      vertex -48 8.11513 4.45
    endloop
  endfacet
  facet normal -1 0 0
    outer loop
      vertex -48 12.3847 4.22218
      vertex -48 7.94032 4.22218
      vertex -48 8.03519 4.33036
    endloop
  endfacet
  facet normal -1 0 0
    outer loop
      vertex -48 12.4929 4.12731
      vertex -48 7.83214 4.12731
      vertex -48 7.94032 4.22218
    endloop
  endfacet
  facet normal -1 0 0
    outer loop
      vertex -48 12.6125 4.04737
      vertex -48 7.7125 4.04737
      vertex -48 7.83214 4.12731
    endloop
  endfacet
  facet normal -1 0 0
    outer loop
      vertex -48 12.7415 3.98373
      vertex -48 7.58345 3.98373
      vertex -48 7.7125 4.04737
    endloop
  endfacet
  facet normal -1 0 0
    outer loop
      vertex -48 12.8778 3.93748
      vertex -48 7.4472 3.93748
      vertex -48 7.58345 3.98373
    endloop
  endfacet
  facet normal -1 -0 0
    outer loop
      vertex -48 12.8778 3.93748
      vertex -48 7.30608 3.90941
      vertex -48 7.4472 3.93748
    endloop
  endfacet
  facet normal -1 0 0
    outer loop
      vertex -48 27.5 0
      vertex -48 7.1625 3.9
      vertex -48 7.30608 3.90941
    endloop
  endfacet
  facet normal -1 0 0
    outer loop
      vertex -48 1.1625 3.9
      vertex -48 7.1625 3.9
      vertex -48 27.5 0
    endloop
  endfacet
  facet normal -1 0 0
    outer loop
      vertex -48 6.07191 9.85642
      vertex -48 2.2625 10
      vertex -48 6.0625 10
    endloop
  endfacet
  facet normal -1 0 0
    outer loop
      vertex -48 6.09998 9.7153
      vertex -48 2.2625 10
      vertex -48 6.07191 9.85642
    endloop
  endfacet
  facet normal -1 0 0
    outer loop
      vertex -48 6.07191 4.85642
      vertex -48 2.2625 5
      vertex -48 6.0625 5
    endloop
  endfacet
  facet normal -1 0 0
    outer loop
      vertex -48 2.25309 4.85642
      vertex -48 6.07191 4.85642
      vertex -48 6.09998 4.7153
    endloop
  endfacet
  facet normal -1 0 0
    outer loop
      vertex -48 2.22502 4.7153
      vertex -48 6.09998 4.7153
      vertex -48 6.14623 4.57905
    endloop
  endfacet
  facet normal -1 0 0
    outer loop
      vertex -48 2.17877 4.57905
      vertex -48 6.14623 4.57905
      vertex -48 6.20987 4.45
    endloop
  endfacet
  facet normal -1 0 0
    outer loop
      vertex -48 2.11513 4.45
      vertex -48 6.20987 4.45
      vertex -48 6.28981 4.33036
    endloop
  endfacet
  facet normal -1 0 0
    outer loop
      vertex -48 2.03519 4.33036
      vertex -48 6.28981 4.33036
      vertex -48 6.38468 4.22218
    endloop
  endfacet
  facet normal -1 0 0
    outer loop
      vertex -48 1.94032 4.22218
      vertex -48 6.38468 4.22218
      vertex -48 6.49286 4.12731
    endloop
  endfacet
  facet normal -1 0 0
    outer loop
      vertex -48 1.83214 4.12731
      vertex -48 6.49286 4.12731
      vertex -48 6.6125 4.04737
    endloop
  endfacet
  facet normal -1 0 0
    outer loop
      vertex -48 1.7125 4.04737
      vertex -48 6.6125 4.04737
      vertex -48 6.74155 3.98373
    endloop
  endfacet
  facet normal -1 0 0
    outer loop
      vertex -48 1.58345 3.98373
      vertex -48 6.74155 3.98373
      vertex -48 6.8778 3.93748
    endloop
  endfacet
  facet normal -1 0 0
    outer loop
      vertex -48 6.07191 4.85642
      vertex -48 2.25309 4.85642
      vertex -48 2.2625 5
    endloop
  endfacet
  facet normal -1 0 0
    outer loop
      vertex -48 1.4472 3.93748
      vertex -48 6.8778 3.93748
      vertex -48 7.01892 3.90941
    endloop
  endfacet
  facet normal -1 0 0
    outer loop
      vertex -48 6.09998 4.7153
      vertex -48 2.22502 4.7153
      vertex -48 2.25309 4.85642
    endloop
  endfacet
  facet normal -1 0 0
    outer loop
      vertex -48 7.1625 3.9
      vertex -48 1.1625 3.9
      vertex -48 7.01892 3.90941
    endloop
  endfacet
  facet normal -1 0 0
    outer loop
      vertex -48 6.14623 4.57905
      vertex -48 2.17877 4.57905
      vertex -48 2.22502 4.7153
    endloop
  endfacet
  facet normal -1 0 0
    outer loop
      vertex -48 6.20987 4.45
      vertex -48 2.11513 4.45
      vertex -48 2.17877 4.57905
    endloop
  endfacet
  facet normal -1 0 0
    outer loop
      vertex -48 6.28981 4.33036
      vertex -48 2.03519 4.33036
      vertex -48 2.11513 4.45
    endloop
  endfacet
  facet normal -1 0 0
    outer loop
      vertex -48 6.38468 4.22218
      vertex -48 1.94032 4.22218
      vertex -48 2.03519 4.33036
    endloop
  endfacet
  facet normal -1 0 0
    outer loop
      vertex -48 6.49286 4.12731
      vertex -48 1.83214 4.12731
      vertex -48 1.94032 4.22218
    endloop
  endfacet
  facet normal -1 0 0
    outer loop
      vertex -48 6.6125 4.04737
      vertex -48 1.7125 4.04737
      vertex -48 1.83214 4.12731
    endloop
  endfacet
  facet normal -1 0 0
    outer loop
      vertex -48 6.74155 3.98373
      vertex -48 1.58345 3.98373
      vertex -48 1.7125 4.04737
    endloop
  endfacet
  facet normal -1 0 0
    outer loop
      vertex -48 6.8778 3.93748
      vertex -48 1.4472 3.93748
      vertex -48 1.58345 3.98373
    endloop
  endfacet
  facet normal -1 0 0
    outer loop
      vertex -48 7.01892 3.90941
      vertex -48 1.30608 3.90941
      vertex -48 1.4472 3.93748
    endloop
  endfacet
  facet normal -1 -0 0
    outer loop
      vertex -48 7.01892 3.90941
      vertex -48 1.1625 3.9
      vertex -48 1.30608 3.90941
    endloop
  endfacet
  facet normal -1 0 0
    outer loop
      vertex -48 -27.5 0
      vertex -48 1.1625 3.9
      vertex -48 27.5 0
    endloop
  endfacet
  facet normal -1 0 0
    outer loop
      vertex -48 0.0719099 9.85642
      vertex -48 -3.7375 10
      vertex -48 0.0625 10
    endloop
  endfacet
  facet normal -1 0 0
    outer loop
      vertex -48 0.0999813 9.7153
      vertex -48 -3.7375 10
      vertex -48 0.0719099 9.85642
    endloop
  endfacet
  facet normal -1 0 0
    outer loop
      vertex -48 0.0719099 4.85642
      vertex -48 -3.7375 5
      vertex -48 0.0625 5
    endloop
  endfacet
  facet normal -1 0 0
    outer loop
      vertex -48 -3.74691 4.85642
      vertex -48 0.0719099 4.85642
      vertex -48 0.0999813 4.7153
    endloop
  endfacet
  facet normal -1 0 0
    outer loop
      vertex -48 -3.77498 4.7153
      vertex -48 0.0999813 4.7153
      vertex -48 0.146232 4.57905
    endloop
  endfacet
  facet normal -1 0 0
    outer loop
      vertex -48 -3.82123 4.57905
      vertex -48 0.146232 4.57905
      vertex -48 0.209871 4.45
    endloop
  endfacet
  facet normal -1 0 0
    outer loop
      vertex -48 -3.88487 4.45
      vertex -48 0.209871 4.45
      vertex -48 0.289811 4.33036
    endloop
  endfacet
  facet normal -1 0 0
    outer loop
      vertex -48 -3.96481 4.33036
      vertex -48 0.289811 4.33036
      vertex -48 0.384682 4.22218
    endloop
  endfacet
  facet normal -1 0 0
    outer loop
      vertex -48 -4.05968 4.22218
      vertex -48 0.384682 4.22218
      vertex -48 0.492862 4.12731
    endloop
  endfacet
  facet normal -1 0 0
    outer loop
      vertex -48 -4.16786 4.12731
      vertex -48 0.492862 4.12731
      vertex -48 0.612499 4.04737
    endloop
  endfacet
  facet normal -1 0 0
    outer loop
      vertex -48 -4.2875 4.04737
      vertex -48 0.612499 4.04737
      vertex -48 0.741548 3.98373
    endloop
  endfacet
  facet normal -1 0 0
    outer loop
      vertex -48 -4.41655 3.98373
      vertex -48 0.741548 3.98373
      vertex -48 0.877799 3.93748
    endloop
  endfacet
  facet normal -1 0 0
    outer loop
      vertex -48 0.0719099 4.85642
      vertex -48 -3.74691 4.85642
      vertex -48 -3.7375 5
    endloop
  endfacet
  facet normal -1 0 0
    outer loop
      vertex -48 -4.5528 3.93748
      vertex -48 0.877799 3.93748
      vertex -48 1.01892 3.90941
    endloop
  endfacet
  facet normal -1 0 0
    outer loop
      vertex -48 0.0999813 4.7153
      vertex -48 -3.77498 4.7153
      vertex -48 -3.74691 4.85642
    endloop
  endfacet
  facet normal -1 0 0
    outer loop
      vertex -48 0.146232 4.57905
      vertex -48 -3.82123 4.57905
      vertex -48 -3.77498 4.7153
    endloop
  endfacet
  facet normal -1 0 -0
    outer loop
      vertex -48 -4.8375 3.9
      vertex -48 1.1625 3.9
      vertex -48 -27.5 0
    endloop
  endfacet
  facet normal -1 0 0
    outer loop
      vertex -48 0.209871 4.45
      vertex -48 -3.88487 4.45
      vertex -48 -3.82123 4.57905
    endloop
  endfacet
  facet normal -1 0 0
    outer loop
      vertex -48 0.289811 4.33036
      vertex -48 -3.96481 4.33036
      vertex -48 -3.88487 4.45
    endloop
  endfacet
  facet normal -1 0 0
    outer loop
      vertex -48 0.384682 4.22218
      vertex -48 -4.05968 4.22218
      vertex -48 -3.96481 4.33036
    endloop
  endfacet
  facet normal -1 0 0
    outer loop
      vertex -48 0.492862 4.12731
      vertex -48 -4.16786 4.12731
      vertex -48 -4.05968 4.22218
    endloop
  endfacet
  facet normal -1 0 0
    outer loop
      vertex -48 0.612499 4.04737
      vertex -48 -4.2875 4.04737
      vertex -48 -4.16786 4.12731
    endloop
  endfacet
  facet normal -1 0 0
    outer loop
      vertex -48 0.741548 3.98373
      vertex -48 -4.41655 3.98373
      vertex -48 -4.2875 4.04737
    endloop
  endfacet
  facet normal -1 0 0
    outer loop
      vertex -48 0.877799 3.93748
      vertex -48 -4.5528 3.93748
      vertex -48 -4.41655 3.98373
    endloop
  endfacet
  facet normal -1 0 0
    outer loop
      vertex -48 1.01892 3.90941
      vertex -48 -4.69392 3.90941
      vertex -48 -4.5528 3.93748
    endloop
  endfacet
  facet normal -1 -0 0
    outer loop
      vertex -48 1.01892 3.90941
      vertex -48 -4.8375 3.9
      vertex -48 -4.69392 3.90941
    endloop
  endfacet
  facet normal -1 0 0
    outer loop
      vertex -48 1.1625 3.9
      vertex -48 -4.8375 3.9
      vertex -48 1.01892 3.90941
    endloop
  endfacet
  facet normal -1 0 0
    outer loop
      vertex -48 -5.92809 9.85642
      vertex -48 -9.7375 10
      vertex -48 -5.9375 10
    endloop
  endfacet
  facet normal -1 0 0
    outer loop
      vertex -48 -5.90002 9.7153
      vertex -48 -9.7375 10
      vertex -48 -5.92809 9.85642
    endloop
  endfacet
  facet normal -1 0 0
    outer loop
      vertex -48 -5.92809 4.85642
      vertex -48 -9.7375 5
      vertex -48 -5.9375 5
    endloop
  endfacet
  facet normal -1 0 0
    outer loop
      vertex -48 -9.74691 4.85642
      vertex -48 -5.92809 4.85642
      vertex -48 -5.90002 4.7153
    endloop
  endfacet
  facet normal -1 0 0
    outer loop
      vertex -48 -9.77498 4.7153
      vertex -48 -5.90002 4.7153
      vertex -48 -5.85377 4.57905
    endloop
  endfacet
  facet normal -1 0 0
    outer loop
      vertex -48 -9.82123 4.57905
      vertex -48 -5.85377 4.57905
      vertex -48 -5.79013 4.45
    endloop
  endfacet
  facet normal -1 0 0
    outer loop
      vertex -48 -9.88487 4.45
      vertex -48 -5.79013 4.45
      vertex -48 -5.71019 4.33036
    endloop
  endfacet
  facet normal -1 0 0
    outer loop
      vertex -48 -9.96481 4.33036
      vertex -48 -5.71019 4.33036
      vertex -48 -5.61532 4.22218
    endloop
  endfacet
  facet normal -1 0 0
    outer loop
      vertex -48 -10.0597 4.22218
      vertex -48 -5.61532 4.22218
      vertex -48 -5.50714 4.12731
    endloop
  endfacet
  facet normal -1 0 0
    outer loop
      vertex -48 -10.1679 4.12731
      vertex -48 -5.50714 4.12731
      vertex -48 -5.3875 4.04737
    endloop
  endfacet
  facet normal -1 0 0
    outer loop
      vertex -48 -10.2875 4.04737
      vertex -48 -5.3875 4.04737
      vertex -48 -5.25845 3.98373
    endloop
  endfacet
  facet normal -1 0 0
    outer loop
      vertex -48 -10.4165 3.98373
      vertex -48 -5.25845 3.98373
      vertex -48 -5.1222 3.93748
    endloop
  endfacet
  facet normal -1 0 0
    outer loop
      vertex -48 -5.92809 4.85642
      vertex -48 -9.74691 4.85642
      vertex -48 -9.7375 5
    endloop
  endfacet
  facet normal -1 0 0
    outer loop
      vertex -48 -10.5528 3.93748
      vertex -48 -5.1222 3.93748
      vertex -48 -4.98108 3.90941
    endloop
  endfacet
  facet normal -1 0 0
    outer loop
      vertex -48 -5.90002 4.7153
      vertex -48 -9.77498 4.7153
      vertex -48 -9.74691 4.85642
    endloop
  endfacet
  facet normal -1 0 0
    outer loop
      vertex -48 -5.85377 4.57905
      vertex -48 -9.82123 4.57905
      vertex -48 -9.77498 4.7153
    endloop
  endfacet
  facet normal -1 0 0
    outer loop
      vertex -48 -5.79013 4.45
      vertex -48 -9.88487 4.45
      vertex -48 -9.82123 4.57905
    endloop
  endfacet
  facet normal -1 -0 0
    outer loop
      vertex -48 -4.8375 3.9
      vertex -48 -27.5 0
      vertex -48 -4.98108 3.90941
    endloop
  endfacet
  facet normal -1 0 0
    outer loop
      vertex -48 -5.71019 4.33036
      vertex -48 -9.96481 4.33036
      vertex -48 -9.88487 4.45
    endloop
  endfacet
  facet normal -1 0 0
    outer loop
      vertex -48 -5.61532 4.22218
      vertex -48 -10.0597 4.22218
      vertex -48 -9.96481 4.33036
    endloop
  endfacet
  facet normal -1 0 0
    outer loop
      vertex -48 -5.50714 4.12731
      vertex -48 -10.1679 4.12731
      vertex -48 -10.0597 4.22218
    endloop
  endfacet
  facet normal -1 0 0
    outer loop
      vertex -48 -5.3875 4.04737
      vertex -48 -10.2875 4.04737
      vertex -48 -10.1679 4.12731
    endloop
  endfacet
  facet normal -1 0 0
    outer loop
      vertex -48 -5.25845 3.98373
      vertex -48 -10.4165 3.98373
      vertex -48 -10.2875 4.04737
    endloop
  endfacet
  facet normal -1 0 0
    outer loop
      vertex -48 -5.1222 3.93748
      vertex -48 -10.5528 3.93748
      vertex -48 -10.4165 3.98373
    endloop
  endfacet
  facet normal -1 0 0
    outer loop
      vertex -48 -4.98108 3.90941
      vertex -48 -10.6939 3.90941
      vertex -48 -10.5528 3.93748
    endloop
  endfacet
  facet normal -1 -0 0
    outer loop
      vertex -48 -4.98108 3.90941
      vertex -48 -27.5 0
      vertex -48 -10.6939 3.90941
    endloop
  endfacet
  facet normal -1 0 0
    outer loop
      vertex -48 -10.6939 3.90941
      vertex -48 -27.5 0
      vertex -48 -10.8375 3.9
    endloop
  endfacet
  facet normal -1 -0 0
    outer loop
      vertex -48 -11.9281 9.85642
      vertex -48 -27.5 0
      vertex -48 -11.9375 10
    endloop
  endfacet
  facet normal -1 0 0
    outer loop
      vertex -48 -27.5 20
      vertex -48 -11.9375 10
      vertex -48 -27.5 0
    endloop
  endfacet
  facet normal -1 -0 0
    outer loop
      vertex -48 -11.9281 4.85642
      vertex -48 -27.5 0
      vertex -48 -11.9375 5
    endloop
  endfacet
  facet normal -1 -0 0
    outer loop
      vertex -48 -11.9 4.7153
      vertex -48 -27.5 0
      vertex -48 -11.9281 4.85642
    endloop
  endfacet
  facet normal -1 -0 0
    outer loop
      vertex -48 -11.8538 4.57905
      vertex -48 -27.5 0
      vertex -48 -11.9 4.7153
    endloop
  endfacet
  facet normal -1 -0 0
    outer loop
      vertex -48 -11.7901 4.45
      vertex -48 -27.5 0
      vertex -48 -11.8538 4.57905
    endloop
  endfacet
  facet normal -1 -0 0
    outer loop
      vertex -48 -11.7102 4.33036
      vertex -48 -27.5 0
      vertex -48 -11.7901 4.45
    endloop
  endfacet
  facet normal -1 -0 0
    outer loop
      vertex -48 -11.6153 4.22218
      vertex -48 -27.5 0
      vertex -48 -11.7102 4.33036
    endloop
  endfacet
  facet normal -1 -0 0
    outer loop
      vertex -48 -11.5071 4.12731
      vertex -48 -27.5 0
      vertex -48 -11.6153 4.22218
    endloop
  endfacet
  facet normal -1 -0 0
    outer loop
      vertex -48 -11.3875 4.04737
      vertex -48 -27.5 0
      vertex -48 -11.5071 4.12731
    endloop
  endfacet
  facet normal -1 -0 0
    outer loop
      vertex -48 -11.2585 3.98373
      vertex -48 -27.5 0
      vertex -48 -11.3875 4.04737
    endloop
  endfacet
  facet normal -1 -0 0
    outer loop
      vertex -48 -11.1222 3.93748
      vertex -48 -27.5 0
      vertex -48 -11.2585 3.98373
    endloop
  endfacet
  facet normal -1 -0 0
    outer loop
      vertex -48 -10.9811 3.90941
      vertex -48 -27.5 0
      vertex -48 -11.1222 3.93748
    endloop
  endfacet
  facet normal -1 -0 0
    outer loop
      vertex -48 -10.8375 3.9
      vertex -48 -27.5 0
      vertex -48 -10.9811 3.90941
    endloop
  endfacet
  facet normal -1 0 0
    outer loop
      vertex -48 27.5 0
      vertex -48 14.2625 10
      vertex -48 27.5 20
    endloop
  endfacet
  facet normal -1 0 0
    outer loop
      vertex -48 14.2531 10.1436
      vertex -48 27.5 20
      vertex -48 14.2625 10
    endloop
  endfacet
  facet normal -1 0 0
    outer loop
      vertex -48 14.2531 15.1436
      vertex -48 27.5 20
      vertex -48 14.2625 15
    endloop
  endfacet
  facet normal -1 0 0
    outer loop
      vertex -48 14.225 15.2847
      vertex -48 27.5 20
      vertex -48 14.2531 15.1436
    endloop
  endfacet
  facet normal -1 0 0
    outer loop
      vertex -48 14.1788 15.421
      vertex -48 27.5 20
      vertex -48 14.225 15.2847
    endloop
  endfacet
  facet normal -1 0 0
    outer loop
      vertex -48 14.1151 15.55
      vertex -48 27.5 20
      vertex -48 14.1788 15.421
    endloop
  endfacet
  facet normal -1 0 0
    outer loop
      vertex -48 14.0352 15.6696
      vertex -48 27.5 20
      vertex -48 14.1151 15.55
    endloop
  endfacet
  facet normal -1 0 0
    outer loop
      vertex -48 13.9403 15.7778
      vertex -48 27.5 20
      vertex -48 14.0352 15.6696
    endloop
  endfacet
  facet normal -1 0 0
    outer loop
      vertex -48 13.8321 15.8727
      vertex -48 27.5 20
      vertex -48 13.9403 15.7778
    endloop
  endfacet
  facet normal -1 0 0
    outer loop
      vertex -48 13.7125 15.9526
      vertex -48 27.5 20
      vertex -48 13.8321 15.8727
    endloop
  endfacet
  facet normal -1 0 0
    outer loop
      vertex -48 13.5835 16.0163
      vertex -48 27.5 20
      vertex -48 13.7125 15.9526
    endloop
  endfacet
  facet normal -1 0 0
    outer loop
      vertex -48 13.4472 16.0625
      vertex -48 27.5 20
      vertex -48 13.5835 16.0163
    endloop
  endfacet
  facet normal -1 0 0
    outer loop
      vertex -48 13.3061 16.0906
      vertex -48 27.5 20
      vertex -48 13.4472 16.0625
    endloop
  endfacet
  facet normal -1 0 0
    outer loop
      vertex -48 13.1625 16.1
      vertex -48 27.5 20
      vertex -48 13.3061 16.0906
    endloop
  endfacet
  facet normal -1 0 0
    outer loop
      vertex -48 13.0189 16.0906
      vertex -48 27.5 20
      vertex -48 13.1625 16.1
    endloop
  endfacet
  facet normal -1 0 0
    outer loop
      vertex -48 7.30608 16.0906
      vertex -48 13.0189 16.0906
      vertex -48 12.8778 16.0625
    endloop
  endfacet
  facet normal -1 0 0
    outer loop
      vertex -48 12.1 14.7153
      vertex -48 8.2625 15
      vertex -48 12.0719 14.8564
    endloop
  endfacet
  facet normal -1 0 0
    outer loop
      vertex -48 12.0719 14.8564
      vertex -48 8.2625 15
      vertex -48 12.0625 15
    endloop
  endfacet
  facet normal -1 0 0
    outer loop
      vertex -48 12.0625 15
      vertex -48 8.2625 15
      vertex -48 12.0719 15.1436
    endloop
  endfacet
  facet normal -1 0 0
    outer loop
      vertex -48 8.25309 15.1436
      vertex -48 12.0719 15.1436
      vertex -48 8.2625 15
    endloop
  endfacet
  facet normal -1 0 0
    outer loop
      vertex -48 12.0719 15.1436
      vertex -48 8.25309 15.1436
      vertex -48 12.1 15.2847
    endloop
  endfacet
  facet normal -1 0 0
    outer loop
      vertex -48 8.22502 15.2847
      vertex -48 12.1 15.2847
      vertex -48 8.25309 15.1436
    endloop
  endfacet
  facet normal -1 0 0
    outer loop
      vertex -48 12.1 15.2847
      vertex -48 8.22502 15.2847
      vertex -48 12.1462 15.421
    endloop
  endfacet
  facet normal -1 0 0
    outer loop
      vertex -48 8.17877 15.421
      vertex -48 12.1462 15.421
      vertex -48 8.22502 15.2847
    endloop
  endfacet
  facet normal -1 0 0
    outer loop
      vertex -48 12.1462 15.421
      vertex -48 8.17877 15.421
      vertex -48 12.2099 15.55
    endloop
  endfacet
  facet normal -1 0 0
    outer loop
      vertex -48 8.11513 15.55
      vertex -48 12.2099 15.55
      vertex -48 8.17877 15.421
    endloop
  endfacet
  facet normal -1 0 0
    outer loop
      vertex -48 12.2099 15.55
      vertex -48 8.11513 15.55
      vertex -48 12.2898 15.6696
    endloop
  endfacet
  facet normal -1 0 0
    outer loop
      vertex -48 8.03519 15.6696
      vertex -48 12.2898 15.6696
      vertex -48 8.11513 15.55
    endloop
  endfacet
  facet normal -1 0 0
    outer loop
      vertex -48 12.2898 15.6696
      vertex -48 8.03519 15.6696
      vertex -48 12.3847 15.7778
    endloop
  endfacet
  facet normal -1 0 0
    outer loop
      vertex -48 7.94032 15.7778
      vertex -48 12.3847 15.7778
      vertex -48 8.03519 15.6696
    endloop
  endfacet
  facet normal -1 0 0
    outer loop
      vertex -48 12.3847 15.7778
      vertex -48 7.94032 15.7778
      vertex -48 12.4929 15.8727
    endloop
  endfacet
  facet normal -1 0 0
    outer loop
      vertex -48 7.83214 15.8727
      vertex -48 12.4929 15.8727
      vertex -48 7.94032 15.7778
    endloop
  endfacet
  facet normal -1 0 0
    outer loop
      vertex -48 12.4929 15.8727
      vertex -48 7.83214 15.8727
      vertex -48 12.6125 15.9526
    endloop
  endfacet
  facet normal -1 0 0
    outer loop
      vertex -48 7.7125 15.9526
      vertex -48 12.6125 15.9526
      vertex -48 7.83214 15.8727
    endloop
  endfacet
  facet normal -1 0 0
    outer loop
      vertex -48 12.6125 15.9526
      vertex -48 7.7125 15.9526
      vertex -48 12.7415 16.0163
    endloop
  endfacet
  facet normal -1 0 0
    outer loop
      vertex -48 7.58345 16.0163
      vertex -48 12.7415 16.0163
      vertex -48 7.7125 15.9526
    endloop
  endfacet
  facet normal -1 0 0
    outer loop
      vertex -48 12.7415 16.0163
      vertex -48 7.58345 16.0163
      vertex -48 12.8778 16.0625
    endloop
  endfacet
  facet normal -1 0 0
    outer loop
      vertex -48 7.4472 16.0625
      vertex -48 12.8778 16.0625
      vertex -48 7.58345 16.0163
    endloop
  endfacet
  facet normal -1 0 0
    outer loop
      vertex -48 7.30608 16.0906
      vertex -48 12.8778 16.0625
      vertex -48 7.4472 16.0625
    endloop
  endfacet
  facet normal -1 0 0
    outer loop
      vertex -48 13.0189 16.0906
      vertex -48 7.30608 16.0906
      vertex -48 27.5 20
    endloop
  endfacet
  facet normal -1 0 0
    outer loop
      vertex -48 7.1625 16.1
      vertex -48 27.5 20
      vertex -48 7.30608 16.0906
    endloop
  endfacet
  facet normal -1 0 0
    outer loop
      vertex -48 1.1625 16.1
      vertex -48 7.1625 16.1
      vertex -48 7.01892 16.0906
    endloop
  endfacet
  facet normal -1 0 0
    outer loop
      vertex -48 6.09998 14.7153
      vertex -48 2.2625 15
      vertex -48 6.07191 14.8564
    endloop
  endfacet
  facet normal -1 0 0
    outer loop
      vertex -48 6.07191 14.8564
      vertex -48 2.2625 15
      vertex -48 6.0625 15
    endloop
  endfacet
  facet normal -1 0 0
    outer loop
      vertex -48 6.0625 15
      vertex -48 2.2625 15
      vertex -48 6.07191 15.1436
    endloop
  endfacet
  facet normal -1 0 0
    outer loop
      vertex -48 2.25309 15.1436
      vertex -48 6.07191 15.1436
      vertex -48 2.2625 15
    endloop
  endfacet
  facet normal -1 0 0
    outer loop
      vertex -48 6.07191 15.1436
      vertex -48 2.25309 15.1436
      vertex -48 6.09998 15.2847
    endloop
  endfacet
  facet normal -1 0 0
    outer loop
      vertex -48 2.22502 15.2847
      vertex -48 6.09998 15.2847
      vertex -48 2.25309 15.1436
    endloop
  endfacet
  facet normal -1 0 0
    outer loop
      vertex -48 6.09998 15.2847
      vertex -48 2.22502 15.2847
      vertex -48 6.14623 15.421
    endloop
  endfacet
  facet normal -1 0 0
    outer loop
      vertex -48 2.17877 15.421
      vertex -48 6.14623 15.421
      vertex -48 2.22502 15.2847
    endloop
  endfacet
  facet normal -1 0 0
    outer loop
      vertex -48 6.14623 15.421
      vertex -48 2.17877 15.421
      vertex -48 6.20987 15.55
    endloop
  endfacet
  facet normal -1 0 0
    outer loop
      vertex -48 2.11513 15.55
      vertex -48 6.20987 15.55
      vertex -48 2.17877 15.421
    endloop
  endfacet
  facet normal -1 0 0
    outer loop
      vertex -48 6.20987 15.55
      vertex -48 2.11513 15.55
      vertex -48 6.28981 15.6696
    endloop
  endfacet
  facet normal -1 0 0
    outer loop
      vertex -48 2.03519 15.6696
      vertex -48 6.28981 15.6696
      vertex -48 2.11513 15.55
    endloop
  endfacet
  facet normal -1 0 0
    outer loop
      vertex -48 6.28981 15.6696
      vertex -48 2.03519 15.6696
      vertex -48 6.38468 15.7778
    endloop
  endfacet
  facet normal -1 0 0
    outer loop
      vertex -48 1.94032 15.7778
      vertex -48 6.38468 15.7778
      vertex -48 2.03519 15.6696
    endloop
  endfacet
  facet normal -1 0 0
    outer loop
      vertex -48 6.38468 15.7778
      vertex -48 1.94032 15.7778
      vertex -48 6.49286 15.8727
    endloop
  endfacet
  facet normal -1 0 0
    outer loop
      vertex -48 1.83214 15.8727
      vertex -48 6.49286 15.8727
      vertex -48 1.94032 15.7778
    endloop
  endfacet
  facet normal -1 0 0
    outer loop
      vertex -48 6.49286 15.8727
      vertex -48 1.83214 15.8727
      vertex -48 6.6125 15.9526
    endloop
  endfacet
  facet normal -1 0 0
    outer loop
      vertex -48 1.7125 15.9526
      vertex -48 6.6125 15.9526
      vertex -48 1.83214 15.8727
    endloop
  endfacet
  facet normal -1 0 0
    outer loop
      vertex -48 6.6125 15.9526
      vertex -48 1.7125 15.9526
      vertex -48 6.74155 16.0163
    endloop
  endfacet
  facet normal -1 0 0
    outer loop
      vertex -48 1.58345 16.0163
      vertex -48 6.74155 16.0163
      vertex -48 1.7125 15.9526
    endloop
  endfacet
  facet normal -1 0 0
    outer loop
      vertex -48 6.74155 16.0163
      vertex -48 1.58345 16.0163
      vertex -48 6.8778 16.0625
    endloop
  endfacet
  facet normal -1 0 0
    outer loop
      vertex -48 1.4472 16.0625
      vertex -48 6.8778 16.0625
      vertex -48 1.58345 16.0163
    endloop
  endfacet
  facet normal -1 0 0
    outer loop
      vertex -48 6.8778 16.0625
      vertex -48 1.4472 16.0625
      vertex -48 7.01892 16.0906
    endloop
  endfacet
  facet normal -1 0 0
    outer loop
      vertex -48 1.30608 16.0906
      vertex -48 7.01892 16.0906
      vertex -48 1.4472 16.0625
    endloop
  endfacet
  facet normal -1 0 0
    outer loop
      vertex -48 1.1625 16.1
      vertex -48 7.01892 16.0906
      vertex -48 1.30608 16.0906
    endloop
  endfacet
  facet normal -1 0 0
    outer loop
      vertex -48 7.1625 16.1
      vertex -48 1.1625 16.1
      vertex -48 27.5 20
    endloop
  endfacet
  facet normal -1 0 0
    outer loop
      vertex -48 -4.8375 16.1
      vertex -48 1.1625 16.1
      vertex -48 1.01892 16.0906
    endloop
  endfacet
  facet normal -1 0 0
    outer loop
      vertex -48 0.0999813 14.7153
      vertex -48 -3.7375 15
      vertex -48 0.0719099 14.8564
    endloop
  endfacet
  facet normal -1 0 0
    outer loop
      vertex -48 0.0719099 14.8564
      vertex -48 -3.7375 15
      vertex -48 0.0625 15
    endloop
  endfacet
  facet normal -1 0 0
    outer loop
      vertex -48 0.0625 15
      vertex -48 -3.7375 15
      vertex -48 0.0719099 15.1436
    endloop
  endfacet
  facet normal -1 0 0
    outer loop
      vertex -48 -3.74691 15.1436
      vertex -48 0.0719099 15.1436
      vertex -48 -3.7375 15
    endloop
  endfacet
  facet normal -1 0 0
    outer loop
      vertex -48 0.0719099 15.1436
      vertex -48 -3.74691 15.1436
      vertex -48 0.0999813 15.2847
    endloop
  endfacet
  facet normal -1 0 0
    outer loop
      vertex -48 -3.77498 15.2847
      vertex -48 0.0999813 15.2847
      vertex -48 -3.74691 15.1436
    endloop
  endfacet
  facet normal -1 0 0
    outer loop
      vertex -48 0.0999813 15.2847
      vertex -48 -3.77498 15.2847
      vertex -48 0.146232 15.421
    endloop
  endfacet
  facet normal -1 0 0
    outer loop
      vertex -48 -3.82123 15.421
      vertex -48 0.146232 15.421
      vertex -48 -3.77498 15.2847
    endloop
  endfacet
  facet normal -1 0 0
    outer loop
      vertex -48 0.146232 15.421
      vertex -48 -3.82123 15.421
      vertex -48 0.209871 15.55
    endloop
  endfacet
  facet normal -1 0 0
    outer loop
      vertex -48 -3.88487 15.55
      vertex -48 0.209871 15.55
      vertex -48 -3.82123 15.421
    endloop
  endfacet
  facet normal -1 0 0
    outer loop
      vertex -48 0.209871 15.55
      vertex -48 -3.88487 15.55
      vertex -48 0.289811 15.6696
    endloop
  endfacet
  facet normal -1 0 0
    outer loop
      vertex -48 -3.96481 15.6696
      vertex -48 0.289811 15.6696
      vertex -48 -3.88487 15.55
    endloop
  endfacet
  facet normal -1 0 0
    outer loop
      vertex -48 0.289811 15.6696
      vertex -48 -3.96481 15.6696
      vertex -48 0.384682 15.7778
    endloop
  endfacet
  facet normal -1 0 0
    outer loop
      vertex -48 -4.05968 15.7778
      vertex -48 0.384682 15.7778
      vertex -48 -3.96481 15.6696
    endloop
  endfacet
  facet normal -1 0 0
    outer loop
      vertex -48 0.384682 15.7778
      vertex -48 -4.05968 15.7778
      vertex -48 0.492862 15.8727
    endloop
  endfacet
  facet normal -1 0 0
    outer loop
      vertex -48 -4.16786 15.8727
      vertex -48 0.492862 15.8727
      vertex -48 -4.05968 15.7778
    endloop
  endfacet
  facet normal -1 0 0
    outer loop
      vertex -48 0.492862 15.8727
      vertex -48 -4.16786 15.8727
      vertex -48 0.612499 15.9526
    endloop
  endfacet
  facet normal -1 0 0
    outer loop
      vertex -48 -4.2875 15.9526
      vertex -48 0.612499 15.9526
      vertex -48 -4.16786 15.8727
    endloop
  endfacet
  facet normal -1 0 0
    outer loop
      vertex -48 0.612499 15.9526
      vertex -48 -4.2875 15.9526
      vertex -48 0.741548 16.0163
    endloop
  endfacet
  facet normal -1 0 0
    outer loop
      vertex -48 -4.41655 16.0163
      vertex -48 0.741548 16.0163
      vertex -48 -4.2875 15.9526
    endloop
  endfacet
  facet normal -1 0 0
    outer loop
      vertex -48 0.741548 16.0163
      vertex -48 -4.41655 16.0163
      vertex -48 0.877799 16.0625
    endloop
  endfacet
  facet normal -1 0 0
    outer loop
      vertex -48 -4.5528 16.0625
      vertex -48 0.877799 16.0625
      vertex -48 -4.41655 16.0163
    endloop
  endfacet
  facet normal -1 0 0
    outer loop
      vertex -48 0.877799 16.0625
      vertex -48 -4.5528 16.0625
      vertex -48 1.01892 16.0906
    endloop
  endfacet
  facet normal -1 0 0
    outer loop
      vertex -48 -4.69392 16.0906
      vertex -48 1.01892 16.0906
      vertex -48 -4.5528 16.0625
    endloop
  endfacet
  facet normal -1 0 0
    outer loop
      vertex -48 -4.8375 16.1
      vertex -48 1.01892 16.0906
      vertex -48 -4.69392 16.0906
    endloop
  endfacet
  facet normal -1 0 0
    outer loop
      vertex -48 1.1625 16.1
      vertex -48 -4.8375 16.1
      vertex -48 -27.5 20
    endloop
  endfacet
  facet normal -1 0 0
    outer loop
      vertex -48 -27.5 20
      vertex -48 -4.8375 16.1
      vertex -48 -4.98108 16.0906
    endloop
  endfacet
  facet normal -1 0 0
    outer loop
      vertex -48 -5.90002 14.7153
      vertex -48 -9.7375 15
      vertex -48 -5.92809 14.8564
    endloop
  endfacet
  facet normal -1 0 0
    outer loop
      vertex -48 -5.92809 14.8564
      vertex -48 -9.7375 15
      vertex -48 -5.9375 15
    endloop
  endfacet
  facet normal -1 0 0
    outer loop
      vertex -48 -5.9375 15
      vertex -48 -9.7375 15
      vertex -48 -5.92809 15.1436
    endloop
  endfacet
  facet normal -1 0 0
    outer loop
      vertex -48 -9.74691 15.1436
      vertex -48 -5.92809 15.1436
      vertex -48 -9.7375 15
    endloop
  endfacet
  facet normal -1 0 0
    outer loop
      vertex -48 -5.92809 15.1436
      vertex -48 -9.74691 15.1436
      vertex -48 -5.90002 15.2847
    endloop
  endfacet
  facet normal -1 0 0
    outer loop
      vertex -48 -9.77498 15.2847
      vertex -48 -5.90002 15.2847
      vertex -48 -9.74691 15.1436
    endloop
  endfacet
  facet normal -1 0 0
    outer loop
      vertex -48 -5.90002 15.2847
      vertex -48 -9.77498 15.2847
      vertex -48 -5.85377 15.421
    endloop
  endfacet
  facet normal -1 0 0
    outer loop
      vertex -48 -9.82123 15.421
      vertex -48 -5.85377 15.421
      vertex -48 -9.77498 15.2847
    endloop
  endfacet
  facet normal -1 0 0
    outer loop
      vertex -48 -5.85377 15.421
      vertex -48 -9.82123 15.421
      vertex -48 -5.79013 15.55
    endloop
  endfacet
  facet normal -1 0 0
    outer loop
      vertex -48 -9.88487 15.55
      vertex -48 -5.79013 15.55
      vertex -48 -9.82123 15.421
    endloop
  endfacet
  facet normal -1 0 0
    outer loop
      vertex -48 -5.79013 15.55
      vertex -48 -9.88487 15.55
      vertex -48 -5.71019 15.6696
    endloop
  endfacet
  facet normal -1 0 0
    outer loop
      vertex -48 -9.96481 15.6696
      vertex -48 -5.71019 15.6696
      vertex -48 -9.88487 15.55
    endloop
  endfacet
  facet normal -1 0 0
    outer loop
      vertex -48 -5.71019 15.6696
      vertex -48 -9.96481 15.6696
      vertex -48 -5.61532 15.7778
    endloop
  endfacet
  facet normal -1 0 0
    outer loop
      vertex -48 -10.0597 15.7778
      vertex -48 -5.61532 15.7778
      vertex -48 -9.96481 15.6696
    endloop
  endfacet
  facet normal -1 0 0
    outer loop
      vertex -48 -5.61532 15.7778
      vertex -48 -10.0597 15.7778
      vertex -48 -5.50714 15.8727
    endloop
  endfacet
  facet normal -1 0 0
    outer loop
      vertex -48 -10.1679 15.8727
      vertex -48 -5.50714 15.8727
      vertex -48 -10.0597 15.7778
    endloop
  endfacet
  facet normal -1 0 0
    outer loop
      vertex -48 -5.50714 15.8727
      vertex -48 -10.1679 15.8727
      vertex -48 -5.3875 15.9526
    endloop
  endfacet
  facet normal -1 0 0
    outer loop
      vertex -48 -10.2875 15.9526
      vertex -48 -5.3875 15.9526
      vertex -48 -10.1679 15.8727
    endloop
  endfacet
  facet normal -1 0 0
    outer loop
      vertex -48 -5.3875 15.9526
      vertex -48 -10.2875 15.9526
      vertex -48 -5.25845 16.0163
    endloop
  endfacet
  facet normal -1 0 0
    outer loop
      vertex -48 -10.4165 16.0163
      vertex -48 -5.25845 16.0163
      vertex -48 -10.2875 15.9526
    endloop
  endfacet
  facet normal -1 0 0
    outer loop
      vertex -48 -5.25845 16.0163
      vertex -48 -10.4165 16.0163
      vertex -48 -5.1222 16.0625
    endloop
  endfacet
  facet normal -1 0 0
    outer loop
      vertex -48 -10.5528 16.0625
      vertex -48 -5.1222 16.0625
      vertex -48 -10.4165 16.0163
    endloop
  endfacet
  facet normal -1 0 0
    outer loop
      vertex -48 -5.1222 16.0625
      vertex -48 -10.5528 16.0625
      vertex -48 -4.98108 16.0906
    endloop
  endfacet
  facet normal -1 0 0
    outer loop
      vertex -48 -10.6939 16.0906
      vertex -48 -4.98108 16.0906
      vertex -48 -10.5528 16.0625
    endloop
  endfacet
  facet normal -1 0 0
    outer loop
      vertex -48 -27.5 20
      vertex -48 -4.98108 16.0906
      vertex -48 -10.6939 16.0906
    endloop
  endfacet
  facet normal -1 0 0
    outer loop
      vertex -48 -27.5 20
      vertex -48 -10.6939 16.0906
      vertex -48 -10.8375 16.1
    endloop
  endfacet
  facet normal -1 0 0
    outer loop
      vertex -48 -27.5 20
      vertex -48 -10.8375 16.1
      vertex -48 -10.9811 16.0906
    endloop
  endfacet
  facet normal -1 0 0
    outer loop
      vertex -48 -11.9281 14.8564
      vertex -48 -27.5 20
      vertex -48 -11.9375 15
    endloop
  endfacet
  facet normal -1 0 0
    outer loop
      vertex -48 -11.9375 15
      vertex -48 -27.5 20
      vertex -48 -11.9281 15.1436
    endloop
  endfacet
  facet normal -1 0 0
    outer loop
      vertex -48 -11.9281 15.1436
      vertex -48 -27.5 20
      vertex -48 -11.9 15.2847
    endloop
  endfacet
  facet normal -1 0 0
    outer loop
      vertex -48 -11.9 15.2847
      vertex -48 -27.5 20
      vertex -48 -11.8538 15.421
    endloop
  endfacet
  facet normal -1 0 0
    outer loop
      vertex -48 -11.8538 15.421
      vertex -48 -27.5 20
      vertex -48 -11.7901 15.55
    endloop
  endfacet
  facet normal -1 0 0
    outer loop
      vertex -48 -11.7901 15.55
      vertex -48 -27.5 20
      vertex -48 -11.7102 15.6696
    endloop
  endfacet
  facet normal -1 0 0
    outer loop
      vertex -48 1.1625 16.1
      vertex -48 -27.5 20
      vertex -48 27.5 20
    endloop
  endfacet
  facet normal -1 0 0
    outer loop
      vertex -48 -11.1222 16.0625
      vertex -48 -27.5 20
      vertex -48 -10.9811 16.0906
    endloop
  endfacet
  facet normal -1 0 0
    outer loop
      vertex -48 -11.2585 16.0163
      vertex -48 -27.5 20
      vertex -48 -11.1222 16.0625
    endloop
  endfacet
  facet normal -1 0 0
    outer loop
      vertex -48 -11.3875 15.9526
      vertex -48 -27.5 20
      vertex -48 -11.2585 16.0163
    endloop
  endfacet
  facet normal -1 0 0
    outer loop
      vertex -48 -11.5071 15.8727
      vertex -48 -27.5 20
      vertex -48 -11.3875 15.9526
    endloop
  endfacet
  facet normal -1 0 0
    outer loop
      vertex -48 -11.6153 15.7778
      vertex -48 -27.5 20
      vertex -48 -11.5071 15.8727
    endloop
  endfacet
  facet normal -1 0 0
    outer loop
      vertex -48 -11.7102 15.6696
      vertex -48 -27.5 20
      vertex -48 -11.6153 15.7778
    endloop
  endfacet
  facet normal 0.0654432 -0.997856 0
    outer loop
      vertex 43 -32.5 0
      vertex 43.6526 -32.4572 20
      vertex 43 -32.5 20
    endloop
  endfacet
  facet normal 0.0654432 -0.997856 0
    outer loop
      vertex 43.6526 -32.4572 20
      vertex 43 -32.5 0
      vertex 43.6526 -32.4572 0
    endloop
  endfacet
  facet normal 0.555512 0.831509 -0
    outer loop
      vertex 46.0438 31.4668 0
      vertex 45.5 31.8301 20
      vertex 46.0438 31.4668 20
    endloop
  endfacet
  facet normal 0.555512 0.831509 0
    outer loop
      vertex 45.5 31.8301 20
      vertex 46.0438 31.4668 0
      vertex 45.5 31.8301 0
    endloop
  endfacet
  facet normal -0.946941 0.321407 0
    outer loop
      vertex -47.8296 28.7941 0
      vertex -47.6194 29.4134 20
      vertex -47.6194 29.4134 0
    endloop
  endfacet
  facet normal -0.946941 0.321407 0
    outer loop
      vertex -47.6194 29.4134 20
      vertex -47.8296 28.7941 0
      vertex -47.8296 28.7941 20
    endloop
  endfacet
  facet normal 0 -1 0
    outer loop
      vertex -43 -32.5 0
      vertex 43 -32.5 20
      vertex -43 -32.5 20
    endloop
  endfacet
  facet normal 0 -1 -0
    outer loop
      vertex 43 -32.5 20
      vertex -43 -32.5 0
      vertex 43 -32.5 0
    endloop
  endfacet
  facet normal -0.0654432 0.997856 0
    outer loop
      vertex -43 32.5 0
      vertex -43.6526 32.4572 20
      vertex -43 32.5 20
    endloop
  endfacet
  facet normal -0.0654432 0.997856 0
    outer loop
      vertex -43.6526 32.4572 20
      vertex -43 32.5 0
      vertex -43.6526 32.4572 0
    endloop
  endfacet
  facet normal 1 0 0
    outer loop
      vertex 48 18.1 20
      vertex 48 -27.5 20
      vertex 48 18.1 8.1
    endloop
  endfacet
  facet normal 1 0 0
    outer loop
      vertex 48 19.8 8.1
      vertex 48 18.1 8.1
      vertex 48 19.8 3.7
    endloop
  endfacet
  facet normal 1 0 0
    outer loop
      vertex 48 25.9 8.1
      vertex 48 27.5 20
      vertex 48 25.9 20
    endloop
  endfacet
  facet normal 1 0 0
    outer loop
      vertex 48 27.5 20
      vertex 48 25.9 8.1
      vertex 48 27.5 0
    endloop
  endfacet
  facet normal 1 0 0
    outer loop
      vertex 48 24.2 3.7
      vertex 48 25.9 8.1
      vertex 48 24.2 8.1
    endloop
  endfacet
  facet normal 1 0 0
    outer loop
      vertex 48 25.9 8.1
      vertex 48 24.2 3.7
      vertex 48 27.5 0
    endloop
  endfacet
  facet normal 1 -0 0
    outer loop
      vertex 48 19.8 3.7
      vertex 48 27.5 0
      vertex 48 24.2 3.7
    endloop
  endfacet
  facet normal 1 0 0
    outer loop
      vertex 48 -27.5 0
      vertex 48 18.1 8.1
      vertex 48 -27.5 20
    endloop
  endfacet
  facet normal 1 0 0
    outer loop
      vertex 48 18.1 8.1
      vertex 48 -27.5 0
      vertex 48 19.8 3.7
    endloop
  endfacet
  facet normal 1 0 0
    outer loop
      vertex 48 19.8 3.7
      vertex 48 -27.5 0
      vertex 48 27.5 0
    endloop
  endfacet
  facet normal 0 0 1
    outer loop
      vertex 47.9572 28.1526 20
      vertex 45.5778 27.8394 20
      vertex 45.6 27.5 20
    endloop
  endfacet
  facet normal 0 0 1
    outer loop
      vertex 46.5355 31.0355 20
      vertex 45.5114 28.1729 20
      vertex 45.5778 27.8394 20
    endloop
  endfacet
  facet normal 0 0 1
    outer loop
      vertex 44.2124 30.2 20
      vertex 46.0438 31.4668 20
      vertex 45.5 31.8301 20
    endloop
  endfacet
  facet normal 0 0 1
    outer loop
      vertex 46.5355 31.0355 20
      vertex 45.4021 28.495 20
      vertex 45.5114 28.1729 20
    endloop
  endfacet
  facet normal 0 0 1
    outer loop
      vertex 46.5355 31.0355 20
      vertex 45.2517 28.8 20
      vertex 45.4021 28.495 20
    endloop
  endfacet
  facet normal 0 0 1
    outer loop
      vertex 46.5355 31.0355 20
      vertex 45.0627 29.0828 20
      vertex 45.2517 28.8 20
    endloop
  endfacet
  facet normal 0 0 1
    outer loop
      vertex 43.9899 30.4899 20
      vertex 45.5 31.8301 20
      vertex 44.9134 32.1194 20
    endloop
  endfacet
  facet normal 0 0 1
    outer loop
      vertex 46.5355 31.0355 20
      vertex 44.8385 29.3385 20
      vertex 45.0627 29.0828 20
    endloop
  endfacet
  facet normal 0 0 1
    outer loop
      vertex 46.0438 31.4668 20
      vertex 44.2934 30.0358 20
      vertex 44.5828 29.5627 20
    endloop
  endfacet
  facet normal 0 0 1
    outer loop
      vertex 46.0438 31.4668 20
      vertex 44.5828 29.5627 20
      vertex 44.8385 29.3385 20
    endloop
  endfacet
  facet normal 0 0 1
    outer loop
      vertex 44.5828 29.5627 20
      vertex 44.3523 29.8623 20
      vertex 44.3857 29.6944 20
    endloop
  endfacet
  facet normal 0 0 1
    outer loop
      vertex 43.8523 30.6107 20
      vertex 44.9134 32.1194 20
      vertex 44.2941 32.3296 20
    endloop
  endfacet
  facet normal 0 0 1
    outer loop
      vertex 44.5828 29.5627 20
      vertex 44.2934 30.0358 20
      vertex 44.3523 29.8623 20
    endloop
  endfacet
  facet normal 0 0 1
    outer loop
      vertex 46.0438 31.4668 20
      vertex 44.2124 30.2 20
      vertex 44.2934 30.0358 20
    endloop
  endfacet
  facet normal 0 0 1
    outer loop
      vertex 45.5 31.8301 20
      vertex 44.1107 30.3523 20
      vertex 44.2124 30.2 20
    endloop
  endfacet
  facet normal 0 0 1
    outer loop
      vertex 45.5 31.8301 20
      vertex 43.9899 30.4899 20
      vertex 44.1107 30.3523 20
    endloop
  endfacet
  facet normal 0 0 1
    outer loop
      vertex 44.9134 32.1194 20
      vertex 43.8523 30.6107 20
      vertex 43.9899 30.4899 20
    endloop
  endfacet
  facet normal 0 0 1
    outer loop
      vertex 44.2941 32.3296 20
      vertex 43.7 30.7124 20
      vertex 43.8523 30.6107 20
    endloop
  endfacet
  facet normal 0 0 1
    outer loop
      vertex 43.5358 30.7934 20
      vertex 44.2941 32.3296 20
      vertex 43.6526 32.4572 20
    endloop
  endfacet
  facet normal 0 0 1
    outer loop
      vertex 44.2941 32.3296 20
      vertex 43.5358 30.7934 20
      vertex 43.7 30.7124 20
    endloop
  endfacet
  facet normal 0 0 1
    outer loop
      vertex 43.6526 32.4572 20
      vertex 43.3623 30.8523 20
      vertex 43.5358 30.7934 20
    endloop
  endfacet
  facet normal 0 0 1
    outer loop
      vertex 43.6526 32.4572 20
      vertex 43.1827 30.888 20
      vertex 43.3623 30.8523 20
    endloop
  endfacet
  facet normal 0 0 1
    outer loop
      vertex 43 32.5 20
      vertex 43.1827 30.888 20
      vertex 43.6526 32.4572 20
    endloop
  endfacet
  facet normal 0 0 1
    outer loop
      vertex 43 32.5 20
      vertex 43 30.9 20
      vertex 43.1827 30.888 20
    endloop
  endfacet
  facet normal 0 0 1
    outer loop
      vertex 43 32.5 20
      vertex 42.8173 30.888 20
      vertex 43 30.9 20
    endloop
  endfacet
  facet normal 0 0 1
    outer loop
      vertex 43 32.5 20
      vertex 42.6377 30.8523 20
      vertex 42.8173 30.888 20
    endloop
  endfacet
  facet normal 0 0 1
    outer loop
      vertex 43 32.5 20
      vertex 42.4642 30.7934 20
      vertex 42.6377 30.8523 20
    endloop
  endfacet
  facet normal 0 0 1
    outer loop
      vertex 43 32.5 20
      vertex 42.3 30.7124 20
      vertex 42.4642 30.7934 20
    endloop
  endfacet
  facet normal 0 0 1
    outer loop
      vertex 43 32.5 20
      vertex 42.1477 30.6107 20
      vertex 42.3 30.7124 20
    endloop
  endfacet
  facet normal 0 0 1
    outer loop
      vertex 43 32.5 20
      vertex 42.01 30.4899 20
      vertex 42.1477 30.6107 20
    endloop
  endfacet
  facet normal 0 0 1
    outer loop
      vertex 43 32.5 20
      vertex 41.8893 30.3523 20
      vertex 42.01 30.4899 20
    endloop
  endfacet
  facet normal 0 0 1
    outer loop
      vertex 43 32.5 20
      vertex 41.7876 30.2 20
      vertex 41.8893 30.3523 20
    endloop
  endfacet
  facet normal 0 0 1
    outer loop
      vertex 41.7876 30.2 20
      vertex -41.7383 30.1 20
      vertex 41.7383 30.1 20
    endloop
  endfacet
  facet normal 0 0 1
    outer loop
      vertex -41.7876 30.2 20
      vertex 41.7876 30.2 20
      vertex 43 32.5 20
    endloop
  endfacet
  facet normal 0 0 1
    outer loop
      vertex 41.7876 30.2 20
      vertex -41.7876 30.2 20
      vertex -41.7383 30.1 20
    endloop
  endfacet
  facet normal -0 0 1
    outer loop
      vertex -43 32.5 20
      vertex -41.7876 30.2 20
      vertex 43 32.5 20
    endloop
  endfacet
  facet normal 0 0 1
    outer loop
      vertex -41.7876 30.2 20
      vertex -43 32.5 20
      vertex -41.8893 30.3523 20
    endloop
  endfacet
  facet normal 0 0 1
    outer loop
      vertex -41.8893 30.3523 20
      vertex -43 32.5 20
      vertex -42.01 30.4899 20
    endloop
  endfacet
  facet normal 0 0 1
    outer loop
      vertex -42.01 30.4899 20
      vertex -43 32.5 20
      vertex -42.1477 30.6107 20
    endloop
  endfacet
  facet normal 0 0 1
    outer loop
      vertex -42.1477 30.6107 20
      vertex -43 32.5 20
      vertex -42.3 30.7124 20
    endloop
  endfacet
  facet normal 0 0 1
    outer loop
      vertex -42.3 30.7124 20
      vertex -43 32.5 20
      vertex -42.4642 30.7934 20
    endloop
  endfacet
  facet normal 0 0 1
    outer loop
      vertex -42.4642 30.7934 20
      vertex -43 32.5 20
      vertex -42.6377 30.8523 20
    endloop
  endfacet
  facet normal 0 0 1
    outer loop
      vertex -42.6377 30.8523 20
      vertex -43 32.5 20
      vertex -42.8173 30.888 20
    endloop
  endfacet
  facet normal 0 0 1
    outer loop
      vertex -43 32.5 20
      vertex -43 30.9 20
      vertex -42.8173 30.888 20
    endloop
  endfacet
  facet normal 0 0 1
    outer loop
      vertex -43 32.5 20
      vertex -43.1827 30.888 20
      vertex -43 30.9 20
    endloop
  endfacet
  facet normal -0 0 1
    outer loop
      vertex -43.6526 32.4572 20
      vertex -43.1827 30.888 20
      vertex -43 32.5 20
    endloop
  endfacet
  facet normal 0 0 1
    outer loop
      vertex -43.1827 30.888 20
      vertex -43.6526 32.4572 20
      vertex -43.3623 30.8523 20
    endloop
  endfacet
  facet normal 0 0 1
    outer loop
      vertex -43.3623 30.8523 20
      vertex -43.6526 32.4572 20
      vertex -43.5358 30.7934 20
    endloop
  endfacet
  facet normal -0 0 1
    outer loop
      vertex -44.2941 32.3296 20
      vertex -43.5358 30.7934 20
      vertex -43.6526 32.4572 20
    endloop
  endfacet
  facet normal 0 0 1
    outer loop
      vertex -43.5358 30.7934 20
      vertex -44.2941 32.3296 20
      vertex -43.7 30.7124 20
    endloop
  endfacet
  facet normal 0 0 1
    outer loop
      vertex -43.7 30.7124 20
      vertex -44.2941 32.3296 20
      vertex -43.8523 30.6107 20
    endloop
  endfacet
  facet normal -0 0 1
    outer loop
      vertex -44.9134 32.1194 20
      vertex -43.8523 30.6107 20
      vertex -44.2941 32.3296 20
    endloop
  endfacet
  facet normal 0 0 1
    outer loop
      vertex -43.8523 30.6107 20
      vertex -44.9134 32.1194 20
      vertex -43.9899 30.4899 20
    endloop
  endfacet
  facet normal -0 0 1
    outer loop
      vertex -45.5 31.8301 20
      vertex -43.9899 30.4899 20
      vertex -44.9134 32.1194 20
    endloop
  endfacet
  facet normal 0 0 1
    outer loop
      vertex -43.9899 30.4899 20
      vertex -45.5 31.8301 20
      vertex -44.1107 30.3523 20
    endloop
  endfacet
  facet normal 0 0 1
    outer loop
      vertex -44.1107 30.3523 20
      vertex -45.5 31.8301 20
      vertex -44.2124 30.2 20
    endloop
  endfacet
  facet normal -0 0 1
    outer loop
      vertex -46.0438 31.4668 20
      vertex -44.2124 30.2 20
      vertex -45.5 31.8301 20
    endloop
  endfacet
  facet normal 0 0 1
    outer loop
      vertex -44.2124 30.2 20
      vertex -46.0438 31.4668 20
      vertex -44.2934 30.0358 20
    endloop
  endfacet
  facet normal 0 -0 1
    outer loop
      vertex -44.5828 29.5627 20
      vertex -44.2934 30.0358 20
      vertex -46.0438 31.4668 20
    endloop
  endfacet
  facet normal 0 0 1
    outer loop
      vertex -44.2934 30.0358 20
      vertex -44.5828 29.5627 20
      vertex -44.3523 29.8623 20
    endloop
  endfacet
  facet normal 0 0 1
    outer loop
      vertex -44.3523 29.8623 20
      vertex -44.5828 29.5627 20
      vertex -44.3857 29.6944 20
    endloop
  endfacet
  facet normal 0 0 1
    outer loop
      vertex -44.5828 29.5627 20
      vertex -46.0438 31.4668 20
      vertex -44.8385 29.3385 20
    endloop
  endfacet
  facet normal -0 0 1
    outer loop
      vertex -46.5355 31.0355 20
      vertex -44.8385 29.3385 20
      vertex -46.0438 31.4668 20
    endloop
  endfacet
  facet normal 0 0 1
    outer loop
      vertex -44.8385 29.3385 20
      vertex -46.5355 31.0355 20
      vertex -45.0627 29.0828 20
    endloop
  endfacet
  facet normal -0 0 1
    outer loop
      vertex -46.9668 30.5438 20
      vertex -45.0627 29.0828 20
      vertex -46.5355 31.0355 20
    endloop
  endfacet
  facet normal 0 0 1
    outer loop
      vertex -45.0627 29.0828 20
      vertex -46.9668 30.5438 20
      vertex -45.2517 28.8 20
    endloop
  endfacet
  facet normal -0 0 1
    outer loop
      vertex -47.3301 30 20
      vertex -45.2517 28.8 20
      vertex -46.9668 30.5438 20
    endloop
  endfacet
  facet normal -0 0 1
    outer loop
      vertex -47.6194 29.4134 20
      vertex -45.4021 28.495 20
      vertex -47.3301 30 20
    endloop
  endfacet
  facet normal 0 0 1
    outer loop
      vertex -45.2517 28.8 20
      vertex -47.3301 30 20
      vertex -45.4021 28.495 20
    endloop
  endfacet
  facet normal 0 0 1
    outer loop
      vertex 45.6 27.5 20
      vertex 48 27.5 20
      vertex 47.9572 28.1526 20
    endloop
  endfacet
  facet normal 0 0 1
    outer loop
      vertex 45.5778 27.8394 20
      vertex 47.9572 28.1526 20
      vertex 47.8296 28.7941 20
    endloop
  endfacet
  facet normal 0 0 1
    outer loop
      vertex 45.5778 27.8394 20
      vertex 47.8296 28.7941 20
      vertex 47.6194 29.4134 20
    endloop
  endfacet
  facet normal 0 0 1
    outer loop
      vertex 45.5778 27.8394 20
      vertex 47.6194 29.4134 20
      vertex 47.3301 30 20
    endloop
  endfacet
  facet normal 0 0 1
    outer loop
      vertex 45.5778 27.8394 20
      vertex 47.3301 30 20
      vertex 46.9668 30.5438 20
    endloop
  endfacet
  facet normal 0 0 1
    outer loop
      vertex 45.5778 27.8394 20
      vertex 46.9668 30.5438 20
      vertex 46.5355 31.0355 20
    endloop
  endfacet
  facet normal 0 0 1
    outer loop
      vertex 44.8385 29.3385 20
      vertex 46.5355 31.0355 20
      vertex 46.0438 31.4668 20
    endloop
  endfacet
  facet normal 0 0 1
    outer loop
      vertex 48 27.5 20
      vertex 45.6 27.5 20
      vertex 48 25.9 20
    endloop
  endfacet
  facet normal 0 0 1
    outer loop
      vertex 48 25.9 20
      vertex 45.6 27.5 20
      vertex 45.6 25.9 20
    endloop
  endfacet
  facet normal 0 0 1
    outer loop
      vertex 45.6 -27.5 20
      vertex 48 -27.5 20
      vertex 48 18.1 20
    endloop
  endfacet
  facet normal 0 0 1
    outer loop
      vertex 48 -27.5 20
      vertex 45.6 -27.5 20
      vertex 47.9572 -28.1526 20
    endloop
  endfacet
  facet normal -0 0 1
    outer loop
      vertex 45.5778 -27.8394 20
      vertex 47.9572 -28.1526 20
      vertex 45.6 -27.5 20
    endloop
  endfacet
  facet normal 0 0 1
    outer loop
      vertex 47.9572 -28.1526 20
      vertex 45.5778 -27.8394 20
      vertex 47.8296 -28.7941 20
    endloop
  endfacet
  facet normal -0 0 1
    outer loop
      vertex 45.5114 -28.1729 20
      vertex 47.8296 -28.7941 20
      vertex 45.5778 -27.8394 20
    endloop
  endfacet
  facet normal 0 0 1
    outer loop
      vertex 47.8296 -28.7941 20
      vertex 45.5114 -28.1729 20
      vertex 47.6194 -29.4134 20
    endloop
  endfacet
  facet normal -0 0 1
    outer loop
      vertex 45.4021 -28.495 20
      vertex 47.6194 -29.4134 20
      vertex 45.5114 -28.1729 20
    endloop
  endfacet
  facet normal 0 0 1
    outer loop
      vertex 45.6 -27.5 20
      vertex 48 18.1 20
      vertex 45.6 18.1 20
    endloop
  endfacet
  facet normal 0 0 1
    outer loop
      vertex 47.6194 -29.4134 20
      vertex 45.4021 -28.495 20
      vertex 47.3301 -30 20
    endloop
  endfacet
  facet normal -0 0 1
    outer loop
      vertex 45.2517 -28.8 20
      vertex 47.3301 -30 20
      vertex 45.4021 -28.495 20
    endloop
  endfacet
  facet normal 0 0 1
    outer loop
      vertex 47.3301 -30 20
      vertex 45.2517 -28.8 20
      vertex 46.9668 -30.5438 20
    endloop
  endfacet
  facet normal -0 0 1
    outer loop
      vertex 45.0627 -29.0828 20
      vertex 46.9668 -30.5438 20
      vertex 45.2517 -28.8 20
    endloop
  endfacet
  facet normal 0 0 1
    outer loop
      vertex 46.9668 -30.5438 20
      vertex 45.0627 -29.0828 20
      vertex 46.5355 -31.0355 20
    endloop
  endfacet
  facet normal -0 0 1
    outer loop
      vertex 44.8385 -29.3385 20
      vertex 46.5355 -31.0355 20
      vertex 45.0627 -29.0828 20
    endloop
  endfacet
  facet normal 0 0 1
    outer loop
      vertex 46.5355 -31.0355 20
      vertex 44.8385 -29.3385 20
      vertex 46.0438 -31.4668 20
    endloop
  endfacet
  facet normal -0 0 1
    outer loop
      vertex 44.5828 -29.5627 20
      vertex 46.0438 -31.4668 20
      vertex 44.8385 -29.3385 20
    endloop
  endfacet
  facet normal -0 0 1
    outer loop
      vertex 44.2934 -30.0358 20
      vertex 46.0438 -31.4668 20
      vertex 44.5828 -29.5627 20
    endloop
  endfacet
  facet normal -0 0 1
    outer loop
      vertex 44.2124 -30.2 20
      vertex 46.0438 -31.4668 20
      vertex 44.2934 -30.0358 20
    endloop
  endfacet
  facet normal 0 0 1
    outer loop
      vertex 44.3523 -29.8623 20
      vertex 44.5828 -29.5627 20
      vertex 44.3857 -29.6944 20
    endloop
  endfacet
  facet normal 0 0 1
    outer loop
      vertex 44.2934 -30.0358 20
      vertex 44.5828 -29.5627 20
      vertex 44.3523 -29.8623 20
    endloop
  endfacet
  facet normal 0 0 1
    outer loop
      vertex 46.0438 -31.4668 20
      vertex 44.2124 -30.2 20
      vertex 45.5 -31.8301 20
    endloop
  endfacet
  facet normal -0 0 1
    outer loop
      vertex 44.1107 -30.3523 20
      vertex 45.5 -31.8301 20
      vertex 44.2124 -30.2 20
    endloop
  endfacet
  facet normal -0 0 1
    outer loop
      vertex 43.9899 -30.4899 20
      vertex 45.5 -31.8301 20
      vertex 44.1107 -30.3523 20
    endloop
  endfacet
  facet normal 0 0 1
    outer loop
      vertex 45.5 -31.8301 20
      vertex 43.9899 -30.4899 20
      vertex 44.9134 -32.1194 20
    endloop
  endfacet
  facet normal -0 0 1
    outer loop
      vertex 43.8523 -30.6107 20
      vertex 44.9134 -32.1194 20
      vertex 43.9899 -30.4899 20
    endloop
  endfacet
  facet normal 0 0 1
    outer loop
      vertex 44.9134 -32.1194 20
      vertex 43.8523 -30.6107 20
      vertex 44.2941 -32.3296 20
    endloop
  endfacet
  facet normal -0 0 1
    outer loop
      vertex 43.7 -30.7124 20
      vertex 44.2941 -32.3296 20
      vertex 43.8523 -30.6107 20
    endloop
  endfacet
  facet normal -0 0 1
    outer loop
      vertex 43.5358 -30.7934 20
      vertex 44.2941 -32.3296 20
      vertex 43.7 -30.7124 20
    endloop
  endfacet
  facet normal 0 0 1
    outer loop
      vertex 44.2941 -32.3296 20
      vertex 43.5358 -30.7934 20
      vertex 43.6526 -32.4572 20
    endloop
  endfacet
  facet normal -0 0 1
    outer loop
      vertex 43.3623 -30.8523 20
      vertex 43.6526 -32.4572 20
      vertex 43.5358 -30.7934 20
    endloop
  endfacet
  facet normal -0 0 1
    outer loop
      vertex 43.1827 -30.888 20
      vertex 43.6526 -32.4572 20
      vertex 43.3623 -30.8523 20
    endloop
  endfacet
  facet normal 0 0 1
    outer loop
      vertex 43 -32.5 20
      vertex 43.1827 -30.888 20
      vertex 43 -30.9 20
    endloop
  endfacet
  facet normal 0 0 1
    outer loop
      vertex 43.1827 -30.888 20
      vertex 43 -32.5 20
      vertex 43.6526 -32.4572 20
    endloop
  endfacet
  facet normal 0 0 1
    outer loop
      vertex 42.8173 -30.888 20
      vertex 43 -32.5 20
      vertex 43 -30.9 20
    endloop
  endfacet
  facet normal 0 0 1
    outer loop
      vertex 42.6377 -30.8523 20
      vertex 43 -32.5 20
      vertex 42.8173 -30.888 20
    endloop
  endfacet
  facet normal 0 0 1
    outer loop
      vertex 42.4642 -30.7934 20
      vertex 43 -32.5 20
      vertex 42.6377 -30.8523 20
    endloop
  endfacet
  facet normal 0 0 1
    outer loop
      vertex 42.3 -30.7124 20
      vertex 43 -32.5 20
      vertex 42.4642 -30.7934 20
    endloop
  endfacet
  facet normal 0 0 1
    outer loop
      vertex 42.1477 -30.6107 20
      vertex 43 -32.5 20
      vertex 42.3 -30.7124 20
    endloop
  endfacet
  facet normal 0 0 1
    outer loop
      vertex 42.01 -30.4899 20
      vertex 43 -32.5 20
      vertex 42.1477 -30.6107 20
    endloop
  endfacet
  facet normal 0 0 1
    outer loop
      vertex 41.8893 -30.3523 20
      vertex 43 -32.5 20
      vertex 42.01 -30.4899 20
    endloop
  endfacet
  facet normal 0 0 1
    outer loop
      vertex 41.7876 -30.2 20
      vertex 43 -32.5 20
      vertex 41.8893 -30.3523 20
    endloop
  endfacet
  facet normal -0 0 1
    outer loop
      vertex -41.7383 -30.1 20
      vertex 41.7876 -30.2 20
      vertex 41.7383 -30.1 20
    endloop
  endfacet
  facet normal 0 0 1
    outer loop
      vertex -41.7876 -30.2 20
      vertex 41.7876 -30.2 20
      vertex -41.7383 -30.1 20
    endloop
  endfacet
  facet normal 0 0 1
    outer loop
      vertex 41.7876 -30.2 20
      vertex -41.7876 -30.2 20
      vertex 43 -32.5 20
    endloop
  endfacet
  facet normal 0 0 1
    outer loop
      vertex -43 -32.5 20
      vertex -41.7876 -30.2 20
      vertex -41.8893 -30.3523 20
    endloop
  endfacet
  facet normal 0 0 1
    outer loop
      vertex -43 -32.5 20
      vertex -41.8893 -30.3523 20
      vertex -42.01 -30.4899 20
    endloop
  endfacet
  facet normal 0 0 1
    outer loop
      vertex -43 -32.5 20
      vertex -42.01 -30.4899 20
      vertex -42.1477 -30.6107 20
    endloop
  endfacet
  facet normal 0 0 1
    outer loop
      vertex -43 -32.5 20
      vertex -42.1477 -30.6107 20
      vertex -42.3 -30.7124 20
    endloop
  endfacet
  facet normal 0 0 1
    outer loop
      vertex -43 -32.5 20
      vertex -42.3 -30.7124 20
      vertex -42.4642 -30.7934 20
    endloop
  endfacet
  facet normal 0 0 1
    outer loop
      vertex -43 -32.5 20
      vertex -42.4642 -30.7934 20
      vertex -42.6377 -30.8523 20
    endloop
  endfacet
  facet normal 0 0 1
    outer loop
      vertex -43 -32.5 20
      vertex -42.6377 -30.8523 20
      vertex -42.8173 -30.888 20
    endloop
  endfacet
  facet normal 0 0 1
    outer loop
      vertex -43 -32.5 20
      vertex -42.8173 -30.888 20
      vertex -43 -30.9 20
    endloop
  endfacet
  facet normal 0 0 1
    outer loop
      vertex -41.7876 -30.2 20
      vertex -43 -32.5 20
      vertex 43 -32.5 20
    endloop
  endfacet
  facet normal 0 0 1
    outer loop
      vertex -43.1827 -30.888 20
      vertex -43 -32.5 20
      vertex -43 -30.9 20
    endloop
  endfacet
  facet normal 0 0 1
    outer loop
      vertex -43.6526 -32.4572 20
      vertex -43.1827 -30.888 20
      vertex -43.3623 -30.8523 20
    endloop
  endfacet
  facet normal 0 0 1
    outer loop
      vertex -43.6526 -32.4572 20
      vertex -43.3623 -30.8523 20
      vertex -43.5358 -30.7934 20
    endloop
  endfacet
  facet normal 0 0 1
    outer loop
      vertex -43.1827 -30.888 20
      vertex -43.6526 -32.4572 20
      vertex -43 -32.5 20
    endloop
  endfacet
  facet normal 0 0 1
    outer loop
      vertex -44.2941 -32.3296 20
      vertex -43.5358 -30.7934 20
      vertex -43.7 -30.7124 20
    endloop
  endfacet
  facet normal 0 0 1
    outer loop
      vertex -44.2941 -32.3296 20
      vertex -43.7 -30.7124 20
      vertex -43.8523 -30.6107 20
    endloop
  endfacet
  facet normal 0 0 1
    outer loop
      vertex -44.9134 -32.1194 20
      vertex -43.8523 -30.6107 20
      vertex -43.9899 -30.4899 20
    endloop
  endfacet
  facet normal 0 0 1
    outer loop
      vertex -45.5 -31.8301 20
      vertex -43.9899 -30.4899 20
      vertex -44.1107 -30.3523 20
    endloop
  endfacet
  facet normal 0 0 1
    outer loop
      vertex -45.5 -31.8301 20
      vertex -44.1107 -30.3523 20
      vertex -44.2124 -30.2 20
    endloop
  endfacet
  facet normal 0 0 1
    outer loop
      vertex -46.0438 -31.4668 20
      vertex -44.2124 -30.2 20
      vertex -44.2934 -30.0358 20
    endloop
  endfacet
  facet normal 0 0 1
    outer loop
      vertex -43.5358 -30.7934 20
      vertex -44.2941 -32.3296 20
      vertex -43.6526 -32.4572 20
    endloop
  endfacet
  facet normal 0 0 1
    outer loop
      vertex -44.5828 -29.5627 20
      vertex -44.2934 -30.0358 20
      vertex -44.3523 -29.8623 20
    endloop
  endfacet
  facet normal 0 0 1
    outer loop
      vertex -44.5828 -29.5627 20
      vertex -44.3523 -29.8623 20
      vertex -44.3857 -29.6944 20
    endloop
  endfacet
  facet normal 0 0 1
    outer loop
      vertex -44.2934 -30.0358 20
      vertex -44.5828 -29.5627 20
      vertex -46.0438 -31.4668 20
    endloop
  endfacet
  facet normal 0 0 1
    outer loop
      vertex -46.0438 -31.4668 20
      vertex -44.5828 -29.5627 20
      vertex -44.8385 -29.3385 20
    endloop
  endfacet
  facet normal 0 0 1
    outer loop
      vertex -43.8523 -30.6107 20
      vertex -44.9134 -32.1194 20
      vertex -44.2941 -32.3296 20
    endloop
  endfacet
  facet normal 0 0 1
    outer loop
      vertex -46.5355 -31.0355 20
      vertex -44.8385 -29.3385 20
      vertex -45.0627 -29.0828 20
    endloop
  endfacet
  facet normal 0 0 1
    outer loop
      vertex -46.9668 -30.5438 20
      vertex -45.0627 -29.0828 20
      vertex -45.2517 -28.8 20
    endloop
  endfacet
  facet normal 0 0 1
    outer loop
      vertex -47.3301 -30 20
      vertex -45.2517 -28.8 20
      vertex -45.4021 -28.495 20
    endloop
  endfacet
  facet normal 0 0 1
    outer loop
      vertex -43.9899 -30.4899 20
      vertex -45.5 -31.8301 20
      vertex -44.9134 -32.1194 20
    endloop
  endfacet
  facet normal 0 0 1
    outer loop
      vertex -47.6194 -29.4134 20
      vertex -45.4021 -28.495 20
      vertex -45.5114 -28.1729 20
    endloop
  endfacet
  facet normal 0 0 1
    outer loop
      vertex -47.8296 -28.7941 20
      vertex -45.5114 -28.1729 20
      vertex -45.5778 -27.8394 20
    endloop
  endfacet
  facet normal 0 0 1
    outer loop
      vertex -47.9572 -28.1526 20
      vertex -45.5778 -27.8394 20
      vertex -45.6 -27.5 20
    endloop
  endfacet
  facet normal 0 0 1
    outer loop
      vertex -44.2124 -30.2 20
      vertex -46.0438 -31.4668 20
      vertex -45.5 -31.8301 20
    endloop
  endfacet
  facet normal 0 0 1
    outer loop
      vertex -45.6 27.5 20
      vertex -48 27.5 20
      vertex -45.6 -27.5 20
    endloop
  endfacet
  facet normal 0 0 1
    outer loop
      vertex -45.4021 28.495 20
      vertex -47.6194 29.4134 20
      vertex -45.5114 28.1729 20
    endloop
  endfacet
  facet normal 0 0 1
    outer loop
      vertex -48 -27.5 20
      vertex -45.6 -27.5 20
      vertex -48 27.5 20
    endloop
  endfacet
  facet normal -0 0 1
    outer loop
      vertex -47.8296 28.7941 20
      vertex -45.5114 28.1729 20
      vertex -47.6194 29.4134 20
    endloop
  endfacet
  facet normal 0 -0 1
    outer loop
      vertex -47.9572 -28.1526 20
      vertex -45.6 -27.5 20
      vertex -48 -27.5 20
    endloop
  endfacet
  facet normal 0 0 1
    outer loop
      vertex -45.5114 28.1729 20
      vertex -47.8296 28.7941 20
      vertex -45.5778 27.8394 20
    endloop
  endfacet
  facet normal 0 0 1
    outer loop
      vertex -44.8385 -29.3385 20
      vertex -46.5355 -31.0355 20
      vertex -46.0438 -31.4668 20
    endloop
  endfacet
  facet normal -0 0 1
    outer loop
      vertex -47.9572 28.1526 20
      vertex -45.5778 27.8394 20
      vertex -47.8296 28.7941 20
    endloop
  endfacet
  facet normal 0 0 1
    outer loop
      vertex -45.0627 -29.0828 20
      vertex -46.9668 -30.5438 20
      vertex -46.5355 -31.0355 20
    endloop
  endfacet
  facet normal 0 0 1
    outer loop
      vertex -45.5778 27.8394 20
      vertex -47.9572 28.1526 20
      vertex -45.6 27.5 20
    endloop
  endfacet
  facet normal 0 0 1
    outer loop
      vertex -45.2517 -28.8 20
      vertex -47.3301 -30 20
      vertex -46.9668 -30.5438 20
    endloop
  endfacet
  facet normal 0 0 1
    outer loop
      vertex -45.6 27.5 20
      vertex -47.9572 28.1526 20
      vertex -48 27.5 20
    endloop
  endfacet
  facet normal 0 0 1
    outer loop
      vertex -45.4021 -28.495 20
      vertex -47.6194 -29.4134 20
      vertex -47.3301 -30 20
    endloop
  endfacet
  facet normal 0 0 1
    outer loop
      vertex -45.5114 -28.1729 20
      vertex -47.8296 -28.7941 20
      vertex -47.6194 -29.4134 20
    endloop
  endfacet
  facet normal 0 0 1
    outer loop
      vertex -45.5778 -27.8394 20
      vertex -47.9572 -28.1526 20
      vertex -47.8296 -28.7941 20
    endloop
  endfacet
  facet normal -0.321407 -0.946941 0
    outer loop
      vertex -44.9134 -32.1194 0
      vertex -44.2941 -32.3296 20
      vertex -44.9134 -32.1194 20
    endloop
  endfacet
  facet normal -0.321407 -0.946941 -0
    outer loop
      vertex -44.2941 -32.3296 20
      vertex -44.9134 -32.1194 0
      vertex -44.2941 -32.3296 0
    endloop
  endfacet
  facet normal -0.195087 -0.980786 0
    outer loop
      vertex -44.2941 -32.3296 0
      vertex -43.6526 -32.4572 20
      vertex -44.2941 -32.3296 20
    endloop
  endfacet
  facet normal -0.195087 -0.980786 -0
    outer loop
      vertex -43.6526 -32.4572 20
      vertex -44.2941 -32.3296 0
      vertex -43.6526 -32.4572 0
    endloop
  endfacet
  facet normal -0.195087 0.980786 0
    outer loop
      vertex -43.6526 32.4572 0
      vertex -44.2941 32.3296 20
      vertex -43.6526 32.4572 20
    endloop
  endfacet
  facet normal -0.195087 0.980786 0
    outer loop
      vertex -44.2941 32.3296 20
      vertex -43.6526 32.4572 0
      vertex -44.2941 32.3296 0
    endloop
  endfacet
  facet normal 0.321407 0.946941 -0
    outer loop
      vertex 44.9134 32.1194 0
      vertex 44.2941 32.3296 20
      vertex 44.9134 32.1194 20
    endloop
  endfacet
  facet normal 0.321407 0.946941 0
    outer loop
      vertex 44.2941 32.3296 20
      vertex 44.9134 32.1194 0
      vertex 44.2941 32.3296 0
    endloop
  endfacet
  facet normal 0.0654432 0.997856 -0
    outer loop
      vertex 43.6526 32.4572 0
      vertex 43 32.5 20
      vertex 43.6526 32.4572 20
    endloop
  endfacet
  facet normal 0.0654432 0.997856 0
    outer loop
      vertex 43 32.5 20
      vertex 43.6526 32.4572 0
      vertex 43 32.5 0
    endloop
  endfacet
  facet normal 0.195087 0.980786 -0
    outer loop
      vertex 44.2941 32.3296 0
      vertex 43.6526 32.4572 20
      vertex 44.2941 32.3296 20
    endloop
  endfacet
  facet normal 0.195087 0.980786 0
    outer loop
      vertex 43.6526 32.4572 20
      vertex 44.2941 32.3296 0
      vertex 43.6526 32.4572 0
    endloop
  endfacet
  facet normal 0 1 -0
    outer loop
      vertex 43 32.5 0
      vertex -43 32.5 20
      vertex 43 32.5 20
    endloop
  endfacet
  facet normal 0 1 0
    outer loop
      vertex -43 32.5 20
      vertex 43 32.5 0
      vertex -43 32.5 0
    endloop
  endfacet
  facet normal 0.555512 -0.831509 0
    outer loop
      vertex 45.5 -31.8301 0
      vertex 46.0438 -31.4668 20
      vertex 45.5 -31.8301 20
    endloop
  endfacet
  facet normal 0.555512 -0.831509 0
    outer loop
      vertex 46.0438 -31.4668 20
      vertex 45.5 -31.8301 0
      vertex 46.0438 -31.4668 0
    endloop
  endfacet
  facet normal -0.321407 0.946941 0
    outer loop
      vertex -44.2941 32.3296 0
      vertex -44.9134 32.1194 20
      vertex -44.2941 32.3296 20
    endloop
  endfacet
  facet normal -0.321407 0.946941 0
    outer loop
      vertex -44.9134 32.1194 20
      vertex -44.2941 32.3296 0
      vertex -44.9134 32.1194 0
    endloop
  endfacet
  facet normal -0.751771 -0.659424 0
    outer loop
      vertex -46.5355 -31.0355 0
      vertex -46.9668 -30.5438 20
      vertex -46.9668 -30.5438 0
    endloop
  endfacet
  facet normal -0.751771 -0.659424 0
    outer loop
      vertex -46.9668 -30.5438 20
      vertex -46.5355 -31.0355 0
      vertex -46.5355 -31.0355 20
    endloop
  endfacet
  facet normal 0 0 -1
    outer loop
      vertex -41.7876 -28.8 0
      vertex 41.7876 -28.8 0
      vertex -41.7066 -28.9642 0
    endloop
  endfacet
  facet normal 0 0 -1
    outer loop
      vertex 41.8893 28.6477 0
      vertex -41.612 29.3173 0
      vertex -41.6 29.5 0
    endloop
  endfacet
  facet normal 0 0 -1
    outer loop
      vertex 41.7876 -28.8 0
      vertex -41.7876 -28.8 0
      vertex 41.8893 -28.6477 0
    endloop
  endfacet
  facet normal 0 0 -1
    outer loop
      vertex 41.8893 28.6477 0
      vertex -41.6477 29.1377 0
      vertex -41.612 29.3173 0
    endloop
  endfacet
  facet normal 0 0 -1
    outer loop
      vertex -41.8893 -28.6477 0
      vertex 41.8893 -28.6477 0
      vertex -41.7876 -28.8 0
    endloop
  endfacet
  facet normal 0 0 -1
    outer loop
      vertex 41.8893 28.6477 0
      vertex -41.7066 28.9642 0
      vertex -41.6477 29.1377 0
    endloop
  endfacet
  facet normal 0 0 -1
    outer loop
      vertex 41.8893 -28.6477 0
      vertex -41.8893 -28.6477 0
      vertex 41.8893 28.6477 0
    endloop
  endfacet
  facet normal 0 0 -1
    outer loop
      vertex 41.8893 28.6477 0
      vertex -41.7876 28.8 0
      vertex -41.7066 28.9642 0
    endloop
  endfacet
  facet normal 0 0 -1
    outer loop
      vertex -41.8893 28.6477 0
      vertex 41.8893 28.6477 0
      vertex -41.8893 -28.6477 0
    endloop
  endfacet
  facet normal 0 0 -1
    outer loop
      vertex 41.8893 28.6477 0
      vertex -41.8893 28.6477 0
      vertex -41.7876 28.8 0
    endloop
  endfacet
  facet normal 0 0 -1
    outer loop
      vertex -42.01 -28.51 0
      vertex -41.8893 28.6477 0
      vertex -41.8893 -28.6477 0
    endloop
  endfacet
  facet normal 0 0 -1
    outer loop
      vertex -42.01 -28.51 0
      vertex -42.01 28.51 0
      vertex -41.8893 28.6477 0
    endloop
  endfacet
  facet normal 0 0 -1
    outer loop
      vertex -42.1477 -28.3893 0
      vertex -42.01 28.51 0
      vertex -42.01 -28.51 0
    endloop
  endfacet
  facet normal 0 0 -1
    outer loop
      vertex -42.1477 -28.3893 0
      vertex -42.1477 28.3893 0
      vertex -42.01 28.51 0
    endloop
  endfacet
  facet normal 0 0 -1
    outer loop
      vertex -42.3 -28.2876 0
      vertex -42.1477 28.3893 0
      vertex -42.1477 -28.3893 0
    endloop
  endfacet
  facet normal 0 0 -1
    outer loop
      vertex -42.3 -28.2876 0
      vertex -42.3 28.2876 0
      vertex -42.1477 28.3893 0
    endloop
  endfacet
  facet normal 0 0 -1
    outer loop
      vertex -42.4642 -28.2066 0
      vertex -42.3 28.2876 0
      vertex -42.3 -28.2876 0
    endloop
  endfacet
  facet normal 0 0 -1
    outer loop
      vertex -42.4642 -28.2066 0
      vertex -42.4642 28.2066 0
      vertex -42.3 28.2876 0
    endloop
  endfacet
  facet normal 0 0 -1
    outer loop
      vertex -42.6377 -28.1477 0
      vertex -42.4642 28.2066 0
      vertex -42.4642 -28.2066 0
    endloop
  endfacet
  facet normal 0 0 -1
    outer loop
      vertex -42.6377 -28.1477 0
      vertex -42.6377 28.1477 0
      vertex -42.4642 28.2066 0
    endloop
  endfacet
  facet normal 0 0 -1
    outer loop
      vertex -42.8173 -28.112 0
      vertex -42.6377 28.1477 0
      vertex -42.6377 -28.1477 0
    endloop
  endfacet
  facet normal 0 0 -1
    outer loop
      vertex -42.8173 -28.112 0
      vertex -42.8173 28.112 0
      vertex -42.6377 28.1477 0
    endloop
  endfacet
  facet normal 0 0 -1
    outer loop
      vertex -43 -28.1 0
      vertex -42.8173 28.112 0
      vertex -42.8173 -28.112 0
    endloop
  endfacet
  facet normal 0 0 -1
    outer loop
      vertex -43 -28.1 0
      vertex -43 28.1 0
      vertex -42.8173 28.112 0
    endloop
  endfacet
  facet normal 0 0 -1
    outer loop
      vertex -48 -27.5 0
      vertex -43 -28.1 0
      vertex -43.1827 -28.112 0
    endloop
  endfacet
  facet normal 0 0 -1
    outer loop
      vertex -43 -28.1 0
      vertex -48 -27.5 0
      vertex -43 28.1 0
    endloop
  endfacet
  facet normal 0 0 -1
    outer loop
      vertex -48 -27.5 0
      vertex -43.1827 -28.112 0
      vertex -43.3623 -28.1477 0
    endloop
  endfacet
  facet normal 0 0 -1
    outer loop
      vertex -48 27.5 0
      vertex -43 28.1 0
      vertex -48 -27.5 0
    endloop
  endfacet
  facet normal 0 0 -1
    outer loop
      vertex -48 -27.5 0
      vertex -43.3623 -28.1477 0
      vertex -43.5358 -28.2066 0
    endloop
  endfacet
  facet normal -0 0 -1
    outer loop
      vertex -43 28.1 0
      vertex -48 27.5 0
      vertex -43.1827 28.112 0
    endloop
  endfacet
  facet normal 0 0 -1
    outer loop
      vertex -48 -27.5 0
      vertex -43.5358 -28.2066 0
      vertex -43.7 -28.2876 0
    endloop
  endfacet
  facet normal -0 0 -1
    outer loop
      vertex -43.1827 28.112 0
      vertex -48 27.5 0
      vertex -43.3623 28.1477 0
    endloop
  endfacet
  facet normal 0 0 -1
    outer loop
      vertex -48 -27.5 0
      vertex -43.7 -28.2876 0
      vertex -43.8523 -28.3893 0
    endloop
  endfacet
  facet normal -0 0 -1
    outer loop
      vertex -43.3623 28.1477 0
      vertex -48 27.5 0
      vertex -43.5358 28.2066 0
    endloop
  endfacet
  facet normal 0 0 -1
    outer loop
      vertex -48 -27.5 0
      vertex -43.8523 -28.3893 0
      vertex -43.9899 -28.51 0
    endloop
  endfacet
  facet normal -0 0 -1
    outer loop
      vertex -43.5358 28.2066 0
      vertex -48 27.5 0
      vertex -43.7 28.2876 0
    endloop
  endfacet
  facet normal 0 0 -1
    outer loop
      vertex -48 -27.5 0
      vertex -43.9899 -28.51 0
      vertex -44.1107 -28.6477 0
    endloop
  endfacet
  facet normal -0 0 -1
    outer loop
      vertex -43.7 28.2876 0
      vertex -48 27.5 0
      vertex -43.8523 28.3893 0
    endloop
  endfacet
  facet normal 0 0 -1
    outer loop
      vertex -48 -27.5 0
      vertex -44.1107 -28.6477 0
      vertex -44.2124 -28.8 0
    endloop
  endfacet
  facet normal -0 0 -1
    outer loop
      vertex -43.8523 28.3893 0
      vertex -48 27.5 0
      vertex -43.9899 28.51 0
    endloop
  endfacet
  facet normal 0 0 -1
    outer loop
      vertex -47.9572 -28.1526 0
      vertex -44.2124 -28.8 0
      vertex -44.2934 -28.9642 0
    endloop
  endfacet
  facet normal -0 0 -1
    outer loop
      vertex -43.9899 28.51 0
      vertex -48 27.5 0
      vertex -44.1107 28.6477 0
    endloop
  endfacet
  facet normal 0 0 -1
    outer loop
      vertex -47.8296 -28.7941 0
      vertex -44.2934 -28.9642 0
      vertex -44.3523 -29.1377 0
    endloop
  endfacet
  facet normal -0 0 -1
    outer loop
      vertex -44.1107 28.6477 0
      vertex -48 27.5 0
      vertex -44.2124 28.8 0
    endloop
  endfacet
  facet normal 0 0 -1
    outer loop
      vertex -47.6194 -29.4134 0
      vertex -44.3523 -29.1377 0
      vertex -44.388 -29.3173 0
    endloop
  endfacet
  facet normal 0 -0 -1
    outer loop
      vertex -47.9572 28.1526 0
      vertex -44.2124 28.8 0
      vertex -48 27.5 0
    endloop
  endfacet
  facet normal 0 0 -1
    outer loop
      vertex -47.3301 -30 0
      vertex -44.388 -29.3173 0
      vertex -44.4 -29.5 0
    endloop
  endfacet
  facet normal -0 0 -1
    outer loop
      vertex -44.2124 28.8 0
      vertex -47.9572 28.1526 0
      vertex -44.2934 28.9642 0
    endloop
  endfacet
  facet normal 0 0 -1
    outer loop
      vertex 44.2124 -28.8 0
      vertex 47.9572 -28.1526 0
      vertex 44.2934 -28.9642 0
    endloop
  endfacet
  facet normal 0 0 -1
    outer loop
      vertex 48 27.5 0
      vertex 44.388 29.3173 0
      vertex 44.4 29.5 0
    endloop
  endfacet
  facet normal -0 0 -1
    outer loop
      vertex 47.9572 -28.1526 0
      vertex 44.2124 -28.8 0
      vertex 48 -27.5 0
    endloop
  endfacet
  facet normal 0 0 -1
    outer loop
      vertex 48 27.5 0
      vertex 44.3523 29.1377 0
      vertex 44.388 29.3173 0
    endloop
  endfacet
  facet normal 0 0 -1
    outer loop
      vertex 44.1107 -28.6477 0
      vertex 48 -27.5 0
      vertex 44.2124 -28.8 0
    endloop
  endfacet
  facet normal 0 0 -1
    outer loop
      vertex 48 27.5 0
      vertex 44.2934 28.9642 0
      vertex 44.3523 29.1377 0
    endloop
  endfacet
  facet normal 0 0 -1
    outer loop
      vertex 43.9899 -28.51 0
      vertex 48 -27.5 0
      vertex 44.1107 -28.6477 0
    endloop
  endfacet
  facet normal 0 0 -1
    outer loop
      vertex 48 27.5 0
      vertex 44.2124 28.8 0
      vertex 44.2934 28.9642 0
    endloop
  endfacet
  facet normal 0 0 -1
    outer loop
      vertex 43.8523 -28.3893 0
      vertex 48 -27.5 0
      vertex 43.9899 -28.51 0
    endloop
  endfacet
  facet normal 0 0 -1
    outer loop
      vertex 48 27.5 0
      vertex 44.1107 28.6477 0
      vertex 44.2124 28.8 0
    endloop
  endfacet
  facet normal 0 0 -1
    outer loop
      vertex 43.7 -28.2876 0
      vertex 48 -27.5 0
      vertex 43.8523 -28.3893 0
    endloop
  endfacet
  facet normal 0 0 -1
    outer loop
      vertex 48 27.5 0
      vertex 43.9899 28.51 0
      vertex 44.1107 28.6477 0
    endloop
  endfacet
  facet normal 0 0 -1
    outer loop
      vertex 43.5358 -28.2066 0
      vertex 48 -27.5 0
      vertex 43.7 -28.2876 0
    endloop
  endfacet
  facet normal 0 0 -1
    outer loop
      vertex 48 27.5 0
      vertex 43.8523 28.3893 0
      vertex 43.9899 28.51 0
    endloop
  endfacet
  facet normal 0 0 -1
    outer loop
      vertex 43.3623 -28.1477 0
      vertex 48 -27.5 0
      vertex 43.5358 -28.2066 0
    endloop
  endfacet
  facet normal 0 0 -1
    outer loop
      vertex 48 27.5 0
      vertex 43.7 28.2876 0
      vertex 43.8523 28.3893 0
    endloop
  endfacet
  facet normal 0 0 -1
    outer loop
      vertex 43.1827 -28.112 0
      vertex 48 -27.5 0
      vertex 43.3623 -28.1477 0
    endloop
  endfacet
  facet normal 0 0 -1
    outer loop
      vertex 48 27.5 0
      vertex 43.5358 28.2066 0
      vertex 43.7 28.2876 0
    endloop
  endfacet
  facet normal 0 0 -1
    outer loop
      vertex 43 -28.1 0
      vertex 48 -27.5 0
      vertex 43.1827 -28.112 0
    endloop
  endfacet
  facet normal 0 0 -1
    outer loop
      vertex 48 27.5 0
      vertex 43.3623 28.1477 0
      vertex 43.5358 28.2066 0
    endloop
  endfacet
  facet normal -0 0 -1
    outer loop
      vertex 48 -27.5 0
      vertex 43 -28.1 0
      vertex 48 27.5 0
    endloop
  endfacet
  facet normal 0 0 -1
    outer loop
      vertex 48 27.5 0
      vertex 43.1827 28.112 0
      vertex 43.3623 28.1477 0
    endloop
  endfacet
  facet normal 0 0 -1
    outer loop
      vertex 43 28.1 0
      vertex 48 27.5 0
      vertex 43 -28.1 0
    endloop
  endfacet
  facet normal 0 0 -1
    outer loop
      vertex 48 27.5 0
      vertex 43 28.1 0
      vertex 43.1827 28.112 0
    endloop
  endfacet
  facet normal 0 0 -1
    outer loop
      vertex 42.8173 -28.112 0
      vertex 43 28.1 0
      vertex 43 -28.1 0
    endloop
  endfacet
  facet normal 0 0 -1
    outer loop
      vertex 42.8173 -28.112 0
      vertex 42.8173 28.112 0
      vertex 43 28.1 0
    endloop
  endfacet
  facet normal 0 0 -1
    outer loop
      vertex 42.6377 -28.1477 0
      vertex 42.8173 28.112 0
      vertex 42.8173 -28.112 0
    endloop
  endfacet
  facet normal 0 0 -1
    outer loop
      vertex 42.6377 -28.1477 0
      vertex 42.6377 28.1477 0
      vertex 42.8173 28.112 0
    endloop
  endfacet
  facet normal 0 0 -1
    outer loop
      vertex 42.4642 -28.2066 0
      vertex 42.6377 28.1477 0
      vertex 42.6377 -28.1477 0
    endloop
  endfacet
  facet normal 0 0 -1
    outer loop
      vertex 42.4642 -28.2066 0
      vertex 42.4642 28.2066 0
      vertex 42.6377 28.1477 0
    endloop
  endfacet
  facet normal 0 0 -1
    outer loop
      vertex 42.3 -28.2876 0
      vertex 42.4642 28.2066 0
      vertex 42.4642 -28.2066 0
    endloop
  endfacet
  facet normal 0 0 -1
    outer loop
      vertex 42.3 -28.2876 0
      vertex 42.3 28.2876 0
      vertex 42.4642 28.2066 0
    endloop
  endfacet
  facet normal 0 0 -1
    outer loop
      vertex 42.1477 -28.3893 0
      vertex 42.3 28.2876 0
      vertex 42.3 -28.2876 0
    endloop
  endfacet
  facet normal 0 0 -1
    outer loop
      vertex 42.1477 -28.3893 0
      vertex 42.1477 28.3893 0
      vertex 42.3 28.2876 0
    endloop
  endfacet
  facet normal 0 0 -1
    outer loop
      vertex 42.01 -28.51 0
      vertex 42.1477 28.3893 0
      vertex 42.1477 -28.3893 0
    endloop
  endfacet
  facet normal 0 0 -1
    outer loop
      vertex 42.01 -28.51 0
      vertex 42.01 28.51 0
      vertex 42.1477 28.3893 0
    endloop
  endfacet
  facet normal 0 0 -1
    outer loop
      vertex 41.8893 -28.6477 0
      vertex 42.01 28.51 0
      vertex 42.01 -28.51 0
    endloop
  endfacet
  facet normal 0 0 -1
    outer loop
      vertex 41.8893 -28.6477 0
      vertex 41.8893 28.6477 0
      vertex 42.01 28.51 0
    endloop
  endfacet
  facet normal 0 0 -1
    outer loop
      vertex 41.6477 -29.1377 0
      vertex -41.6477 -29.1377 0
      vertex 41.7066 -28.9642 0
    endloop
  endfacet
  facet normal 0 0 -1
    outer loop
      vertex -41.7066 -28.9642 0
      vertex 41.7066 -28.9642 0
      vertex -41.6477 -29.1377 0
    endloop
  endfacet
  facet normal 0 0 -1
    outer loop
      vertex -41.6477 -29.1377 0
      vertex 41.6477 -29.1377 0
      vertex -41.612 -29.3173 0
    endloop
  endfacet
  facet normal 0 0 -1
    outer loop
      vertex 41.7066 -28.9642 0
      vertex -41.7066 -28.9642 0
      vertex 41.7876 -28.8 0
    endloop
  endfacet
  facet normal 0 0 -1
    outer loop
      vertex 41.612 -29.3173 0
      vertex -41.612 -29.3173 0
      vertex 41.6477 -29.1377 0
    endloop
  endfacet
  facet normal 0 0 -1
    outer loop
      vertex 41.8893 28.6477 0
      vertex -41.6 29.5 0
      vertex 41.7876 28.8 0
    endloop
  endfacet
  facet normal 0 0 -1
    outer loop
      vertex -41.612 -29.3173 0
      vertex 41.612 -29.3173 0
      vertex -41.6 -29.5 0
    endloop
  endfacet
  facet normal 0 0 -1
    outer loop
      vertex 41.7876 28.8 0
      vertex -41.6 29.5 0
      vertex 41.7066 28.9642 0
    endloop
  endfacet
  facet normal 0 0 -1
    outer loop
      vertex -41.6 -29.5 0
      vertex 41.612 -29.3173 0
      vertex 41.6 -29.5 0
    endloop
  endfacet
  facet normal 0 0 -1
    outer loop
      vertex 41.7066 28.9642 0
      vertex -41.6 29.5 0
      vertex 41.6477 29.1377 0
    endloop
  endfacet
  facet normal 0 0 -1
    outer loop
      vertex 47.6194 -29.4134 0
      vertex 44.3523 -29.1377 0
      vertex 47.8296 -28.7941 0
    endloop
  endfacet
  facet normal 0 0 -1
    outer loop
      vertex 44.2934 -28.9642 0
      vertex 47.8296 -28.7941 0
      vertex 44.3523 -29.1377 0
    endloop
  endfacet
  facet normal 0 0 -1
    outer loop
      vertex 44.3523 -29.1377 0
      vertex 47.6194 -29.4134 0
      vertex 44.388 -29.3173 0
    endloop
  endfacet
  facet normal -0 0 -1
    outer loop
      vertex 47.8296 -28.7941 0
      vertex 44.2934 -28.9642 0
      vertex 47.9572 -28.1526 0
    endloop
  endfacet
  facet normal 0 0 -1
    outer loop
      vertex 47.3301 -30 0
      vertex 44.388 -29.3173 0
      vertex 47.6194 -29.4134 0
    endloop
  endfacet
  facet normal 0 0 -1
    outer loop
      vertex 48 27.5 0
      vertex 44.4 29.5 0
      vertex 47.9572 28.1526 0
    endloop
  endfacet
  facet normal 0 0 -1
    outer loop
      vertex 44.388 -29.3173 0
      vertex 47.3301 -30 0
      vertex 44.4 -29.5 0
    endloop
  endfacet
  facet normal 0 0 -1
    outer loop
      vertex 47.9572 28.1526 0
      vertex 44.4 29.5 0
      vertex 47.8296 28.7941 0
    endloop
  endfacet
  facet normal 0 0 -1
    outer loop
      vertex 44.4 -29.5 0
      vertex 47.3301 -30 0
      vertex 46.9668 -30.5438 0
    endloop
  endfacet
  facet normal 0 0 -1
    outer loop
      vertex 47.8296 28.7941 0
      vertex 44.4 29.5 0
      vertex 47.6194 29.4134 0
    endloop
  endfacet
  facet normal 0 0 -1
    outer loop
      vertex 44.388 -29.6827 0
      vertex 46.9668 -30.5438 0
      vertex 46.5355 -31.0355 0
    endloop
  endfacet
  facet normal 0 0 -1
    outer loop
      vertex 47.6194 29.4134 0
      vertex 44.4 29.5 0
      vertex 47.3301 30 0
    endloop
  endfacet
  facet normal 0 0 -1
    outer loop
      vertex 44.3523 -29.8623 0
      vertex 46.5355 -31.0355 0
      vertex 46.0438 -31.4668 0
    endloop
  endfacet
  facet normal -0 0 -1
    outer loop
      vertex 47.3301 30 0
      vertex 44.4 29.5 0
      vertex 46.9668 30.5438 0
    endloop
  endfacet
  facet normal 0 0 -1
    outer loop
      vertex 44.2124 -30.2 0
      vertex 46.0438 -31.4668 0
      vertex 45.5 -31.8301 0
    endloop
  endfacet
  facet normal 0 0 -1
    outer loop
      vertex 44.388 29.6827 0
      vertex 46.9668 30.5438 0
      vertex 44.4 29.5 0
    endloop
  endfacet
  facet normal 0 0 -1
    outer loop
      vertex 43.9899 -30.4899 0
      vertex 45.5 -31.8301 0
      vertex 44.9134 -32.1194 0
    endloop
  endfacet
  facet normal -0 0 -1
    outer loop
      vertex 46.9668 30.5438 0
      vertex 44.388 29.6827 0
      vertex 46.5355 31.0355 0
    endloop
  endfacet
  facet normal 0 0 -1
    outer loop
      vertex 44.3523 29.8623 0
      vertex 46.5355 31.0355 0
      vertex 44.388 29.6827 0
    endloop
  endfacet
  facet normal 0 0 -1
    outer loop
      vertex 46.9668 -30.5438 0
      vertex 44.388 -29.6827 0
      vertex 44.4 -29.5 0
    endloop
  endfacet
  facet normal 0 0 -1
    outer loop
      vertex 46.5355 -31.0355 0
      vertex 44.3523 -29.8623 0
      vertex 44.388 -29.6827 0
    endloop
  endfacet
  facet normal 0 0 -1
    outer loop
      vertex 43.8523 -30.6107 0
      vertex 44.9134 -32.1194 0
      vertex 44.2941 -32.3296 0
    endloop
  endfacet
  facet normal 0 0 -1
    outer loop
      vertex 46.0438 -31.4668 0
      vertex 44.2934 -30.0358 0
      vertex 44.3523 -29.8623 0
    endloop
  endfacet
  facet normal 0 0 -1
    outer loop
      vertex 46.0438 -31.4668 0
      vertex 44.2124 -30.2 0
      vertex 44.2934 -30.0358 0
    endloop
  endfacet
  facet normal 0 0 -1
    outer loop
      vertex 45.5 -31.8301 0
      vertex 44.1107 -30.3523 0
      vertex 44.2124 -30.2 0
    endloop
  endfacet
  facet normal 0 0 -1
    outer loop
      vertex 45.5 -31.8301 0
      vertex 43.9899 -30.4899 0
      vertex 44.1107 -30.3523 0
    endloop
  endfacet
  facet normal 0 0 -1
    outer loop
      vertex 44.9134 -32.1194 0
      vertex 43.8523 -30.6107 0
      vertex 43.9899 -30.4899 0
    endloop
  endfacet
  facet normal 0 0 -1
    outer loop
      vertex 44.2941 -32.3296 0
      vertex 43.7 -30.7124 0
      vertex 43.8523 -30.6107 0
    endloop
  endfacet
  facet normal 0 0 -1
    outer loop
      vertex 43.5358 -30.7934 0
      vertex 44.2941 -32.3296 0
      vertex 43.6526 -32.4572 0
    endloop
  endfacet
  facet normal 0 0 -1
    outer loop
      vertex 44.2941 -32.3296 0
      vertex 43.5358 -30.7934 0
      vertex 43.7 -30.7124 0
    endloop
  endfacet
  facet normal 0 0 -1
    outer loop
      vertex 43.6526 -32.4572 0
      vertex 43.3623 -30.8523 0
      vertex 43.5358 -30.7934 0
    endloop
  endfacet
  facet normal 0 0 -1
    outer loop
      vertex 43.6526 -32.4572 0
      vertex 43.1827 -30.888 0
      vertex 43.3623 -30.8523 0
    endloop
  endfacet
  facet normal 0 0 -1
    outer loop
      vertex 43 -32.5 0
      vertex 43.1827 -30.888 0
      vertex 43.6526 -32.4572 0
    endloop
  endfacet
  facet normal 0 0 -1
    outer loop
      vertex 43 -32.5 0
      vertex 43 -30.9 0
      vertex 43.1827 -30.888 0
    endloop
  endfacet
  facet normal 0 0 -1
    outer loop
      vertex 43 -32.5 0
      vertex 42.8173 -30.888 0
      vertex 43 -30.9 0
    endloop
  endfacet
  facet normal 0 0 -1
    outer loop
      vertex 43 -32.5 0
      vertex 42.6377 -30.8523 0
      vertex 42.8173 -30.888 0
    endloop
  endfacet
  facet normal 0 0 -1
    outer loop
      vertex 43 -32.5 0
      vertex 42.4642 -30.7934 0
      vertex 42.6377 -30.8523 0
    endloop
  endfacet
  facet normal 0 0 -1
    outer loop
      vertex 43 -32.5 0
      vertex 42.3 -30.7124 0
      vertex 42.4642 -30.7934 0
    endloop
  endfacet
  facet normal 0 0 -1
    outer loop
      vertex 43 -32.5 0
      vertex 42.1477 -30.6107 0
      vertex 42.3 -30.7124 0
    endloop
  endfacet
  facet normal 0 0 -1
    outer loop
      vertex 43 -32.5 0
      vertex 42.01 -30.4899 0
      vertex 42.1477 -30.6107 0
    endloop
  endfacet
  facet normal 0 0 -1
    outer loop
      vertex 43 -32.5 0
      vertex 41.8893 -30.3523 0
      vertex 42.01 -30.4899 0
    endloop
  endfacet
  facet normal 0 0 -1
    outer loop
      vertex 43 -32.5 0
      vertex 41.7876 -30.2 0
      vertex 41.8893 -30.3523 0
    endloop
  endfacet
  facet normal 0 0 -1
    outer loop
      vertex 41.6477 29.1377 0
      vertex -41.6 29.5 0
      vertex 41.612 29.3173 0
    endloop
  endfacet
  facet normal 0 0 -1
    outer loop
      vertex 41.612 -29.6827 0
      vertex -41.6 -29.5 0
      vertex 41.6 -29.5 0
    endloop
  endfacet
  facet normal 0 0 -1
    outer loop
      vertex -41.612 -29.6827 0
      vertex 41.612 -29.6827 0
      vertex 41.6477 -29.8623 0
    endloop
  endfacet
  facet normal 0 0 -1
    outer loop
      vertex -41.6477 -29.8623 0
      vertex 41.6477 -29.8623 0
      vertex 41.7066 -30.0358 0
    endloop
  endfacet
  facet normal 0 0 -1
    outer loop
      vertex -41.7066 -30.0358 0
      vertex 41.7066 -30.0358 0
      vertex 41.7876 -30.2 0
    endloop
  endfacet
  facet normal 0 0 -1
    outer loop
      vertex -41.7876 -30.2 0
      vertex 41.7876 -30.2 0
      vertex 43 -32.5 0
    endloop
  endfacet
  facet normal 0 0 -1
    outer loop
      vertex 41.612 -29.6827 0
      vertex -41.612 -29.6827 0
      vertex -41.6 -29.5 0
    endloop
  endfacet
  facet normal 0 0 -1
    outer loop
      vertex 41.6477 -29.8623 0
      vertex -41.6477 -29.8623 0
      vertex -41.612 -29.6827 0
    endloop
  endfacet
  facet normal 0 0 -1
    outer loop
      vertex 41.7066 -30.0358 0
      vertex -41.7066 -30.0358 0
      vertex -41.6477 -29.8623 0
    endloop
  endfacet
  facet normal 0 0 -1
    outer loop
      vertex 41.7876 -30.2 0
      vertex -41.7876 -30.2 0
      vertex -41.7066 -30.0358 0
    endloop
  endfacet
  facet normal 0 0 -1
    outer loop
      vertex -43 -32.5 0
      vertex -41.7876 -30.2 0
      vertex 43 -32.5 0
    endloop
  endfacet
  facet normal 0 0 -1
    outer loop
      vertex -41.7876 -30.2 0
      vertex -43 -32.5 0
      vertex -41.8893 -30.3523 0
    endloop
  endfacet
  facet normal 0 0 -1
    outer loop
      vertex -41.8893 -30.3523 0
      vertex -43 -32.5 0
      vertex -42.01 -30.4899 0
    endloop
  endfacet
  facet normal 0 0 -1
    outer loop
      vertex -42.01 -30.4899 0
      vertex -43 -32.5 0
      vertex -42.1477 -30.6107 0
    endloop
  endfacet
  facet normal 0 0 -1
    outer loop
      vertex -42.1477 -30.6107 0
      vertex -43 -32.5 0
      vertex -42.3 -30.7124 0
    endloop
  endfacet
  facet normal 0 0 -1
    outer loop
      vertex -42.3 -30.7124 0
      vertex -43 -32.5 0
      vertex -42.4642 -30.7934 0
    endloop
  endfacet
  facet normal 0 0 -1
    outer loop
      vertex -42.4642 -30.7934 0
      vertex -43 -32.5 0
      vertex -42.6377 -30.8523 0
    endloop
  endfacet
  facet normal 0 0 -1
    outer loop
      vertex -42.6377 -30.8523 0
      vertex -43 -32.5 0
      vertex -42.8173 -30.888 0
    endloop
  endfacet
  facet normal 0 0 -1
    outer loop
      vertex -43 -32.5 0
      vertex -43 -30.9 0
      vertex -42.8173 -30.888 0
    endloop
  endfacet
  facet normal 0 0 -1
    outer loop
      vertex -43 -32.5 0
      vertex -43.1827 -30.888 0
      vertex -43 -30.9 0
    endloop
  endfacet
  facet normal 0 0 -1
    outer loop
      vertex -43.6526 -32.4572 0
      vertex -43.1827 -30.888 0
      vertex -43 -32.5 0
    endloop
  endfacet
  facet normal -0 0 -1
    outer loop
      vertex -43.1827 -30.888 0
      vertex -43.6526 -32.4572 0
      vertex -43.3623 -30.8523 0
    endloop
  endfacet
  facet normal -0 0 -1
    outer loop
      vertex -43.3623 -30.8523 0
      vertex -43.6526 -32.4572 0
      vertex -43.5358 -30.7934 0
    endloop
  endfacet
  facet normal 0 0 -1
    outer loop
      vertex -44.2941 -32.3296 0
      vertex -43.5358 -30.7934 0
      vertex -43.6526 -32.4572 0
    endloop
  endfacet
  facet normal -0 0 -1
    outer loop
      vertex -43.5358 -30.7934 0
      vertex -44.2941 -32.3296 0
      vertex -43.7 -30.7124 0
    endloop
  endfacet
  facet normal -0 0 -1
    outer loop
      vertex -43.7 -30.7124 0
      vertex -44.2941 -32.3296 0
      vertex -43.8523 -30.6107 0
    endloop
  endfacet
  facet normal 0 0 -1
    outer loop
      vertex -44.9134 -32.1194 0
      vertex -43.8523 -30.6107 0
      vertex -44.2941 -32.3296 0
    endloop
  endfacet
  facet normal -0 0 -1
    outer loop
      vertex -43.8523 -30.6107 0
      vertex -44.9134 -32.1194 0
      vertex -43.9899 -30.4899 0
    endloop
  endfacet
  facet normal 0 0 -1
    outer loop
      vertex -45.5 -31.8301 0
      vertex -43.9899 -30.4899 0
      vertex -44.9134 -32.1194 0
    endloop
  endfacet
  facet normal -0 0 -1
    outer loop
      vertex -43.9899 -30.4899 0
      vertex -45.5 -31.8301 0
      vertex -44.1107 -30.3523 0
    endloop
  endfacet
  facet normal -0 0 -1
    outer loop
      vertex -44.1107 -30.3523 0
      vertex -45.5 -31.8301 0
      vertex -44.2124 -30.2 0
    endloop
  endfacet
  facet normal 0 0 -1
    outer loop
      vertex -46.0438 -31.4668 0
      vertex -44.2124 -30.2 0
      vertex -45.5 -31.8301 0
    endloop
  endfacet
  facet normal -0 0 -1
    outer loop
      vertex -44.2124 -30.2 0
      vertex -46.0438 -31.4668 0
      vertex -44.2934 -30.0358 0
    endloop
  endfacet
  facet normal 0 0 -1
    outer loop
      vertex -46.5355 -31.0355 0
      vertex -44.3523 -29.8623 0
      vertex -46.0438 -31.4668 0
    endloop
  endfacet
  facet normal -0 0 -1
    outer loop
      vertex -44.2934 -30.0358 0
      vertex -46.0438 -31.4668 0
      vertex -44.3523 -29.8623 0
    endloop
  endfacet
  facet normal -0 0 -1
    outer loop
      vertex 46.5355 31.0355 0
      vertex 44.3523 29.8623 0
      vertex 46.0438 31.4668 0
    endloop
  endfacet
  facet normal 0 0 -1
    outer loop
      vertex 44.2934 30.0358 0
      vertex 46.0438 31.4668 0
      vertex 44.3523 29.8623 0
    endloop
  endfacet
  facet normal 0 0 -1
    outer loop
      vertex 44.2124 30.2 0
      vertex 46.0438 31.4668 0
      vertex 44.2934 30.0358 0
    endloop
  endfacet
  facet normal -0 0 -1
    outer loop
      vertex 46.0438 31.4668 0
      vertex 44.2124 30.2 0
      vertex 45.5 31.8301 0
    endloop
  endfacet
  facet normal 0 0 -1
    outer loop
      vertex 44.1107 30.3523 0
      vertex 45.5 31.8301 0
      vertex 44.2124 30.2 0
    endloop
  endfacet
  facet normal 0 0 -1
    outer loop
      vertex 43.9899 30.4899 0
      vertex 45.5 31.8301 0
      vertex 44.1107 30.3523 0
    endloop
  endfacet
  facet normal -0 0 -1
    outer loop
      vertex 45.5 31.8301 0
      vertex 43.9899 30.4899 0
      vertex 44.9134 32.1194 0
    endloop
  endfacet
  facet normal 0 0 -1
    outer loop
      vertex 43.8523 30.6107 0
      vertex 44.9134 32.1194 0
      vertex 43.9899 30.4899 0
    endloop
  endfacet
  facet normal -0 0 -1
    outer loop
      vertex 44.9134 32.1194 0
      vertex 43.8523 30.6107 0
      vertex 44.2941 32.3296 0
    endloop
  endfacet
  facet normal 0 0 -1
    outer loop
      vertex 43.7 30.7124 0
      vertex 44.2941 32.3296 0
      vertex 43.8523 30.6107 0
    endloop
  endfacet
  facet normal 0 0 -1
    outer loop
      vertex 43.5358 30.7934 0
      vertex 44.2941 32.3296 0
      vertex 43.7 30.7124 0
    endloop
  endfacet
  facet normal -0 0 -1
    outer loop
      vertex 44.2941 32.3296 0
      vertex 43.5358 30.7934 0
      vertex 43.6526 32.4572 0
    endloop
  endfacet
  facet normal 0 0 -1
    outer loop
      vertex 43.3623 30.8523 0
      vertex 43.6526 32.4572 0
      vertex 43.5358 30.7934 0
    endloop
  endfacet
  facet normal 0 0 -1
    outer loop
      vertex 43.1827 30.888 0
      vertex 43.6526 32.4572 0
      vertex 43.3623 30.8523 0
    endloop
  endfacet
  facet normal 0 0 -1
    outer loop
      vertex 43 32.5 0
      vertex 43.1827 30.888 0
      vertex 43 30.9 0
    endloop
  endfacet
  facet normal 0 0 -1
    outer loop
      vertex 43.1827 30.888 0
      vertex 43 32.5 0
      vertex 43.6526 32.4572 0
    endloop
  endfacet
  facet normal 0 0 -1
    outer loop
      vertex 42.8173 30.888 0
      vertex 43 32.5 0
      vertex 43 30.9 0
    endloop
  endfacet
  facet normal 0 0 -1
    outer loop
      vertex 42.6377 30.8523 0
      vertex 43 32.5 0
      vertex 42.8173 30.888 0
    endloop
  endfacet
  facet normal 0 0 -1
    outer loop
      vertex 42.4642 30.7934 0
      vertex 43 32.5 0
      vertex 42.6377 30.8523 0
    endloop
  endfacet
  facet normal 0 0 -1
    outer loop
      vertex 42.3 30.7124 0
      vertex 43 32.5 0
      vertex 42.4642 30.7934 0
    endloop
  endfacet
  facet normal 0 0 -1
    outer loop
      vertex 42.1477 30.6107 0
      vertex 43 32.5 0
      vertex 42.3 30.7124 0
    endloop
  endfacet
  facet normal 0 0 -1
    outer loop
      vertex 42.01 30.4899 0
      vertex 43 32.5 0
      vertex 42.1477 30.6107 0
    endloop
  endfacet
  facet normal 0 0 -1
    outer loop
      vertex 41.8893 30.3523 0
      vertex 43 32.5 0
      vertex 42.01 30.4899 0
    endloop
  endfacet
  facet normal 0 0 -1
    outer loop
      vertex 41.7876 30.2 0
      vertex 43 32.5 0
      vertex 41.8893 30.3523 0
    endloop
  endfacet
  facet normal 0 0 -1
    outer loop
      vertex 41.612 29.3173 0
      vertex -41.6 29.5 0
      vertex 41.6 29.5 0
    endloop
  endfacet
  facet normal 0 0 -1
    outer loop
      vertex 41.6 29.5 0
      vertex -41.6 29.5 0
      vertex 41.612 29.6827 0
    endloop
  endfacet
  facet normal 0 0 -1
    outer loop
      vertex -41.612 29.6827 0
      vertex 41.612 29.6827 0
      vertex -41.6 29.5 0
    endloop
  endfacet
  facet normal 0 0 -1
    outer loop
      vertex 41.612 29.6827 0
      vertex -41.612 29.6827 0
      vertex 41.6477 29.8623 0
    endloop
  endfacet
  facet normal 0 0 -1
    outer loop
      vertex -41.6477 29.8623 0
      vertex 41.6477 29.8623 0
      vertex -41.612 29.6827 0
    endloop
  endfacet
  facet normal 0 0 -1
    outer loop
      vertex 41.6477 29.8623 0
      vertex -41.6477 29.8623 0
      vertex 41.7066 30.0358 0
    endloop
  endfacet
  facet normal 0 0 -1
    outer loop
      vertex -41.7066 30.0358 0
      vertex 41.7066 30.0358 0
      vertex -41.6477 29.8623 0
    endloop
  endfacet
  facet normal 0 0 -1
    outer loop
      vertex 41.7066 30.0358 0
      vertex -41.7066 30.0358 0
      vertex 41.7876 30.2 0
    endloop
  endfacet
  facet normal 0 0 -1
    outer loop
      vertex -41.7876 30.2 0
      vertex 41.7876 30.2 0
      vertex -41.7066 30.0358 0
    endloop
  endfacet
  facet normal 0 0 -1
    outer loop
      vertex 41.7876 30.2 0
      vertex -41.7876 30.2 0
      vertex 43 32.5 0
    endloop
  endfacet
  facet normal 0 0 -1
    outer loop
      vertex -43 32.5 0
      vertex -41.7876 30.2 0
      vertex -41.8893 30.3523 0
    endloop
  endfacet
  facet normal 0 0 -1
    outer loop
      vertex -43 32.5 0
      vertex -41.8893 30.3523 0
      vertex -42.01 30.4899 0
    endloop
  endfacet
  facet normal 0 0 -1
    outer loop
      vertex -43 32.5 0
      vertex -42.01 30.4899 0
      vertex -42.1477 30.6107 0
    endloop
  endfacet
  facet normal 0 0 -1
    outer loop
      vertex -43 32.5 0
      vertex -42.1477 30.6107 0
      vertex -42.3 30.7124 0
    endloop
  endfacet
  facet normal 0 0 -1
    outer loop
      vertex -43 32.5 0
      vertex -42.3 30.7124 0
      vertex -42.4642 30.7934 0
    endloop
  endfacet
  facet normal 0 0 -1
    outer loop
      vertex -43 32.5 0
      vertex -42.4642 30.7934 0
      vertex -42.6377 30.8523 0
    endloop
  endfacet
  facet normal 0 0 -1
    outer loop
      vertex -43 32.5 0
      vertex -42.6377 30.8523 0
      vertex -42.8173 30.888 0
    endloop
  endfacet
  facet normal 0 0 -1
    outer loop
      vertex -43 32.5 0
      vertex -42.8173 30.888 0
      vertex -43 30.9 0
    endloop
  endfacet
  facet normal 0 0 -1
    outer loop
      vertex -41.7876 30.2 0
      vertex -43 32.5 0
      vertex 43 32.5 0
    endloop
  endfacet
  facet normal 0 0 -1
    outer loop
      vertex -43.1827 30.888 0
      vertex -43 32.5 0
      vertex -43 30.9 0
    endloop
  endfacet
  facet normal 0 0 -1
    outer loop
      vertex -43.6526 32.4572 0
      vertex -43.1827 30.888 0
      vertex -43.3623 30.8523 0
    endloop
  endfacet
  facet normal 0 0 -1
    outer loop
      vertex -43.6526 32.4572 0
      vertex -43.3623 30.8523 0
      vertex -43.5358 30.7934 0
    endloop
  endfacet
  facet normal 0 0 -1
    outer loop
      vertex -43.1827 30.888 0
      vertex -43.6526 32.4572 0
      vertex -43 32.5 0
    endloop
  endfacet
  facet normal 0 0 -1
    outer loop
      vertex -44.2941 32.3296 0
      vertex -43.5358 30.7934 0
      vertex -43.7 30.7124 0
    endloop
  endfacet
  facet normal 0 0 -1
    outer loop
      vertex -44.2941 32.3296 0
      vertex -43.7 30.7124 0
      vertex -43.8523 30.6107 0
    endloop
  endfacet
  facet normal 0 0 -1
    outer loop
      vertex -44.9134 32.1194 0
      vertex -43.8523 30.6107 0
      vertex -43.9899 30.4899 0
    endloop
  endfacet
  facet normal 0 0 -1
    outer loop
      vertex -45.5 31.8301 0
      vertex -43.9899 30.4899 0
      vertex -44.1107 30.3523 0
    endloop
  endfacet
  facet normal 0 0 -1
    outer loop
      vertex -45.5 31.8301 0
      vertex -44.1107 30.3523 0
      vertex -44.2124 30.2 0
    endloop
  endfacet
  facet normal 0 0 -1
    outer loop
      vertex -46.0438 31.4668 0
      vertex -44.2124 30.2 0
      vertex -44.2934 30.0358 0
    endloop
  endfacet
  facet normal 0 0 -1
    outer loop
      vertex -43.5358 30.7934 0
      vertex -44.2941 32.3296 0
      vertex -43.6526 32.4572 0
    endloop
  endfacet
  facet normal 0 0 -1
    outer loop
      vertex -46.0438 31.4668 0
      vertex -44.2934 30.0358 0
      vertex -44.3523 29.8623 0
    endloop
  endfacet
  facet normal 0 0 -1
    outer loop
      vertex -46.5355 31.0355 0
      vertex -44.3523 29.8623 0
      vertex -44.388 29.6827 0
    endloop
  endfacet
  facet normal 0 0 -1
    outer loop
      vertex -46.9668 30.5438 0
      vertex -44.388 29.6827 0
      vertex -44.4 29.5 0
    endloop
  endfacet
  facet normal 0 0 -1
    outer loop
      vertex -43.8523 30.6107 0
      vertex -44.9134 32.1194 0
      vertex -44.2941 32.3296 0
    endloop
  endfacet
  facet normal 0 -0 -1
    outer loop
      vertex -47.8296 28.7941 0
      vertex -44.2934 28.9642 0
      vertex -47.9572 28.1526 0
    endloop
  endfacet
  facet normal -0 0 -1
    outer loop
      vertex -44.3523 -29.8623 0
      vertex -46.5355 -31.0355 0
      vertex -44.388 -29.6827 0
    endloop
  endfacet
  facet normal -0 0 -1
    outer loop
      vertex -44.2934 28.9642 0
      vertex -47.8296 28.7941 0
      vertex -44.3523 29.1377 0
    endloop
  endfacet
  facet normal 0 0 -1
    outer loop
      vertex -46.9668 -30.5438 0
      vertex -44.388 -29.6827 0
      vertex -46.5355 -31.0355 0
    endloop
  endfacet
  facet normal 0 -0 -1
    outer loop
      vertex -47.6194 29.4134 0
      vertex -44.3523 29.1377 0
      vertex -47.8296 28.7941 0
    endloop
  endfacet
  facet normal -0 0 -1
    outer loop
      vertex -44.388 -29.6827 0
      vertex -46.9668 -30.5438 0
      vertex -44.4 -29.5 0
    endloop
  endfacet
  facet normal 0 0 -1
    outer loop
      vertex -43.9899 30.4899 0
      vertex -45.5 31.8301 0
      vertex -44.9134 32.1194 0
    endloop
  endfacet
  facet normal 0 0 -1
    outer loop
      vertex -47.3301 -30 0
      vertex -44.4 -29.5 0
      vertex -46.9668 -30.5438 0
    endloop
  endfacet
  facet normal 0 0 -1
    outer loop
      vertex -44.2124 30.2 0
      vertex -46.0438 31.4668 0
      vertex -45.5 31.8301 0
    endloop
  endfacet
  facet normal 0 0 -1
    outer loop
      vertex -44.388 -29.3173 0
      vertex -47.3301 -30 0
      vertex -47.6194 -29.4134 0
    endloop
  endfacet
  facet normal 0 0 -1
    outer loop
      vertex -44.3523 29.8623 0
      vertex -46.5355 31.0355 0
      vertex -46.0438 31.4668 0
    endloop
  endfacet
  facet normal -0 0 -1
    outer loop
      vertex -44.3523 -29.1377 0
      vertex -47.6194 -29.4134 0
      vertex -47.8296 -28.7941 0
    endloop
  endfacet
  facet normal 0 0 -1
    outer loop
      vertex -44.388 29.6827 0
      vertex -46.9668 30.5438 0
      vertex -46.5355 31.0355 0
    endloop
  endfacet
  facet normal 0 0 -1
    outer loop
      vertex -44.2934 -28.9642 0
      vertex -47.8296 -28.7941 0
      vertex -47.9572 -28.1526 0
    endloop
  endfacet
  facet normal 0 0 -1
    outer loop
      vertex -44.4 29.5 0
      vertex -47.3301 30 0
      vertex -46.9668 30.5438 0
    endloop
  endfacet
  facet normal 0 0 -1
    outer loop
      vertex -44.2124 -28.8 0
      vertex -47.9572 -28.1526 0
      vertex -48 -27.5 0
    endloop
  endfacet
  facet normal 0 0 -1
    outer loop
      vertex -44.388 29.3173 0
      vertex -47.3301 30 0
      vertex -44.4 29.5 0
    endloop
  endfacet
  facet normal 0 -0 -1
    outer loop
      vertex -47.3301 30 0
      vertex -44.388 29.3173 0
      vertex -47.6194 29.4134 0
    endloop
  endfacet
  facet normal 0 0 -1
    outer loop
      vertex -44.3523 29.1377 0
      vertex -47.6194 29.4134 0
      vertex -44.388 29.3173 0
    endloop
  endfacet
  facet normal -0.555512 -0.831509 0
    outer loop
      vertex -46.0438 -31.4668 0
      vertex -45.5 -31.8301 20
      vertex -46.0438 -31.4668 20
    endloop
  endfacet
  facet normal -0.555512 -0.831509 -0
    outer loop
      vertex -45.5 -31.8301 20
      vertex -46.0438 -31.4668 0
      vertex -45.5 -31.8301 0
    endloop
  endfacet
  facet normal -0.442314 -0.89686 0
    outer loop
      vertex -45.5 -31.8301 0
      vertex -44.9134 -32.1194 20
      vertex -45.5 -31.8301 20
    endloop
  endfacet
  facet normal -0.442314 -0.89686 -0
    outer loop
      vertex -44.9134 -32.1194 20
      vertex -45.5 -31.8301 0
      vertex -44.9134 -32.1194 0
    endloop
  endfacet
  facet normal -0.0654432 -0.997856 0
    outer loop
      vertex -43.6526 -32.4572 0
      vertex -43 -32.5 20
      vertex -43.6526 -32.4572 20
    endloop
  endfacet
  facet normal -0.0654432 -0.997856 -0
    outer loop
      vertex -43 -32.5 20
      vertex -43.6526 -32.4572 0
      vertex -43 -32.5 0
    endloop
  endfacet
  facet normal 0.442314 0.89686 -0
    outer loop
      vertex 45.5 31.8301 0
      vertex 44.9134 32.1194 20
      vertex 45.5 31.8301 20
    endloop
  endfacet
  facet normal 0.442314 0.89686 0
    outer loop
      vertex 44.9134 32.1194 20
      vertex 45.5 31.8301 0
      vertex 44.9134 32.1194 0
    endloop
  endfacet
  facet normal 0.980786 -0.195087 0
    outer loop
      vertex 47.8296 -28.7941 20
      vertex 47.9572 -28.1526 0
      vertex 47.9572 -28.1526 20
    endloop
  endfacet
  facet normal 0.980786 -0.195087 0
    outer loop
      vertex 47.9572 -28.1526 0
      vertex 47.8296 -28.7941 20
      vertex 47.8296 -28.7941 0
    endloop
  endfacet
  facet normal 0.659424 -0.751771 0
    outer loop
      vertex 46.0438 -31.4668 0
      vertex 46.5355 -31.0355 20
      vertex 46.0438 -31.4668 20
    endloop
  endfacet
  facet normal 0.659424 -0.751771 0
    outer loop
      vertex 46.5355 -31.0355 20
      vertex 46.0438 -31.4668 0
      vertex 46.5355 -31.0355 0
    endloop
  endfacet
  facet normal 0.442314 -0.89686 0
    outer loop
      vertex 44.9134 -32.1194 0
      vertex 45.5 -31.8301 20
      vertex 44.9134 -32.1194 20
    endloop
  endfacet
  facet normal 0.442314 -0.89686 0
    outer loop
      vertex 45.5 -31.8301 20
      vertex 44.9134 -32.1194 0
      vertex 45.5 -31.8301 0
    endloop
  endfacet
  facet normal 0.946941 0.321407 0
    outer loop
      vertex 47.8296 28.7941 20
      vertex 47.6194 29.4134 0
      vertex 47.6194 29.4134 20
    endloop
  endfacet
  facet normal 0.946941 0.321407 0
    outer loop
      vertex 47.6194 29.4134 0
      vertex 47.8296 28.7941 20
      vertex 47.8296 28.7941 0
    endloop
  endfacet
  facet normal 0.980786 0.195087 0
    outer loop
      vertex 47.9572 28.1526 20
      vertex 47.8296 28.7941 0
      vertex 47.8296 28.7941 20
    endloop
  endfacet
  facet normal 0.980786 0.195087 0
    outer loop
      vertex 47.8296 28.7941 0
      vertex 47.9572 28.1526 20
      vertex 47.9572 28.1526 0
    endloop
  endfacet
  facet normal -0.751771 0.659424 0
    outer loop
      vertex -46.9668 30.5438 0
      vertex -46.5355 31.0355 20
      vertex -46.5355 31.0355 0
    endloop
  endfacet
  facet normal -0.751771 0.659424 0
    outer loop
      vertex -46.5355 31.0355 20
      vertex -46.9668 30.5438 0
      vertex -46.9668 30.5438 20
    endloop
  endfacet
  facet normal -0.442314 0.89686 0
    outer loop
      vertex -44.9134 32.1194 0
      vertex -45.5 31.8301 20
      vertex -44.9134 32.1194 20
    endloop
  endfacet
  facet normal -0.442314 0.89686 0
    outer loop
      vertex -45.5 31.8301 20
      vertex -44.9134 32.1194 0
      vertex -45.5 31.8301 0
    endloop
  endfacet
  facet normal -0.997856 0.0654432 0
    outer loop
      vertex -48 27.5 0
      vertex -47.9572 28.1526 20
      vertex -47.9572 28.1526 0
    endloop
  endfacet
  facet normal -0.997856 0.0654432 0
    outer loop
      vertex -47.9572 28.1526 20
      vertex -48 27.5 0
      vertex -48 27.5 20
    endloop
  endfacet
  facet normal -0.980786 0.195087 0
    outer loop
      vertex -47.9572 28.1526 0
      vertex -47.8296 28.7941 20
      vertex -47.8296 28.7941 0
    endloop
  endfacet
  facet normal -0.980786 0.195087 0
    outer loop
      vertex -47.8296 28.7941 20
      vertex -47.9572 28.1526 0
      vertex -47.9572 28.1526 20
    endloop
  endfacet
  facet normal -0.997856 -0.0654432 0
    outer loop
      vertex -47.9572 -28.1526 0
      vertex -48 -27.5 20
      vertex -48 -27.5 0
    endloop
  endfacet
  facet normal -0.997856 -0.0654432 0
    outer loop
      vertex -48 -27.5 20
      vertex -47.9572 -28.1526 0
      vertex -47.9572 -28.1526 20
    endloop
  endfacet
  facet normal -0.659424 -0.751771 0
    outer loop
      vertex -46.5355 -31.0355 0
      vertex -46.0438 -31.4668 20
      vertex -46.5355 -31.0355 20
    endloop
  endfacet
  facet normal -0.659424 -0.751771 -0
    outer loop
      vertex -46.0438 -31.4668 20
      vertex -46.5355 -31.0355 0
      vertex -46.0438 -31.4668 0
    endloop
  endfacet
  facet normal -0.89686 -0.442314 0
    outer loop
      vertex -47.3301 -30 0
      vertex -47.6194 -29.4134 20
      vertex -47.6194 -29.4134 0
    endloop
  endfacet
  facet normal -0.89686 -0.442314 0
    outer loop
      vertex -47.6194 -29.4134 20
      vertex -47.3301 -30 0
      vertex -47.3301 -30 20
    endloop
  endfacet
  facet normal -0.946941 -0.321407 0
    outer loop
      vertex -47.6194 -29.4134 0
      vertex -47.8296 -28.7941 20
      vertex -47.8296 -28.7941 0
    endloop
  endfacet
  facet normal -0.946941 -0.321407 0
    outer loop
      vertex -47.8296 -28.7941 20
      vertex -47.6194 -29.4134 0
      vertex -47.6194 -29.4134 20
    endloop
  endfacet
  facet normal 0.831509 -0.555512 0
    outer loop
      vertex 46.9668 -30.5438 20
      vertex 47.3301 -30 0
      vertex 47.3301 -30 20
    endloop
  endfacet
  facet normal 0.831509 -0.555512 0
    outer loop
      vertex 47.3301 -30 0
      vertex 46.9668 -30.5438 20
      vertex 46.9668 -30.5438 0
    endloop
  endfacet
  facet normal 0.946941 -0.321407 0
    outer loop
      vertex 47.6194 -29.4134 20
      vertex 47.8296 -28.7941 0
      vertex 47.8296 -28.7941 20
    endloop
  endfacet
  facet normal 0.946941 -0.321407 0
    outer loop
      vertex 47.8296 -28.7941 0
      vertex 47.6194 -29.4134 20
      vertex 47.6194 -29.4134 0
    endloop
  endfacet
  facet normal 0.997856 -0.0654432 0
    outer loop
      vertex 47.9572 -28.1526 20
      vertex 48 -27.5 0
      vertex 48 -27.5 20
    endloop
  endfacet
  facet normal 0.997856 -0.0654432 0
    outer loop
      vertex 48 -27.5 0
      vertex 47.9572 -28.1526 20
      vertex 47.9572 -28.1526 0
    endloop
  endfacet
  facet normal 0.751771 -0.659424 0
    outer loop
      vertex 46.5355 -31.0355 20
      vertex 46.9668 -30.5438 0
      vertex 46.9668 -30.5438 20
    endloop
  endfacet
  facet normal 0.751771 -0.659424 0
    outer loop
      vertex 46.9668 -30.5438 0
      vertex 46.5355 -31.0355 20
      vertex 46.5355 -31.0355 0
    endloop
  endfacet
  facet normal 0.997856 0.0654432 0
    outer loop
      vertex 48 27.5 20
      vertex 47.9572 28.1526 0
      vertex 47.9572 28.1526 20
    endloop
  endfacet
  facet normal 0.997856 0.0654432 0
    outer loop
      vertex 47.9572 28.1526 0
      vertex 48 27.5 20
      vertex 48 27.5 0
    endloop
  endfacet
  facet normal 0.831509 0.555512 0
    outer loop
      vertex 47.3301 30 20
      vertex 46.9668 30.5438 0
      vertex 46.9668 30.5438 20
    endloop
  endfacet
  facet normal 0.831509 0.555512 0
    outer loop
      vertex 46.9668 30.5438 0
      vertex 47.3301 30 20
      vertex 47.3301 30 0
    endloop
  endfacet
  facet normal 0.751771 0.659424 0
    outer loop
      vertex 46.9668 30.5438 20
      vertex 46.5355 31.0355 0
      vertex 46.5355 31.0355 20
    endloop
  endfacet
  facet normal 0.751771 0.659424 0
    outer loop
      vertex 46.5355 31.0355 0
      vertex 46.9668 30.5438 20
      vertex 46.9668 30.5438 0
    endloop
  endfacet
  facet normal 0.89686 0.442314 0
    outer loop
      vertex 47.6194 29.4134 20
      vertex 47.3301 30 0
      vertex 47.3301 30 20
    endloop
  endfacet
  facet normal 0.89686 0.442314 0
    outer loop
      vertex 47.3301 30 0
      vertex 47.6194 29.4134 20
      vertex 47.6194 29.4134 0
    endloop
  endfacet
  facet normal 0.659424 0.751771 -0
    outer loop
      vertex 46.5355 31.0355 0
      vertex 46.0438 31.4668 20
      vertex 46.5355 31.0355 20
    endloop
  endfacet
  facet normal 0.659424 0.751771 0
    outer loop
      vertex 46.0438 31.4668 20
      vertex 46.5355 31.0355 0
      vertex 46.0438 31.4668 0
    endloop
  endfacet
  facet normal -0.555512 0.831509 0
    outer loop
      vertex -45.5 31.8301 0
      vertex -46.0438 31.4668 20
      vertex -45.5 31.8301 20
    endloop
  endfacet
  facet normal -0.555512 0.831509 0
    outer loop
      vertex -46.0438 31.4668 20
      vertex -45.5 31.8301 0
      vertex -46.0438 31.4668 0
    endloop
  endfacet
  facet normal -0.89686 0.442314 0
    outer loop
      vertex -47.6194 29.4134 0
      vertex -47.3301 30 20
      vertex -47.3301 30 0
    endloop
  endfacet
  facet normal -0.89686 0.442314 0
    outer loop
      vertex -47.3301 30 20
      vertex -47.6194 29.4134 0
      vertex -47.6194 29.4134 20
    endloop
  endfacet
  facet normal -0.831509 0.555512 0
    outer loop
      vertex -47.3301 30 0
      vertex -46.9668 30.5438 20
      vertex -46.9668 30.5438 0
    endloop
  endfacet
  facet normal -0.831509 0.555512 0
    outer loop
      vertex -46.9668 30.5438 20
      vertex -47.3301 30 0
      vertex -47.3301 30 20
    endloop
  endfacet
  facet normal -0.831509 -0.555512 0
    outer loop
      vertex -46.9668 -30.5438 0
      vertex -47.3301 -30 20
      vertex -47.3301 -30 0
    endloop
  endfacet
  facet normal -0.831509 -0.555512 0
    outer loop
      vertex -47.3301 -30 20
      vertex -46.9668 -30.5438 0
      vertex -46.9668 -30.5438 20
    endloop
  endfacet
  facet normal -0.980786 -0.195087 0
    outer loop
      vertex -47.8296 -28.7941 0
      vertex -47.9572 -28.1526 20
      vertex -47.9572 -28.1526 0
    endloop
  endfacet
  facet normal -0.980786 -0.195087 0
    outer loop
      vertex -47.9572 -28.1526 20
      vertex -47.8296 -28.7941 0
      vertex -47.8296 -28.7941 20
    endloop
  endfacet
  facet normal 0.89686 -0.442314 0
    outer loop
      vertex 47.3301 -30 20
      vertex 47.6194 -29.4134 0
      vertex 47.6194 -29.4134 20
    endloop
  endfacet
  facet normal 0.89686 -0.442314 0
    outer loop
      vertex 47.6194 -29.4134 0
      vertex 47.3301 -30 20
      vertex 47.3301 -30 0
    endloop
  endfacet
  facet normal -0.659424 0.751771 0
    outer loop
      vertex -46.0438 31.4668 0
      vertex -46.5355 31.0355 20
      vertex -46.0438 31.4668 20
    endloop
  endfacet
  facet normal -0.659424 0.751771 0
    outer loop
      vertex -46.5355 31.0355 20
      vertex -46.0438 31.4668 0
      vertex -46.5355 31.0355 0
    endloop
  endfacet
  facet normal -0.659275 -0.751902 0
    outer loop
      vertex 44.5828 29.5627 2.4
      vertex 44.8385 29.3385 20
      vertex 44.5828 29.5627 20
    endloop
  endfacet
  facet normal -0.659275 -0.751902 -0
    outer loop
      vertex 44.8385 29.3385 20
      vertex 44.5828 29.5627 2.4
      vertex 44.8385 29.3385 2.4
    endloop
  endfacet
  facet normal 0.659275 0.751902 -0
    outer loop
      vertex -44.5828 -29.5627 2.4
      vertex -44.8385 -29.3385 20
      vertex -44.5828 -29.5627 20
    endloop
  endfacet
  facet normal 0.659275 0.751902 0
    outer loop
      vertex -44.8385 -29.3385 20
      vertex -44.5828 -29.5627 2.4
      vertex -44.8385 -29.3385 2.4
    endloop
  endfacet
  facet normal 0.997868 -0.0652701 0
    outer loop
      vertex -45.6 27.5 20
      vertex -45.5778 27.8394 2.4
      vertex -45.5778 27.8394 20
    endloop
  endfacet
  facet normal 0.997868 -0.0652701 0
    outer loop
      vertex -45.5778 27.8394 2.4
      vertex -45.6 27.5 20
      vertex -45.6 27.5 2.4
    endloop
  endfacet
  facet normal 1 0 0
    outer loop
      vertex -45.6 -9.88487 9.45
      vertex -45.6 -5.79013 9.45
      vertex -45.6 -9.82123 9.57905
    endloop
  endfacet
  facet normal 1 0 0
    outer loop
      vertex -45.6 -5.71019 5.66964
      vertex -45.6 -9.74691 5.14358
      vertex -45.6 -9.7375 5
    endloop
  endfacet
  facet normal 1 0 0
    outer loop
      vertex -45.6 -5.79013 9.45
      vertex -45.6 -9.88487 9.45
      vertex -45.6 -5.71019 9.33036
    endloop
  endfacet
  facet normal 1 0 0
    outer loop
      vertex -45.6 -5.71019 5.66964
      vertex -45.6 -9.77498 5.2847
      vertex -45.6 -9.74691 5.14358
    endloop
  endfacet
  facet normal 1 0 0
    outer loop
      vertex -45.6 -9.96481 9.33036
      vertex -45.6 -5.71019 9.33036
      vertex -45.6 -9.88487 9.45
    endloop
  endfacet
  facet normal 1 0 0
    outer loop
      vertex -45.6 -5.71019 5.66964
      vertex -45.6 -9.82123 5.42095
      vertex -45.6 -9.77498 5.2847
    endloop
  endfacet
  facet normal 1 0 0
    outer loop
      vertex -45.6 -5.71019 9.33036
      vertex -45.6 -9.96481 9.33036
      vertex -45.6 -5.71019 5.66964
    endloop
  endfacet
  facet normal 1 0 0
    outer loop
      vertex -45.6 -5.71019 5.66964
      vertex -45.6 -9.88487 5.55
      vertex -45.6 -9.82123 5.42095
    endloop
  endfacet
  facet normal 1 0 0
    outer loop
      vertex -45.6 -9.96481 5.66964
      vertex -45.6 -5.71019 5.66964
      vertex -45.6 -9.96481 9.33036
    endloop
  endfacet
  facet normal 1 0 0
    outer loop
      vertex -45.6 -5.71019 5.66964
      vertex -45.6 -9.96481 5.66964
      vertex -45.6 -9.88487 5.55
    endloop
  endfacet
  facet normal 1 -0 0
    outer loop
      vertex -45.6 -10.0597 9.22218
      vertex -45.6 -9.96481 5.66964
      vertex -45.6 -9.96481 9.33036
    endloop
  endfacet
  facet normal 1 0 0
    outer loop
      vertex -45.6 -10.0597 9.22218
      vertex -45.6 -10.0597 5.77782
      vertex -45.6 -9.96481 5.66964
    endloop
  endfacet
  facet normal 1 -0 0
    outer loop
      vertex -45.6 -10.1679 9.12731
      vertex -45.6 -10.0597 5.77782
      vertex -45.6 -10.0597 9.22218
    endloop
  endfacet
  facet normal 1 0 0
    outer loop
      vertex -45.6 -10.1679 9.12731
      vertex -45.6 -10.1679 5.87269
      vertex -45.6 -10.0597 5.77782
    endloop
  endfacet
  facet normal 1 -0 0
    outer loop
      vertex -45.6 -10.2875 9.04737
      vertex -45.6 -10.1679 5.87269
      vertex -45.6 -10.1679 9.12731
    endloop
  endfacet
  facet normal 1 0 0
    outer loop
      vertex -45.6 -10.2875 9.04737
      vertex -45.6 -10.2875 5.95263
      vertex -45.6 -10.1679 5.87269
    endloop
  endfacet
  facet normal 1 -0 0
    outer loop
      vertex -45.6 -10.4165 8.98373
      vertex -45.6 -10.2875 5.95263
      vertex -45.6 -10.2875 9.04737
    endloop
  endfacet
  facet normal 1 0 0
    outer loop
      vertex -45.6 -10.4165 8.98373
      vertex -45.6 -10.4165 6.01627
      vertex -45.6 -10.2875 5.95263
    endloop
  endfacet
  facet normal 1 -0 0
    outer loop
      vertex -45.6 -10.5528 8.93748
      vertex -45.6 -10.4165 6.01627
      vertex -45.6 -10.4165 8.98373
    endloop
  endfacet
  facet normal 1 0 0
    outer loop
      vertex -45.6 -10.5528 8.93748
      vertex -45.6 -10.5528 6.06252
      vertex -45.6 -10.4165 6.01627
    endloop
  endfacet
  facet normal 1 -0 0
    outer loop
      vertex -45.6 -10.6939 8.90941
      vertex -45.6 -10.5528 6.06252
      vertex -45.6 -10.5528 8.93748
    endloop
  endfacet
  facet normal 1 0 0
    outer loop
      vertex -45.6 -10.6939 8.90941
      vertex -45.6 -10.6939 6.09059
      vertex -45.6 -10.5528 6.06252
    endloop
  endfacet
  facet normal 1 -0 0
    outer loop
      vertex -45.6 -10.8375 8.9
      vertex -45.6 -10.6939 6.09059
      vertex -45.6 -10.6939 8.90941
    endloop
  endfacet
  facet normal 1 0 0
    outer loop
      vertex -45.6 -10.8375 8.9
      vertex -45.6 -10.8375 6.1
      vertex -45.6 -10.6939 6.09059
    endloop
  endfacet
  facet normal 1 0 0
    outer loop
      vertex -45.6 -10.9811 8.90941
      vertex -45.6 -10.8375 6.1
      vertex -45.6 -10.8375 8.9
    endloop
  endfacet
  facet normal 1 0 0
    outer loop
      vertex -45.6 -10.9811 8.90941
      vertex -45.6 -10.9811 6.09059
      vertex -45.6 -10.8375 6.1
    endloop
  endfacet
  facet normal 1 0 0
    outer loop
      vertex -45.6 -11.1222 8.93748
      vertex -45.6 -10.9811 6.09059
      vertex -45.6 -10.9811 8.90941
    endloop
  endfacet
  facet normal 1 0 0
    outer loop
      vertex -45.6 -11.1222 8.93748
      vertex -45.6 -11.1222 6.06252
      vertex -45.6 -10.9811 6.09059
    endloop
  endfacet
  facet normal 1 0 0
    outer loop
      vertex -45.6 -11.2585 8.98373
      vertex -45.6 -11.1222 6.06252
      vertex -45.6 -11.1222 8.93748
    endloop
  endfacet
  facet normal 1 0 0
    outer loop
      vertex -45.6 -11.2585 8.98373
      vertex -45.6 -11.2585 6.01627
      vertex -45.6 -11.1222 6.06252
    endloop
  endfacet
  facet normal 1 0 0
    outer loop
      vertex -45.6 -11.3875 9.04737
      vertex -45.6 -11.2585 6.01627
      vertex -45.6 -11.2585 8.98373
    endloop
  endfacet
  facet normal 1 0 0
    outer loop
      vertex -45.6 -11.3875 9.04737
      vertex -45.6 -11.3875 5.95263
      vertex -45.6 -11.2585 6.01627
    endloop
  endfacet
  facet normal 1 0 0
    outer loop
      vertex -45.6 -11.5071 9.12731
      vertex -45.6 -11.3875 5.95263
      vertex -45.6 -11.3875 9.04737
    endloop
  endfacet
  facet normal 1 0 0
    outer loop
      vertex -45.6 -11.5071 9.12731
      vertex -45.6 -11.5071 5.87269
      vertex -45.6 -11.3875 5.95263
    endloop
  endfacet
  facet normal 1 0 0
    outer loop
      vertex -45.6 -11.6153 9.22218
      vertex -45.6 -11.5071 5.87269
      vertex -45.6 -11.5071 9.12731
    endloop
  endfacet
  facet normal 1 0 0
    outer loop
      vertex -45.6 -11.6153 9.22218
      vertex -45.6 -11.6153 5.77782
      vertex -45.6 -11.5071 5.87269
    endloop
  endfacet
  facet normal 1 0 0
    outer loop
      vertex -45.6 -11.7102 9.33036
      vertex -45.6 -11.6153 5.77782
      vertex -45.6 -11.6153 9.22218
    endloop
  endfacet
  facet normal 1 0 0
    outer loop
      vertex -45.6 -11.7102 9.33036
      vertex -45.6 -11.7102 5.66964
      vertex -45.6 -11.6153 5.77782
    endloop
  endfacet
  facet normal 1 0 0
    outer loop
      vertex -45.6 -11.7901 9.45
      vertex -45.6 -11.7102 5.66964
      vertex -45.6 -11.7102 9.33036
    endloop
  endfacet
  facet normal 1 0 0
    outer loop
      vertex -45.6 -11.7901 9.45
      vertex -45.6 -11.7901 5.55
      vertex -45.6 -11.7102 5.66964
    endloop
  endfacet
  facet normal 1 0 0
    outer loop
      vertex -45.6 -11.8538 9.57905
      vertex -45.6 -11.7901 5.55
      vertex -45.6 -11.7901 9.45
    endloop
  endfacet
  facet normal 1 0 0
    outer loop
      vertex -45.6 -11.8538 9.57905
      vertex -45.6 -11.8538 5.42095
      vertex -45.6 -11.7901 5.55
    endloop
  endfacet
  facet normal 1 0 0
    outer loop
      vertex -45.6 -11.9 9.7153
      vertex -45.6 -11.8538 5.42095
      vertex -45.6 -11.8538 9.57905
    endloop
  endfacet
  facet normal 1 0 0
    outer loop
      vertex -45.6 -11.9 9.7153
      vertex -45.6 -11.9 5.2847
      vertex -45.6 -11.8538 5.42095
    endloop
  endfacet
  facet normal 1 0 0
    outer loop
      vertex -45.6 -27.5 2.4
      vertex -45.6 -11.9 9.7153
      vertex -45.6 -11.9281 9.85642
    endloop
  endfacet
  facet normal 1 0 0
    outer loop
      vertex -45.6 -11.9 9.7153
      vertex -45.6 -27.5 2.4
      vertex -45.6 -11.9 5.2847
    endloop
  endfacet
  facet normal 1 0 0
    outer loop
      vertex -45.6 -27.5 2.4
      vertex -45.6 -11.9281 9.85642
      vertex -45.6 -11.9375 10
    endloop
  endfacet
  facet normal 1 0 0
    outer loop
      vertex -45.6 -11.9 5.2847
      vertex -45.6 -27.5 2.4
      vertex -45.6 -11.9281 5.14358
    endloop
  endfacet
  facet normal 1 0 0
    outer loop
      vertex -45.6 -9.88487 14.45
      vertex -45.6 -5.79013 14.45
      vertex -45.6 -9.82123 14.579
    endloop
  endfacet
  facet normal 1 0 0
    outer loop
      vertex -45.6 -5.71019 10.6696
      vertex -45.6 -9.74691 10.1436
      vertex -45.6 -9.7375 10
    endloop
  endfacet
  facet normal 1 0 0
    outer loop
      vertex -45.6 -5.79013 14.45
      vertex -45.6 -9.88487 14.45
      vertex -45.6 -5.71019 14.3304
    endloop
  endfacet
  facet normal 1 0 0
    outer loop
      vertex -45.6 -5.71019 10.6696
      vertex -45.6 -9.77498 10.2847
      vertex -45.6 -9.74691 10.1436
    endloop
  endfacet
  facet normal 1 0 0
    outer loop
      vertex -45.6 -9.96481 14.3304
      vertex -45.6 -5.71019 14.3304
      vertex -45.6 -9.88487 14.45
    endloop
  endfacet
  facet normal 1 0 0
    outer loop
      vertex -45.6 -5.71019 10.6696
      vertex -45.6 -9.82123 10.421
      vertex -45.6 -9.77498 10.2847
    endloop
  endfacet
  facet normal 1 0 0
    outer loop
      vertex -45.6 -5.71019 14.3304
      vertex -45.6 -9.96481 14.3304
      vertex -45.6 -5.71019 10.6696
    endloop
  endfacet
  facet normal 1 0 0
    outer loop
      vertex -45.6 -5.71019 10.6696
      vertex -45.6 -9.88487 10.55
      vertex -45.6 -9.82123 10.421
    endloop
  endfacet
  facet normal 1 0 0
    outer loop
      vertex -45.6 -9.96481 10.6696
      vertex -45.6 -5.71019 10.6696
      vertex -45.6 -9.96481 14.3304
    endloop
  endfacet
  facet normal 1 0 0
    outer loop
      vertex -45.6 -5.71019 10.6696
      vertex -45.6 -9.96481 10.6696
      vertex -45.6 -9.88487 10.55
    endloop
  endfacet
  facet normal 1 -0 0
    outer loop
      vertex -45.6 -10.0597 14.2222
      vertex -45.6 -9.96481 10.6696
      vertex -45.6 -9.96481 14.3304
    endloop
  endfacet
  facet normal 1 0 0
    outer loop
      vertex -45.6 -10.0597 14.2222
      vertex -45.6 -10.0597 10.7778
      vertex -45.6 -9.96481 10.6696
    endloop
  endfacet
  facet normal 1 -0 0
    outer loop
      vertex -45.6 -10.1679 14.1273
      vertex -45.6 -10.0597 10.7778
      vertex -45.6 -10.0597 14.2222
    endloop
  endfacet
  facet normal 1 0 0
    outer loop
      vertex -45.6 -10.1679 14.1273
      vertex -45.6 -10.1679 10.8727
      vertex -45.6 -10.0597 10.7778
    endloop
  endfacet
  facet normal 1 -0 0
    outer loop
      vertex -45.6 -10.2875 14.0474
      vertex -45.6 -10.1679 10.8727
      vertex -45.6 -10.1679 14.1273
    endloop
  endfacet
  facet normal 1 0 0
    outer loop
      vertex -45.6 -10.2875 14.0474
      vertex -45.6 -10.2875 10.9526
      vertex -45.6 -10.1679 10.8727
    endloop
  endfacet
  facet normal 1 -0 0
    outer loop
      vertex -45.6 -10.4165 13.9837
      vertex -45.6 -10.2875 10.9526
      vertex -45.6 -10.2875 14.0474
    endloop
  endfacet
  facet normal 1 0 0
    outer loop
      vertex -45.6 -10.4165 13.9837
      vertex -45.6 -10.4165 11.0163
      vertex -45.6 -10.2875 10.9526
    endloop
  endfacet
  facet normal 1 -0 0
    outer loop
      vertex -45.6 -10.5528 13.9375
      vertex -45.6 -10.4165 11.0163
      vertex -45.6 -10.4165 13.9837
    endloop
  endfacet
  facet normal 1 0 0
    outer loop
      vertex -45.6 -10.5528 13.9375
      vertex -45.6 -10.5528 11.0625
      vertex -45.6 -10.4165 11.0163
    endloop
  endfacet
  facet normal 1 -0 0
    outer loop
      vertex -45.6 -10.6939 13.9094
      vertex -45.6 -10.5528 11.0625
      vertex -45.6 -10.5528 13.9375
    endloop
  endfacet
  facet normal 1 0 0
    outer loop
      vertex -45.6 -10.6939 13.9094
      vertex -45.6 -10.6939 11.0906
      vertex -45.6 -10.5528 11.0625
    endloop
  endfacet
  facet normal 1 -0 0
    outer loop
      vertex -45.6 -10.8375 13.9
      vertex -45.6 -10.6939 11.0906
      vertex -45.6 -10.6939 13.9094
    endloop
  endfacet
  facet normal 1 0 0
    outer loop
      vertex -45.6 -10.8375 13.9
      vertex -45.6 -10.8375 11.1
      vertex -45.6 -10.6939 11.0906
    endloop
  endfacet
  facet normal 1 0 0
    outer loop
      vertex -45.6 -10.9811 13.9094
      vertex -45.6 -10.8375 11.1
      vertex -45.6 -10.8375 13.9
    endloop
  endfacet
  facet normal 1 0 0
    outer loop
      vertex -45.6 -10.9811 13.9094
      vertex -45.6 -10.9811 11.0906
      vertex -45.6 -10.8375 11.1
    endloop
  endfacet
  facet normal 1 0 0
    outer loop
      vertex -45.6 -11.1222 13.9375
      vertex -45.6 -10.9811 11.0906
      vertex -45.6 -10.9811 13.9094
    endloop
  endfacet
  facet normal 1 0 0
    outer loop
      vertex -45.6 -11.1222 13.9375
      vertex -45.6 -11.1222 11.0625
      vertex -45.6 -10.9811 11.0906
    endloop
  endfacet
  facet normal 1 0 0
    outer loop
      vertex -45.6 -11.2585 13.9837
      vertex -45.6 -11.1222 11.0625
      vertex -45.6 -11.1222 13.9375
    endloop
  endfacet
  facet normal 1 0 0
    outer loop
      vertex -45.6 -11.2585 13.9837
      vertex -45.6 -11.2585 11.0163
      vertex -45.6 -11.1222 11.0625
    endloop
  endfacet
  facet normal 1 0 0
    outer loop
      vertex -45.6 -11.3875 14.0474
      vertex -45.6 -11.2585 11.0163
      vertex -45.6 -11.2585 13.9837
    endloop
  endfacet
  facet normal 1 0 0
    outer loop
      vertex -45.6 -11.3875 14.0474
      vertex -45.6 -11.3875 10.9526
      vertex -45.6 -11.2585 11.0163
    endloop
  endfacet
  facet normal 1 0 0
    outer loop
      vertex -45.6 -11.5071 14.1273
      vertex -45.6 -11.3875 10.9526
      vertex -45.6 -11.3875 14.0474
    endloop
  endfacet
  facet normal 1 0 0
    outer loop
      vertex -45.6 -11.5071 14.1273
      vertex -45.6 -11.5071 10.8727
      vertex -45.6 -11.3875 10.9526
    endloop
  endfacet
  facet normal 1 0 0
    outer loop
      vertex -45.6 -11.6153 14.2222
      vertex -45.6 -11.5071 10.8727
      vertex -45.6 -11.5071 14.1273
    endloop
  endfacet
  facet normal 1 0 0
    outer loop
      vertex -45.6 -11.6153 14.2222
      vertex -45.6 -11.6153 10.7778
      vertex -45.6 -11.5071 10.8727
    endloop
  endfacet
  facet normal 1 0 0
    outer loop
      vertex -45.6 -11.7102 14.3304
      vertex -45.6 -11.6153 10.7778
      vertex -45.6 -11.6153 14.2222
    endloop
  endfacet
  facet normal 1 0 0
    outer loop
      vertex -45.6 -11.7102 14.3304
      vertex -45.6 -11.7102 10.6696
      vertex -45.6 -11.6153 10.7778
    endloop
  endfacet
  facet normal 1 0 0
    outer loop
      vertex -45.6 -11.7901 14.45
      vertex -45.6 -11.7102 10.6696
      vertex -45.6 -11.7102 14.3304
    endloop
  endfacet
  facet normal 1 0 0
    outer loop
      vertex -45.6 -11.7901 14.45
      vertex -45.6 -11.7901 10.55
      vertex -45.6 -11.7102 10.6696
    endloop
  endfacet
  facet normal 1 0 0
    outer loop
      vertex -45.6 -11.8538 14.579
      vertex -45.6 -11.7901 10.55
      vertex -45.6 -11.7901 14.45
    endloop
  endfacet
  facet normal 1 0 0
    outer loop
      vertex -45.6 -11.8538 14.579
      vertex -45.6 -11.8538 10.421
      vertex -45.6 -11.7901 10.55
    endloop
  endfacet
  facet normal 1 0 0
    outer loop
      vertex -45.6 -11.9 14.7153
      vertex -45.6 -11.8538 10.421
      vertex -45.6 -11.8538 14.579
    endloop
  endfacet
  facet normal 1 0 0
    outer loop
      vertex -45.6 -11.9 14.7153
      vertex -45.6 -11.9 10.2847
      vertex -45.6 -11.8538 10.421
    endloop
  endfacet
  facet normal 1 0 0
    outer loop
      vertex -45.6 -27.5 20
      vertex -45.6 -11.9 14.7153
      vertex -45.6 -11.9281 14.8564
    endloop
  endfacet
  facet normal 1 0 0
    outer loop
      vertex -45.6 -11.9 14.7153
      vertex -45.6 -27.5 20
      vertex -45.6 -11.9 10.2847
    endloop
  endfacet
  facet normal 1 0 0
    outer loop
      vertex -45.6 -27.5 20
      vertex -45.6 -11.9281 14.8564
      vertex -45.6 -11.9375 15
    endloop
  endfacet
  facet normal 1 0 0
    outer loop
      vertex -45.6 -11.9 10.2847
      vertex -45.6 -27.5 20
      vertex -45.6 -11.9281 10.1436
    endloop
  endfacet
  facet normal 1 0 0
    outer loop
      vertex -45.6 -3.88487 9.45
      vertex -45.6 0.209871 9.45
      vertex -45.6 -3.82123 9.57905
    endloop
  endfacet
  facet normal 1 0 0
    outer loop
      vertex -45.6 0.289811 5.66964
      vertex -45.6 -3.74691 5.14358
      vertex -45.6 -3.7375 5
    endloop
  endfacet
  facet normal 1 0 0
    outer loop
      vertex -45.6 0.209871 9.45
      vertex -45.6 -3.88487 9.45
      vertex -45.6 0.289811 9.33036
    endloop
  endfacet
  facet normal 1 0 0
    outer loop
      vertex -45.6 0.289811 5.66964
      vertex -45.6 -3.77498 5.2847
      vertex -45.6 -3.74691 5.14358
    endloop
  endfacet
  facet normal 1 0 0
    outer loop
      vertex -45.6 -3.96481 9.33036
      vertex -45.6 0.289811 9.33036
      vertex -45.6 -3.88487 9.45
    endloop
  endfacet
  facet normal 1 0 0
    outer loop
      vertex -45.6 0.289811 5.66964
      vertex -45.6 -3.82123 5.42095
      vertex -45.6 -3.77498 5.2847
    endloop
  endfacet
  facet normal 1 0 0
    outer loop
      vertex -45.6 0.289811 9.33036
      vertex -45.6 -3.96481 9.33036
      vertex -45.6 0.289811 5.66964
    endloop
  endfacet
  facet normal 1 0 0
    outer loop
      vertex -45.6 0.289811 5.66964
      vertex -45.6 -3.88487 5.55
      vertex -45.6 -3.82123 5.42095
    endloop
  endfacet
  facet normal 1 0 0
    outer loop
      vertex -45.6 -3.96481 5.66964
      vertex -45.6 0.289811 5.66964
      vertex -45.6 -3.96481 9.33036
    endloop
  endfacet
  facet normal 1 0 0
    outer loop
      vertex -45.6 0.289811 5.66964
      vertex -45.6 -3.96481 5.66964
      vertex -45.6 -3.88487 5.55
    endloop
  endfacet
  facet normal 1 -0 0
    outer loop
      vertex -45.6 -4.05968 9.22218
      vertex -45.6 -3.96481 5.66964
      vertex -45.6 -3.96481 9.33036
    endloop
  endfacet
  facet normal 1 0 0
    outer loop
      vertex -45.6 -4.05968 9.22218
      vertex -45.6 -4.05968 5.77782
      vertex -45.6 -3.96481 5.66964
    endloop
  endfacet
  facet normal 1 -0 0
    outer loop
      vertex -45.6 -4.16786 9.12731
      vertex -45.6 -4.05968 5.77782
      vertex -45.6 -4.05968 9.22218
    endloop
  endfacet
  facet normal 1 0 0
    outer loop
      vertex -45.6 -4.16786 9.12731
      vertex -45.6 -4.16786 5.87269
      vertex -45.6 -4.05968 5.77782
    endloop
  endfacet
  facet normal 1 -0 0
    outer loop
      vertex -45.6 -4.2875 9.04737
      vertex -45.6 -4.16786 5.87269
      vertex -45.6 -4.16786 9.12731
    endloop
  endfacet
  facet normal 1 0 0
    outer loop
      vertex -45.6 -4.2875 9.04737
      vertex -45.6 -4.2875 5.95263
      vertex -45.6 -4.16786 5.87269
    endloop
  endfacet
  facet normal 1 -0 0
    outer loop
      vertex -45.6 -4.41655 8.98373
      vertex -45.6 -4.2875 5.95263
      vertex -45.6 -4.2875 9.04737
    endloop
  endfacet
  facet normal 1 0 0
    outer loop
      vertex -45.6 -4.41655 8.98373
      vertex -45.6 -4.41655 6.01627
      vertex -45.6 -4.2875 5.95263
    endloop
  endfacet
  facet normal 1 -0 0
    outer loop
      vertex -45.6 -4.5528 8.93748
      vertex -45.6 -4.41655 6.01627
      vertex -45.6 -4.41655 8.98373
    endloop
  endfacet
  facet normal 1 0 0
    outer loop
      vertex -45.6 -4.5528 8.93748
      vertex -45.6 -4.5528 6.06252
      vertex -45.6 -4.41655 6.01627
    endloop
  endfacet
  facet normal 1 -0 0
    outer loop
      vertex -45.6 -4.69392 8.90941
      vertex -45.6 -4.5528 6.06252
      vertex -45.6 -4.5528 8.93748
    endloop
  endfacet
  facet normal 1 0 0
    outer loop
      vertex -45.6 -4.69392 8.90941
      vertex -45.6 -4.69392 6.09059
      vertex -45.6 -4.5528 6.06252
    endloop
  endfacet
  facet normal 1 -0 0
    outer loop
      vertex -45.6 -4.8375 8.9
      vertex -45.6 -4.69392 6.09059
      vertex -45.6 -4.69392 8.90941
    endloop
  endfacet
  facet normal 1 0 0
    outer loop
      vertex -45.6 -4.8375 8.9
      vertex -45.6 -4.8375 6.1
      vertex -45.6 -4.69392 6.09059
    endloop
  endfacet
  facet normal 1 0 0
    outer loop
      vertex -45.6 -4.98108 8.90941
      vertex -45.6 -4.8375 6.1
      vertex -45.6 -4.8375 8.9
    endloop
  endfacet
  facet normal 1 0 0
    outer loop
      vertex -45.6 -4.98108 8.90941
      vertex -45.6 -4.98108 6.09059
      vertex -45.6 -4.8375 6.1
    endloop
  endfacet
  facet normal 1 0 0
    outer loop
      vertex -45.6 -5.1222 8.93748
      vertex -45.6 -4.98108 6.09059
      vertex -45.6 -4.98108 8.90941
    endloop
  endfacet
  facet normal 1 0 0
    outer loop
      vertex -45.6 -5.1222 8.93748
      vertex -45.6 -5.1222 6.06252
      vertex -45.6 -4.98108 6.09059
    endloop
  endfacet
  facet normal 1 0 0
    outer loop
      vertex -45.6 -5.25845 8.98373
      vertex -45.6 -5.1222 6.06252
      vertex -45.6 -5.1222 8.93748
    endloop
  endfacet
  facet normal 1 0 0
    outer loop
      vertex -45.6 -5.25845 8.98373
      vertex -45.6 -5.25845 6.01627
      vertex -45.6 -5.1222 6.06252
    endloop
  endfacet
  facet normal 1 0 0
    outer loop
      vertex -45.6 -5.3875 9.04737
      vertex -45.6 -5.25845 6.01627
      vertex -45.6 -5.25845 8.98373
    endloop
  endfacet
  facet normal 1 0 0
    outer loop
      vertex -45.6 -5.3875 9.04737
      vertex -45.6 -5.3875 5.95263
      vertex -45.6 -5.25845 6.01627
    endloop
  endfacet
  facet normal 1 0 0
    outer loop
      vertex -45.6 -5.50714 9.12731
      vertex -45.6 -5.3875 5.95263
      vertex -45.6 -5.3875 9.04737
    endloop
  endfacet
  facet normal 1 0 0
    outer loop
      vertex -45.6 -5.50714 9.12731
      vertex -45.6 -5.50714 5.87269
      vertex -45.6 -5.3875 5.95263
    endloop
  endfacet
  facet normal 1 0 0
    outer loop
      vertex -45.6 -5.61532 9.22218
      vertex -45.6 -5.50714 5.87269
      vertex -45.6 -5.50714 9.12731
    endloop
  endfacet
  facet normal 1 0 0
    outer loop
      vertex -45.6 -5.61532 9.22218
      vertex -45.6 -5.61532 5.77782
      vertex -45.6 -5.50714 5.87269
    endloop
  endfacet
  facet normal 1 0 0
    outer loop
      vertex -45.6 -5.71019 9.33036
      vertex -45.6 -5.61532 5.77782
      vertex -45.6 -5.61532 9.22218
    endloop
  endfacet
  facet normal 1 0 0
    outer loop
      vertex -45.6 -5.71019 9.33036
      vertex -45.6 -5.71019 5.66964
      vertex -45.6 -5.61532 5.77782
    endloop
  endfacet
  facet normal 1 0 0
    outer loop
      vertex -45.6 -5.90002 9.7153
      vertex -45.6 -9.77498 9.7153
      vertex -45.6 -5.85377 9.57905
    endloop
  endfacet
  facet normal 1 0 0
    outer loop
      vertex -45.6 -9.82123 9.57905
      vertex -45.6 -5.85377 9.57905
      vertex -45.6 -9.77498 9.7153
    endloop
  endfacet
  facet normal 1 0 0
    outer loop
      vertex -45.6 -9.77498 9.7153
      vertex -45.6 -5.90002 9.7153
      vertex -45.6 -9.74691 9.85642
    endloop
  endfacet
  facet normal 1 0 0
    outer loop
      vertex -45.6 -5.85377 9.57905
      vertex -45.6 -9.82123 9.57905
      vertex -45.6 -5.79013 9.45
    endloop
  endfacet
  facet normal 1 0 0
    outer loop
      vertex -45.6 -5.92809 9.85642
      vertex -45.6 -9.74691 9.85642
      vertex -45.6 -5.90002 9.7153
    endloop
  endfacet
  facet normal 1 0 0
    outer loop
      vertex -45.6 -5.71019 5.66964
      vertex -45.6 -9.7375 5
      vertex -45.6 -5.79013 5.55
    endloop
  endfacet
  facet normal 1 0 0
    outer loop
      vertex -45.6 -9.74691 9.85642
      vertex -45.6 -5.92809 9.85642
      vertex -45.6 -9.7375 10
    endloop
  endfacet
  facet normal 1 0 0
    outer loop
      vertex -45.6 -5.79013 5.55
      vertex -45.6 -9.7375 5
      vertex -45.6 -5.85377 5.42095
    endloop
  endfacet
  facet normal 1 -0 0
    outer loop
      vertex -45.6 -9.7375 10
      vertex -45.6 -5.92809 9.85642
      vertex -45.6 -5.9375 10
    endloop
  endfacet
  facet normal 1 0 0
    outer loop
      vertex -45.6 -5.85377 5.42095
      vertex -45.6 -9.7375 5
      vertex -45.6 -5.90002 5.2847
    endloop
  endfacet
  facet normal 1 0 0
    outer loop
      vertex -45.6 -3.88487 14.45
      vertex -45.6 0.209871 14.45
      vertex -45.6 -3.82123 14.579
    endloop
  endfacet
  facet normal 1 0 0
    outer loop
      vertex -45.6 0.289811 10.6696
      vertex -45.6 -3.74691 10.1436
      vertex -45.6 -3.7375 10
    endloop
  endfacet
  facet normal 1 0 0
    outer loop
      vertex -45.6 0.209871 14.45
      vertex -45.6 -3.88487 14.45
      vertex -45.6 0.289811 14.3304
    endloop
  endfacet
  facet normal 1 0 0
    outer loop
      vertex -45.6 0.289811 10.6696
      vertex -45.6 -3.77498 10.2847
      vertex -45.6 -3.74691 10.1436
    endloop
  endfacet
  facet normal 1 0 0
    outer loop
      vertex -45.6 -3.96481 14.3304
      vertex -45.6 0.289811 14.3304
      vertex -45.6 -3.88487 14.45
    endloop
  endfacet
  facet normal 1 0 0
    outer loop
      vertex -45.6 0.289811 10.6696
      vertex -45.6 -3.82123 10.421
      vertex -45.6 -3.77498 10.2847
    endloop
  endfacet
  facet normal 1 0 0
    outer loop
      vertex -45.6 0.289811 14.3304
      vertex -45.6 -3.96481 14.3304
      vertex -45.6 0.289811 10.6696
    endloop
  endfacet
  facet normal 1 0 0
    outer loop
      vertex -45.6 0.289811 10.6696
      vertex -45.6 -3.88487 10.55
      vertex -45.6 -3.82123 10.421
    endloop
  endfacet
  facet normal 1 0 0
    outer loop
      vertex -45.6 -3.96481 10.6696
      vertex -45.6 0.289811 10.6696
      vertex -45.6 -3.96481 14.3304
    endloop
  endfacet
  facet normal 1 0 0
    outer loop
      vertex -45.6 0.289811 10.6696
      vertex -45.6 -3.96481 10.6696
      vertex -45.6 -3.88487 10.55
    endloop
  endfacet
  facet normal 1 -0 0
    outer loop
      vertex -45.6 -4.05968 14.2222
      vertex -45.6 -3.96481 10.6696
      vertex -45.6 -3.96481 14.3304
    endloop
  endfacet
  facet normal 1 0 0
    outer loop
      vertex -45.6 -4.05968 14.2222
      vertex -45.6 -4.05968 10.7778
      vertex -45.6 -3.96481 10.6696
    endloop
  endfacet
  facet normal 1 -0 0
    outer loop
      vertex -45.6 -4.16786 14.1273
      vertex -45.6 -4.05968 10.7778
      vertex -45.6 -4.05968 14.2222
    endloop
  endfacet
  facet normal 1 0 0
    outer loop
      vertex -45.6 -4.16786 14.1273
      vertex -45.6 -4.16786 10.8727
      vertex -45.6 -4.05968 10.7778
    endloop
  endfacet
  facet normal 1 -0 0
    outer loop
      vertex -45.6 -4.2875 14.0474
      vertex -45.6 -4.16786 10.8727
      vertex -45.6 -4.16786 14.1273
    endloop
  endfacet
  facet normal 1 0 0
    outer loop
      vertex -45.6 -4.2875 14.0474
      vertex -45.6 -4.2875 10.9526
      vertex -45.6 -4.16786 10.8727
    endloop
  endfacet
  facet normal 1 -0 0
    outer loop
      vertex -45.6 -4.41655 13.9837
      vertex -45.6 -4.2875 10.9526
      vertex -45.6 -4.2875 14.0474
    endloop
  endfacet
  facet normal 1 0 0
    outer loop
      vertex -45.6 -4.41655 13.9837
      vertex -45.6 -4.41655 11.0163
      vertex -45.6 -4.2875 10.9526
    endloop
  endfacet
  facet normal 1 -0 0
    outer loop
      vertex -45.6 -4.5528 13.9375
      vertex -45.6 -4.41655 11.0163
      vertex -45.6 -4.41655 13.9837
    endloop
  endfacet
  facet normal 1 0 0
    outer loop
      vertex -45.6 -4.5528 13.9375
      vertex -45.6 -4.5528 11.0625
      vertex -45.6 -4.41655 11.0163
    endloop
  endfacet
  facet normal 1 -0 0
    outer loop
      vertex -45.6 -4.69392 13.9094
      vertex -45.6 -4.5528 11.0625
      vertex -45.6 -4.5528 13.9375
    endloop
  endfacet
  facet normal 1 0 0
    outer loop
      vertex -45.6 -4.69392 13.9094
      vertex -45.6 -4.69392 11.0906
      vertex -45.6 -4.5528 11.0625
    endloop
  endfacet
  facet normal 1 -0 0
    outer loop
      vertex -45.6 -4.8375 13.9
      vertex -45.6 -4.69392 11.0906
      vertex -45.6 -4.69392 13.9094
    endloop
  endfacet
  facet normal 1 0 0
    outer loop
      vertex -45.6 -4.8375 13.9
      vertex -45.6 -4.8375 11.1
      vertex -45.6 -4.69392 11.0906
    endloop
  endfacet
  facet normal 1 0 0
    outer loop
      vertex -45.6 -4.98108 13.9094
      vertex -45.6 -4.8375 11.1
      vertex -45.6 -4.8375 13.9
    endloop
  endfacet
  facet normal 1 0 0
    outer loop
      vertex -45.6 -4.98108 13.9094
      vertex -45.6 -4.98108 11.0906
      vertex -45.6 -4.8375 11.1
    endloop
  endfacet
  facet normal 1 0 0
    outer loop
      vertex -45.6 -5.1222 13.9375
      vertex -45.6 -4.98108 11.0906
      vertex -45.6 -4.98108 13.9094
    endloop
  endfacet
  facet normal 1 0 0
    outer loop
      vertex -45.6 -5.1222 13.9375
      vertex -45.6 -5.1222 11.0625
      vertex -45.6 -4.98108 11.0906
    endloop
  endfacet
  facet normal 1 0 0
    outer loop
      vertex -45.6 -5.25845 13.9837
      vertex -45.6 -5.1222 11.0625
      vertex -45.6 -5.1222 13.9375
    endloop
  endfacet
  facet normal 1 0 0
    outer loop
      vertex -45.6 -5.25845 13.9837
      vertex -45.6 -5.25845 11.0163
      vertex -45.6 -5.1222 11.0625
    endloop
  endfacet
  facet normal 1 0 0
    outer loop
      vertex -45.6 -5.3875 14.0474
      vertex -45.6 -5.25845 11.0163
      vertex -45.6 -5.25845 13.9837
    endloop
  endfacet
  facet normal 1 0 0
    outer loop
      vertex -45.6 -5.3875 14.0474
      vertex -45.6 -5.3875 10.9526
      vertex -45.6 -5.25845 11.0163
    endloop
  endfacet
  facet normal 1 0 0
    outer loop
      vertex -45.6 -5.50714 14.1273
      vertex -45.6 -5.3875 10.9526
      vertex -45.6 -5.3875 14.0474
    endloop
  endfacet
  facet normal 1 0 0
    outer loop
      vertex -45.6 -5.50714 14.1273
      vertex -45.6 -5.50714 10.8727
      vertex -45.6 -5.3875 10.9526
    endloop
  endfacet
  facet normal 1 0 0
    outer loop
      vertex -45.6 -5.61532 14.2222
      vertex -45.6 -5.50714 10.8727
      vertex -45.6 -5.50714 14.1273
    endloop
  endfacet
  facet normal 1 0 0
    outer loop
      vertex -45.6 -5.61532 14.2222
      vertex -45.6 -5.61532 10.7778
      vertex -45.6 -5.50714 10.8727
    endloop
  endfacet
  facet normal 1 0 0
    outer loop
      vertex -45.6 -5.71019 14.3304
      vertex -45.6 -5.61532 10.7778
      vertex -45.6 -5.61532 14.2222
    endloop
  endfacet
  facet normal 1 0 0
    outer loop
      vertex -45.6 -5.71019 14.3304
      vertex -45.6 -5.71019 10.6696
      vertex -45.6 -5.61532 10.7778
    endloop
  endfacet
  facet normal 1 0 0
    outer loop
      vertex -45.6 -5.90002 14.7153
      vertex -45.6 -9.77498 14.7153
      vertex -45.6 -5.85377 14.579
    endloop
  endfacet
  facet normal 1 0 0
    outer loop
      vertex -45.6 -9.82123 14.579
      vertex -45.6 -5.85377 14.579
      vertex -45.6 -9.77498 14.7153
    endloop
  endfacet
  facet normal 1 0 0
    outer loop
      vertex -45.6 -9.77498 14.7153
      vertex -45.6 -5.90002 14.7153
      vertex -45.6 -9.74691 14.8564
    endloop
  endfacet
  facet normal 1 0 0
    outer loop
      vertex -45.6 -5.85377 14.579
      vertex -45.6 -9.82123 14.579
      vertex -45.6 -5.79013 14.45
    endloop
  endfacet
  facet normal 1 0 0
    outer loop
      vertex -45.6 -5.92809 14.8564
      vertex -45.6 -9.74691 14.8564
      vertex -45.6 -5.90002 14.7153
    endloop
  endfacet
  facet normal 1 0 0
    outer loop
      vertex -45.6 -5.71019 10.6696
      vertex -45.6 -9.7375 10
      vertex -45.6 -5.79013 10.55
    endloop
  endfacet
  facet normal 1 0 0
    outer loop
      vertex -45.6 -9.74691 14.8564
      vertex -45.6 -5.92809 14.8564
      vertex -45.6 -9.7375 15
    endloop
  endfacet
  facet normal 1 0 0
    outer loop
      vertex -45.6 -5.79013 10.55
      vertex -45.6 -9.7375 10
      vertex -45.6 -5.85377 10.421
    endloop
  endfacet
  facet normal 1 -0 0
    outer loop
      vertex -45.6 -9.7375 15
      vertex -45.6 -5.92809 14.8564
      vertex -45.6 -5.9375 15
    endloop
  endfacet
  facet normal 1 0 0
    outer loop
      vertex -45.6 -5.85377 10.421
      vertex -45.6 -9.7375 10
      vertex -45.6 -5.90002 10.2847
    endloop
  endfacet
  facet normal 1 0 0
    outer loop
      vertex -45.6 2.11513 9.45
      vertex -45.6 6.20987 9.45
      vertex -45.6 2.17877 9.57905
    endloop
  endfacet
  facet normal 1 0 0
    outer loop
      vertex -45.6 6.28981 5.66964
      vertex -45.6 2.25309 5.14358
      vertex -45.6 2.2625 5
    endloop
  endfacet
  facet normal 1 0 0
    outer loop
      vertex -45.6 6.20987 9.45
      vertex -45.6 2.11513 9.45
      vertex -45.6 6.28981 9.33036
    endloop
  endfacet
  facet normal 1 0 0
    outer loop
      vertex -45.6 6.28981 5.66964
      vertex -45.6 2.22502 5.2847
      vertex -45.6 2.25309 5.14358
    endloop
  endfacet
  facet normal 1 0 0
    outer loop
      vertex -45.6 2.03519 9.33036
      vertex -45.6 6.28981 9.33036
      vertex -45.6 2.11513 9.45
    endloop
  endfacet
  facet normal 1 0 0
    outer loop
      vertex -45.6 6.28981 5.66964
      vertex -45.6 2.17877 5.42095
      vertex -45.6 2.22502 5.2847
    endloop
  endfacet
  facet normal 1 0 0
    outer loop
      vertex -45.6 6.28981 9.33036
      vertex -45.6 2.03519 9.33036
      vertex -45.6 6.28981 5.66964
    endloop
  endfacet
  facet normal 1 0 0
    outer loop
      vertex -45.6 6.28981 5.66964
      vertex -45.6 2.11513 5.55
      vertex -45.6 2.17877 5.42095
    endloop
  endfacet
  facet normal 1 0 0
    outer loop
      vertex -45.6 2.03519 5.66964
      vertex -45.6 6.28981 5.66964
      vertex -45.6 2.03519 9.33036
    endloop
  endfacet
  facet normal 1 0 0
    outer loop
      vertex -45.6 6.28981 5.66964
      vertex -45.6 2.03519 5.66964
      vertex -45.6 2.11513 5.55
    endloop
  endfacet
  facet normal 1 -0 0
    outer loop
      vertex -45.6 1.94032 9.22218
      vertex -45.6 2.03519 5.66964
      vertex -45.6 2.03519 9.33036
    endloop
  endfacet
  facet normal 1 0 0
    outer loop
      vertex -45.6 1.94032 9.22218
      vertex -45.6 1.94032 5.77782
      vertex -45.6 2.03519 5.66964
    endloop
  endfacet
  facet normal 1 -0 0
    outer loop
      vertex -45.6 1.83214 9.12731
      vertex -45.6 1.94032 5.77782
      vertex -45.6 1.94032 9.22218
    endloop
  endfacet
  facet normal 1 0 0
    outer loop
      vertex -45.6 1.83214 9.12731
      vertex -45.6 1.83214 5.87269
      vertex -45.6 1.94032 5.77782
    endloop
  endfacet
  facet normal 1 -0 0
    outer loop
      vertex -45.6 1.7125 9.04737
      vertex -45.6 1.83214 5.87269
      vertex -45.6 1.83214 9.12731
    endloop
  endfacet
  facet normal 1 0 0
    outer loop
      vertex -45.6 1.7125 9.04737
      vertex -45.6 1.7125 5.95263
      vertex -45.6 1.83214 5.87269
    endloop
  endfacet
  facet normal 1 -0 0
    outer loop
      vertex -45.6 1.58345 8.98373
      vertex -45.6 1.7125 5.95263
      vertex -45.6 1.7125 9.04737
    endloop
  endfacet
  facet normal 1 0 0
    outer loop
      vertex -45.6 1.58345 8.98373
      vertex -45.6 1.58345 6.01627
      vertex -45.6 1.7125 5.95263
    endloop
  endfacet
  facet normal 1 -0 0
    outer loop
      vertex -45.6 1.4472 8.93748
      vertex -45.6 1.58345 6.01627
      vertex -45.6 1.58345 8.98373
    endloop
  endfacet
  facet normal 1 0 0
    outer loop
      vertex -45.6 1.4472 8.93748
      vertex -45.6 1.4472 6.06252
      vertex -45.6 1.58345 6.01627
    endloop
  endfacet
  facet normal 1 -0 0
    outer loop
      vertex -45.6 1.30608 8.90941
      vertex -45.6 1.4472 6.06252
      vertex -45.6 1.4472 8.93748
    endloop
  endfacet
  facet normal 1 0 0
    outer loop
      vertex -45.6 1.30608 8.90941
      vertex -45.6 1.30608 6.09059
      vertex -45.6 1.4472 6.06252
    endloop
  endfacet
  facet normal 1 -0 0
    outer loop
      vertex -45.6 1.1625 8.9
      vertex -45.6 1.30608 6.09059
      vertex -45.6 1.30608 8.90941
    endloop
  endfacet
  facet normal 1 0 0
    outer loop
      vertex -45.6 1.1625 8.9
      vertex -45.6 1.1625 6.1
      vertex -45.6 1.30608 6.09059
    endloop
  endfacet
  facet normal 1 0 0
    outer loop
      vertex -45.6 1.01892 8.90941
      vertex -45.6 1.1625 6.1
      vertex -45.6 1.1625 8.9
    endloop
  endfacet
  facet normal 1 0 0
    outer loop
      vertex -45.6 1.01892 8.90941
      vertex -45.6 1.01892 6.09059
      vertex -45.6 1.1625 6.1
    endloop
  endfacet
  facet normal 1 0 0
    outer loop
      vertex -45.6 0.877799 8.93748
      vertex -45.6 1.01892 6.09059
      vertex -45.6 1.01892 8.90941
    endloop
  endfacet
  facet normal 1 0 0
    outer loop
      vertex -45.6 0.877799 8.93748
      vertex -45.6 0.877799 6.06252
      vertex -45.6 1.01892 6.09059
    endloop
  endfacet
  facet normal 1 0 0
    outer loop
      vertex -45.6 0.741548 8.98373
      vertex -45.6 0.877799 6.06252
      vertex -45.6 0.877799 8.93748
    endloop
  endfacet
  facet normal 1 0 0
    outer loop
      vertex -45.6 0.741548 8.98373
      vertex -45.6 0.741548 6.01627
      vertex -45.6 0.877799 6.06252
    endloop
  endfacet
  facet normal 1 0 0
    outer loop
      vertex -45.6 0.612499 9.04737
      vertex -45.6 0.741548 6.01627
      vertex -45.6 0.741548 8.98373
    endloop
  endfacet
  facet normal 1 0 0
    outer loop
      vertex -45.6 0.612499 9.04737
      vertex -45.6 0.612499 5.95263
      vertex -45.6 0.741548 6.01627
    endloop
  endfacet
  facet normal 1 0 0
    outer loop
      vertex -45.6 0.492862 9.12731
      vertex -45.6 0.612499 5.95263
      vertex -45.6 0.612499 9.04737
    endloop
  endfacet
  facet normal 1 0 0
    outer loop
      vertex -45.6 0.492862 9.12731
      vertex -45.6 0.492862 5.87269
      vertex -45.6 0.612499 5.95263
    endloop
  endfacet
  facet normal 1 0 0
    outer loop
      vertex -45.6 0.384682 9.22218
      vertex -45.6 0.492862 5.87269
      vertex -45.6 0.492862 9.12731
    endloop
  endfacet
  facet normal 1 0 0
    outer loop
      vertex -45.6 0.384682 9.22218
      vertex -45.6 0.384682 5.77782
      vertex -45.6 0.492862 5.87269
    endloop
  endfacet
  facet normal 1 0 0
    outer loop
      vertex -45.6 0.289811 9.33036
      vertex -45.6 0.384682 5.77782
      vertex -45.6 0.384682 9.22218
    endloop
  endfacet
  facet normal 1 0 0
    outer loop
      vertex -45.6 0.289811 9.33036
      vertex -45.6 0.289811 5.66964
      vertex -45.6 0.384682 5.77782
    endloop
  endfacet
  facet normal 1 0 0
    outer loop
      vertex -45.6 0.0999813 9.7153
      vertex -45.6 -3.77498 9.7153
      vertex -45.6 0.146232 9.57905
    endloop
  endfacet
  facet normal 1 0 0
    outer loop
      vertex -45.6 -3.82123 9.57905
      vertex -45.6 0.146232 9.57905
      vertex -45.6 -3.77498 9.7153
    endloop
  endfacet
  facet normal 1 0 0
    outer loop
      vertex -45.6 -3.77498 9.7153
      vertex -45.6 0.0999813 9.7153
      vertex -45.6 -3.74691 9.85642
    endloop
  endfacet
  facet normal 1 0 0
    outer loop
      vertex -45.6 0.146232 9.57905
      vertex -45.6 -3.82123 9.57905
      vertex -45.6 0.209871 9.45
    endloop
  endfacet
  facet normal 1 0 0
    outer loop
      vertex -45.6 0.0719099 9.85642
      vertex -45.6 -3.74691 9.85642
      vertex -45.6 0.0999813 9.7153
    endloop
  endfacet
  facet normal 1 0 0
    outer loop
      vertex -45.6 0.289811 5.66964
      vertex -45.6 -3.7375 5
      vertex -45.6 0.209871 5.55
    endloop
  endfacet
  facet normal 1 0 0
    outer loop
      vertex -45.6 -3.74691 9.85642
      vertex -45.6 0.0719099 9.85642
      vertex -45.6 -3.7375 10
    endloop
  endfacet
  facet normal 1 0 0
    outer loop
      vertex -45.6 0.209871 5.55
      vertex -45.6 -3.7375 5
      vertex -45.6 0.146232 5.42095
    endloop
  endfacet
  facet normal 1 -0 0
    outer loop
      vertex -45.6 -3.7375 10
      vertex -45.6 0.0719099 9.85642
      vertex -45.6 0.0625 10
    endloop
  endfacet
  facet normal 1 0 0
    outer loop
      vertex -45.6 0.146232 5.42095
      vertex -45.6 -3.7375 5
      vertex -45.6 0.0999813 5.2847
    endloop
  endfacet
  facet normal 1 0 0
    outer loop
      vertex -45.6 2.11513 14.45
      vertex -45.6 6.20987 14.45
      vertex -45.6 2.17877 14.579
    endloop
  endfacet
  facet normal 1 0 0
    outer loop
      vertex -45.6 6.28981 10.6696
      vertex -45.6 2.25309 10.1436
      vertex -45.6 2.2625 10
    endloop
  endfacet
  facet normal 1 0 0
    outer loop
      vertex -45.6 6.20987 14.45
      vertex -45.6 2.11513 14.45
      vertex -45.6 6.28981 14.3304
    endloop
  endfacet
  facet normal 1 0 0
    outer loop
      vertex -45.6 6.28981 10.6696
      vertex -45.6 2.22502 10.2847
      vertex -45.6 2.25309 10.1436
    endloop
  endfacet
  facet normal 1 0 0
    outer loop
      vertex -45.6 2.03519 14.3304
      vertex -45.6 6.28981 14.3304
      vertex -45.6 2.11513 14.45
    endloop
  endfacet
  facet normal 1 0 0
    outer loop
      vertex -45.6 6.28981 10.6696
      vertex -45.6 2.17877 10.421
      vertex -45.6 2.22502 10.2847
    endloop
  endfacet
  facet normal 1 0 0
    outer loop
      vertex -45.6 6.28981 14.3304
      vertex -45.6 2.03519 14.3304
      vertex -45.6 6.28981 10.6696
    endloop
  endfacet
  facet normal 1 0 0
    outer loop
      vertex -45.6 6.28981 10.6696
      vertex -45.6 2.11513 10.55
      vertex -45.6 2.17877 10.421
    endloop
  endfacet
  facet normal 1 0 0
    outer loop
      vertex -45.6 2.03519 10.6696
      vertex -45.6 6.28981 10.6696
      vertex -45.6 2.03519 14.3304
    endloop
  endfacet
  facet normal 1 0 0
    outer loop
      vertex -45.6 6.28981 10.6696
      vertex -45.6 2.03519 10.6696
      vertex -45.6 2.11513 10.55
    endloop
  endfacet
  facet normal 1 -0 0
    outer loop
      vertex -45.6 1.94032 14.2222
      vertex -45.6 2.03519 10.6696
      vertex -45.6 2.03519 14.3304
    endloop
  endfacet
  facet normal 1 0 0
    outer loop
      vertex -45.6 1.94032 14.2222
      vertex -45.6 1.94032 10.7778
      vertex -45.6 2.03519 10.6696
    endloop
  endfacet
  facet normal 1 -0 0
    outer loop
      vertex -45.6 1.83214 14.1273
      vertex -45.6 1.94032 10.7778
      vertex -45.6 1.94032 14.2222
    endloop
  endfacet
  facet normal 1 0 0
    outer loop
      vertex -45.6 1.83214 14.1273
      vertex -45.6 1.83214 10.8727
      vertex -45.6 1.94032 10.7778
    endloop
  endfacet
  facet normal 1 -0 0
    outer loop
      vertex -45.6 1.7125 14.0474
      vertex -45.6 1.83214 10.8727
      vertex -45.6 1.83214 14.1273
    endloop
  endfacet
  facet normal 1 0 0
    outer loop
      vertex -45.6 1.7125 14.0474
      vertex -45.6 1.7125 10.9526
      vertex -45.6 1.83214 10.8727
    endloop
  endfacet
  facet normal 1 -0 0
    outer loop
      vertex -45.6 1.58345 13.9837
      vertex -45.6 1.7125 10.9526
      vertex -45.6 1.7125 14.0474
    endloop
  endfacet
  facet normal 1 0 0
    outer loop
      vertex -45.6 1.58345 13.9837
      vertex -45.6 1.58345 11.0163
      vertex -45.6 1.7125 10.9526
    endloop
  endfacet
  facet normal 1 -0 0
    outer loop
      vertex -45.6 1.4472 13.9375
      vertex -45.6 1.58345 11.0163
      vertex -45.6 1.58345 13.9837
    endloop
  endfacet
  facet normal 1 0 0
    outer loop
      vertex -45.6 1.4472 13.9375
      vertex -45.6 1.4472 11.0625
      vertex -45.6 1.58345 11.0163
    endloop
  endfacet
  facet normal 1 -0 0
    outer loop
      vertex -45.6 1.30608 13.9094
      vertex -45.6 1.4472 11.0625
      vertex -45.6 1.4472 13.9375
    endloop
  endfacet
  facet normal 1 0 0
    outer loop
      vertex -45.6 1.30608 13.9094
      vertex -45.6 1.30608 11.0906
      vertex -45.6 1.4472 11.0625
    endloop
  endfacet
  facet normal 1 -0 0
    outer loop
      vertex -45.6 1.1625 13.9
      vertex -45.6 1.30608 11.0906
      vertex -45.6 1.30608 13.9094
    endloop
  endfacet
  facet normal 1 0 0
    outer loop
      vertex -45.6 1.1625 13.9
      vertex -45.6 1.1625 11.1
      vertex -45.6 1.30608 11.0906
    endloop
  endfacet
  facet normal 1 0 0
    outer loop
      vertex -45.6 1.01892 13.9094
      vertex -45.6 1.1625 11.1
      vertex -45.6 1.1625 13.9
    endloop
  endfacet
  facet normal 1 0 0
    outer loop
      vertex -45.6 1.01892 13.9094
      vertex -45.6 1.01892 11.0906
      vertex -45.6 1.1625 11.1
    endloop
  endfacet
  facet normal 1 0 0
    outer loop
      vertex -45.6 0.877799 13.9375
      vertex -45.6 1.01892 11.0906
      vertex -45.6 1.01892 13.9094
    endloop
  endfacet
  facet normal 1 0 0
    outer loop
      vertex -45.6 0.877799 13.9375
      vertex -45.6 0.877799 11.0625
      vertex -45.6 1.01892 11.0906
    endloop
  endfacet
  facet normal 1 0 0
    outer loop
      vertex -45.6 0.741548 13.9837
      vertex -45.6 0.877799 11.0625
      vertex -45.6 0.877799 13.9375
    endloop
  endfacet
  facet normal 1 0 0
    outer loop
      vertex -45.6 0.741548 13.9837
      vertex -45.6 0.741548 11.0163
      vertex -45.6 0.877799 11.0625
    endloop
  endfacet
  facet normal 1 0 0
    outer loop
      vertex -45.6 0.612499 14.0474
      vertex -45.6 0.741548 11.0163
      vertex -45.6 0.741548 13.9837
    endloop
  endfacet
  facet normal 1 0 0
    outer loop
      vertex -45.6 0.612499 14.0474
      vertex -45.6 0.612499 10.9526
      vertex -45.6 0.741548 11.0163
    endloop
  endfacet
  facet normal 1 0 0
    outer loop
      vertex -45.6 0.492862 14.1273
      vertex -45.6 0.612499 10.9526
      vertex -45.6 0.612499 14.0474
    endloop
  endfacet
  facet normal 1 0 0
    outer loop
      vertex -45.6 0.492862 14.1273
      vertex -45.6 0.492862 10.8727
      vertex -45.6 0.612499 10.9526
    endloop
  endfacet
  facet normal 1 0 0
    outer loop
      vertex -45.6 0.384682 14.2222
      vertex -45.6 0.492862 10.8727
      vertex -45.6 0.492862 14.1273
    endloop
  endfacet
  facet normal 1 0 0
    outer loop
      vertex -45.6 0.384682 14.2222
      vertex -45.6 0.384682 10.7778
      vertex -45.6 0.492862 10.8727
    endloop
  endfacet
  facet normal 1 0 0
    outer loop
      vertex -45.6 0.289811 14.3304
      vertex -45.6 0.384682 10.7778
      vertex -45.6 0.384682 14.2222
    endloop
  endfacet
  facet normal 1 0 0
    outer loop
      vertex -45.6 0.289811 14.3304
      vertex -45.6 0.289811 10.6696
      vertex -45.6 0.384682 10.7778
    endloop
  endfacet
  facet normal 1 0 0
    outer loop
      vertex -45.6 0.0999813 14.7153
      vertex -45.6 -3.77498 14.7153
      vertex -45.6 0.146232 14.579
    endloop
  endfacet
  facet normal 1 0 0
    outer loop
      vertex -45.6 -3.82123 14.579
      vertex -45.6 0.146232 14.579
      vertex -45.6 -3.77498 14.7153
    endloop
  endfacet
  facet normal 1 0 0
    outer loop
      vertex -45.6 -3.77498 14.7153
      vertex -45.6 0.0999813 14.7153
      vertex -45.6 -3.74691 14.8564
    endloop
  endfacet
  facet normal 1 0 0
    outer loop
      vertex -45.6 0.146232 14.579
      vertex -45.6 -3.82123 14.579
      vertex -45.6 0.209871 14.45
    endloop
  endfacet
  facet normal 1 0 0
    outer loop
      vertex -45.6 0.0719099 14.8564
      vertex -45.6 -3.74691 14.8564
      vertex -45.6 0.0999813 14.7153
    endloop
  endfacet
  facet normal 1 0 0
    outer loop
      vertex -45.6 0.289811 10.6696
      vertex -45.6 -3.7375 10
      vertex -45.6 0.209871 10.55
    endloop
  endfacet
  facet normal 1 0 0
    outer loop
      vertex -45.6 -3.74691 14.8564
      vertex -45.6 0.0719099 14.8564
      vertex -45.6 -3.7375 15
    endloop
  endfacet
  facet normal 1 0 0
    outer loop
      vertex -45.6 0.209871 10.55
      vertex -45.6 -3.7375 10
      vertex -45.6 0.146232 10.421
    endloop
  endfacet
  facet normal 1 -0 0
    outer loop
      vertex -45.6 -3.7375 15
      vertex -45.6 0.0719099 14.8564
      vertex -45.6 0.0625 15
    endloop
  endfacet
  facet normal 1 0 0
    outer loop
      vertex -45.6 0.146232 10.421
      vertex -45.6 -3.7375 10
      vertex -45.6 0.0999813 10.2847
    endloop
  endfacet
  facet normal 1 0 0
    outer loop
      vertex -45.6 8.11513 9.45
      vertex -45.6 12.2099 9.45
      vertex -45.6 8.17877 9.57905
    endloop
  endfacet
  facet normal 1 0 0
    outer loop
      vertex -45.6 12.2898 5.66964
      vertex -45.6 8.25309 5.14358
      vertex -45.6 8.2625 5
    endloop
  endfacet
  facet normal 1 0 0
    outer loop
      vertex -45.6 12.2099 9.45
      vertex -45.6 8.11513 9.45
      vertex -45.6 12.2898 9.33036
    endloop
  endfacet
  facet normal 1 0 0
    outer loop
      vertex -45.6 12.2898 5.66964
      vertex -45.6 8.22502 5.2847
      vertex -45.6 8.25309 5.14358
    endloop
  endfacet
  facet normal 1 0 0
    outer loop
      vertex -45.6 8.03519 9.33036
      vertex -45.6 12.2898 9.33036
      vertex -45.6 8.11513 9.45
    endloop
  endfacet
  facet normal 1 0 0
    outer loop
      vertex -45.6 12.2898 5.66964
      vertex -45.6 8.17877 5.42095
      vertex -45.6 8.22502 5.2847
    endloop
  endfacet
  facet normal 1 0 0
    outer loop
      vertex -45.6 12.2898 9.33036
      vertex -45.6 8.03519 9.33036
      vertex -45.6 12.2898 5.66964
    endloop
  endfacet
  facet normal 1 0 0
    outer loop
      vertex -45.6 12.2898 5.66964
      vertex -45.6 8.11513 5.55
      vertex -45.6 8.17877 5.42095
    endloop
  endfacet
  facet normal 1 0 0
    outer loop
      vertex -45.6 8.03519 5.66964
      vertex -45.6 12.2898 5.66964
      vertex -45.6 8.03519 9.33036
    endloop
  endfacet
  facet normal 1 0 0
    outer loop
      vertex -45.6 12.2898 5.66964
      vertex -45.6 8.03519 5.66964
      vertex -45.6 8.11513 5.55
    endloop
  endfacet
  facet normal 1 -0 0
    outer loop
      vertex -45.6 7.94032 9.22218
      vertex -45.6 8.03519 5.66964
      vertex -45.6 8.03519 9.33036
    endloop
  endfacet
  facet normal 1 0 0
    outer loop
      vertex -45.6 7.94032 9.22218
      vertex -45.6 7.94032 5.77782
      vertex -45.6 8.03519 5.66964
    endloop
  endfacet
  facet normal 1 -0 0
    outer loop
      vertex -45.6 7.83214 9.12731
      vertex -45.6 7.94032 5.77782
      vertex -45.6 7.94032 9.22218
    endloop
  endfacet
  facet normal 1 0 0
    outer loop
      vertex -45.6 7.83214 9.12731
      vertex -45.6 7.83214 5.87269
      vertex -45.6 7.94032 5.77782
    endloop
  endfacet
  facet normal 1 -0 0
    outer loop
      vertex -45.6 7.7125 9.04737
      vertex -45.6 7.83214 5.87269
      vertex -45.6 7.83214 9.12731
    endloop
  endfacet
  facet normal 1 0 0
    outer loop
      vertex -45.6 7.7125 9.04737
      vertex -45.6 7.7125 5.95263
      vertex -45.6 7.83214 5.87269
    endloop
  endfacet
  facet normal 1 -0 0
    outer loop
      vertex -45.6 7.58345 8.98373
      vertex -45.6 7.7125 5.95263
      vertex -45.6 7.7125 9.04737
    endloop
  endfacet
  facet normal 1 0 0
    outer loop
      vertex -45.6 7.58345 8.98373
      vertex -45.6 7.58345 6.01627
      vertex -45.6 7.7125 5.95263
    endloop
  endfacet
  facet normal 1 -0 0
    outer loop
      vertex -45.6 7.4472 8.93748
      vertex -45.6 7.58345 6.01627
      vertex -45.6 7.58345 8.98373
    endloop
  endfacet
  facet normal 1 0 0
    outer loop
      vertex -45.6 7.4472 8.93748
      vertex -45.6 7.4472 6.06252
      vertex -45.6 7.58345 6.01627
    endloop
  endfacet
  facet normal 1 -0 0
    outer loop
      vertex -45.6 7.30608 8.90941
      vertex -45.6 7.4472 6.06252
      vertex -45.6 7.4472 8.93748
    endloop
  endfacet
  facet normal 1 0 0
    outer loop
      vertex -45.6 7.30608 8.90941
      vertex -45.6 7.30608 6.09059
      vertex -45.6 7.4472 6.06252
    endloop
  endfacet
  facet normal 1 -0 0
    outer loop
      vertex -45.6 7.1625 8.9
      vertex -45.6 7.30608 6.09059
      vertex -45.6 7.30608 8.90941
    endloop
  endfacet
  facet normal 1 0 0
    outer loop
      vertex -45.6 7.1625 8.9
      vertex -45.6 7.1625 6.1
      vertex -45.6 7.30608 6.09059
    endloop
  endfacet
  facet normal 1 0 0
    outer loop
      vertex -45.6 7.01892 8.90941
      vertex -45.6 7.1625 6.1
      vertex -45.6 7.1625 8.9
    endloop
  endfacet
  facet normal 1 0 0
    outer loop
      vertex -45.6 7.01892 8.90941
      vertex -45.6 7.01892 6.09059
      vertex -45.6 7.1625 6.1
    endloop
  endfacet
  facet normal 1 0 0
    outer loop
      vertex -45.6 6.8778 8.93748
      vertex -45.6 7.01892 6.09059
      vertex -45.6 7.01892 8.90941
    endloop
  endfacet
  facet normal 1 0 0
    outer loop
      vertex -45.6 6.8778 8.93748
      vertex -45.6 6.8778 6.06252
      vertex -45.6 7.01892 6.09059
    endloop
  endfacet
  facet normal 1 0 0
    outer loop
      vertex -45.6 6.74155 8.98373
      vertex -45.6 6.8778 6.06252
      vertex -45.6 6.8778 8.93748
    endloop
  endfacet
  facet normal 1 0 0
    outer loop
      vertex -45.6 6.74155 8.98373
      vertex -45.6 6.74155 6.01627
      vertex -45.6 6.8778 6.06252
    endloop
  endfacet
  facet normal 1 0 0
    outer loop
      vertex -45.6 6.6125 9.04737
      vertex -45.6 6.74155 6.01627
      vertex -45.6 6.74155 8.98373
    endloop
  endfacet
  facet normal 1 0 0
    outer loop
      vertex -45.6 6.6125 9.04737
      vertex -45.6 6.6125 5.95263
      vertex -45.6 6.74155 6.01627
    endloop
  endfacet
  facet normal 1 0 0
    outer loop
      vertex -45.6 6.49286 9.12731
      vertex -45.6 6.6125 5.95263
      vertex -45.6 6.6125 9.04737
    endloop
  endfacet
  facet normal 1 0 0
    outer loop
      vertex -45.6 6.49286 9.12731
      vertex -45.6 6.49286 5.87269
      vertex -45.6 6.6125 5.95263
    endloop
  endfacet
  facet normal 1 0 0
    outer loop
      vertex -45.6 6.38468 9.22218
      vertex -45.6 6.49286 5.87269
      vertex -45.6 6.49286 9.12731
    endloop
  endfacet
  facet normal 1 0 0
    outer loop
      vertex -45.6 6.38468 9.22218
      vertex -45.6 6.38468 5.77782
      vertex -45.6 6.49286 5.87269
    endloop
  endfacet
  facet normal 1 0 0
    outer loop
      vertex -45.6 6.28981 9.33036
      vertex -45.6 6.38468 5.77782
      vertex -45.6 6.38468 9.22218
    endloop
  endfacet
  facet normal 1 0 0
    outer loop
      vertex -45.6 6.28981 9.33036
      vertex -45.6 6.28981 5.66964
      vertex -45.6 6.38468 5.77782
    endloop
  endfacet
  facet normal 1 0 0
    outer loop
      vertex -45.6 6.09998 9.7153
      vertex -45.6 2.22502 9.7153
      vertex -45.6 6.14623 9.57905
    endloop
  endfacet
  facet normal 1 0 0
    outer loop
      vertex -45.6 2.17877 9.57905
      vertex -45.6 6.14623 9.57905
      vertex -45.6 2.22502 9.7153
    endloop
  endfacet
  facet normal 1 0 0
    outer loop
      vertex -45.6 2.22502 9.7153
      vertex -45.6 6.09998 9.7153
      vertex -45.6 2.25309 9.85642
    endloop
  endfacet
  facet normal 1 0 0
    outer loop
      vertex -45.6 6.14623 9.57905
      vertex -45.6 2.17877 9.57905
      vertex -45.6 6.20987 9.45
    endloop
  endfacet
  facet normal 1 0 0
    outer loop
      vertex -45.6 6.07191 9.85642
      vertex -45.6 2.25309 9.85642
      vertex -45.6 6.09998 9.7153
    endloop
  endfacet
  facet normal 1 0 0
    outer loop
      vertex -45.6 6.28981 5.66964
      vertex -45.6 2.2625 5
      vertex -45.6 6.20987 5.55
    endloop
  endfacet
  facet normal 1 0 0
    outer loop
      vertex -45.6 2.25309 9.85642
      vertex -45.6 6.07191 9.85642
      vertex -45.6 2.2625 10
    endloop
  endfacet
  facet normal 1 0 0
    outer loop
      vertex -45.6 6.20987 5.55
      vertex -45.6 2.2625 5
      vertex -45.6 6.14623 5.42095
    endloop
  endfacet
  facet normal 1 -0 0
    outer loop
      vertex -45.6 2.2625 10
      vertex -45.6 6.07191 9.85642
      vertex -45.6 6.0625 10
    endloop
  endfacet
  facet normal 1 0 0
    outer loop
      vertex -45.6 6.14623 5.42095
      vertex -45.6 2.2625 5
      vertex -45.6 6.09998 5.2847
    endloop
  endfacet
  facet normal 1 0 0
    outer loop
      vertex -45.6 8.11513 14.45
      vertex -45.6 12.2099 14.45
      vertex -45.6 8.17877 14.579
    endloop
  endfacet
  facet normal 1 0 0
    outer loop
      vertex -45.6 12.2898 10.6696
      vertex -45.6 8.25309 10.1436
      vertex -45.6 8.2625 10
    endloop
  endfacet
  facet normal 1 0 0
    outer loop
      vertex -45.6 12.2099 14.45
      vertex -45.6 8.11513 14.45
      vertex -45.6 12.2898 14.3304
    endloop
  endfacet
  facet normal 1 0 0
    outer loop
      vertex -45.6 12.2898 10.6696
      vertex -45.6 8.22502 10.2847
      vertex -45.6 8.25309 10.1436
    endloop
  endfacet
  facet normal 1 0 0
    outer loop
      vertex -45.6 8.03519 14.3304
      vertex -45.6 12.2898 14.3304
      vertex -45.6 8.11513 14.45
    endloop
  endfacet
  facet normal 1 0 0
    outer loop
      vertex -45.6 12.2898 10.6696
      vertex -45.6 8.17877 10.421
      vertex -45.6 8.22502 10.2847
    endloop
  endfacet
  facet normal 1 0 0
    outer loop
      vertex -45.6 12.2898 14.3304
      vertex -45.6 8.03519 14.3304
      vertex -45.6 12.2898 10.6696
    endloop
  endfacet
  facet normal 1 0 0
    outer loop
      vertex -45.6 12.2898 10.6696
      vertex -45.6 8.11513 10.55
      vertex -45.6 8.17877 10.421
    endloop
  endfacet
  facet normal 1 0 0
    outer loop
      vertex -45.6 8.03519 10.6696
      vertex -45.6 12.2898 10.6696
      vertex -45.6 8.03519 14.3304
    endloop
  endfacet
  facet normal 1 0 0
    outer loop
      vertex -45.6 12.2898 10.6696
      vertex -45.6 8.03519 10.6696
      vertex -45.6 8.11513 10.55
    endloop
  endfacet
  facet normal 1 -0 0
    outer loop
      vertex -45.6 7.94032 14.2222
      vertex -45.6 8.03519 10.6696
      vertex -45.6 8.03519 14.3304
    endloop
  endfacet
  facet normal 1 0 0
    outer loop
      vertex -45.6 7.94032 14.2222
      vertex -45.6 7.94032 10.7778
      vertex -45.6 8.03519 10.6696
    endloop
  endfacet
  facet normal 1 -0 0
    outer loop
      vertex -45.6 7.83214 14.1273
      vertex -45.6 7.94032 10.7778
      vertex -45.6 7.94032 14.2222
    endloop
  endfacet
  facet normal 1 0 0
    outer loop
      vertex -45.6 7.83214 14.1273
      vertex -45.6 7.83214 10.8727
      vertex -45.6 7.94032 10.7778
    endloop
  endfacet
  facet normal 1 -0 0
    outer loop
      vertex -45.6 7.7125 14.0474
      vertex -45.6 7.83214 10.8727
      vertex -45.6 7.83214 14.1273
    endloop
  endfacet
  facet normal 1 0 0
    outer loop
      vertex -45.6 7.7125 14.0474
      vertex -45.6 7.7125 10.9526
      vertex -45.6 7.83214 10.8727
    endloop
  endfacet
  facet normal 1 -0 0
    outer loop
      vertex -45.6 7.58345 13.9837
      vertex -45.6 7.7125 10.9526
      vertex -45.6 7.7125 14.0474
    endloop
  endfacet
  facet normal 1 0 0
    outer loop
      vertex -45.6 7.58345 13.9837
      vertex -45.6 7.58345 11.0163
      vertex -45.6 7.7125 10.9526
    endloop
  endfacet
  facet normal 1 -0 0
    outer loop
      vertex -45.6 7.4472 13.9375
      vertex -45.6 7.58345 11.0163
      vertex -45.6 7.58345 13.9837
    endloop
  endfacet
  facet normal 1 0 0
    outer loop
      vertex -45.6 7.4472 13.9375
      vertex -45.6 7.4472 11.0625
      vertex -45.6 7.58345 11.0163
    endloop
  endfacet
  facet normal 1 -0 0
    outer loop
      vertex -45.6 7.30608 13.9094
      vertex -45.6 7.4472 11.0625
      vertex -45.6 7.4472 13.9375
    endloop
  endfacet
  facet normal 1 0 0
    outer loop
      vertex -45.6 7.30608 13.9094
      vertex -45.6 7.30608 11.0906
      vertex -45.6 7.4472 11.0625
    endloop
  endfacet
  facet normal 1 -0 0
    outer loop
      vertex -45.6 7.1625 13.9
      vertex -45.6 7.30608 11.0906
      vertex -45.6 7.30608 13.9094
    endloop
  endfacet
  facet normal 1 0 0
    outer loop
      vertex -45.6 7.1625 13.9
      vertex -45.6 7.1625 11.1
      vertex -45.6 7.30608 11.0906
    endloop
  endfacet
  facet normal 1 0 0
    outer loop
      vertex -45.6 7.01892 13.9094
      vertex -45.6 7.1625 11.1
      vertex -45.6 7.1625 13.9
    endloop
  endfacet
  facet normal 1 0 0
    outer loop
      vertex -45.6 7.01892 13.9094
      vertex -45.6 7.01892 11.0906
      vertex -45.6 7.1625 11.1
    endloop
  endfacet
  facet normal 1 0 0
    outer loop
      vertex -45.6 6.8778 13.9375
      vertex -45.6 7.01892 11.0906
      vertex -45.6 7.01892 13.9094
    endloop
  endfacet
  facet normal 1 0 0
    outer loop
      vertex -45.6 6.8778 13.9375
      vertex -45.6 6.8778 11.0625
      vertex -45.6 7.01892 11.0906
    endloop
  endfacet
  facet normal 1 0 0
    outer loop
      vertex -45.6 6.74155 13.9837
      vertex -45.6 6.8778 11.0625
      vertex -45.6 6.8778 13.9375
    endloop
  endfacet
  facet normal 1 0 0
    outer loop
      vertex -45.6 6.74155 13.9837
      vertex -45.6 6.74155 11.0163
      vertex -45.6 6.8778 11.0625
    endloop
  endfacet
  facet normal 1 0 0
    outer loop
      vertex -45.6 6.6125 14.0474
      vertex -45.6 6.74155 11.0163
      vertex -45.6 6.74155 13.9837
    endloop
  endfacet
  facet normal 1 0 0
    outer loop
      vertex -45.6 6.6125 14.0474
      vertex -45.6 6.6125 10.9526
      vertex -45.6 6.74155 11.0163
    endloop
  endfacet
  facet normal 1 0 0
    outer loop
      vertex -45.6 6.49286 14.1273
      vertex -45.6 6.6125 10.9526
      vertex -45.6 6.6125 14.0474
    endloop
  endfacet
  facet normal 1 0 0
    outer loop
      vertex -45.6 6.49286 14.1273
      vertex -45.6 6.49286 10.8727
      vertex -45.6 6.6125 10.9526
    endloop
  endfacet
  facet normal 1 0 0
    outer loop
      vertex -45.6 6.38468 14.2222
      vertex -45.6 6.49286 10.8727
      vertex -45.6 6.49286 14.1273
    endloop
  endfacet
  facet normal 1 0 0
    outer loop
      vertex -45.6 6.38468 14.2222
      vertex -45.6 6.38468 10.7778
      vertex -45.6 6.49286 10.8727
    endloop
  endfacet
  facet normal 1 0 0
    outer loop
      vertex -45.6 6.28981 14.3304
      vertex -45.6 6.38468 10.7778
      vertex -45.6 6.38468 14.2222
    endloop
  endfacet
  facet normal 1 0 0
    outer loop
      vertex -45.6 6.28981 14.3304
      vertex -45.6 6.28981 10.6696
      vertex -45.6 6.38468 10.7778
    endloop
  endfacet
  facet normal 1 0 0
    outer loop
      vertex -45.6 6.09998 14.7153
      vertex -45.6 2.22502 14.7153
      vertex -45.6 6.14623 14.579
    endloop
  endfacet
  facet normal 1 0 0
    outer loop
      vertex -45.6 2.17877 14.579
      vertex -45.6 6.14623 14.579
      vertex -45.6 2.22502 14.7153
    endloop
  endfacet
  facet normal 1 0 0
    outer loop
      vertex -45.6 2.22502 14.7153
      vertex -45.6 6.09998 14.7153
      vertex -45.6 2.25309 14.8564
    endloop
  endfacet
  facet normal 1 0 0
    outer loop
      vertex -45.6 6.14623 14.579
      vertex -45.6 2.17877 14.579
      vertex -45.6 6.20987 14.45
    endloop
  endfacet
  facet normal 1 0 0
    outer loop
      vertex -45.6 6.07191 14.8564
      vertex -45.6 2.25309 14.8564
      vertex -45.6 6.09998 14.7153
    endloop
  endfacet
  facet normal 1 0 0
    outer loop
      vertex -45.6 6.28981 10.6696
      vertex -45.6 2.2625 10
      vertex -45.6 6.20987 10.55
    endloop
  endfacet
  facet normal 1 0 0
    outer loop
      vertex -45.6 2.25309 14.8564
      vertex -45.6 6.07191 14.8564
      vertex -45.6 2.2625 15
    endloop
  endfacet
  facet normal 1 0 0
    outer loop
      vertex -45.6 6.20987 10.55
      vertex -45.6 2.2625 10
      vertex -45.6 6.14623 10.421
    endloop
  endfacet
  facet normal 1 -0 0
    outer loop
      vertex -45.6 2.2625 15
      vertex -45.6 6.07191 14.8564
      vertex -45.6 6.0625 15
    endloop
  endfacet
  facet normal 1 0 0
    outer loop
      vertex -45.6 6.14623 10.421
      vertex -45.6 2.2625 10
      vertex -45.6 6.09998 10.2847
    endloop
  endfacet
  facet normal 1 -0 0
    outer loop
      vertex -45.6 14.225 9.7153
      vertex -45.6 27.5 2.4
      vertex -45.6 14.2531 9.85642
    endloop
  endfacet
  facet normal 1 0 0
    outer loop
      vertex -45.6 27.5 2.4
      vertex -45.6 14.2531 5.14358
      vertex -45.6 14.2625 5
    endloop
  endfacet
  facet normal 1 -0 0
    outer loop
      vertex -45.6 14.225 5.2847
      vertex -45.6 27.5 2.4
      vertex -45.6 14.225 9.7153
    endloop
  endfacet
  facet normal 1 0 0
    outer loop
      vertex -45.6 27.5 2.4
      vertex -45.6 14.225 5.2847
      vertex -45.6 14.2531 5.14358
    endloop
  endfacet
  facet normal 1 -0 0
    outer loop
      vertex -45.6 14.1788 9.57905
      vertex -45.6 14.225 5.2847
      vertex -45.6 14.225 9.7153
    endloop
  endfacet
  facet normal 1 0 0
    outer loop
      vertex -45.6 14.1788 9.57905
      vertex -45.6 14.1788 5.42095
      vertex -45.6 14.225 5.2847
    endloop
  endfacet
  facet normal 1 -0 0
    outer loop
      vertex -45.6 14.1151 9.45
      vertex -45.6 14.1788 5.42095
      vertex -45.6 14.1788 9.57905
    endloop
  endfacet
  facet normal 1 0 0
    outer loop
      vertex -45.6 14.1151 9.45
      vertex -45.6 14.1151 5.55
      vertex -45.6 14.1788 5.42095
    endloop
  endfacet
  facet normal 1 -0 0
    outer loop
      vertex -45.6 14.0352 9.33036
      vertex -45.6 14.1151 5.55
      vertex -45.6 14.1151 9.45
    endloop
  endfacet
  facet normal 1 0 0
    outer loop
      vertex -45.6 14.0352 9.33036
      vertex -45.6 14.0352 5.66964
      vertex -45.6 14.1151 5.55
    endloop
  endfacet
  facet normal 1 -0 0
    outer loop
      vertex -45.6 13.9403 9.22218
      vertex -45.6 14.0352 5.66964
      vertex -45.6 14.0352 9.33036
    endloop
  endfacet
  facet normal 1 0 0
    outer loop
      vertex -45.6 13.9403 9.22218
      vertex -45.6 13.9403 5.77782
      vertex -45.6 14.0352 5.66964
    endloop
  endfacet
  facet normal 1 -0 0
    outer loop
      vertex -45.6 13.8321 9.12731
      vertex -45.6 13.9403 5.77782
      vertex -45.6 13.9403 9.22218
    endloop
  endfacet
  facet normal 1 0 0
    outer loop
      vertex -45.6 13.8321 9.12731
      vertex -45.6 13.8321 5.87269
      vertex -45.6 13.9403 5.77782
    endloop
  endfacet
  facet normal 1 -0 0
    outer loop
      vertex -45.6 13.7125 9.04737
      vertex -45.6 13.8321 5.87269
      vertex -45.6 13.8321 9.12731
    endloop
  endfacet
  facet normal 1 0 0
    outer loop
      vertex -45.6 13.7125 9.04737
      vertex -45.6 13.7125 5.95263
      vertex -45.6 13.8321 5.87269
    endloop
  endfacet
  facet normal 1 -0 0
    outer loop
      vertex -45.6 13.5835 8.98373
      vertex -45.6 13.7125 5.95263
      vertex -45.6 13.7125 9.04737
    endloop
  endfacet
  facet normal 1 0 0
    outer loop
      vertex -45.6 13.5835 8.98373
      vertex -45.6 13.5835 6.01627
      vertex -45.6 13.7125 5.95263
    endloop
  endfacet
  facet normal 1 -0 0
    outer loop
      vertex -45.6 13.4472 8.93748
      vertex -45.6 13.5835 6.01627
      vertex -45.6 13.5835 8.98373
    endloop
  endfacet
  facet normal 1 0 0
    outer loop
      vertex -45.6 13.4472 8.93748
      vertex -45.6 13.4472 6.06252
      vertex -45.6 13.5835 6.01627
    endloop
  endfacet
  facet normal 1 -0 0
    outer loop
      vertex -45.6 13.3061 8.90941
      vertex -45.6 13.4472 6.06252
      vertex -45.6 13.4472 8.93748
    endloop
  endfacet
  facet normal 1 0 0
    outer loop
      vertex -45.6 13.3061 8.90941
      vertex -45.6 13.3061 6.09059
      vertex -45.6 13.4472 6.06252
    endloop
  endfacet
  facet normal 1 -0 0
    outer loop
      vertex -45.6 13.1625 8.9
      vertex -45.6 13.3061 6.09059
      vertex -45.6 13.3061 8.90941
    endloop
  endfacet
  facet normal 1 0 0
    outer loop
      vertex -45.6 13.1625 8.9
      vertex -45.6 13.1625 6.1
      vertex -45.6 13.3061 6.09059
    endloop
  endfacet
  facet normal 1 0 0
    outer loop
      vertex -45.6 13.0189 8.90941
      vertex -45.6 13.1625 6.1
      vertex -45.6 13.1625 8.9
    endloop
  endfacet
  facet normal 1 0 0
    outer loop
      vertex -45.6 13.0189 8.90941
      vertex -45.6 13.0189 6.09059
      vertex -45.6 13.1625 6.1
    endloop
  endfacet
  facet normal 1 0 0
    outer loop
      vertex -45.6 12.8778 8.93748
      vertex -45.6 13.0189 6.09059
      vertex -45.6 13.0189 8.90941
    endloop
  endfacet
  facet normal 1 0 0
    outer loop
      vertex -45.6 12.8778 8.93748
      vertex -45.6 12.8778 6.06252
      vertex -45.6 13.0189 6.09059
    endloop
  endfacet
  facet normal 1 0 0
    outer loop
      vertex -45.6 12.7415 8.98373
      vertex -45.6 12.8778 6.06252
      vertex -45.6 12.8778 8.93748
    endloop
  endfacet
  facet normal 1 0 0
    outer loop
      vertex -45.6 12.7415 8.98373
      vertex -45.6 12.7415 6.01627
      vertex -45.6 12.8778 6.06252
    endloop
  endfacet
  facet normal 1 0 0
    outer loop
      vertex -45.6 12.6125 9.04737
      vertex -45.6 12.7415 6.01627
      vertex -45.6 12.7415 8.98373
    endloop
  endfacet
  facet normal 1 0 0
    outer loop
      vertex -45.6 12.6125 9.04737
      vertex -45.6 12.6125 5.95263
      vertex -45.6 12.7415 6.01627
    endloop
  endfacet
  facet normal 1 0 0
    outer loop
      vertex -45.6 12.4929 9.12731
      vertex -45.6 12.6125 5.95263
      vertex -45.6 12.6125 9.04737
    endloop
  endfacet
  facet normal 1 0 0
    outer loop
      vertex -45.6 12.4929 9.12731
      vertex -45.6 12.4929 5.87269
      vertex -45.6 12.6125 5.95263
    endloop
  endfacet
  facet normal 1 0 0
    outer loop
      vertex -45.6 12.3847 9.22218
      vertex -45.6 12.4929 5.87269
      vertex -45.6 12.4929 9.12731
    endloop
  endfacet
  facet normal 1 0 0
    outer loop
      vertex -45.6 12.3847 9.22218
      vertex -45.6 12.3847 5.77782
      vertex -45.6 12.4929 5.87269
    endloop
  endfacet
  facet normal 1 0 0
    outer loop
      vertex -45.6 12.2898 9.33036
      vertex -45.6 12.3847 5.77782
      vertex -45.6 12.3847 9.22218
    endloop
  endfacet
  facet normal 1 0 0
    outer loop
      vertex -45.6 12.2898 9.33036
      vertex -45.6 12.2898 5.66964
      vertex -45.6 12.3847 5.77782
    endloop
  endfacet
  facet normal 1 0 0
    outer loop
      vertex -45.6 12.1 9.7153
      vertex -45.6 8.22502 9.7153
      vertex -45.6 12.1462 9.57905
    endloop
  endfacet
  facet normal 1 0 0
    outer loop
      vertex -45.6 8.17877 9.57905
      vertex -45.6 12.1462 9.57905
      vertex -45.6 8.22502 9.7153
    endloop
  endfacet
  facet normal 1 0 0
    outer loop
      vertex -45.6 8.22502 9.7153
      vertex -45.6 12.1 9.7153
      vertex -45.6 8.25309 9.85642
    endloop
  endfacet
  facet normal 1 0 0
    outer loop
      vertex -45.6 12.1462 9.57905
      vertex -45.6 8.17877 9.57905
      vertex -45.6 12.2099 9.45
    endloop
  endfacet
  facet normal 1 0 0
    outer loop
      vertex -45.6 12.0719 9.85642
      vertex -45.6 8.25309 9.85642
      vertex -45.6 12.1 9.7153
    endloop
  endfacet
  facet normal 1 0 0
    outer loop
      vertex -45.6 12.2898 5.66964
      vertex -45.6 8.2625 5
      vertex -45.6 12.2099 5.55
    endloop
  endfacet
  facet normal 1 0 0
    outer loop
      vertex -45.6 8.25309 9.85642
      vertex -45.6 12.0719 9.85642
      vertex -45.6 8.2625 10
    endloop
  endfacet
  facet normal 1 0 0
    outer loop
      vertex -45.6 12.2099 5.55
      vertex -45.6 8.2625 5
      vertex -45.6 12.1462 5.42095
    endloop
  endfacet
  facet normal 1 -0 0
    outer loop
      vertex -45.6 8.2625 10
      vertex -45.6 12.0719 9.85642
      vertex -45.6 12.0625 10
    endloop
  endfacet
  facet normal 1 0 0
    outer loop
      vertex -45.6 12.1462 5.42095
      vertex -45.6 8.2625 5
      vertex -45.6 12.1 5.2847
    endloop
  endfacet
  facet normal 1 0 0
    outer loop
      vertex -45.6 14.225 14.7153
      vertex -45.6 27.5 20
      vertex -45.6 14.2531 14.8564
    endloop
  endfacet
  facet normal 1 0 0
    outer loop
      vertex -45.6 27.5 20
      vertex -45.6 14.2531 10.1436
      vertex -45.6 14.2625 10
    endloop
  endfacet
  facet normal 1 0 0
    outer loop
      vertex -45.6 14.225 10.2847
      vertex -45.6 27.5 20
      vertex -45.6 14.225 14.7153
    endloop
  endfacet
  facet normal 1 0 0
    outer loop
      vertex -45.6 27.5 20
      vertex -45.6 14.225 10.2847
      vertex -45.6 14.2531 10.1436
    endloop
  endfacet
  facet normal 1 -0 0
    outer loop
      vertex -45.6 14.1788 14.579
      vertex -45.6 14.225 10.2847
      vertex -45.6 14.225 14.7153
    endloop
  endfacet
  facet normal 1 0 0
    outer loop
      vertex -45.6 14.1788 14.579
      vertex -45.6 14.1788 10.421
      vertex -45.6 14.225 10.2847
    endloop
  endfacet
  facet normal 1 -0 0
    outer loop
      vertex -45.6 14.1151 14.45
      vertex -45.6 14.1788 10.421
      vertex -45.6 14.1788 14.579
    endloop
  endfacet
  facet normal 1 0 0
    outer loop
      vertex -45.6 14.1151 14.45
      vertex -45.6 14.1151 10.55
      vertex -45.6 14.1788 10.421
    endloop
  endfacet
  facet normal 1 -0 0
    outer loop
      vertex -45.6 14.0352 14.3304
      vertex -45.6 14.1151 10.55
      vertex -45.6 14.1151 14.45
    endloop
  endfacet
  facet normal 1 0 0
    outer loop
      vertex -45.6 14.0352 14.3304
      vertex -45.6 14.0352 10.6696
      vertex -45.6 14.1151 10.55
    endloop
  endfacet
  facet normal 1 -0 0
    outer loop
      vertex -45.6 13.9403 14.2222
      vertex -45.6 14.0352 10.6696
      vertex -45.6 14.0352 14.3304
    endloop
  endfacet
  facet normal 1 0 0
    outer loop
      vertex -45.6 13.9403 14.2222
      vertex -45.6 13.9403 10.7778
      vertex -45.6 14.0352 10.6696
    endloop
  endfacet
  facet normal 1 -0 0
    outer loop
      vertex -45.6 13.8321 14.1273
      vertex -45.6 13.9403 10.7778
      vertex -45.6 13.9403 14.2222
    endloop
  endfacet
  facet normal 1 0 0
    outer loop
      vertex -45.6 13.8321 14.1273
      vertex -45.6 13.8321 10.8727
      vertex -45.6 13.9403 10.7778
    endloop
  endfacet
  facet normal 1 -0 0
    outer loop
      vertex -45.6 13.7125 14.0474
      vertex -45.6 13.8321 10.8727
      vertex -45.6 13.8321 14.1273
    endloop
  endfacet
  facet normal 1 0 0
    outer loop
      vertex -45.6 13.7125 14.0474
      vertex -45.6 13.7125 10.9526
      vertex -45.6 13.8321 10.8727
    endloop
  endfacet
  facet normal 1 -0 0
    outer loop
      vertex -45.6 13.5835 13.9837
      vertex -45.6 13.7125 10.9526
      vertex -45.6 13.7125 14.0474
    endloop
  endfacet
  facet normal 1 0 0
    outer loop
      vertex -45.6 13.5835 13.9837
      vertex -45.6 13.5835 11.0163
      vertex -45.6 13.7125 10.9526
    endloop
  endfacet
  facet normal 1 -0 0
    outer loop
      vertex -45.6 13.4472 13.9375
      vertex -45.6 13.5835 11.0163
      vertex -45.6 13.5835 13.9837
    endloop
  endfacet
  facet normal 1 0 0
    outer loop
      vertex -45.6 13.4472 13.9375
      vertex -45.6 13.4472 11.0625
      vertex -45.6 13.5835 11.0163
    endloop
  endfacet
  facet normal 1 -0 0
    outer loop
      vertex -45.6 13.3061 13.9094
      vertex -45.6 13.4472 11.0625
      vertex -45.6 13.4472 13.9375
    endloop
  endfacet
  facet normal 1 0 0
    outer loop
      vertex -45.6 13.3061 13.9094
      vertex -45.6 13.3061 11.0906
      vertex -45.6 13.4472 11.0625
    endloop
  endfacet
  facet normal 1 -0 0
    outer loop
      vertex -45.6 13.1625 13.9
      vertex -45.6 13.3061 11.0906
      vertex -45.6 13.3061 13.9094
    endloop
  endfacet
  facet normal 1 0 0
    outer loop
      vertex -45.6 13.1625 13.9
      vertex -45.6 13.1625 11.1
      vertex -45.6 13.3061 11.0906
    endloop
  endfacet
  facet normal 1 0 0
    outer loop
      vertex -45.6 13.0189 13.9094
      vertex -45.6 13.1625 11.1
      vertex -45.6 13.1625 13.9
    endloop
  endfacet
  facet normal 1 0 0
    outer loop
      vertex -45.6 13.0189 13.9094
      vertex -45.6 13.0189 11.0906
      vertex -45.6 13.1625 11.1
    endloop
  endfacet
  facet normal 1 0 0
    outer loop
      vertex -45.6 12.8778 13.9375
      vertex -45.6 13.0189 11.0906
      vertex -45.6 13.0189 13.9094
    endloop
  endfacet
  facet normal 1 0 0
    outer loop
      vertex -45.6 12.8778 13.9375
      vertex -45.6 12.8778 11.0625
      vertex -45.6 13.0189 11.0906
    endloop
  endfacet
  facet normal 1 0 0
    outer loop
      vertex -45.6 12.7415 13.9837
      vertex -45.6 12.8778 11.0625
      vertex -45.6 12.8778 13.9375
    endloop
  endfacet
  facet normal 1 0 0
    outer loop
      vertex -45.6 12.7415 13.9837
      vertex -45.6 12.7415 11.0163
      vertex -45.6 12.8778 11.0625
    endloop
  endfacet
  facet normal 1 0 0
    outer loop
      vertex -45.6 12.6125 14.0474
      vertex -45.6 12.7415 11.0163
      vertex -45.6 12.7415 13.9837
    endloop
  endfacet
  facet normal 1 0 0
    outer loop
      vertex -45.6 12.6125 14.0474
      vertex -45.6 12.6125 10.9526
      vertex -45.6 12.7415 11.0163
    endloop
  endfacet
  facet normal 1 0 0
    outer loop
      vertex -45.6 12.4929 14.1273
      vertex -45.6 12.6125 10.9526
      vertex -45.6 12.6125 14.0474
    endloop
  endfacet
  facet normal 1 0 0
    outer loop
      vertex -45.6 12.4929 14.1273
      vertex -45.6 12.4929 10.8727
      vertex -45.6 12.6125 10.9526
    endloop
  endfacet
  facet normal 1 0 0
    outer loop
      vertex -45.6 12.3847 14.2222
      vertex -45.6 12.4929 10.8727
      vertex -45.6 12.4929 14.1273
    endloop
  endfacet
  facet normal 1 0 0
    outer loop
      vertex -45.6 12.3847 14.2222
      vertex -45.6 12.3847 10.7778
      vertex -45.6 12.4929 10.8727
    endloop
  endfacet
  facet normal 1 0 0
    outer loop
      vertex -45.6 12.2898 14.3304
      vertex -45.6 12.3847 10.7778
      vertex -45.6 12.3847 14.2222
    endloop
  endfacet
  facet normal 1 0 0
    outer loop
      vertex -45.6 12.2898 14.3304
      vertex -45.6 12.2898 10.6696
      vertex -45.6 12.3847 10.7778
    endloop
  endfacet
  facet normal 1 0 0
    outer loop
      vertex -45.6 12.1 14.7153
      vertex -45.6 8.22502 14.7153
      vertex -45.6 12.1462 14.579
    endloop
  endfacet
  facet normal 1 0 0
    outer loop
      vertex -45.6 8.17877 14.579
      vertex -45.6 12.1462 14.579
      vertex -45.6 8.22502 14.7153
    endloop
  endfacet
  facet normal 1 0 0
    outer loop
      vertex -45.6 8.22502 14.7153
      vertex -45.6 12.1 14.7153
      vertex -45.6 8.25309 14.8564
    endloop
  endfacet
  facet normal 1 0 0
    outer loop
      vertex -45.6 12.1462 14.579
      vertex -45.6 8.17877 14.579
      vertex -45.6 12.2099 14.45
    endloop
  endfacet
  facet normal 1 0 0
    outer loop
      vertex -45.6 12.0719 14.8564
      vertex -45.6 8.25309 14.8564
      vertex -45.6 12.1 14.7153
    endloop
  endfacet
  facet normal 1 0 0
    outer loop
      vertex -45.6 12.2898 10.6696
      vertex -45.6 8.2625 10
      vertex -45.6 12.2099 10.55
    endloop
  endfacet
  facet normal 1 0 0
    outer loop
      vertex -45.6 8.25309 14.8564
      vertex -45.6 12.0719 14.8564
      vertex -45.6 8.2625 15
    endloop
  endfacet
  facet normal 1 0 0
    outer loop
      vertex -45.6 12.2099 10.55
      vertex -45.6 8.2625 10
      vertex -45.6 12.1462 10.421
    endloop
  endfacet
  facet normal 1 -0 0
    outer loop
      vertex -45.6 8.2625 15
      vertex -45.6 12.0719 14.8564
      vertex -45.6 12.0625 15
    endloop
  endfacet
  facet normal 1 0 0
    outer loop
      vertex -45.6 12.1462 10.421
      vertex -45.6 8.2625 10
      vertex -45.6 12.1 10.2847
    endloop
  endfacet
  facet normal 1 0 0
    outer loop
      vertex -45.6 14.2531 14.8564
      vertex -45.6 27.5 20
      vertex -45.6 14.2625 15
    endloop
  endfacet
  facet normal 1 0 0
    outer loop
      vertex -45.6 27.5 20
      vertex -45.6 14.2531 15.1436
      vertex -45.6 14.2625 15
    endloop
  endfacet
  facet normal 1 0 0
    outer loop
      vertex -45.6 27.5 20
      vertex -45.6 14.225 15.2847
      vertex -45.6 14.2531 15.1436
    endloop
  endfacet
  facet normal 1 0 0
    outer loop
      vertex -45.6 27.5 20
      vertex -45.6 14.1788 15.421
      vertex -45.6 14.225 15.2847
    endloop
  endfacet
  facet normal 1 0 0
    outer loop
      vertex -45.6 27.5 20
      vertex -45.6 14.1151 15.55
      vertex -45.6 14.1788 15.421
    endloop
  endfacet
  facet normal 1 0 0
    outer loop
      vertex -45.6 27.5 20
      vertex -45.6 14.0352 15.6696
      vertex -45.6 14.1151 15.55
    endloop
  endfacet
  facet normal 1 0 0
    outer loop
      vertex -45.6 27.5 20
      vertex -45.6 13.9403 15.7778
      vertex -45.6 14.0352 15.6696
    endloop
  endfacet
  facet normal 1 0 0
    outer loop
      vertex -45.6 27.5 20
      vertex -45.6 13.8321 15.8727
      vertex -45.6 13.9403 15.7778
    endloop
  endfacet
  facet normal 1 0 0
    outer loop
      vertex -45.6 27.5 20
      vertex -45.6 13.7125 15.9526
      vertex -45.6 13.8321 15.8727
    endloop
  endfacet
  facet normal 1 0 0
    outer loop
      vertex -45.6 27.5 20
      vertex -45.6 13.5835 16.0163
      vertex -45.6 13.7125 15.9526
    endloop
  endfacet
  facet normal 1 0 0
    outer loop
      vertex -45.6 27.5 20
      vertex -45.6 13.4472 16.0625
      vertex -45.6 13.5835 16.0163
    endloop
  endfacet
  facet normal 1 0 0
    outer loop
      vertex -45.6 27.5 20
      vertex -45.6 13.3061 16.0906
      vertex -45.6 13.4472 16.0625
    endloop
  endfacet
  facet normal 1 0 0
    outer loop
      vertex -45.6 27.5 20
      vertex -45.6 13.1625 16.1
      vertex -45.6 13.3061 16.0906
    endloop
  endfacet
  facet normal 1 0 0
    outer loop
      vertex -45.6 27.5 20
      vertex -45.6 13.0189 16.0906
      vertex -45.6 13.1625 16.1
    endloop
  endfacet
  facet normal 1 0 0
    outer loop
      vertex -45.6 7.30608 16.0906
      vertex -45.6 13.0189 16.0906
      vertex -45.6 27.5 20
    endloop
  endfacet
  facet normal 1 0 0
    outer loop
      vertex -45.6 12.0719 10.1436
      vertex -45.6 8.2625 10
      vertex -45.6 12.0625 10
    endloop
  endfacet
  facet normal 1 0 0
    outer loop
      vertex -45.6 12.1 10.2847
      vertex -45.6 8.2625 10
      vertex -45.6 12.0719 10.1436
    endloop
  endfacet
  facet normal 1 0 0
    outer loop
      vertex -45.6 12.0719 15.1436
      vertex -45.6 8.2625 15
      vertex -45.6 12.0625 15
    endloop
  endfacet
  facet normal 1 0 0
    outer loop
      vertex -45.6 8.25309 15.1436
      vertex -45.6 12.0719 15.1436
      vertex -45.6 12.1 15.2847
    endloop
  endfacet
  facet normal 1 0 0
    outer loop
      vertex -45.6 8.22502 15.2847
      vertex -45.6 12.1 15.2847
      vertex -45.6 12.1462 15.421
    endloop
  endfacet
  facet normal 1 0 0
    outer loop
      vertex -45.6 8.17877 15.421
      vertex -45.6 12.1462 15.421
      vertex -45.6 12.2099 15.55
    endloop
  endfacet
  facet normal 1 0 0
    outer loop
      vertex -45.6 8.11513 15.55
      vertex -45.6 12.2099 15.55
      vertex -45.6 12.2898 15.6696
    endloop
  endfacet
  facet normal 1 0 0
    outer loop
      vertex -45.6 8.03519 15.6696
      vertex -45.6 12.2898 15.6696
      vertex -45.6 12.3847 15.7778
    endloop
  endfacet
  facet normal 1 0 0
    outer loop
      vertex -45.6 7.94032 15.7778
      vertex -45.6 12.3847 15.7778
      vertex -45.6 12.4929 15.8727
    endloop
  endfacet
  facet normal 1 0 0
    outer loop
      vertex -45.6 7.83214 15.8727
      vertex -45.6 12.4929 15.8727
      vertex -45.6 12.6125 15.9526
    endloop
  endfacet
  facet normal 1 0 0
    outer loop
      vertex -45.6 7.7125 15.9526
      vertex -45.6 12.6125 15.9526
      vertex -45.6 12.7415 16.0163
    endloop
  endfacet
  facet normal 1 0 0
    outer loop
      vertex -45.6 7.58345 16.0163
      vertex -45.6 12.7415 16.0163
      vertex -45.6 12.8778 16.0625
    endloop
  endfacet
  facet normal 1 0 0
    outer loop
      vertex -45.6 13.0189 16.0906
      vertex -45.6 7.30608 16.0906
      vertex -45.6 12.8778 16.0625
    endloop
  endfacet
  facet normal 1 0 0
    outer loop
      vertex -45.6 12.0719 15.1436
      vertex -45.6 8.25309 15.1436
      vertex -45.6 8.2625 15
    endloop
  endfacet
  facet normal 1 0 0
    outer loop
      vertex -45.6 12.1 15.2847
      vertex -45.6 8.22502 15.2847
      vertex -45.6 8.25309 15.1436
    endloop
  endfacet
  facet normal 1 0 0
    outer loop
      vertex -45.6 12.1462 15.421
      vertex -45.6 8.17877 15.421
      vertex -45.6 8.22502 15.2847
    endloop
  endfacet
  facet normal 1 0 0
    outer loop
      vertex -45.6 12.2099 15.55
      vertex -45.6 8.11513 15.55
      vertex -45.6 8.17877 15.421
    endloop
  endfacet
  facet normal 1 0 0
    outer loop
      vertex -45.6 12.2898 15.6696
      vertex -45.6 8.03519 15.6696
      vertex -45.6 8.11513 15.55
    endloop
  endfacet
  facet normal 1 0 0
    outer loop
      vertex -45.6 12.3847 15.7778
      vertex -45.6 7.94032 15.7778
      vertex -45.6 8.03519 15.6696
    endloop
  endfacet
  facet normal 1 0 0
    outer loop
      vertex -45.6 12.4929 15.8727
      vertex -45.6 7.83214 15.8727
      vertex -45.6 7.94032 15.7778
    endloop
  endfacet
  facet normal 1 0 0
    outer loop
      vertex -45.6 12.6125 15.9526
      vertex -45.6 7.7125 15.9526
      vertex -45.6 7.83214 15.8727
    endloop
  endfacet
  facet normal 1 0 0
    outer loop
      vertex -45.6 12.7415 16.0163
      vertex -45.6 7.58345 16.0163
      vertex -45.6 7.7125 15.9526
    endloop
  endfacet
  facet normal 1 0 0
    outer loop
      vertex -45.6 12.8778 16.0625
      vertex -45.6 7.4472 16.0625
      vertex -45.6 7.58345 16.0163
    endloop
  endfacet
  facet normal 1 0 0
    outer loop
      vertex -45.6 12.8778 16.0625
      vertex -45.6 7.30608 16.0906
      vertex -45.6 7.4472 16.0625
    endloop
  endfacet
  facet normal 1 0 0
    outer loop
      vertex -45.6 27.5 20
      vertex -45.6 7.1625 16.1
      vertex -45.6 7.30608 16.0906
    endloop
  endfacet
  facet normal 1 0 0
    outer loop
      vertex -45.6 1.1625 16.1
      vertex -45.6 7.1625 16.1
      vertex -45.6 27.5 20
    endloop
  endfacet
  facet normal 1 0 0
    outer loop
      vertex -45.6 6.07191 10.1436
      vertex -45.6 2.2625 10
      vertex -45.6 6.0625 10
    endloop
  endfacet
  facet normal 1 0 0
    outer loop
      vertex -45.6 6.09998 10.2847
      vertex -45.6 2.2625 10
      vertex -45.6 6.07191 10.1436
    endloop
  endfacet
  facet normal 1 0 0
    outer loop
      vertex -45.6 6.07191 15.1436
      vertex -45.6 2.2625 15
      vertex -45.6 6.0625 15
    endloop
  endfacet
  facet normal 1 0 0
    outer loop
      vertex -45.6 2.25309 15.1436
      vertex -45.6 6.07191 15.1436
      vertex -45.6 6.09998 15.2847
    endloop
  endfacet
  facet normal 1 0 0
    outer loop
      vertex -45.6 2.22502 15.2847
      vertex -45.6 6.09998 15.2847
      vertex -45.6 6.14623 15.421
    endloop
  endfacet
  facet normal 1 0 0
    outer loop
      vertex -45.6 2.17877 15.421
      vertex -45.6 6.14623 15.421
      vertex -45.6 6.20987 15.55
    endloop
  endfacet
  facet normal 1 0 0
    outer loop
      vertex -45.6 2.11513 15.55
      vertex -45.6 6.20987 15.55
      vertex -45.6 6.28981 15.6696
    endloop
  endfacet
  facet normal 1 0 0
    outer loop
      vertex -45.6 2.03519 15.6696
      vertex -45.6 6.28981 15.6696
      vertex -45.6 6.38468 15.7778
    endloop
  endfacet
  facet normal 1 0 0
    outer loop
      vertex -45.6 1.94032 15.7778
      vertex -45.6 6.38468 15.7778
      vertex -45.6 6.49286 15.8727
    endloop
  endfacet
  facet normal 1 0 0
    outer loop
      vertex -45.6 1.83214 15.8727
      vertex -45.6 6.49286 15.8727
      vertex -45.6 6.6125 15.9526
    endloop
  endfacet
  facet normal 1 0 0
    outer loop
      vertex -45.6 1.7125 15.9526
      vertex -45.6 6.6125 15.9526
      vertex -45.6 6.74155 16.0163
    endloop
  endfacet
  facet normal 1 0 0
    outer loop
      vertex -45.6 1.58345 16.0163
      vertex -45.6 6.74155 16.0163
      vertex -45.6 6.8778 16.0625
    endloop
  endfacet
  facet normal 1 0 0
    outer loop
      vertex -45.6 6.07191 15.1436
      vertex -45.6 2.25309 15.1436
      vertex -45.6 2.2625 15
    endloop
  endfacet
  facet normal 1 0 0
    outer loop
      vertex -45.6 1.4472 16.0625
      vertex -45.6 6.8778 16.0625
      vertex -45.6 7.01892 16.0906
    endloop
  endfacet
  facet normal 1 0 0
    outer loop
      vertex -45.6 6.09998 15.2847
      vertex -45.6 2.22502 15.2847
      vertex -45.6 2.25309 15.1436
    endloop
  endfacet
  facet normal 1 0 0
    outer loop
      vertex -45.6 7.1625 16.1
      vertex -45.6 1.1625 16.1
      vertex -45.6 7.01892 16.0906
    endloop
  endfacet
  facet normal 1 0 0
    outer loop
      vertex -45.6 6.14623 15.421
      vertex -45.6 2.17877 15.421
      vertex -45.6 2.22502 15.2847
    endloop
  endfacet
  facet normal 1 0 0
    outer loop
      vertex -45.6 6.20987 15.55
      vertex -45.6 2.11513 15.55
      vertex -45.6 2.17877 15.421
    endloop
  endfacet
  facet normal 1 0 0
    outer loop
      vertex -45.6 6.28981 15.6696
      vertex -45.6 2.03519 15.6696
      vertex -45.6 2.11513 15.55
    endloop
  endfacet
  facet normal 1 0 0
    outer loop
      vertex -45.6 6.38468 15.7778
      vertex -45.6 1.94032 15.7778
      vertex -45.6 2.03519 15.6696
    endloop
  endfacet
  facet normal 1 0 0
    outer loop
      vertex -45.6 6.49286 15.8727
      vertex -45.6 1.83214 15.8727
      vertex -45.6 1.94032 15.7778
    endloop
  endfacet
  facet normal 1 0 0
    outer loop
      vertex -45.6 6.6125 15.9526
      vertex -45.6 1.7125 15.9526
      vertex -45.6 1.83214 15.8727
    endloop
  endfacet
  facet normal 1 0 0
    outer loop
      vertex -45.6 6.74155 16.0163
      vertex -45.6 1.58345 16.0163
      vertex -45.6 1.7125 15.9526
    endloop
  endfacet
  facet normal 1 0 0
    outer loop
      vertex -45.6 6.8778 16.0625
      vertex -45.6 1.4472 16.0625
      vertex -45.6 1.58345 16.0163
    endloop
  endfacet
  facet normal 1 0 0
    outer loop
      vertex -45.6 7.01892 16.0906
      vertex -45.6 1.30608 16.0906
      vertex -45.6 1.4472 16.0625
    endloop
  endfacet
  facet normal 1 0 0
    outer loop
      vertex -45.6 7.01892 16.0906
      vertex -45.6 1.1625 16.1
      vertex -45.6 1.30608 16.0906
    endloop
  endfacet
  facet normal 1 -0 0
    outer loop
      vertex -45.6 -27.5 20
      vertex -45.6 1.1625 16.1
      vertex -45.6 27.5 20
    endloop
  endfacet
  facet normal 1 0 0
    outer loop
      vertex -45.6 0.0719099 10.1436
      vertex -45.6 -3.7375 10
      vertex -45.6 0.0625 10
    endloop
  endfacet
  facet normal 1 0 0
    outer loop
      vertex -45.6 0.0999813 10.2847
      vertex -45.6 -3.7375 10
      vertex -45.6 0.0719099 10.1436
    endloop
  endfacet
  facet normal 1 0 0
    outer loop
      vertex -45.6 0.0719099 15.1436
      vertex -45.6 -3.7375 15
      vertex -45.6 0.0625 15
    endloop
  endfacet
  facet normal 1 0 0
    outer loop
      vertex -45.6 -3.74691 15.1436
      vertex -45.6 0.0719099 15.1436
      vertex -45.6 0.0999813 15.2847
    endloop
  endfacet
  facet normal 1 0 0
    outer loop
      vertex -45.6 -3.77498 15.2847
      vertex -45.6 0.0999813 15.2847
      vertex -45.6 0.146232 15.421
    endloop
  endfacet
  facet normal 1 0 0
    outer loop
      vertex -45.6 -3.82123 15.421
      vertex -45.6 0.146232 15.421
      vertex -45.6 0.209871 15.55
    endloop
  endfacet
  facet normal 1 0 0
    outer loop
      vertex -45.6 -3.88487 15.55
      vertex -45.6 0.209871 15.55
      vertex -45.6 0.289811 15.6696
    endloop
  endfacet
  facet normal 1 0 0
    outer loop
      vertex -45.6 -3.96481 15.6696
      vertex -45.6 0.289811 15.6696
      vertex -45.6 0.384682 15.7778
    endloop
  endfacet
  facet normal 1 0 0
    outer loop
      vertex -45.6 -4.05968 15.7778
      vertex -45.6 0.384682 15.7778
      vertex -45.6 0.492862 15.8727
    endloop
  endfacet
  facet normal 1 0 0
    outer loop
      vertex -45.6 -4.16786 15.8727
      vertex -45.6 0.492862 15.8727
      vertex -45.6 0.612499 15.9526
    endloop
  endfacet
  facet normal 1 0 0
    outer loop
      vertex -45.6 -4.2875 15.9526
      vertex -45.6 0.612499 15.9526
      vertex -45.6 0.741548 16.0163
    endloop
  endfacet
  facet normal 1 0 0
    outer loop
      vertex -45.6 -4.41655 16.0163
      vertex -45.6 0.741548 16.0163
      vertex -45.6 0.877799 16.0625
    endloop
  endfacet
  facet normal 1 0 0
    outer loop
      vertex -45.6 0.0719099 15.1436
      vertex -45.6 -3.74691 15.1436
      vertex -45.6 -3.7375 15
    endloop
  endfacet
  facet normal 1 0 0
    outer loop
      vertex -45.6 -4.5528 16.0625
      vertex -45.6 0.877799 16.0625
      vertex -45.6 1.01892 16.0906
    endloop
  endfacet
  facet normal 1 0 0
    outer loop
      vertex -45.6 0.0999813 15.2847
      vertex -45.6 -3.77498 15.2847
      vertex -45.6 -3.74691 15.1436
    endloop
  endfacet
  facet normal 1 0 0
    outer loop
      vertex -45.6 0.146232 15.421
      vertex -45.6 -3.82123 15.421
      vertex -45.6 -3.77498 15.2847
    endloop
  endfacet
  facet normal 1 0 -0
    outer loop
      vertex -45.6 -4.8375 16.1
      vertex -45.6 1.1625 16.1
      vertex -45.6 -27.5 20
    endloop
  endfacet
  facet normal 1 0 0
    outer loop
      vertex -45.6 0.209871 15.55
      vertex -45.6 -3.88487 15.55
      vertex -45.6 -3.82123 15.421
    endloop
  endfacet
  facet normal 1 0 0
    outer loop
      vertex -45.6 0.289811 15.6696
      vertex -45.6 -3.96481 15.6696
      vertex -45.6 -3.88487 15.55
    endloop
  endfacet
  facet normal 1 0 0
    outer loop
      vertex -45.6 0.384682 15.7778
      vertex -45.6 -4.05968 15.7778
      vertex -45.6 -3.96481 15.6696
    endloop
  endfacet
  facet normal 1 0 0
    outer loop
      vertex -45.6 0.492862 15.8727
      vertex -45.6 -4.16786 15.8727
      vertex -45.6 -4.05968 15.7778
    endloop
  endfacet
  facet normal 1 0 0
    outer loop
      vertex -45.6 0.612499 15.9526
      vertex -45.6 -4.2875 15.9526
      vertex -45.6 -4.16786 15.8727
    endloop
  endfacet
  facet normal 1 0 0
    outer loop
      vertex -45.6 0.741548 16.0163
      vertex -45.6 -4.41655 16.0163
      vertex -45.6 -4.2875 15.9526
    endloop
  endfacet
  facet normal 1 0 0
    outer loop
      vertex -45.6 0.877799 16.0625
      vertex -45.6 -4.5528 16.0625
      vertex -45.6 -4.41655 16.0163
    endloop
  endfacet
  facet normal 1 0 0
    outer loop
      vertex -45.6 1.01892 16.0906
      vertex -45.6 -4.69392 16.0906
      vertex -45.6 -4.5528 16.0625
    endloop
  endfacet
  facet normal 1 0 0
    outer loop
      vertex -45.6 1.01892 16.0906
      vertex -45.6 -4.8375 16.1
      vertex -45.6 -4.69392 16.0906
    endloop
  endfacet
  facet normal 1 0 0
    outer loop
      vertex -45.6 1.1625 16.1
      vertex -45.6 -4.8375 16.1
      vertex -45.6 1.01892 16.0906
    endloop
  endfacet
  facet normal 1 0 0
    outer loop
      vertex -45.6 -5.92809 10.1436
      vertex -45.6 -9.7375 10
      vertex -45.6 -5.9375 10
    endloop
  endfacet
  facet normal 1 0 0
    outer loop
      vertex -45.6 -5.90002 10.2847
      vertex -45.6 -9.7375 10
      vertex -45.6 -5.92809 10.1436
    endloop
  endfacet
  facet normal 1 0 0
    outer loop
      vertex -45.6 -5.92809 15.1436
      vertex -45.6 -9.7375 15
      vertex -45.6 -5.9375 15
    endloop
  endfacet
  facet normal 1 0 0
    outer loop
      vertex -45.6 -9.74691 15.1436
      vertex -45.6 -5.92809 15.1436
      vertex -45.6 -5.90002 15.2847
    endloop
  endfacet
  facet normal 1 0 0
    outer loop
      vertex -45.6 -9.77498 15.2847
      vertex -45.6 -5.90002 15.2847
      vertex -45.6 -5.85377 15.421
    endloop
  endfacet
  facet normal 1 0 0
    outer loop
      vertex -45.6 -9.82123 15.421
      vertex -45.6 -5.85377 15.421
      vertex -45.6 -5.79013 15.55
    endloop
  endfacet
  facet normal 1 0 0
    outer loop
      vertex -45.6 -9.88487 15.55
      vertex -45.6 -5.79013 15.55
      vertex -45.6 -5.71019 15.6696
    endloop
  endfacet
  facet normal 1 0 0
    outer loop
      vertex -45.6 -9.96481 15.6696
      vertex -45.6 -5.71019 15.6696
      vertex -45.6 -5.61532 15.7778
    endloop
  endfacet
  facet normal 1 0 0
    outer loop
      vertex -45.6 -10.0597 15.7778
      vertex -45.6 -5.61532 15.7778
      vertex -45.6 -5.50714 15.8727
    endloop
  endfacet
  facet normal 1 0 0
    outer loop
      vertex -45.6 -10.1679 15.8727
      vertex -45.6 -5.50714 15.8727
      vertex -45.6 -5.3875 15.9526
    endloop
  endfacet
  facet normal 1 0 0
    outer loop
      vertex -45.6 -10.2875 15.9526
      vertex -45.6 -5.3875 15.9526
      vertex -45.6 -5.25845 16.0163
    endloop
  endfacet
  facet normal 1 0 0
    outer loop
      vertex -45.6 -10.4165 16.0163
      vertex -45.6 -5.25845 16.0163
      vertex -45.6 -5.1222 16.0625
    endloop
  endfacet
  facet normal 1 0 0
    outer loop
      vertex -45.6 -5.92809 15.1436
      vertex -45.6 -9.74691 15.1436
      vertex -45.6 -9.7375 15
    endloop
  endfacet
  facet normal 1 0 0
    outer loop
      vertex -45.6 -10.5528 16.0625
      vertex -45.6 -5.1222 16.0625
      vertex -45.6 -4.98108 16.0906
    endloop
  endfacet
  facet normal 1 0 0
    outer loop
      vertex -45.6 -5.90002 15.2847
      vertex -45.6 -9.77498 15.2847
      vertex -45.6 -9.74691 15.1436
    endloop
  endfacet
  facet normal 1 0 0
    outer loop
      vertex -45.6 -5.85377 15.421
      vertex -45.6 -9.82123 15.421
      vertex -45.6 -9.77498 15.2847
    endloop
  endfacet
  facet normal 1 0 0
    outer loop
      vertex -45.6 -5.79013 15.55
      vertex -45.6 -9.88487 15.55
      vertex -45.6 -9.82123 15.421
    endloop
  endfacet
  facet normal 1 0 0
    outer loop
      vertex -45.6 -4.8375 16.1
      vertex -45.6 -27.5 20
      vertex -45.6 -4.98108 16.0906
    endloop
  endfacet
  facet normal 1 0 0
    outer loop
      vertex -45.6 -5.71019 15.6696
      vertex -45.6 -9.96481 15.6696
      vertex -45.6 -9.88487 15.55
    endloop
  endfacet
  facet normal 1 0 0
    outer loop
      vertex -45.6 -5.61532 15.7778
      vertex -45.6 -10.0597 15.7778
      vertex -45.6 -9.96481 15.6696
    endloop
  endfacet
  facet normal 1 0 0
    outer loop
      vertex -45.6 -5.50714 15.8727
      vertex -45.6 -10.1679 15.8727
      vertex -45.6 -10.0597 15.7778
    endloop
  endfacet
  facet normal 1 0 0
    outer loop
      vertex -45.6 -5.3875 15.9526
      vertex -45.6 -10.2875 15.9526
      vertex -45.6 -10.1679 15.8727
    endloop
  endfacet
  facet normal 1 0 0
    outer loop
      vertex -45.6 -5.25845 16.0163
      vertex -45.6 -10.4165 16.0163
      vertex -45.6 -10.2875 15.9526
    endloop
  endfacet
  facet normal 1 0 0
    outer loop
      vertex -45.6 -5.1222 16.0625
      vertex -45.6 -10.5528 16.0625
      vertex -45.6 -10.4165 16.0163
    endloop
  endfacet
  facet normal 1 0 0
    outer loop
      vertex -45.6 -4.98108 16.0906
      vertex -45.6 -10.6939 16.0906
      vertex -45.6 -10.5528 16.0625
    endloop
  endfacet
  facet normal 1 0 0
    outer loop
      vertex -45.6 -4.98108 16.0906
      vertex -45.6 -27.5 20
      vertex -45.6 -10.6939 16.0906
    endloop
  endfacet
  facet normal 1 0 0
    outer loop
      vertex -45.6 -10.6939 16.0906
      vertex -45.6 -27.5 20
      vertex -45.6 -10.8375 16.1
    endloop
  endfacet
  facet normal 1 0 0
    outer loop
      vertex -45.6 -27.5 2.4
      vertex -45.6 -11.9281 10.1436
      vertex -45.6 -27.5 20
    endloop
  endfacet
  facet normal 1 0 0
    outer loop
      vertex -45.6 -11.9281 10.1436
      vertex -45.6 -27.5 2.4
      vertex -45.6 -11.9375 10
    endloop
  endfacet
  facet normal 1 0 0
    outer loop
      vertex -45.6 -11.9281 15.1436
      vertex -45.6 -27.5 20
      vertex -45.6 -11.9375 15
    endloop
  endfacet
  facet normal 1 0 0
    outer loop
      vertex -45.6 -11.9 15.2847
      vertex -45.6 -27.5 20
      vertex -45.6 -11.9281 15.1436
    endloop
  endfacet
  facet normal 1 0 0
    outer loop
      vertex -45.6 -11.8538 15.421
      vertex -45.6 -27.5 20
      vertex -45.6 -11.9 15.2847
    endloop
  endfacet
  facet normal 1 0 0
    outer loop
      vertex -45.6 -11.7901 15.55
      vertex -45.6 -27.5 20
      vertex -45.6 -11.8538 15.421
    endloop
  endfacet
  facet normal 1 0 0
    outer loop
      vertex -45.6 -11.7102 15.6696
      vertex -45.6 -27.5 20
      vertex -45.6 -11.7901 15.55
    endloop
  endfacet
  facet normal 1 0 0
    outer loop
      vertex -45.6 -11.6153 15.7778
      vertex -45.6 -27.5 20
      vertex -45.6 -11.7102 15.6696
    endloop
  endfacet
  facet normal 1 0 0
    outer loop
      vertex -45.6 -11.5071 15.8727
      vertex -45.6 -27.5 20
      vertex -45.6 -11.6153 15.7778
    endloop
  endfacet
  facet normal 1 0 0
    outer loop
      vertex -45.6 -11.3875 15.9526
      vertex -45.6 -27.5 20
      vertex -45.6 -11.5071 15.8727
    endloop
  endfacet
  facet normal 1 0 0
    outer loop
      vertex -45.6 -11.2585 16.0163
      vertex -45.6 -27.5 20
      vertex -45.6 -11.3875 15.9526
    endloop
  endfacet
  facet normal 1 0 0
    outer loop
      vertex -45.6 -11.1222 16.0625
      vertex -45.6 -27.5 20
      vertex -45.6 -11.2585 16.0163
    endloop
  endfacet
  facet normal 1 0 0
    outer loop
      vertex -45.6 -10.9811 16.0906
      vertex -45.6 -27.5 20
      vertex -45.6 -11.1222 16.0625
    endloop
  endfacet
  facet normal 1 0 0
    outer loop
      vertex -45.6 -10.8375 16.1
      vertex -45.6 -27.5 20
      vertex -45.6 -10.9811 16.0906
    endloop
  endfacet
  facet normal 1 0 0
    outer loop
      vertex -45.6 27.5 20
      vertex -45.6 14.2625 10
      vertex -45.6 27.5 2.4
    endloop
  endfacet
  facet normal 1 -0 0
    outer loop
      vertex -45.6 14.2531 9.85642
      vertex -45.6 27.5 2.4
      vertex -45.6 14.2625 10
    endloop
  endfacet
  facet normal 1 -0 0
    outer loop
      vertex -45.6 14.2531 4.85642
      vertex -45.6 27.5 2.4
      vertex -45.6 14.2625 5
    endloop
  endfacet
  facet normal 1 -0 0
    outer loop
      vertex -45.6 14.225 4.7153
      vertex -45.6 27.5 2.4
      vertex -45.6 14.2531 4.85642
    endloop
  endfacet
  facet normal 1 -0 0
    outer loop
      vertex -45.6 14.1788 4.57905
      vertex -45.6 27.5 2.4
      vertex -45.6 14.225 4.7153
    endloop
  endfacet
  facet normal 1 -0 0
    outer loop
      vertex -45.6 14.1151 4.45
      vertex -45.6 27.5 2.4
      vertex -45.6 14.1788 4.57905
    endloop
  endfacet
  facet normal 1 -0 0
    outer loop
      vertex -45.6 14.0352 4.33036
      vertex -45.6 27.5 2.4
      vertex -45.6 14.1151 4.45
    endloop
  endfacet
  facet normal 1 -0 0
    outer loop
      vertex -45.6 13.9403 4.22218
      vertex -45.6 27.5 2.4
      vertex -45.6 14.0352 4.33036
    endloop
  endfacet
  facet normal 1 -0 0
    outer loop
      vertex -45.6 13.8321 4.12731
      vertex -45.6 27.5 2.4
      vertex -45.6 13.9403 4.22218
    endloop
  endfacet
  facet normal 1 -0 0
    outer loop
      vertex -45.6 13.7125 4.04737
      vertex -45.6 27.5 2.4
      vertex -45.6 13.8321 4.12731
    endloop
  endfacet
  facet normal 1 -0 0
    outer loop
      vertex -45.6 13.5835 3.98373
      vertex -45.6 27.5 2.4
      vertex -45.6 13.7125 4.04737
    endloop
  endfacet
  facet normal 1 -0 0
    outer loop
      vertex -45.6 13.4472 3.93748
      vertex -45.6 27.5 2.4
      vertex -45.6 13.5835 3.98373
    endloop
  endfacet
  facet normal 1 -0 0
    outer loop
      vertex -45.6 13.3061 3.90941
      vertex -45.6 27.5 2.4
      vertex -45.6 13.4472 3.93748
    endloop
  endfacet
  facet normal 1 -0 0
    outer loop
      vertex -45.6 13.1625 3.9
      vertex -45.6 27.5 2.4
      vertex -45.6 13.3061 3.90941
    endloop
  endfacet
  facet normal 1 0 0
    outer loop
      vertex -45.6 7.1625 3.9
      vertex -45.6 13.1625 3.9
      vertex -45.6 13.0189 3.90941
    endloop
  endfacet
  facet normal 1 0 0
    outer loop
      vertex -45.6 12.1 5.2847
      vertex -45.6 8.2625 5
      vertex -45.6 12.0719 5.14358
    endloop
  endfacet
  facet normal 1 0 0
    outer loop
      vertex -45.6 12.0719 5.14358
      vertex -45.6 8.2625 5
      vertex -45.6 12.0625 5
    endloop
  endfacet
  facet normal 1 0 0
    outer loop
      vertex -45.6 12.0625 5
      vertex -45.6 8.2625 5
      vertex -45.6 12.0719 4.85642
    endloop
  endfacet
  facet normal 1 0 0
    outer loop
      vertex -45.6 8.25309 4.85642
      vertex -45.6 12.0719 4.85642
      vertex -45.6 8.2625 5
    endloop
  endfacet
  facet normal 1 0 0
    outer loop
      vertex -45.6 12.0719 4.85642
      vertex -45.6 8.25309 4.85642
      vertex -45.6 12.1 4.7153
    endloop
  endfacet
  facet normal 1 0 0
    outer loop
      vertex -45.6 8.22502 4.7153
      vertex -45.6 12.1 4.7153
      vertex -45.6 8.25309 4.85642
    endloop
  endfacet
  facet normal 1 0 0
    outer loop
      vertex -45.6 12.1 4.7153
      vertex -45.6 8.22502 4.7153
      vertex -45.6 12.1462 4.57905
    endloop
  endfacet
  facet normal 1 0 0
    outer loop
      vertex -45.6 8.17877 4.57905
      vertex -45.6 12.1462 4.57905
      vertex -45.6 8.22502 4.7153
    endloop
  endfacet
  facet normal 1 0 0
    outer loop
      vertex -45.6 12.1462 4.57905
      vertex -45.6 8.17877 4.57905
      vertex -45.6 12.2099 4.45
    endloop
  endfacet
  facet normal 1 0 0
    outer loop
      vertex -45.6 8.11513 4.45
      vertex -45.6 12.2099 4.45
      vertex -45.6 8.17877 4.57905
    endloop
  endfacet
  facet normal 1 0 0
    outer loop
      vertex -45.6 12.2099 4.45
      vertex -45.6 8.11513 4.45
      vertex -45.6 12.2898 4.33036
    endloop
  endfacet
  facet normal 1 0 0
    outer loop
      vertex -45.6 8.03519 4.33036
      vertex -45.6 12.2898 4.33036
      vertex -45.6 8.11513 4.45
    endloop
  endfacet
  facet normal 1 0 0
    outer loop
      vertex -45.6 12.2898 4.33036
      vertex -45.6 8.03519 4.33036
      vertex -45.6 12.3847 4.22218
    endloop
  endfacet
  facet normal 1 0 0
    outer loop
      vertex -45.6 7.94032 4.22218
      vertex -45.6 12.3847 4.22218
      vertex -45.6 8.03519 4.33036
    endloop
  endfacet
  facet normal 1 0 0
    outer loop
      vertex -45.6 12.3847 4.22218
      vertex -45.6 7.94032 4.22218
      vertex -45.6 12.4929 4.12731
    endloop
  endfacet
  facet normal 1 0 0
    outer loop
      vertex -45.6 7.83214 4.12731
      vertex -45.6 12.4929 4.12731
      vertex -45.6 7.94032 4.22218
    endloop
  endfacet
  facet normal 1 0 0
    outer loop
      vertex -45.6 12.4929 4.12731
      vertex -45.6 7.83214 4.12731
      vertex -45.6 12.6125 4.04737
    endloop
  endfacet
  facet normal 1 0 0
    outer loop
      vertex -45.6 7.7125 4.04737
      vertex -45.6 12.6125 4.04737
      vertex -45.6 7.83214 4.12731
    endloop
  endfacet
  facet normal 1 0 0
    outer loop
      vertex -45.6 12.6125 4.04737
      vertex -45.6 7.7125 4.04737
      vertex -45.6 12.7415 3.98373
    endloop
  endfacet
  facet normal 1 0 0
    outer loop
      vertex -45.6 7.58345 3.98373
      vertex -45.6 12.7415 3.98373
      vertex -45.6 7.7125 4.04737
    endloop
  endfacet
  facet normal 1 0 0
    outer loop
      vertex -45.6 12.7415 3.98373
      vertex -45.6 7.58345 3.98373
      vertex -45.6 12.8778 3.93748
    endloop
  endfacet
  facet normal 1 0 0
    outer loop
      vertex -45.6 7.4472 3.93748
      vertex -45.6 12.8778 3.93748
      vertex -45.6 7.58345 3.98373
    endloop
  endfacet
  facet normal 1 0 0
    outer loop
      vertex -45.6 12.8778 3.93748
      vertex -45.6 7.4472 3.93748
      vertex -45.6 13.0189 3.90941
    endloop
  endfacet
  facet normal 1 0 0
    outer loop
      vertex -45.6 7.30608 3.90941
      vertex -45.6 13.0189 3.90941
      vertex -45.6 7.4472 3.93748
    endloop
  endfacet
  facet normal 1 0 0
    outer loop
      vertex -45.6 7.1625 3.9
      vertex -45.6 13.0189 3.90941
      vertex -45.6 7.30608 3.90941
    endloop
  endfacet
  facet normal 1 0 0
    outer loop
      vertex -45.6 13.1625 3.9
      vertex -45.6 7.1625 3.9
      vertex -45.6 27.5 2.4
    endloop
  endfacet
  facet normal 1 0 0
    outer loop
      vertex -45.6 1.1625 3.9
      vertex -45.6 7.1625 3.9
      vertex -45.6 7.01892 3.90941
    endloop
  endfacet
  facet normal 1 0 0
    outer loop
      vertex -45.6 6.09998 5.2847
      vertex -45.6 2.2625 5
      vertex -45.6 6.07191 5.14358
    endloop
  endfacet
  facet normal 1 0 0
    outer loop
      vertex -45.6 6.07191 5.14358
      vertex -45.6 2.2625 5
      vertex -45.6 6.0625 5
    endloop
  endfacet
  facet normal 1 0 0
    outer loop
      vertex -45.6 6.0625 5
      vertex -45.6 2.2625 5
      vertex -45.6 6.07191 4.85642
    endloop
  endfacet
  facet normal 1 0 0
    outer loop
      vertex -45.6 2.25309 4.85642
      vertex -45.6 6.07191 4.85642
      vertex -45.6 2.2625 5
    endloop
  endfacet
  facet normal 1 0 0
    outer loop
      vertex -45.6 6.07191 4.85642
      vertex -45.6 2.25309 4.85642
      vertex -45.6 6.09998 4.7153
    endloop
  endfacet
  facet normal 1 0 0
    outer loop
      vertex -45.6 2.22502 4.7153
      vertex -45.6 6.09998 4.7153
      vertex -45.6 2.25309 4.85642
    endloop
  endfacet
  facet normal 1 0 0
    outer loop
      vertex -45.6 6.09998 4.7153
      vertex -45.6 2.22502 4.7153
      vertex -45.6 6.14623 4.57905
    endloop
  endfacet
  facet normal 1 0 0
    outer loop
      vertex -45.6 2.17877 4.57905
      vertex -45.6 6.14623 4.57905
      vertex -45.6 2.22502 4.7153
    endloop
  endfacet
  facet normal 1 0 0
    outer loop
      vertex -45.6 6.14623 4.57905
      vertex -45.6 2.17877 4.57905
      vertex -45.6 6.20987 4.45
    endloop
  endfacet
  facet normal 1 0 0
    outer loop
      vertex -45.6 2.11513 4.45
      vertex -45.6 6.20987 4.45
      vertex -45.6 2.17877 4.57905
    endloop
  endfacet
  facet normal 1 0 0
    outer loop
      vertex -45.6 6.20987 4.45
      vertex -45.6 2.11513 4.45
      vertex -45.6 6.28981 4.33036
    endloop
  endfacet
  facet normal 1 0 0
    outer loop
      vertex -45.6 2.03519 4.33036
      vertex -45.6 6.28981 4.33036
      vertex -45.6 2.11513 4.45
    endloop
  endfacet
  facet normal 1 0 0
    outer loop
      vertex -45.6 6.28981 4.33036
      vertex -45.6 2.03519 4.33036
      vertex -45.6 6.38468 4.22218
    endloop
  endfacet
  facet normal 1 0 0
    outer loop
      vertex -45.6 1.94032 4.22218
      vertex -45.6 6.38468 4.22218
      vertex -45.6 2.03519 4.33036
    endloop
  endfacet
  facet normal 1 0 0
    outer loop
      vertex -45.6 6.38468 4.22218
      vertex -45.6 1.94032 4.22218
      vertex -45.6 6.49286 4.12731
    endloop
  endfacet
  facet normal 1 0 0
    outer loop
      vertex -45.6 1.83214 4.12731
      vertex -45.6 6.49286 4.12731
      vertex -45.6 1.94032 4.22218
    endloop
  endfacet
  facet normal 1 0 0
    outer loop
      vertex -45.6 6.49286 4.12731
      vertex -45.6 1.83214 4.12731
      vertex -45.6 6.6125 4.04737
    endloop
  endfacet
  facet normal 1 0 0
    outer loop
      vertex -45.6 1.7125 4.04737
      vertex -45.6 6.6125 4.04737
      vertex -45.6 1.83214 4.12731
    endloop
  endfacet
  facet normal 1 0 0
    outer loop
      vertex -45.6 6.6125 4.04737
      vertex -45.6 1.7125 4.04737
      vertex -45.6 6.74155 3.98373
    endloop
  endfacet
  facet normal 1 0 0
    outer loop
      vertex -45.6 1.58345 3.98373
      vertex -45.6 6.74155 3.98373
      vertex -45.6 1.7125 4.04737
    endloop
  endfacet
  facet normal 1 0 0
    outer loop
      vertex -45.6 6.74155 3.98373
      vertex -45.6 1.58345 3.98373
      vertex -45.6 6.8778 3.93748
    endloop
  endfacet
  facet normal 1 0 0
    outer loop
      vertex -45.6 1.4472 3.93748
      vertex -45.6 6.8778 3.93748
      vertex -45.6 1.58345 3.98373
    endloop
  endfacet
  facet normal 1 0 0
    outer loop
      vertex -45.6 6.8778 3.93748
      vertex -45.6 1.4472 3.93748
      vertex -45.6 7.01892 3.90941
    endloop
  endfacet
  facet normal 1 0 0
    outer loop
      vertex -45.6 1.30608 3.90941
      vertex -45.6 7.01892 3.90941
      vertex -45.6 1.4472 3.93748
    endloop
  endfacet
  facet normal 1 0 0
    outer loop
      vertex -45.6 1.1625 3.9
      vertex -45.6 7.01892 3.90941
      vertex -45.6 1.30608 3.90941
    endloop
  endfacet
  facet normal 1 0 0
    outer loop
      vertex -45.6 7.1625 3.9
      vertex -45.6 1.1625 3.9
      vertex -45.6 27.5 2.4
    endloop
  endfacet
  facet normal 1 0 0
    outer loop
      vertex -45.6 0.0999813 5.2847
      vertex -45.6 -3.7375 5
      vertex -45.6 0.0719099 5.14358
    endloop
  endfacet
  facet normal 1 0 0
    outer loop
      vertex -45.6 0.0719099 5.14358
      vertex -45.6 -3.7375 5
      vertex -45.6 0.0625 5
    endloop
  endfacet
  facet normal 1 0 0
    outer loop
      vertex -45.6 0.0625 5
      vertex -45.6 -3.7375 5
      vertex -45.6 0.0719099 4.85642
    endloop
  endfacet
  facet normal 1 0 0
    outer loop
      vertex -45.6 -3.74691 4.85642
      vertex -45.6 0.0719099 4.85642
      vertex -45.6 -3.7375 5
    endloop
  endfacet
  facet normal 1 0 0
    outer loop
      vertex -45.6 0.0719099 4.85642
      vertex -45.6 -3.74691 4.85642
      vertex -45.6 0.0999813 4.7153
    endloop
  endfacet
  facet normal 1 0 0
    outer loop
      vertex -45.6 -3.77498 4.7153
      vertex -45.6 0.0999813 4.7153
      vertex -45.6 -3.74691 4.85642
    endloop
  endfacet
  facet normal 1 0 0
    outer loop
      vertex -45.6 0.0999813 4.7153
      vertex -45.6 -3.77498 4.7153
      vertex -45.6 0.146232 4.57905
    endloop
  endfacet
  facet normal 1 0 0
    outer loop
      vertex -45.6 -3.82123 4.57905
      vertex -45.6 0.146232 4.57905
      vertex -45.6 -3.77498 4.7153
    endloop
  endfacet
  facet normal 1 0 0
    outer loop
      vertex -45.6 0.146232 4.57905
      vertex -45.6 -3.82123 4.57905
      vertex -45.6 0.209871 4.45
    endloop
  endfacet
  facet normal 1 0 0
    outer loop
      vertex -45.6 -3.88487 4.45
      vertex -45.6 0.209871 4.45
      vertex -45.6 -3.82123 4.57905
    endloop
  endfacet
  facet normal 1 0 0
    outer loop
      vertex -45.6 0.209871 4.45
      vertex -45.6 -3.88487 4.45
      vertex -45.6 0.289811 4.33036
    endloop
  endfacet
  facet normal 1 0 0
    outer loop
      vertex -45.6 -3.96481 4.33036
      vertex -45.6 0.289811 4.33036
      vertex -45.6 -3.88487 4.45
    endloop
  endfacet
  facet normal 1 0 0
    outer loop
      vertex -45.6 0.289811 4.33036
      vertex -45.6 -3.96481 4.33036
      vertex -45.6 0.384682 4.22218
    endloop
  endfacet
  facet normal 1 0 0
    outer loop
      vertex -45.6 -4.05968 4.22218
      vertex -45.6 0.384682 4.22218
      vertex -45.6 -3.96481 4.33036
    endloop
  endfacet
  facet normal 1 0 0
    outer loop
      vertex -45.6 0.384682 4.22218
      vertex -45.6 -4.05968 4.22218
      vertex -45.6 0.492862 4.12731
    endloop
  endfacet
  facet normal 1 0 0
    outer loop
      vertex -45.6 -4.16786 4.12731
      vertex -45.6 0.492862 4.12731
      vertex -45.6 -4.05968 4.22218
    endloop
  endfacet
  facet normal 1 0 0
    outer loop
      vertex -45.6 0.492862 4.12731
      vertex -45.6 -4.16786 4.12731
      vertex -45.6 0.612499 4.04737
    endloop
  endfacet
  facet normal 1 0 0
    outer loop
      vertex -45.6 -4.2875 4.04737
      vertex -45.6 0.612499 4.04737
      vertex -45.6 -4.16786 4.12731
    endloop
  endfacet
  facet normal 1 0 0
    outer loop
      vertex -45.6 0.612499 4.04737
      vertex -45.6 -4.2875 4.04737
      vertex -45.6 0.741548 3.98373
    endloop
  endfacet
  facet normal 1 0 0
    outer loop
      vertex -45.6 -4.41655 3.98373
      vertex -45.6 0.741548 3.98373
      vertex -45.6 -4.2875 4.04737
    endloop
  endfacet
  facet normal 1 0 0
    outer loop
      vertex -45.6 0.741548 3.98373
      vertex -45.6 -4.41655 3.98373
      vertex -45.6 0.877799 3.93748
    endloop
  endfacet
  facet normal 1 0 0
    outer loop
      vertex -45.6 -4.5528 3.93748
      vertex -45.6 0.877799 3.93748
      vertex -45.6 -4.41655 3.98373
    endloop
  endfacet
  facet normal 1 0 0
    outer loop
      vertex -45.6 0.877799 3.93748
      vertex -45.6 -4.5528 3.93748
      vertex -45.6 1.01892 3.90941
    endloop
  endfacet
  facet normal 1 0 0
    outer loop
      vertex -45.6 -4.69392 3.90941
      vertex -45.6 1.01892 3.90941
      vertex -45.6 -4.5528 3.93748
    endloop
  endfacet
  facet normal 1 0 0
    outer loop
      vertex -45.6 1.01892 3.90941
      vertex -45.6 -4.69392 3.90941
      vertex -45.6 1.1625 3.9
    endloop
  endfacet
  facet normal 1 0 0
    outer loop
      vertex -45.6 -4.8375 3.9
      vertex -45.6 1.1625 3.9
      vertex -45.6 -4.69392 3.90941
    endloop
  endfacet
  facet normal 1 0 0
    outer loop
      vertex -45.6 1.1625 3.9
      vertex -45.6 -4.8375 3.9
      vertex -45.6 27.5 2.4
    endloop
  endfacet
  facet normal 1 0 0
    outer loop
      vertex -45.6 -5.90002 5.2847
      vertex -45.6 -9.7375 5
      vertex -45.6 -5.92809 5.14358
    endloop
  endfacet
  facet normal 1 0 0
    outer loop
      vertex -45.6 -5.92809 5.14358
      vertex -45.6 -9.7375 5
      vertex -45.6 -5.9375 5
    endloop
  endfacet
  facet normal 1 0 0
    outer loop
      vertex -45.6 -5.9375 5
      vertex -45.6 -9.7375 5
      vertex -45.6 -5.92809 4.85642
    endloop
  endfacet
  facet normal 1 0 0
    outer loop
      vertex -45.6 -9.74691 4.85642
      vertex -45.6 -5.92809 4.85642
      vertex -45.6 -9.7375 5
    endloop
  endfacet
  facet normal 1 0 0
    outer loop
      vertex -45.6 -5.92809 4.85642
      vertex -45.6 -9.74691 4.85642
      vertex -45.6 -5.90002 4.7153
    endloop
  endfacet
  facet normal 1 0 0
    outer loop
      vertex -45.6 -9.77498 4.7153
      vertex -45.6 -5.90002 4.7153
      vertex -45.6 -9.74691 4.85642
    endloop
  endfacet
  facet normal 1 0 0
    outer loop
      vertex -45.6 -5.90002 4.7153
      vertex -45.6 -9.77498 4.7153
      vertex -45.6 -5.85377 4.57905
    endloop
  endfacet
  facet normal 1 0 0
    outer loop
      vertex -45.6 -9.82123 4.57905
      vertex -45.6 -5.85377 4.57905
      vertex -45.6 -9.77498 4.7153
    endloop
  endfacet
  facet normal 1 0 0
    outer loop
      vertex -45.6 -5.85377 4.57905
      vertex -45.6 -9.82123 4.57905
      vertex -45.6 -5.79013 4.45
    endloop
  endfacet
  facet normal 1 0 0
    outer loop
      vertex -45.6 -9.88487 4.45
      vertex -45.6 -5.79013 4.45
      vertex -45.6 -9.82123 4.57905
    endloop
  endfacet
  facet normal 1 0 0
    outer loop
      vertex -45.6 -5.79013 4.45
      vertex -45.6 -9.88487 4.45
      vertex -45.6 -5.71019 4.33036
    endloop
  endfacet
  facet normal 1 0 0
    outer loop
      vertex -45.6 -9.96481 4.33036
      vertex -45.6 -5.71019 4.33036
      vertex -45.6 -9.88487 4.45
    endloop
  endfacet
  facet normal 1 0 0
    outer loop
      vertex -45.6 -5.71019 4.33036
      vertex -45.6 -9.96481 4.33036
      vertex -45.6 -5.61532 4.22218
    endloop
  endfacet
  facet normal 1 0 0
    outer loop
      vertex -45.6 -10.0597 4.22218
      vertex -45.6 -5.61532 4.22218
      vertex -45.6 -9.96481 4.33036
    endloop
  endfacet
  facet normal 1 0 0
    outer loop
      vertex -45.6 -5.61532 4.22218
      vertex -45.6 -10.0597 4.22218
      vertex -45.6 -5.50714 4.12731
    endloop
  endfacet
  facet normal 1 0 0
    outer loop
      vertex -45.6 -10.1679 4.12731
      vertex -45.6 -5.50714 4.12731
      vertex -45.6 -10.0597 4.22218
    endloop
  endfacet
  facet normal 1 0 0
    outer loop
      vertex -45.6 -5.50714 4.12731
      vertex -45.6 -10.1679 4.12731
      vertex -45.6 -5.3875 4.04737
    endloop
  endfacet
  facet normal 1 0 0
    outer loop
      vertex -45.6 -10.2875 4.04737
      vertex -45.6 -5.3875 4.04737
      vertex -45.6 -10.1679 4.12731
    endloop
  endfacet
  facet normal 1 0 0
    outer loop
      vertex -45.6 -5.3875 4.04737
      vertex -45.6 -10.2875 4.04737
      vertex -45.6 -5.25845 3.98373
    endloop
  endfacet
  facet normal 1 0 0
    outer loop
      vertex -45.6 -10.4165 3.98373
      vertex -45.6 -5.25845 3.98373
      vertex -45.6 -10.2875 4.04737
    endloop
  endfacet
  facet normal 1 0 0
    outer loop
      vertex -45.6 -5.25845 3.98373
      vertex -45.6 -10.4165 3.98373
      vertex -45.6 -5.1222 3.93748
    endloop
  endfacet
  facet normal 1 0 0
    outer loop
      vertex -45.6 -10.5528 3.93748
      vertex -45.6 -5.1222 3.93748
      vertex -45.6 -10.4165 3.98373
    endloop
  endfacet
  facet normal 1 0 0
    outer loop
      vertex -45.6 -5.1222 3.93748
      vertex -45.6 -10.5528 3.93748
      vertex -45.6 -4.98108 3.90941
    endloop
  endfacet
  facet normal 1 0 0
    outer loop
      vertex -45.6 -10.6939 3.90941
      vertex -45.6 -4.98108 3.90941
      vertex -45.6 -10.5528 3.93748
    endloop
  endfacet
  facet normal 1 0 0
    outer loop
      vertex -45.6 -4.98108 3.90941
      vertex -45.6 -10.6939 3.90941
      vertex -45.6 -4.8375 3.9
    endloop
  endfacet
  facet normal 1 0 0
    outer loop
      vertex -45.6 -10.8375 3.9
      vertex -45.6 -4.8375 3.9
      vertex -45.6 -10.6939 3.90941
    endloop
  endfacet
  facet normal 1 0 0
    outer loop
      vertex -45.6 -27.5 2.4
      vertex -45.6 -4.8375 3.9
      vertex -45.6 -10.8375 3.9
    endloop
  endfacet
  facet normal 1 0 0
    outer loop
      vertex -45.6 -11.9281 5.14358
      vertex -45.6 -27.5 2.4
      vertex -45.6 -11.9375 5
    endloop
  endfacet
  facet normal 1 0 0
    outer loop
      vertex -45.6 -11.9375 5
      vertex -45.6 -27.5 2.4
      vertex -45.6 -11.9281 4.85642
    endloop
  endfacet
  facet normal 1 0 0
    outer loop
      vertex -45.6 -11.9281 4.85642
      vertex -45.6 -27.5 2.4
      vertex -45.6 -11.9 4.7153
    endloop
  endfacet
  facet normal 1 0 0
    outer loop
      vertex -45.6 -11.9 4.7153
      vertex -45.6 -27.5 2.4
      vertex -45.6 -11.8538 4.57905
    endloop
  endfacet
  facet normal 1 0 0
    outer loop
      vertex -45.6 -11.8538 4.57905
      vertex -45.6 -27.5 2.4
      vertex -45.6 -11.7901 4.45
    endloop
  endfacet
  facet normal 1 0 0
    outer loop
      vertex -45.6 -11.7901 4.45
      vertex -45.6 -27.5 2.4
      vertex -45.6 -11.7102 4.33036
    endloop
  endfacet
  facet normal 1 0 0
    outer loop
      vertex -45.6 -4.8375 3.9
      vertex -45.6 -27.5 2.4
      vertex -45.6 27.5 2.4
    endloop
  endfacet
  facet normal 1 0 0
    outer loop
      vertex -45.6 -10.9811 3.90941
      vertex -45.6 -27.5 2.4
      vertex -45.6 -10.8375 3.9
    endloop
  endfacet
  facet normal 1 0 0
    outer loop
      vertex -45.6 -11.1222 3.93748
      vertex -45.6 -27.5 2.4
      vertex -45.6 -10.9811 3.90941
    endloop
  endfacet
  facet normal 1 0 0
    outer loop
      vertex -45.6 -11.2585 3.98373
      vertex -45.6 -27.5 2.4
      vertex -45.6 -11.1222 3.93748
    endloop
  endfacet
  facet normal 1 0 0
    outer loop
      vertex -45.6 -11.3875 4.04737
      vertex -45.6 -27.5 2.4
      vertex -45.6 -11.2585 3.98373
    endloop
  endfacet
  facet normal 1 0 0
    outer loop
      vertex -45.6 -11.5071 4.12731
      vertex -45.6 -27.5 2.4
      vertex -45.6 -11.3875 4.04737
    endloop
  endfacet
  facet normal 1 0 0
    outer loop
      vertex -45.6 -11.6153 4.22218
      vertex -45.6 -27.5 2.4
      vertex -45.6 -11.5071 4.12731
    endloop
  endfacet
  facet normal 1 0 0
    outer loop
      vertex -45.6 -11.7102 4.33036
      vertex -45.6 -27.5 2.4
      vertex -45.6 -11.6153 4.22218
    endloop
  endfacet
  facet normal 0 1 -0
    outer loop
      vertex 41.7383 -30.1 2.4
      vertex -41.7383 -30.1 20
      vertex 41.7383 -30.1 20
    endloop
  endfacet
  facet normal 0 1 0
    outer loop
      vertex -41.7383 -30.1 20
      vertex 41.7383 -30.1 2.4
      vertex -41.7383 -30.1 2.4
    endloop
  endfacet
  facet normal 0 -1 0
    outer loop
      vertex -41.7383 30.1 2.4
      vertex 41.7383 30.1 20
      vertex -41.7383 30.1 20
    endloop
  endfacet
  facet normal 0 -1 -0
    outer loop
      vertex 41.7383 30.1 20
      vertex -41.7383 30.1 2.4
      vertex 41.7383 30.1 2.4
    endloop
  endfacet
  facet normal -1 0 0
    outer loop
      vertex 45.6 15.3 2.4
      vertex 45.6 -27.5 2.4
      vertex 45.6 15.3 9.4
    endloop
  endfacet
  facet normal -1 0 0
    outer loop
      vertex 45.6 15.3 9.4
      vertex 45.6 18.1 20
      vertex 45.6 18.1 9.4
    endloop
  endfacet
  facet normal -1 0 0
    outer loop
      vertex 45.6 -27.5 20
      vertex 45.6 15.3 9.4
      vertex 45.6 -27.5 2.4
    endloop
  endfacet
  facet normal -1 0 0
    outer loop
      vertex 45.6 15.3 9.4
      vertex 45.6 -27.5 20
      vertex 45.6 18.1 20
    endloop
  endfacet
  facet normal -1 0 0
    outer loop
      vertex 45.6 25.9 9.4
      vertex 45.6 27.5 20
      vertex 45.6 27.5 9.4
    endloop
  endfacet
  facet normal -1 -0 0
    outer loop
      vertex 45.6 27.5 20
      vertex 45.6 25.9 9.4
      vertex 45.6 25.9 20
    endloop
  endfacet
  facet normal -1 0 0
    outer loop
      vertex 45.6 25.7 2.4
      vertex 45.6 24.2 3.7
      vertex 45.6 25.7 8.1
    endloop
  endfacet
  facet normal -1 0 0
    outer loop
      vertex 45.6 25.7 2.4
      vertex 45.6 19.8 3.7
      vertex 45.6 24.2 3.7
    endloop
  endfacet
  facet normal -1 0 0
    outer loop
      vertex 45.6 18.3 2.4
      vertex 45.6 19.8 3.7
      vertex 45.6 25.7 2.4
    endloop
  endfacet
  facet normal -1 0 0
    outer loop
      vertex 45.6 18.3 8.1
      vertex 45.6 19.8 3.7
      vertex 45.6 18.3 2.4
    endloop
  endfacet
  facet normal -1 0 0
    outer loop
      vertex 45.6 19.8 3.7
      vertex 45.6 18.3 8.1
      vertex 45.6 19.8 8.1
    endloop
  endfacet
  facet normal -1 -0 0
    outer loop
      vertex 45.6 25.7 8.1
      vertex 45.6 24.2 3.7
      vertex 45.6 24.2 8.1
    endloop
  endfacet
  facet normal 0.555576 -0.831466 0
    outer loop
      vertex -44.5828 29.5627 2.4
      vertex -44.3857 29.6944 20
      vertex -44.5828 29.5627 20
    endloop
  endfacet
  facet normal 0.555576 -0.831466 0
    outer loop
      vertex -44.3857 29.6944 20
      vertex -44.5828 29.5627 2.4
      vertex -44.3857 29.6944 2.4
    endloop
  endfacet
  facet normal 0.555576 0.831466 -0
    outer loop
      vertex -44.3857 -29.6944 2.4
      vertex -44.5828 -29.5627 20
      vertex -44.3857 -29.6944 20
    endloop
  endfacet
  facet normal 0.555576 0.831466 0
    outer loop
      vertex -44.5828 -29.5627 20
      vertex -44.3857 -29.6944 2.4
      vertex -44.5828 -29.5627 2.4
    endloop
  endfacet
  facet normal -0.555576 -0.831466 0
    outer loop
      vertex 44.3857 29.6944 2.4
      vertex 44.5828 29.5627 20
      vertex 44.3857 29.6944 20
    endloop
  endfacet
  facet normal -0.555576 -0.831466 -0
    outer loop
      vertex 44.5828 29.5627 20
      vertex 44.3857 29.6944 2.4
      vertex 44.5828 29.5627 2.4
    endloop
  endfacet
  facet normal -0.997868 0.0652701 0
    outer loop
      vertex 45.5778 -27.8394 2.4
      vertex 45.6 -27.5 20
      vertex 45.6 -27.5 2.4
    endloop
  endfacet
  facet normal -0.997868 0.0652701 0
    outer loop
      vertex 45.6 -27.5 20
      vertex 45.5778 -27.8394 2.4
      vertex 45.5778 -27.8394 20
    endloop
  endfacet
  facet normal -0.98075 0.195268 0
    outer loop
      vertex 45.5114 -28.1729 2.4
      vertex 45.5778 -27.8394 20
      vertex 45.5778 -27.8394 2.4
    endloop
  endfacet
  facet normal -0.98075 0.195268 0
    outer loop
      vertex 45.5778 -27.8394 20
      vertex 45.5114 -28.1729 2.4
      vertex 45.5114 -28.1729 20
    endloop
  endfacet
  facet normal 0.831417 -0.55565 0
    outer loop
      vertex -45.2517 28.8 20
      vertex -45.0627 29.0828 2.4
      vertex -45.0627 29.0828 20
    endloop
  endfacet
  facet normal 0.831417 -0.55565 0
    outer loop
      vertex -45.0627 29.0828 2.4
      vertex -45.2517 28.8 20
      vertex -45.2517 28.8 2.4
    endloop
  endfacet
  facet normal 0.98075 -0.195268 0
    outer loop
      vertex -45.5778 27.8394 20
      vertex -45.5114 28.1729 2.4
      vertex -45.5114 28.1729 20
    endloop
  endfacet
  facet normal 0.98075 -0.195268 0
    outer loop
      vertex -45.5114 28.1729 2.4
      vertex -45.5778 27.8394 20
      vertex -45.5778 27.8394 2.4
    endloop
  endfacet
  facet normal 0.896884 0.442267 0
    outer loop
      vertex -45.2517 -28.8 20
      vertex -45.4021 -28.495 2.4
      vertex -45.4021 -28.495 20
    endloop
  endfacet
  facet normal 0.896884 0.442267 0
    outer loop
      vertex -45.4021 -28.495 2.4
      vertex -45.2517 -28.8 20
      vertex -45.2517 -28.8 2.4
    endloop
  endfacet
  facet normal 0.831417 0.55565 0
    outer loop
      vertex -45.0627 -29.0828 20
      vertex -45.2517 -28.8 2.4
      vertex -45.2517 -28.8 20
    endloop
  endfacet
  facet normal 0.831417 0.55565 0
    outer loop
      vertex -45.2517 -28.8 2.4
      vertex -45.0627 -29.0828 20
      vertex -45.0627 -29.0828 2.4
    endloop
  endfacet
  facet normal -0.896924 -0.442184 -0
    outer loop
      vertex 45.301 28.7 9.4
      vertex 45.2517 28.8 2.4
      vertex 45.301 28.7 2.4
    endloop
  endfacet
  facet normal -0.896924 -0.442184 0
    outer loop
      vertex 45.2517 28.8 2.4
      vertex 45.301 28.7 9.4
      vertex 45.2517 28.8 20
    endloop
  endfacet
  facet normal -0.896864 -0.442307 1.44456e-06
    outer loop
      vertex 45.4021 28.495 9.4
      vertex 45.2517 28.8 20
      vertex 45.301 28.7 9.4
    endloop
  endfacet
  facet normal -0.896884 -0.442267 0
    outer loop
      vertex 45.2517 28.8 20
      vertex 45.4021 28.495 9.4
      vertex 45.4021 28.495 20
    endloop
  endfacet
  facet normal -0.896884 0.442267 0
    outer loop
      vertex 45.2517 -28.8 2.4
      vertex 45.4021 -28.495 20
      vertex 45.4021 -28.495 2.4
    endloop
  endfacet
  facet normal -0.896884 0.442267 0
    outer loop
      vertex 45.4021 -28.495 20
      vertex 45.2517 -28.8 2.4
      vertex 45.2517 -28.8 20
    endloop
  endfacet
  facet normal 0.751902 -0.659275 0
    outer loop
      vertex -45.0627 29.0828 20
      vertex -44.8385 29.3385 2.4
      vertex -44.8385 29.3385 20
    endloop
  endfacet
  facet normal 0.751902 -0.659275 0
    outer loop
      vertex -44.8385 29.3385 2.4
      vertex -45.0627 29.0828 20
      vertex -45.0627 29.0828 2.4
    endloop
  endfacet
  facet normal 0.896884 -0.442267 0
    outer loop
      vertex -45.4021 28.495 20
      vertex -45.2517 28.8 2.4
      vertex -45.2517 28.8 20
    endloop
  endfacet
  facet normal 0.896884 -0.442267 0
    outer loop
      vertex -45.2517 28.8 2.4
      vertex -45.4021 28.495 20
      vertex -45.4021 28.495 2.4
    endloop
  endfacet
  facet normal 0.946964 -0.321339 0
    outer loop
      vertex -45.5114 28.1729 20
      vertex -45.4021 28.495 2.4
      vertex -45.4021 28.495 20
    endloop
  endfacet
  facet normal 0.946964 -0.321339 0
    outer loop
      vertex -45.4021 28.495 2.4
      vertex -45.5114 28.1729 20
      vertex -45.5114 28.1729 2.4
    endloop
  endfacet
  facet normal 0.997868 0.0652701 0
    outer loop
      vertex -45.5778 -27.8394 20
      vertex -45.6 -27.5 2.4
      vertex -45.6 -27.5 20
    endloop
  endfacet
  facet normal 0.997868 0.0652701 0
    outer loop
      vertex -45.6 -27.5 2.4
      vertex -45.5778 -27.8394 20
      vertex -45.5778 -27.8394 2.4
    endloop
  endfacet
  facet normal -0 -0 1
    outer loop
      vertex -45.4021 -28.495 2.4
      vertex -44.1107 -28.6477 2.4
      vertex -45.5114 -28.1729 2.4
    endloop
  endfacet
  facet normal 0 0 1
    outer loop
      vertex -44.388 29.6827 2.4
      vertex -44.5828 29.5627 2.4
      vertex -44.4 29.5 2.4
    endloop
  endfacet
  facet normal 0 0 1
    outer loop
      vertex -44.5828 29.5627 2.4
      vertex -44.388 29.6827 2.4
      vertex -44.3857 29.6944 2.4
    endloop
  endfacet
  facet normal -0 0 1
    outer loop
      vertex -41.7876 28.8 2.4
      vertex -38.35 22.963 2.4
      vertex -41.7066 28.9642 2.4
    endloop
  endfacet
  facet normal 0 0 1
    outer loop
      vertex -38.35 -15.238 2.4
      vertex -41.612 -29.3173 2.4
      vertex -41.6 -29.5 2.4
    endloop
  endfacet
  facet normal -0 0 1
    outer loop
      vertex -41.8893 28.6477 2.4
      vertex -38.35 22.963 2.4
      vertex -41.7876 28.8 2.4
    endloop
  endfacet
  facet normal 0 0 1
    outer loop
      vertex -38.35 -15.238 2.4
      vertex -41.6477 -29.1377 2.4
      vertex -41.612 -29.3173 2.4
    endloop
  endfacet
  facet normal -0 0 1
    outer loop
      vertex -42.01 28.51 2.4
      vertex -38.35 22.963 2.4
      vertex -41.8893 28.6477 2.4
    endloop
  endfacet
  facet normal 0 0 1
    outer loop
      vertex -38.35 -15.238 2.4
      vertex -41.7066 -28.9642 2.4
      vertex -41.6477 -29.1377 2.4
    endloop
  endfacet
  facet normal -0 0 1
    outer loop
      vertex -42.1477 28.3893 2.4
      vertex -38.35 22.963 2.4
      vertex -42.01 28.51 2.4
    endloop
  endfacet
  facet normal 0 0 1
    outer loop
      vertex -38.35 -15.238 2.4
      vertex -41.7876 -28.8 2.4
      vertex -41.7066 -28.9642 2.4
    endloop
  endfacet
  facet normal -0 0 1
    outer loop
      vertex -42.3 28.2876 2.4
      vertex -38.35 22.963 2.4
      vertex -42.1477 28.3893 2.4
    endloop
  endfacet
  facet normal 0 0 1
    outer loop
      vertex -38.35 -15.238 2.4
      vertex -41.8893 -28.6477 2.4
      vertex -41.7876 -28.8 2.4
    endloop
  endfacet
  facet normal -0 0 1
    outer loop
      vertex -42.4642 28.2066 2.4
      vertex -38.35 22.963 2.4
      vertex -42.3 28.2876 2.4
    endloop
  endfacet
  facet normal 0 0 1
    outer loop
      vertex -38.35 -15.238 2.4
      vertex -42.01 -28.51 2.4
      vertex -41.8893 -28.6477 2.4
    endloop
  endfacet
  facet normal -0 0 1
    outer loop
      vertex -42.6377 28.1477 2.4
      vertex -38.35 22.963 2.4
      vertex -42.4642 28.2066 2.4
    endloop
  endfacet
  facet normal 0 0 1
    outer loop
      vertex -38.35 -15.238 2.4
      vertex -42.1477 -28.3893 2.4
      vertex -42.01 -28.51 2.4
    endloop
  endfacet
  facet normal -0 0 1
    outer loop
      vertex -42.8173 28.112 2.4
      vertex -38.35 22.963 2.4
      vertex -42.6377 28.1477 2.4
    endloop
  endfacet
  facet normal 0 0 1
    outer loop
      vertex -38.35 -15.238 2.4
      vertex -42.3 -28.2876 2.4
      vertex -42.1477 -28.3893 2.4
    endloop
  endfacet
  facet normal -0 0 1
    outer loop
      vertex -43 28.1 2.4
      vertex -38.35 22.963 2.4
      vertex -42.8173 28.112 2.4
    endloop
  endfacet
  facet normal 0 0 1
    outer loop
      vertex -38.35 -15.238 2.4
      vertex -42.4642 -28.2066 2.4
      vertex -42.3 -28.2876 2.4
    endloop
  endfacet
  facet normal 0 0 1
    outer loop
      vertex -45.6 27.5 2.4
      vertex -43 28.1 2.4
      vertex -43.1827 28.112 2.4
    endloop
  endfacet
  facet normal 0 0 1
    outer loop
      vertex -38.35 -15.238 2.4
      vertex -42.6377 -28.1477 2.4
      vertex -42.4642 -28.2066 2.4
    endloop
  endfacet
  facet normal 0 0 1
    outer loop
      vertex -45.6 27.5 2.4
      vertex -43.1827 28.112 2.4
      vertex -43.3623 28.1477 2.4
    endloop
  endfacet
  facet normal 0 0 1
    outer loop
      vertex -38.35 -15.238 2.4
      vertex -42.8173 -28.112 2.4
      vertex -42.6377 -28.1477 2.4
    endloop
  endfacet
  facet normal 0 0 1
    outer loop
      vertex -45.6 27.5 2.4
      vertex -43.3623 28.1477 2.4
      vertex -43.5358 28.2066 2.4
    endloop
  endfacet
  facet normal 0 0 1
    outer loop
      vertex -38.35 -15.238 2.4
      vertex -43 -28.1 2.4
      vertex -42.8173 -28.112 2.4
    endloop
  endfacet
  facet normal 0 0 1
    outer loop
      vertex -43 28.1 2.4
      vertex -45.6 27.5 2.4
      vertex -38.35 22.963 2.4
    endloop
  endfacet
  facet normal -0 0 1
    outer loop
      vertex -45.6 -27.5 2.4
      vertex -43 -28.1 2.4
      vertex -38.35 -15.238 2.4
    endloop
  endfacet
  facet normal 0 0 1
    outer loop
      vertex -45.6 27.5 2.4
      vertex -43.5358 28.2066 2.4
      vertex -43.7 28.2876 2.4
    endloop
  endfacet
  facet normal 0 0 1
    outer loop
      vertex -43 -28.1 2.4
      vertex -45.6 -27.5 2.4
      vertex -43.1827 -28.112 2.4
    endloop
  endfacet
  facet normal 0 0 1
    outer loop
      vertex -45.6 27.5 2.4
      vertex -43.7 28.2876 2.4
      vertex -43.8523 28.3893 2.4
    endloop
  endfacet
  facet normal 0 0 1
    outer loop
      vertex -43.1827 -28.112 2.4
      vertex -45.6 -27.5 2.4
      vertex -43.3623 -28.1477 2.4
    endloop
  endfacet
  facet normal 0 0 1
    outer loop
      vertex -45.6 27.5 2.4
      vertex -43.8523 28.3893 2.4
      vertex -43.9899 28.51 2.4
    endloop
  endfacet
  facet normal 0 0 1
    outer loop
      vertex -43.3623 -28.1477 2.4
      vertex -45.6 -27.5 2.4
      vertex -43.5358 -28.2066 2.4
    endloop
  endfacet
  facet normal 0 0 1
    outer loop
      vertex -45.6 27.5 2.4
      vertex -43.9899 28.51 2.4
      vertex -44.1107 28.6477 2.4
    endloop
  endfacet
  facet normal 0 0 1
    outer loop
      vertex -43.5358 -28.2066 2.4
      vertex -45.6 -27.5 2.4
      vertex -43.7 -28.2876 2.4
    endloop
  endfacet
  facet normal 0 0 1
    outer loop
      vertex -38.35 22.963 2.4
      vertex -45.6 27.5 2.4
      vertex -38.35 17.563 2.4
    endloop
  endfacet
  facet normal 0 0 1
    outer loop
      vertex -43.7 -28.2876 2.4
      vertex -45.6 -27.5 2.4
      vertex -43.8523 -28.3893 2.4
    endloop
  endfacet
  facet normal 0 0 1
    outer loop
      vertex -45.6 27.5 2.4
      vertex -44.1107 28.6477 2.4
      vertex -44.2124 28.8 2.4
    endloop
  endfacet
  facet normal -0 -0 1
    outer loop
      vertex -45.5778 -27.8394 2.4
      vertex -43.8523 -28.3893 2.4
      vertex -45.6 -27.5 2.4
    endloop
  endfacet
  facet normal 0 0 1
    outer loop
      vertex -38.35 17.563 2.4
      vertex -45.6 27.5 2.4
      vertex -38.35 -15.238 2.4
    endloop
  endfacet
  facet normal 0 0 1
    outer loop
      vertex -43.8523 -28.3893 2.4
      vertex -45.5778 -27.8394 2.4
      vertex -43.9899 -28.51 2.4
    endloop
  endfacet
  facet normal 0 0 1
    outer loop
      vertex -45.6 27.5 2.4
      vertex -44.2124 28.8 2.4
      vertex -44.2934 28.9642 2.4
    endloop
  endfacet
  facet normal 0 0 1
    outer loop
      vertex -45.6 -27.5 2.4
      vertex -38.35 -15.238 2.4
      vertex -45.6 27.5 2.4
    endloop
  endfacet
  facet normal 0 0 1
    outer loop
      vertex -45.6 27.5 2.4
      vertex -44.3523 29.1377 2.4
      vertex -44.5828 29.5627 2.4
    endloop
  endfacet
  facet normal 0 0 1
    outer loop
      vertex -44.3523 29.1377 2.4
      vertex -45.6 27.5 2.4
      vertex -44.2934 28.9642 2.4
    endloop
  endfacet
  facet normal 0 0 1
    outer loop
      vertex -44.5828 29.5627 2.4
      vertex -44.3523 29.1377 2.4
      vertex -44.388 29.3173 2.4
    endloop
  endfacet
  facet normal -0 -0 1
    outer loop
      vertex -45.5114 -28.1729 2.4
      vertex -43.9899 -28.51 2.4
      vertex -45.5778 -27.8394 2.4
    endloop
  endfacet
  facet normal 0 0 1
    outer loop
      vertex -44.5828 29.5627 2.4
      vertex -44.388 29.3173 2.4
      vertex -44.4 29.5 2.4
    endloop
  endfacet
  facet normal 0 0 1
    outer loop
      vertex -43.9899 -28.51 2.4
      vertex -45.5114 -28.1729 2.4
      vertex -44.1107 -28.6477 2.4
    endloop
  endfacet
  facet normal -0 0 1
    outer loop
      vertex -38.35 17.563 2.4
      vertex -36.725 -15.238 2.4
      vertex -36.725 17.563 2.4
    endloop
  endfacet
  facet normal 0 0 1
    outer loop
      vertex -36.725 -15.238 2.4
      vertex -38.35 17.563 2.4
      vertex -38.35 -15.238 2.4
    endloop
  endfacet
  facet normal 0 0 1
    outer loop
      vertex 41.612 29.6827 2.4
      vertex 38.8 28.7 2.4
      vertex 41.6 29.5 2.4
    endloop
  endfacet
  facet normal 0 0 1
    outer loop
      vertex 41.6477 29.8623 2.4
      vertex 38.8 28.7 2.4
      vertex 41.612 29.6827 2.4
    endloop
  endfacet
  facet normal 0 0 1
    outer loop
      vertex 41.7066 30.0358 2.4
      vertex 38.8 28.7 2.4
      vertex 41.6477 29.8623 2.4
    endloop
  endfacet
  facet normal 0 0 1
    outer loop
      vertex 41.7383 30.1 2.4
      vertex 38.8 28.7 2.4
      vertex 41.7066 30.0358 2.4
    endloop
  endfacet
  facet normal 0 0 1
    outer loop
      vertex 34.6 23 2.4
      vertex 38.8 25.7 2.4
      vertex 38.8 28.7 2.4
    endloop
  endfacet
  facet normal 0 0 1
    outer loop
      vertex 38.8 25.7 2.4
      vertex 38.6 23 2.4
      vertex 38.8 18.3 2.4
    endloop
  endfacet
  facet normal -0 0 1
    outer loop
      vertex 38.6 21 2.4
      vertex 38.8 18.3 2.4
      vertex 38.6 23 2.4
    endloop
  endfacet
  facet normal 0 0 1
    outer loop
      vertex 38.8 25.7 2.4
      vertex 34.6 23 2.4
      vertex 38.6 23 2.4
    endloop
  endfacet
  facet normal 0 0 1
    outer loop
      vertex 34.6 23 2.4
      vertex -36.725 22.963 2.4
      vertex 34.6 21 2.4
    endloop
  endfacet
  facet normal 0 0 1
    outer loop
      vertex 38.8 28.7 2.4
      vertex -36.725 22.963 2.4
      vertex 34.6 23 2.4
    endloop
  endfacet
  facet normal -0 0 1
    outer loop
      vertex -41.7383 30.1 2.4
      vertex 38.8 28.7 2.4
      vertex 41.7383 30.1 2.4
    endloop
  endfacet
  facet normal 0 0 1
    outer loop
      vertex 38.8 28.7 2.4
      vertex -41.7383 30.1 2.4
      vertex -36.725 22.963 2.4
    endloop
  endfacet
  facet normal -0 0 1
    outer loop
      vertex -41.6477 29.1377 2.4
      vertex -36.725 22.963 2.4
      vertex -41.612 29.3173 2.4
    endloop
  endfacet
  facet normal -0 0 1
    outer loop
      vertex -41.7066 28.9642 2.4
      vertex -36.725 22.963 2.4
      vertex -41.6477 29.1377 2.4
    endloop
  endfacet
  facet normal 0 0 1
    outer loop
      vertex -36.725 22.963 2.4
      vertex -41.7066 28.9642 2.4
      vertex -38.35 22.963 2.4
    endloop
  endfacet
  facet normal -0 -0 1
    outer loop
      vertex -41.6477 29.8623 2.4
      vertex -36.725 22.963 2.4
      vertex -41.7066 30.0358 2.4
    endloop
  endfacet
  facet normal -0 0 1
    outer loop
      vertex -41.612 29.3173 2.4
      vertex -36.725 22.963 2.4
      vertex -41.6 29.5 2.4
    endloop
  endfacet
  facet normal -0 -0 1
    outer loop
      vertex -41.6 29.5 2.4
      vertex -36.725 22.963 2.4
      vertex -41.612 29.6827 2.4
    endloop
  endfacet
  facet normal -0 -0 1
    outer loop
      vertex -41.612 29.6827 2.4
      vertex -36.725 22.963 2.4
      vertex -41.6477 29.8623 2.4
    endloop
  endfacet
  facet normal 0 0 1
    outer loop
      vertex -36.725 22.963 2.4
      vertex -41.7383 30.1 2.4
      vertex -41.7066 30.0358 2.4
    endloop
  endfacet
  facet normal 0 0 1
    outer loop
      vertex 41.7876 28.8 2.4
      vertex 38.8 28.7 2.4
      vertex 41.8544 28.7 2.4
    endloop
  endfacet
  facet normal 0 0 1
    outer loop
      vertex 41.7066 28.9642 2.4
      vertex 38.8 28.7 2.4
      vertex 41.7876 28.8 2.4
    endloop
  endfacet
  facet normal 0 0 1
    outer loop
      vertex 41.6477 29.1377 2.4
      vertex 38.8 28.7 2.4
      vertex 41.7066 28.9642 2.4
    endloop
  endfacet
  facet normal 0 0 1
    outer loop
      vertex 41.612 29.3173 2.4
      vertex 38.8 28.7 2.4
      vertex 41.6477 29.1377 2.4
    endloop
  endfacet
  facet normal 0 0 1
    outer loop
      vertex 38.8 28.7 2.4
      vertex 41.612 29.3173 2.4
      vertex 41.6 29.5 2.4
    endloop
  endfacet
  facet normal -0 0 1
    outer loop
      vertex 38.8 25.7 2.4
      vertex 45.6 18.3 2.4
      vertex 45.6 25.7 2.4
    endloop
  endfacet
  facet normal 0 0 1
    outer loop
      vertex 45.6 18.3 2.4
      vertex 38.8 25.7 2.4
      vertex 38.8 18.3 2.4
    endloop
  endfacet
  facet normal -0 0 1
    outer loop
      vertex 38.8 15.3 2.4
      vertex 45.6 -27.5 2.4
      vertex 45.6 15.3 2.4
    endloop
  endfacet
  facet normal 0 -0 1
    outer loop
      vertex 43.1827 -28.112 2.4
      vertex 45.6 -27.5 2.4
      vertex 43 -28.1 2.4
    endloop
  endfacet
  facet normal 0 -0 1
    outer loop
      vertex 43.5358 -28.2066 2.4
      vertex 45.6 -27.5 2.4
      vertex 43.3623 -28.1477 2.4
    endloop
  endfacet
  facet normal 0 -0 1
    outer loop
      vertex 43.8523 -28.3893 2.4
      vertex 45.6 -27.5 2.4
      vertex 43.7 -28.2876 2.4
    endloop
  endfacet
  facet normal 0 -0 1
    outer loop
      vertex 43.9899 -28.51 2.4
      vertex 45.5778 -27.8394 2.4
      vertex 43.8523 -28.3893 2.4
    endloop
  endfacet
  facet normal 0 -0 1
    outer loop
      vertex 44.1107 -28.6477 2.4
      vertex 45.5114 -28.1729 2.4
      vertex 43.9899 -28.51 2.4
    endloop
  endfacet
  facet normal 0 0 1
    outer loop
      vertex 45.4021 -28.495 2.4
      vertex 44.2124 -28.8 2.4
      vertex 45.2517 -28.8 2.4
    endloop
  endfacet
  facet normal 0 0 1
    outer loop
      vertex 45.0627 -29.0828 2.4
      vertex 44.3523 -29.1377 2.4
      vertex 44.8385 -29.3385 2.4
    endloop
  endfacet
  facet normal 0 0 1
    outer loop
      vertex 44.5828 -29.5627 2.4
      vertex 44.388 -29.3173 2.4
      vertex 44.4 -29.5 2.4
    endloop
  endfacet
  facet normal 0 0 1
    outer loop
      vertex 44.8385 -29.3385 2.4
      vertex 44.388 -29.3173 2.4
      vertex 44.5828 -29.5627 2.4
    endloop
  endfacet
  facet normal -0 -0 1
    outer loop
      vertex 44.388 -29.3173 2.4
      vertex 44.8385 -29.3385 2.4
      vertex 44.3523 -29.1377 2.4
    endloop
  endfacet
  facet normal 0 -0 1
    outer loop
      vertex 44.3523 -29.1377 2.4
      vertex 45.0627 -29.0828 2.4
      vertex 44.2934 -28.9642 2.4
    endloop
  endfacet
  facet normal 0 0 1
    outer loop
      vertex 45.2517 -28.8 2.4
      vertex 44.2934 -28.9642 2.4
      vertex 45.0627 -29.0828 2.4
    endloop
  endfacet
  facet normal 0 -0 1
    outer loop
      vertex 44.2934 -28.9642 2.4
      vertex 45.2517 -28.8 2.4
      vertex 44.2124 -28.8 2.4
    endloop
  endfacet
  facet normal 0 -0 1
    outer loop
      vertex 44.2124 -28.8 2.4
      vertex 45.4021 -28.495 2.4
      vertex 44.1107 -28.6477 2.4
    endloop
  endfacet
  facet normal 0 0 1
    outer loop
      vertex 45.5114 -28.1729 2.4
      vertex 44.1107 -28.6477 2.4
      vertex 45.4021 -28.495 2.4
    endloop
  endfacet
  facet normal 0 0 1
    outer loop
      vertex 45.5778 -27.8394 2.4
      vertex 43.9899 -28.51 2.4
      vertex 45.5114 -28.1729 2.4
    endloop
  endfacet
  facet normal 0 0 1
    outer loop
      vertex 45.6 -27.5 2.4
      vertex 43.8523 -28.3893 2.4
      vertex 45.5778 -27.8394 2.4
    endloop
  endfacet
  facet normal 0 -0 1
    outer loop
      vertex 43.7 -28.2876 2.4
      vertex 45.6 -27.5 2.4
      vertex 43.5358 -28.2066 2.4
    endloop
  endfacet
  facet normal 0 -0 1
    outer loop
      vertex 43.3623 -28.1477 2.4
      vertex 45.6 -27.5 2.4
      vertex 43.1827 -28.112 2.4
    endloop
  endfacet
  facet normal 0 -0 1
    outer loop
      vertex 42.8173 -28.112 2.4
      vertex 45.6 -27.5 2.4
      vertex 38.8 15.3 2.4
    endloop
  endfacet
  facet normal 0 0 1
    outer loop
      vertex 45.6 -27.5 2.4
      vertex 42.8173 -28.112 2.4
      vertex 43 -28.1 2.4
    endloop
  endfacet
  facet normal 0 0 1
    outer loop
      vertex 42.8173 -28.112 2.4
      vertex 38.8 15.3 2.4
      vertex 42.6377 -28.1477 2.4
    endloop
  endfacet
  facet normal 0 0 1
    outer loop
      vertex 42.6377 -28.1477 2.4
      vertex 38.8 15.3 2.4
      vertex 42.4642 -28.2066 2.4
    endloop
  endfacet
  facet normal 0 0 1
    outer loop
      vertex 42.4642 -28.2066 2.4
      vertex 38.8 15.3 2.4
      vertex 42.3 -28.2876 2.4
    endloop
  endfacet
  facet normal 0 0 1
    outer loop
      vertex 42.3 -28.2876 2.4
      vertex 38.8 15.3 2.4
      vertex 42.1477 -28.3893 2.4
    endloop
  endfacet
  facet normal 0 0 1
    outer loop
      vertex 42.1477 -28.3893 2.4
      vertex 38.8 15.3 2.4
      vertex 42.01 -28.51 2.4
    endloop
  endfacet
  facet normal 0 0 1
    outer loop
      vertex 42.01 -28.51 2.4
      vertex 38.8 15.3 2.4
      vertex 41.8893 -28.6477 2.4
    endloop
  endfacet
  facet normal 0 0 1
    outer loop
      vertex 41.8893 -28.6477 2.4
      vertex 38.8 15.3 2.4
      vertex 41.7876 -28.8 2.4
    endloop
  endfacet
  facet normal -0 0 1
    outer loop
      vertex -36.725 -15.238 2.4
      vertex 41.7876 -28.8 2.4
      vertex 38.8 15.3 2.4
    endloop
  endfacet
  facet normal 0 0 1
    outer loop
      vertex 41.7876 -28.8 2.4
      vertex -36.725 -15.238 2.4
      vertex 41.7066 -28.9642 2.4
    endloop
  endfacet
  facet normal -0 0 1
    outer loop
      vertex -36.725 -20.638 2.4
      vertex 41.6477 -29.1377 2.4
      vertex -36.725 -15.238 2.4
    endloop
  endfacet
  facet normal 0 0 1
    outer loop
      vertex 41.7066 -28.9642 2.4
      vertex -36.725 -15.238 2.4
      vertex 41.6477 -29.1377 2.4
    endloop
  endfacet
  facet normal 0 0 1
    outer loop
      vertex 44.388 -29.6827 2.4
      vertex 44.5828 -29.5627 2.4
      vertex 44.4 -29.5 2.4
    endloop
  endfacet
  facet normal 0 0 1
    outer loop
      vertex 44.5828 -29.5627 2.4
      vertex 44.388 -29.6827 2.4
      vertex 44.3857 -29.6944 2.4
    endloop
  endfacet
  facet normal -0 0 1
    outer loop
      vertex 34.6 21 2.4
      vertex 38.8 18.3 2.4
      vertex 38.6 21 2.4
    endloop
  endfacet
  facet normal 0 0 1
    outer loop
      vertex 38.8 18.3 2.4
      vertex 34.6 21 2.4
      vertex 38.8 15.3 2.4
    endloop
  endfacet
  facet normal 0 0 1
    outer loop
      vertex -36.725 -15.238 2.4
      vertex 38.8 15.3 2.4
      vertex 34.6 21 2.4
    endloop
  endfacet
  facet normal 0 0 1
    outer loop
      vertex 41.6477 -29.1377 2.4
      vertex -36.725 -20.638 2.4
      vertex 41.612 -29.3173 2.4
    endloop
  endfacet
  facet normal 0 0 1
    outer loop
      vertex -36.725 17.563 2.4
      vertex 34.6 21 2.4
      vertex -36.725 22.963 2.4
    endloop
  endfacet
  facet normal 0 0 1
    outer loop
      vertex -36.725 -15.238 2.4
      vertex 34.6 21 2.4
      vertex -36.725 17.563 2.4
    endloop
  endfacet
  facet normal 0 0 1
    outer loop
      vertex 41.612 -29.3173 2.4
      vertex -36.725 -20.638 2.4
      vertex 41.6 -29.5 2.4
    endloop
  endfacet
  facet normal 0 0 1
    outer loop
      vertex 41.6 -29.5 2.4
      vertex -36.725 -20.638 2.4
      vertex 41.612 -29.6827 2.4
    endloop
  endfacet
  facet normal 0 0 1
    outer loop
      vertex 41.612 -29.6827 2.4
      vertex -36.725 -20.638 2.4
      vertex 41.6477 -29.8623 2.4
    endloop
  endfacet
  facet normal 0 0 1
    outer loop
      vertex 41.6477 -29.8623 2.4
      vertex -36.725 -20.638 2.4
      vertex 41.7066 -30.0358 2.4
    endloop
  endfacet
  facet normal 0 0 1
    outer loop
      vertex -41.7066 -30.0358 2.4
      vertex 41.7066 -30.0358 2.4
      vertex -36.725 -20.638 2.4
    endloop
  endfacet
  facet normal 0 0 1
    outer loop
      vertex -41.6 -29.5 2.4
      vertex -36.725 -20.638 2.4
      vertex -38.35 -20.638 2.4
    endloop
  endfacet
  facet normal 0 0 1
    outer loop
      vertex -38.35 -15.238 2.4
      vertex -41.6 -29.5 2.4
      vertex -38.35 -20.638 2.4
    endloop
  endfacet
  facet normal 0 0 1
    outer loop
      vertex -36.725 -20.638 2.4
      vertex -41.6 -29.5 2.4
      vertex -41.612 -29.6827 2.4
    endloop
  endfacet
  facet normal 0 0 1
    outer loop
      vertex -36.725 -20.638 2.4
      vertex -41.612 -29.6827 2.4
      vertex -41.6477 -29.8623 2.4
    endloop
  endfacet
  facet normal 0 0 1
    outer loop
      vertex -41.7066 -30.0358 2.4
      vertex -36.725 -20.638 2.4
      vertex -41.6477 -29.8623 2.4
    endloop
  endfacet
  facet normal 0 0 1
    outer loop
      vertex 41.7066 -30.0358 2.4
      vertex -41.7066 -30.0358 2.4
      vertex 41.7383 -30.1 2.4
    endloop
  endfacet
  facet normal 0 0 1
    outer loop
      vertex 41.7383 -30.1 2.4
      vertex -41.7066 -30.0358 2.4
      vertex -41.7383 -30.1 2.4
    endloop
  endfacet
  facet normal 0 0 1
    outer loop
      vertex -44.388 -29.6827 2.4
      vertex -44.5828 -29.5627 2.4
      vertex -44.3857 -29.6944 2.4
    endloop
  endfacet
  facet normal 0 0 1
    outer loop
      vertex -44.4 -29.5 2.4
      vertex -44.5828 -29.5627 2.4
      vertex -44.388 -29.6827 2.4
    endloop
  endfacet
  facet normal 0 0 1
    outer loop
      vertex -44.1107 -28.6477 2.4
      vertex -45.4021 -28.495 2.4
      vertex -44.2124 -28.8 2.4
    endloop
  endfacet
  facet normal 0 0 1
    outer loop
      vertex -45.6 27.5 2.4
      vertex -44.5828 29.5627 2.4
      vertex -44.8385 29.3385 2.4
    endloop
  endfacet
  facet normal 0 -0 1
    outer loop
      vertex -45.2517 -28.8 2.4
      vertex -44.2124 -28.8 2.4
      vertex -45.4021 -28.495 2.4
    endloop
  endfacet
  facet normal 0 0 1
    outer loop
      vertex -45.6 27.5 2.4
      vertex -44.8385 29.3385 2.4
      vertex -45.0627 29.0828 2.4
    endloop
  endfacet
  facet normal 0 0 1
    outer loop
      vertex -44.2124 -28.8 2.4
      vertex -45.2517 -28.8 2.4
      vertex -44.2934 -28.9642 2.4
    endloop
  endfacet
  facet normal 0 0 1
    outer loop
      vertex -45.6 27.5 2.4
      vertex -45.0627 29.0828 2.4
      vertex -45.2517 28.8 2.4
    endloop
  endfacet
  facet normal 0 0 1
    outer loop
      vertex -44.388 -29.3173 2.4
      vertex -44.5828 -29.5627 2.4
      vertex -44.4 -29.5 2.4
    endloop
  endfacet
  facet normal 0 0 1
    outer loop
      vertex -45.6 27.5 2.4
      vertex -45.2517 28.8 2.4
      vertex -45.4021 28.495 2.4
    endloop
  endfacet
  facet normal 0 -0 1
    outer loop
      vertex -44.5828 -29.5627 2.4
      vertex -44.388 -29.3173 2.4
      vertex -44.8385 -29.3385 2.4
    endloop
  endfacet
  facet normal 0 0 1
    outer loop
      vertex -45.6 27.5 2.4
      vertex -45.4021 28.495 2.4
      vertex -45.5114 28.1729 2.4
    endloop
  endfacet
  facet normal 0 0 1
    outer loop
      vertex -44.3523 -29.1377 2.4
      vertex -44.8385 -29.3385 2.4
      vertex -44.388 -29.3173 2.4
    endloop
  endfacet
  facet normal 0 0 1
    outer loop
      vertex -45.6 27.5 2.4
      vertex -45.5114 28.1729 2.4
      vertex -45.5778 27.8394 2.4
    endloop
  endfacet
  facet normal 0 -0 1
    outer loop
      vertex -44.8385 -29.3385 2.4
      vertex -44.3523 -29.1377 2.4
      vertex -45.0627 -29.0828 2.4
    endloop
  endfacet
  facet normal 0 0 1
    outer loop
      vertex -44.2934 -28.9642 2.4
      vertex -45.0627 -29.0828 2.4
      vertex -44.3523 -29.1377 2.4
    endloop
  endfacet
  facet normal 0 -0 1
    outer loop
      vertex -45.0627 -29.0828 2.4
      vertex -44.2934 -28.9642 2.4
      vertex -45.2517 -28.8 2.4
    endloop
  endfacet
  facet normal 0 0 1
    outer loop
      vertex 44.5828 29.5627 2.4
      vertex 44.388 29.6827 2.4
      vertex 44.4 29.5 2.4
    endloop
  endfacet
  facet normal -0 -0 1
    outer loop
      vertex 44.388 29.6827 2.4
      vertex 44.5828 29.5627 2.4
      vertex 44.3857 29.6944 2.4
    endloop
  endfacet
  facet normal -0 0 1
    outer loop
      vertex 44.2934 28.9642 2.4
      vertex 45.2517 28.8 2.4
      vertex 45.0627 29.0828 2.4
    endloop
  endfacet
  facet normal -0 0 1
    outer loop
      vertex 44.3523 29.1377 2.4
      vertex 45.0627 29.0828 2.4
      vertex 44.8385 29.3385 2.4
    endloop
  endfacet
  facet normal 0 0 1
    outer loop
      vertex 44.388 29.3173 2.4
      vertex 44.8385 29.3385 2.4
      vertex 44.5828 29.5627 2.4
    endloop
  endfacet
  facet normal 0 0 1
    outer loop
      vertex 44.388 29.3173 2.4
      vertex 44.5828 29.5627 2.4
      vertex 44.4 29.5 2.4
    endloop
  endfacet
  facet normal 0 0 1
    outer loop
      vertex 44.8385 29.3385 2.4
      vertex 44.388 29.3173 2.4
      vertex 44.3523 29.1377 2.4
    endloop
  endfacet
  facet normal 0 0 1
    outer loop
      vertex 45.0627 29.0828 2.4
      vertex 44.3523 29.1377 2.4
      vertex 44.2934 28.9642 2.4
    endloop
  endfacet
  facet normal 0 0 1
    outer loop
      vertex 45.2517 28.8 2.4
      vertex 44.2934 28.9642 2.4
      vertex 44.2124 28.8 2.4
    endloop
  endfacet
  facet normal 0 0 1
    outer loop
      vertex 45.2517 28.8 2.4
      vertex 44.2124 28.8 2.4
      vertex 45.301 28.7 2.4
    endloop
  endfacet
  facet normal 0 0 1
    outer loop
      vertex 45.301 28.7 2.4
      vertex 44.2124 28.8 2.4
      vertex 44.1456 28.7 2.4
    endloop
  endfacet
  facet normal 0.98075 0.195268 0
    outer loop
      vertex -45.5114 -28.1729 20
      vertex -45.5778 -27.8394 2.4
      vertex -45.5778 -27.8394 20
    endloop
  endfacet
  facet normal 0.98075 0.195268 0
    outer loop
      vertex -45.5778 -27.8394 2.4
      vertex -45.5114 -28.1729 20
      vertex -45.5114 -28.1729 2.4
    endloop
  endfacet
  facet normal 0.946964 0.321339 0
    outer loop
      vertex -45.4021 -28.495 20
      vertex -45.5114 -28.1729 2.4
      vertex -45.5114 -28.1729 20
    endloop
  endfacet
  facet normal 0.946964 0.321339 0
    outer loop
      vertex -45.5114 -28.1729 2.4
      vertex -45.4021 -28.495 20
      vertex -45.4021 -28.495 2.4
    endloop
  endfacet
  facet normal 0.751902 0.659275 0
    outer loop
      vertex -44.8385 -29.3385 20
      vertex -45.0627 -29.0828 2.4
      vertex -45.0627 -29.0828 20
    endloop
  endfacet
  facet normal 0.751902 0.659275 0
    outer loop
      vertex -45.0627 -29.0828 2.4
      vertex -44.8385 -29.3385 20
      vertex -44.8385 -29.3385 2.4
    endloop
  endfacet
  facet normal -0.997868 -0.0652701 0
    outer loop
      vertex 45.6 27.5 9.4
      vertex 45.5778 27.8394 20
      vertex 45.5778 27.8394 9.4
    endloop
  endfacet
  facet normal -0.997868 -0.0652701 0
    outer loop
      vertex 45.5778 27.8394 20
      vertex 45.6 27.5 9.4
      vertex 45.6 27.5 20
    endloop
  endfacet
  facet normal -0.831417 -0.55565 0
    outer loop
      vertex 45.2517 28.8 2.4
      vertex 45.0627 29.0828 20
      vertex 45.0627 29.0828 2.4
    endloop
  endfacet
  facet normal -0.831417 -0.55565 0
    outer loop
      vertex 45.0627 29.0828 20
      vertex 45.2517 28.8 2.4
      vertex 45.2517 28.8 20
    endloop
  endfacet
  facet normal -0.98075 -0.195268 0
    outer loop
      vertex 45.5778 27.8394 9.4
      vertex 45.5114 28.1729 20
      vertex 45.5114 28.1729 9.4
    endloop
  endfacet
  facet normal -0.98075 -0.195268 0
    outer loop
      vertex 45.5114 28.1729 20
      vertex 45.5778 27.8394 9.4
      vertex 45.5778 27.8394 20
    endloop
  endfacet
  facet normal -0.946964 -0.321339 0
    outer loop
      vertex 45.5114 28.1729 9.4
      vertex 45.4021 28.495 20
      vertex 45.4021 28.495 9.4
    endloop
  endfacet
  facet normal -0.946964 -0.321339 0
    outer loop
      vertex 45.4021 28.495 20
      vertex 45.5114 28.1729 9.4
      vertex 45.5114 28.1729 20
    endloop
  endfacet
  facet normal -0.946964 0.321339 0
    outer loop
      vertex 45.4021 -28.495 2.4
      vertex 45.5114 -28.1729 20
      vertex 45.5114 -28.1729 2.4
    endloop
  endfacet
  facet normal -0.946964 0.321339 0
    outer loop
      vertex 45.5114 -28.1729 20
      vertex 45.4021 -28.495 2.4
      vertex 45.4021 -28.495 20
    endloop
  endfacet
  facet normal -0.831417 0.55565 0
    outer loop
      vertex 45.0627 -29.0828 2.4
      vertex 45.2517 -28.8 20
      vertex 45.2517 -28.8 2.4
    endloop
  endfacet
  facet normal -0.831417 0.55565 0
    outer loop
      vertex 45.2517 -28.8 20
      vertex 45.0627 -29.0828 2.4
      vertex 45.0627 -29.0828 20
    endloop
  endfacet
  facet normal -0.659275 0.751902 0
    outer loop
      vertex 44.8385 -29.3385 2.4
      vertex 44.5828 -29.5627 20
      vertex 44.8385 -29.3385 20
    endloop
  endfacet
  facet normal -0.659275 0.751902 0
    outer loop
      vertex 44.5828 -29.5627 20
      vertex 44.8385 -29.3385 2.4
      vertex 44.5828 -29.5627 2.4
    endloop
  endfacet
  facet normal -0.751902 0.659275 0
    outer loop
      vertex 44.8385 -29.3385 2.4
      vertex 45.0627 -29.0828 20
      vertex 45.0627 -29.0828 2.4
    endloop
  endfacet
  facet normal -0.751902 0.659275 0
    outer loop
      vertex 45.0627 -29.0828 20
      vertex 44.8385 -29.3385 2.4
      vertex 44.8385 -29.3385 20
    endloop
  endfacet
  facet normal -0.555576 0.831466 0
    outer loop
      vertex 44.5828 -29.5627 2.4
      vertex 44.3857 -29.6944 20
      vertex 44.5828 -29.5627 20
    endloop
  endfacet
  facet normal -0.555576 0.831466 0
    outer loop
      vertex 44.3857 -29.6944 20
      vertex 44.5828 -29.5627 2.4
      vertex 44.3857 -29.6944 2.4
    endloop
  endfacet
  facet normal 0.659275 -0.751902 0
    outer loop
      vertex -44.8385 29.3385 2.4
      vertex -44.5828 29.5627 20
      vertex -44.8385 29.3385 20
    endloop
  endfacet
  facet normal 0.659275 -0.751902 0
    outer loop
      vertex -44.5828 29.5627 20
      vertex -44.8385 29.3385 2.4
      vertex -44.5828 29.5627 2.4
    endloop
  endfacet
  facet normal -0.751902 -0.659275 0
    outer loop
      vertex 45.0627 29.0828 2.4
      vertex 44.8385 29.3385 20
      vertex 44.8385 29.3385 2.4
    endloop
  endfacet
  facet normal -0.751902 -0.659275 0
    outer loop
      vertex 44.8385 29.3385 20
      vertex 45.0627 29.0828 2.4
      vertex 45.0627 29.0828 20
    endloop
  endfacet
  facet normal 0.997858 0.0654101 0
    outer loop
      vertex -31.725 20.263 18.4
      vertex -31.7481 20.6154 2.4
      vertex -31.7481 20.6154 18.4
    endloop
  endfacet
  facet normal 0.997858 0.0654101 0
    outer loop
      vertex -31.7481 20.6154 2.4
      vertex -31.725 20.263 18.4
      vertex -31.725 20.263 2.4
    endloop
  endfacet
  facet normal 0.0654101 0.997858 -0
    outer loop
      vertex -34.0726 22.9399 2.4
      vertex -34.425 22.963 18.4
      vertex -34.0726 22.9399 18.4
    endloop
  endfacet
  facet normal 0.0654101 0.997858 0
    outer loop
      vertex -34.425 22.963 18.4
      vertex -34.0726 22.9399 2.4
      vertex -34.425 22.963 2.4
    endloop
  endfacet
  facet normal 0.751752 0.659446 0
    outer loop
      vertex -32.2829 21.9067 18.4
      vertex -32.5158 22.1722 2.4
      vertex -32.5158 22.1722 18.4
    endloop
  endfacet
  facet normal 0.751752 0.659446 0
    outer loop
      vertex -32.5158 22.1722 2.4
      vertex -32.2829 21.9067 18.4
      vertex -32.2829 21.9067 2.4
    endloop
  endfacet
  facet normal -0.659446 0.751752 0
    outer loop
      vertex -36.0687 22.4051 2.4
      vertex -36.3342 22.1722 18.4
      vertex -36.0687 22.4051 18.4
    endloop
  endfacet
  facet normal -0.659446 0.751752 0
    outer loop
      vertex -36.3342 22.1722 18.4
      vertex -36.0687 22.4051 2.4
      vertex -36.3342 22.1722 2.4
    endloop
  endfacet
  facet normal -0.321405 0.946942 0
    outer loop
      vertex -35.1238 22.871 2.4
      vertex -35.4582 22.7575 18.4
      vertex -35.1238 22.871 18.4
    endloop
  endfacet
  facet normal -0.321405 0.946942 0
    outer loop
      vertex -35.4582 22.7575 18.4
      vertex -35.1238 22.871 2.4
      vertex -35.4582 22.7575 2.4
    endloop
  endfacet
  facet normal 0.751752 -0.659446 0
    outer loop
      vertex -32.5158 18.3538 18.4
      vertex -32.2829 18.6193 2.4
      vertex -32.2829 18.6193 18.4
    endloop
  endfacet
  facet normal 0.751752 -0.659446 0
    outer loop
      vertex -32.2829 18.6193 2.4
      vertex -32.5158 18.3538 18.4
      vertex -32.5158 18.3538 2.4
    endloop
  endfacet
  facet normal 0 0 -1
    outer loop
      vertex -31.7481 19.9106 2.4
      vertex -33.0865 20.0868 2.4
      vertex -33.075 20.263 2.4
    endloop
  endfacet
  facet normal 0 0 -1
    outer loop
      vertex -32.7813 18.1209 2.4
      vertex -33.121 19.9136 2.4
      vertex -33.0865 20.0868 2.4
    endloop
  endfacet
  facet normal 0 0 -1
    outer loop
      vertex -32.7813 18.1209 2.4
      vertex -33.1778 19.7464 2.4
      vertex -33.121 19.9136 2.4
    endloop
  endfacet
  facet normal 0 0 -1
    outer loop
      vertex -32.7813 18.1209 2.4
      vertex -33.2559 19.588 2.4
      vertex -33.1778 19.7464 2.4
    endloop
  endfacet
  facet normal 0 0 -1
    outer loop
      vertex -32.7813 18.1209 2.4
      vertex -33.354 19.4412 2.4
      vertex -33.2559 19.588 2.4
    endloop
  endfacet
  facet normal 0 0 -1
    outer loop
      vertex -33.75 19.0939 2.4
      vertex -33.075 17.9247 2.4
      vertex -33.3918 17.7685 2.4
    endloop
  endfacet
  facet normal 0 0 -1
    outer loop
      vertex -32.7813 18.1209 2.4
      vertex -33.4704 19.3084 2.4
      vertex -33.354 19.4412 2.4
    endloop
  endfacet
  facet normal 0 0 -1
    outer loop
      vertex -32.7813 18.1209 2.4
      vertex -33.6032 19.192 2.4
      vertex -33.4704 19.3084 2.4
    endloop
  endfacet
  facet normal 0 0 -1
    outer loop
      vertex -33.9084 19.0158 2.4
      vertex -33.3918 17.7685 2.4
      vertex -33.7262 17.655 2.4
    endloop
  endfacet
  facet normal 0 0 -1
    outer loop
      vertex -33.075 17.9247 2.4
      vertex -33.75 19.0939 2.4
      vertex -33.6032 19.192 2.4
    endloop
  endfacet
  facet normal 0 0 -1
    outer loop
      vertex -33.3918 17.7685 2.4
      vertex -33.9084 19.0158 2.4
      vertex -33.75 19.0939 2.4
    endloop
  endfacet
  facet normal 0 0 -1
    outer loop
      vertex -34.0756 18.959 2.4
      vertex -33.7262 17.655 2.4
      vertex -34.0726 17.5861 2.4
    endloop
  endfacet
  facet normal 0 0 -1
    outer loop
      vertex -33.7262 17.655 2.4
      vertex -34.0756 18.959 2.4
      vertex -33.9084 19.0158 2.4
    endloop
  endfacet
  facet normal 0 0 -1
    outer loop
      vertex -34.0726 17.5861 2.4
      vertex -34.2488 18.9245 2.4
      vertex -34.0756 18.959 2.4
    endloop
  endfacet
  facet normal 0 0 -1
    outer loop
      vertex -34.425 17.563 2.4
      vertex -34.2488 18.9245 2.4
      vertex -34.0726 17.5861 2.4
    endloop
  endfacet
  facet normal 0 0 -1
    outer loop
      vertex -34.425 17.563 2.4
      vertex -34.425 18.913 2.4
      vertex -34.2488 18.9245 2.4
    endloop
  endfacet
  facet normal 0 0 -1
    outer loop
      vertex -34.425 17.563 2.4
      vertex -34.6012 18.9245 2.4
      vertex -34.425 18.913 2.4
    endloop
  endfacet
  facet normal 0 0 -1
    outer loop
      vertex -34.7774 17.5861 2.4
      vertex -34.6012 18.9245 2.4
      vertex -34.425 17.563 2.4
    endloop
  endfacet
  facet normal -0 0 -1
    outer loop
      vertex -34.6012 18.9245 2.4
      vertex -34.7774 17.5861 2.4
      vertex -34.7744 18.959 2.4
    endloop
  endfacet
  facet normal 0 0 -1
    outer loop
      vertex -35.1238 17.655 2.4
      vertex -34.7744 18.959 2.4
      vertex -34.7774 17.5861 2.4
    endloop
  endfacet
  facet normal -0 0 -1
    outer loop
      vertex -34.7744 18.959 2.4
      vertex -35.1238 17.655 2.4
      vertex -34.9416 19.0158 2.4
    endloop
  endfacet
  facet normal 0 0 -1
    outer loop
      vertex -35.4582 17.7685 2.4
      vertex -34.9416 19.0158 2.4
      vertex -35.1238 17.655 2.4
    endloop
  endfacet
  facet normal -0 0 -1
    outer loop
      vertex -34.9416 19.0158 2.4
      vertex -35.4582 17.7685 2.4
      vertex -35.1 19.0939 2.4
    endloop
  endfacet
  facet normal 0 0 -1
    outer loop
      vertex -35.775 17.9247 2.4
      vertex -35.1 19.0939 2.4
      vertex -35.4582 17.7685 2.4
    endloop
  endfacet
  facet normal -0 0 -1
    outer loop
      vertex -35.1 19.0939 2.4
      vertex -35.775 17.9247 2.4
      vertex -35.2468 19.192 2.4
    endloop
  endfacet
  facet normal 0 0 -1
    outer loop
      vertex -36.0687 18.1209 2.4
      vertex -35.2468 19.192 2.4
      vertex -35.775 17.9247 2.4
    endloop
  endfacet
  facet normal -0 0 -1
    outer loop
      vertex -35.2468 19.192 2.4
      vertex -36.0687 18.1209 2.4
      vertex -35.3796 19.3084 2.4
    endloop
  endfacet
  facet normal 0 0 -1
    outer loop
      vertex -36.3342 18.3538 2.4
      vertex -35.3796 19.3084 2.4
      vertex -36.0687 18.1209 2.4
    endloop
  endfacet
  facet normal -0 0 -1
    outer loop
      vertex -35.3796 19.3084 2.4
      vertex -36.3342 18.3538 2.4
      vertex -35.496 19.4412 2.4
    endloop
  endfacet
  facet normal 0 0 -1
    outer loop
      vertex -36.5671 18.6193 2.4
      vertex -35.496 19.4412 2.4
      vertex -36.3342 18.3538 2.4
    endloop
  endfacet
  facet normal 0 0 -1
    outer loop
      vertex -36.725 18.8557 2.4
      vertex -35.496 19.4412 2.4
      vertex -36.5671 18.6193 2.4
    endloop
  endfacet
  facet normal -0 0 -1
    outer loop
      vertex -35.496 19.4412 2.4
      vertex -36.725 18.8557 2.4
      vertex -35.5941 19.588 2.4
    endloop
  endfacet
  facet normal -0 0 -1
    outer loop
      vertex -35.5941 19.588 2.4
      vertex -36.725 18.8557 2.4
      vertex -35.6722 19.7464 2.4
    endloop
  endfacet
  facet normal -0 0 -1
    outer loop
      vertex -35.6722 19.7464 2.4
      vertex -36.725 18.8557 2.4
      vertex -35.729 19.9136 2.4
    endloop
  endfacet
  facet normal 0 0 -1
    outer loop
      vertex -35.775 20.263 2.4
      vertex -36.0687 22.4051 2.4
      vertex -35.775 22.6013 2.4
    endloop
  endfacet
  facet normal -0 0 -1
    outer loop
      vertex -35.729 19.9136 2.4
      vertex -36.725 18.8557 2.4
      vertex -35.7635 20.0868 2.4
    endloop
  endfacet
  facet normal 0 0 -1
    outer loop
      vertex -35.775 20.263 2.4
      vertex -36.3342 22.1722 2.4
      vertex -36.0687 22.4051 2.4
    endloop
  endfacet
  facet normal -0 0 -1
    outer loop
      vertex -35.7635 20.0868 2.4
      vertex -36.725 18.8557 2.4
      vertex -35.775 20.263 2.4
    endloop
  endfacet
  facet normal 0 0 -1
    outer loop
      vertex -36.725 21.6703 2.4
      vertex -35.775 20.263 2.4
      vertex -36.725 18.8557 2.4
    endloop
  endfacet
  facet normal 0 -0 -1
    outer loop
      vertex -36.5671 21.9067 2.4
      vertex -35.775 20.263 2.4
      vertex -36.725 21.6703 2.4
    endloop
  endfacet
  facet normal 0 0 -1
    outer loop
      vertex -35.775 20.263 2.4
      vertex -36.5671 21.9067 2.4
      vertex -36.3342 22.1722 2.4
    endloop
  endfacet
  facet normal 0 0 -1
    outer loop
      vertex -33.075 20.263 2.4
      vertex -31.725 20.263 2.4
      vertex -31.7481 19.9106 2.4
    endloop
  endfacet
  facet normal 0 0 -1
    outer loop
      vertex -33.0865 20.0868 2.4
      vertex -31.7481 19.9106 2.4
      vertex -31.817 19.5642 2.4
    endloop
  endfacet
  facet normal 0 0 -1
    outer loop
      vertex -31.725 20.263 2.4
      vertex -33.075 20.263 2.4
      vertex -31.7481 20.6154 2.4
    endloop
  endfacet
  facet normal 0 0 -1
    outer loop
      vertex -33.0865 20.0868 2.4
      vertex -31.817 19.5642 2.4
      vertex -31.9305 19.2298 2.4
    endloop
  endfacet
  facet normal 0 0 -1
    outer loop
      vertex -33.0865 20.4392 2.4
      vertex -31.7481 20.6154 2.4
      vertex -33.075 20.263 2.4
    endloop
  endfacet
  facet normal 0 0 -1
    outer loop
      vertex -33.0865 20.0868 2.4
      vertex -31.9305 19.2298 2.4
      vertex -32.0867 18.913 2.4
    endloop
  endfacet
  facet normal -0 0 -1
    outer loop
      vertex -31.7481 20.6154 2.4
      vertex -33.0865 20.4392 2.4
      vertex -31.817 20.9618 2.4
    endloop
  endfacet
  facet normal 0 0 -1
    outer loop
      vertex -33.0865 20.0868 2.4
      vertex -32.0867 18.913 2.4
      vertex -32.2829 18.6193 2.4
    endloop
  endfacet
  facet normal 0 0 -1
    outer loop
      vertex -33.121 20.6124 2.4
      vertex -31.817 20.9618 2.4
      vertex -33.0865 20.4392 2.4
    endloop
  endfacet
  facet normal 0 0 -1
    outer loop
      vertex -33.0865 20.0868 2.4
      vertex -32.2829 18.6193 2.4
      vertex -32.5158 18.3538 2.4
    endloop
  endfacet
  facet normal -0 0 -1
    outer loop
      vertex -31.817 20.9618 2.4
      vertex -33.121 20.6124 2.4
      vertex -31.9305 21.2962 2.4
    endloop
  endfacet
  facet normal 0 0 -1
    outer loop
      vertex -33.0865 20.0868 2.4
      vertex -32.5158 18.3538 2.4
      vertex -32.7813 18.1209 2.4
    endloop
  endfacet
  facet normal 0 0 -1
    outer loop
      vertex -33.1778 20.7796 2.4
      vertex -31.9305 21.2962 2.4
      vertex -33.121 20.6124 2.4
    endloop
  endfacet
  facet normal 0 0 -1
    outer loop
      vertex -33.6032 19.192 2.4
      vertex -32.7813 18.1209 2.4
      vertex -33.075 17.9247 2.4
    endloop
  endfacet
  facet normal -0 0 -1
    outer loop
      vertex -31.9305 21.2962 2.4
      vertex -33.1778 20.7796 2.4
      vertex -32.0867 21.613 2.4
    endloop
  endfacet
  facet normal 0 0 -1
    outer loop
      vertex -33.2559 20.938 2.4
      vertex -32.0867 21.613 2.4
      vertex -33.1778 20.7796 2.4
    endloop
  endfacet
  facet normal -0 0 -1
    outer loop
      vertex -32.0867 21.613 2.4
      vertex -33.2559 20.938 2.4
      vertex -32.2829 21.9067 2.4
    endloop
  endfacet
  facet normal 0 0 -1
    outer loop
      vertex -33.354 21.0848 2.4
      vertex -32.2829 21.9067 2.4
      vertex -33.2559 20.938 2.4
    endloop
  endfacet
  facet normal -0 0 -1
    outer loop
      vertex -32.2829 21.9067 2.4
      vertex -33.354 21.0848 2.4
      vertex -32.5158 22.1722 2.4
    endloop
  endfacet
  facet normal 0 0 -1
    outer loop
      vertex -33.4704 21.2176 2.4
      vertex -32.5158 22.1722 2.4
      vertex -33.354 21.0848 2.4
    endloop
  endfacet
  facet normal -0 0 -1
    outer loop
      vertex -32.5158 22.1722 2.4
      vertex -33.4704 21.2176 2.4
      vertex -32.7813 22.4051 2.4
    endloop
  endfacet
  facet normal 0 0 -1
    outer loop
      vertex -33.6032 21.334 2.4
      vertex -32.7813 22.4051 2.4
      vertex -33.4704 21.2176 2.4
    endloop
  endfacet
  facet normal -0 0 -1
    outer loop
      vertex -32.7813 22.4051 2.4
      vertex -33.6032 21.334 2.4
      vertex -33.075 22.6013 2.4
    endloop
  endfacet
  facet normal 0 0 -1
    outer loop
      vertex -33.75 21.4321 2.4
      vertex -33.075 22.6013 2.4
      vertex -33.6032 21.334 2.4
    endloop
  endfacet
  facet normal -0 0 -1
    outer loop
      vertex -33.075 22.6013 2.4
      vertex -33.75 21.4321 2.4
      vertex -33.3918 22.7575 2.4
    endloop
  endfacet
  facet normal 0 0 -1
    outer loop
      vertex -33.9084 21.5102 2.4
      vertex -33.3918 22.7575 2.4
      vertex -33.75 21.4321 2.4
    endloop
  endfacet
  facet normal -0 0 -1
    outer loop
      vertex -33.3918 22.7575 2.4
      vertex -33.9084 21.5102 2.4
      vertex -33.7262 22.871 2.4
    endloop
  endfacet
  facet normal 0 0 -1
    outer loop
      vertex -34.0756 21.567 2.4
      vertex -33.7262 22.871 2.4
      vertex -33.9084 21.5102 2.4
    endloop
  endfacet
  facet normal -0 0 -1
    outer loop
      vertex -33.7262 22.871 2.4
      vertex -34.0756 21.567 2.4
      vertex -34.0726 22.9399 2.4
    endloop
  endfacet
  facet normal 0 0 -1
    outer loop
      vertex -34.2488 21.6014 2.4
      vertex -34.0726 22.9399 2.4
      vertex -34.0756 21.567 2.4
    endloop
  endfacet
  facet normal 0 0 -1
    outer loop
      vertex -34.425 21.613 2.4
      vertex -34.0726 22.9399 2.4
      vertex -34.2488 21.6014 2.4
    endloop
  endfacet
  facet normal 0 0 -1
    outer loop
      vertex -34.425 21.613 2.4
      vertex -34.425 22.963 2.4
      vertex -34.0726 22.9399 2.4
    endloop
  endfacet
  facet normal 0 0 -1
    outer loop
      vertex -34.6012 21.6014 2.4
      vertex -34.425 22.963 2.4
      vertex -34.425 21.613 2.4
    endloop
  endfacet
  facet normal 0 0 -1
    outer loop
      vertex -34.7774 22.9399 2.4
      vertex -34.6012 21.6014 2.4
      vertex -34.7744 21.567 2.4
    endloop
  endfacet
  facet normal 0 0 -1
    outer loop
      vertex -34.6012 21.6014 2.4
      vertex -34.7774 22.9399 2.4
      vertex -34.425 22.963 2.4
    endloop
  endfacet
  facet normal 0 0 -1
    outer loop
      vertex -35.1238 22.871 2.4
      vertex -34.7744 21.567 2.4
      vertex -34.9416 21.5102 2.4
    endloop
  endfacet
  facet normal 0 0 -1
    outer loop
      vertex -35.4582 22.7575 2.4
      vertex -34.9416 21.5102 2.4
      vertex -35.1 21.4321 2.4
    endloop
  endfacet
  facet normal 0 0 -1
    outer loop
      vertex -34.7744 21.567 2.4
      vertex -35.1238 22.871 2.4
      vertex -34.7774 22.9399 2.4
    endloop
  endfacet
  facet normal 0 0 -1
    outer loop
      vertex -35.775 22.6013 2.4
      vertex -35.1 21.4321 2.4
      vertex -35.2468 21.334 2.4
    endloop
  endfacet
  facet normal 0 0 -1
    outer loop
      vertex -35.775 22.6013 2.4
      vertex -35.2468 21.334 2.4
      vertex -35.3796 21.2176 2.4
    endloop
  endfacet
  facet normal 0 0 -1
    outer loop
      vertex -34.9416 21.5102 2.4
      vertex -35.4582 22.7575 2.4
      vertex -35.1238 22.871 2.4
    endloop
  endfacet
  facet normal 0 0 -1
    outer loop
      vertex -35.775 22.6013 2.4
      vertex -35.3796 21.2176 2.4
      vertex -35.496 21.0848 2.4
    endloop
  endfacet
  facet normal 0 0 -1
    outer loop
      vertex -35.775 22.6013 2.4
      vertex -35.496 21.0848 2.4
      vertex -35.5941 20.938 2.4
    endloop
  endfacet
  facet normal 0 0 -1
    outer loop
      vertex -35.775 22.6013 2.4
      vertex -35.5941 20.938 2.4
      vertex -35.6722 20.7796 2.4
    endloop
  endfacet
  facet normal 0 0 -1
    outer loop
      vertex -35.775 22.6013 2.4
      vertex -35.6722 20.7796 2.4
      vertex -35.729 20.6124 2.4
    endloop
  endfacet
  facet normal 0 0 -1
    outer loop
      vertex -35.775 22.6013 2.4
      vertex -35.729 20.6124 2.4
      vertex -35.7635 20.4392 2.4
    endloop
  endfacet
  facet normal 0 0 -1
    outer loop
      vertex -35.1 21.4321 2.4
      vertex -35.775 22.6013 2.4
      vertex -35.4582 22.7575 2.4
    endloop
  endfacet
  facet normal 0 0 -1
    outer loop
      vertex -35.775 22.6013 2.4
      vertex -35.7635 20.4392 2.4
      vertex -35.775 20.263 2.4
    endloop
  endfacet
  facet normal 0.946942 0.321405 0
    outer loop
      vertex -31.817 20.9618 18.4
      vertex -31.9305 21.2962 2.4
      vertex -31.9305 21.2962 18.4
    endloop
  endfacet
  facet normal 0.946942 0.321405 0
    outer loop
      vertex -31.9305 21.2962 2.4
      vertex -31.817 20.9618 18.4
      vertex -31.817 20.9618 2.4
    endloop
  endfacet
  facet normal 0.980787 0.195081 0
    outer loop
      vertex -31.7481 20.6154 18.4
      vertex -31.817 20.9618 2.4
      vertex -31.817 20.9618 18.4
    endloop
  endfacet
  facet normal 0.980787 0.195081 0
    outer loop
      vertex -31.817 20.9618 2.4
      vertex -31.7481 20.6154 18.4
      vertex -31.7481 20.6154 2.4
    endloop
  endfacet
  facet normal 0.442224 0.896905 -0
    outer loop
      vertex -33.075 22.6013 2.4
      vertex -33.3918 22.7575 18.4
      vertex -33.075 22.6013 18.4
    endloop
  endfacet
  facet normal 0.442224 0.896905 0
    outer loop
      vertex -33.3918 22.7575 18.4
      vertex -33.075 22.6013 2.4
      vertex -33.3918 22.7575 2.4
    endloop
  endfacet
  facet normal 0.659446 0.751752 -0
    outer loop
      vertex -32.5158 22.1722 2.4
      vertex -32.7813 22.4051 18.4
      vertex -32.5158 22.1722 18.4
    endloop
  endfacet
  facet normal 0.659446 0.751752 0
    outer loop
      vertex -32.7813 22.4051 18.4
      vertex -32.5158 22.1722 2.4
      vertex -32.7813 22.4051 2.4
    endloop
  endfacet
  facet normal -0.831563 0.555431 0
    outer loop
      vertex -36.725 21.6703 2.4
      vertex -36.5671 21.9067 18.4
      vertex -36.5671 21.9067 2.4
    endloop
  endfacet
  facet normal -0.831563 0.555431 0
    outer loop
      vertex -36.5671 21.9067 18.4
      vertex -36.725 21.6703 2.4
      vertex -36.725 21.6703 18.4
    endloop
  endfacet
  facet normal -0.751752 0.659446 0
    outer loop
      vertex -36.5671 21.9067 2.4
      vertex -36.3342 22.1722 18.4
      vertex -36.3342 22.1722 2.4
    endloop
  endfacet
  facet normal -0.751752 0.659446 0
    outer loop
      vertex -36.3342 22.1722 18.4
      vertex -36.5671 21.9067 2.4
      vertex -36.5671 21.9067 18.4
    endloop
  endfacet
  facet normal 0 0 1
    outer loop
      vertex -31.7481 20.6154 18.4
      vertex -33.0865 20.4392 18.4
      vertex -33.075 20.263 18.4
    endloop
  endfacet
  facet normal 0 0 1
    outer loop
      vertex -32.7813 22.4051 18.4
      vertex -33.121 20.6124 18.4
      vertex -33.0865 20.4392 18.4
    endloop
  endfacet
  facet normal 0 0 1
    outer loop
      vertex -32.7813 22.4051 18.4
      vertex -33.1778 20.7796 18.4
      vertex -33.121 20.6124 18.4
    endloop
  endfacet
  facet normal 0 0 1
    outer loop
      vertex -32.7813 22.4051 18.4
      vertex -33.2559 20.938 18.4
      vertex -33.1778 20.7796 18.4
    endloop
  endfacet
  facet normal 0 0 1
    outer loop
      vertex -32.7813 22.4051 18.4
      vertex -33.354 21.0848 18.4
      vertex -33.2559 20.938 18.4
    endloop
  endfacet
  facet normal 0 0 1
    outer loop
      vertex -33.75 21.4321 18.4
      vertex -33.075 22.6013 18.4
      vertex -33.3918 22.7575 18.4
    endloop
  endfacet
  facet normal 0 0 1
    outer loop
      vertex -32.7813 22.4051 18.4
      vertex -33.4704 21.2176 18.4
      vertex -33.354 21.0848 18.4
    endloop
  endfacet
  facet normal 0 0 1
    outer loop
      vertex -32.7813 22.4051 18.4
      vertex -33.6032 21.334 18.4
      vertex -33.4704 21.2176 18.4
    endloop
  endfacet
  facet normal 0 0 1
    outer loop
      vertex -33.9084 21.5102 18.4
      vertex -33.3918 22.7575 18.4
      vertex -33.7262 22.871 18.4
    endloop
  endfacet
  facet normal 0 0 1
    outer loop
      vertex -33.075 22.6013 18.4
      vertex -33.75 21.4321 18.4
      vertex -33.6032 21.334 18.4
    endloop
  endfacet
  facet normal 0 0 1
    outer loop
      vertex -33.3918 22.7575 18.4
      vertex -33.9084 21.5102 18.4
      vertex -33.75 21.4321 18.4
    endloop
  endfacet
  facet normal 0 0 1
    outer loop
      vertex -34.0756 21.567 18.4
      vertex -33.7262 22.871 18.4
      vertex -34.0726 22.9399 18.4
    endloop
  endfacet
  facet normal 0 0 1
    outer loop
      vertex -33.7262 22.871 18.4
      vertex -34.0756 21.567 18.4
      vertex -33.9084 21.5102 18.4
    endloop
  endfacet
  facet normal 0 0 1
    outer loop
      vertex -34.0726 22.9399 18.4
      vertex -34.2488 21.6014 18.4
      vertex -34.0756 21.567 18.4
    endloop
  endfacet
  facet normal 0 0 1
    outer loop
      vertex -34.425 22.963 18.4
      vertex -34.2488 21.6014 18.4
      vertex -34.0726 22.9399 18.4
    endloop
  endfacet
  facet normal 0 0 1
    outer loop
      vertex -34.425 22.963 18.4
      vertex -34.425 21.613 18.4
      vertex -34.2488 21.6014 18.4
    endloop
  endfacet
  facet normal 0 0 1
    outer loop
      vertex -34.425 22.963 18.4
      vertex -34.6012 21.6014 18.4
      vertex -34.425 21.613 18.4
    endloop
  endfacet
  facet normal -0 0 1
    outer loop
      vertex -34.7774 22.9399 18.4
      vertex -34.6012 21.6014 18.4
      vertex -34.425 22.963 18.4
    endloop
  endfacet
  facet normal 0 0 1
    outer loop
      vertex -34.6012 21.6014 18.4
      vertex -34.7774 22.9399 18.4
      vertex -34.7744 21.567 18.4
    endloop
  endfacet
  facet normal -0 0 1
    outer loop
      vertex -35.1238 22.871 18.4
      vertex -34.7744 21.567 18.4
      vertex -34.7774 22.9399 18.4
    endloop
  endfacet
  facet normal 0 0 1
    outer loop
      vertex -34.7744 21.567 18.4
      vertex -35.1238 22.871 18.4
      vertex -34.9416 21.5102 18.4
    endloop
  endfacet
  facet normal -0 0 1
    outer loop
      vertex -35.4582 22.7575 18.4
      vertex -34.9416 21.5102 18.4
      vertex -35.1238 22.871 18.4
    endloop
  endfacet
  facet normal 0 0 1
    outer loop
      vertex -34.9416 21.5102 18.4
      vertex -35.4582 22.7575 18.4
      vertex -35.1 21.4321 18.4
    endloop
  endfacet
  facet normal -0 0 1
    outer loop
      vertex -35.775 22.6013 18.4
      vertex -35.1 21.4321 18.4
      vertex -35.4582 22.7575 18.4
    endloop
  endfacet
  facet normal 0 0 1
    outer loop
      vertex -35.1 21.4321 18.4
      vertex -35.775 22.6013 18.4
      vertex -35.2468 21.334 18.4
    endloop
  endfacet
  facet normal -0 0 1
    outer loop
      vertex -36.0687 22.4051 18.4
      vertex -35.2468 21.334 18.4
      vertex -35.775 22.6013 18.4
    endloop
  endfacet
  facet normal 0 0 1
    outer loop
      vertex -35.2468 21.334 18.4
      vertex -36.0687 22.4051 18.4
      vertex -35.3796 21.2176 18.4
    endloop
  endfacet
  facet normal -0 0 1
    outer loop
      vertex -36.3342 22.1722 18.4
      vertex -35.3796 21.2176 18.4
      vertex -36.0687 22.4051 18.4
    endloop
  endfacet
  facet normal 0 0 1
    outer loop
      vertex -35.3796 21.2176 18.4
      vertex -36.3342 22.1722 18.4
      vertex -35.496 21.0848 18.4
    endloop
  endfacet
  facet normal -0 0 1
    outer loop
      vertex -36.5671 21.9067 18.4
      vertex -35.496 21.0848 18.4
      vertex -36.3342 22.1722 18.4
    endloop
  endfacet
  facet normal -0 0 1
    outer loop
      vertex -36.725 21.6703 18.4
      vertex -35.496 21.0848 18.4
      vertex -36.5671 21.9067 18.4
    endloop
  endfacet
  facet normal 0 0 1
    outer loop
      vertex -35.496 21.0848 18.4
      vertex -36.725 21.6703 18.4
      vertex -35.5941 20.938 18.4
    endloop
  endfacet
  facet normal 0 0 1
    outer loop
      vertex -35.5941 20.938 18.4
      vertex -36.725 21.6703 18.4
      vertex -35.6722 20.7796 18.4
    endloop
  endfacet
  facet normal 0 0 1
    outer loop
      vertex -35.6722 20.7796 18.4
      vertex -36.725 21.6703 18.4
      vertex -35.729 20.6124 18.4
    endloop
  endfacet
  facet normal 0 0 1
    outer loop
      vertex -35.775 20.263 18.4
      vertex -36.0687 18.1209 18.4
      vertex -35.775 17.9247 18.4
    endloop
  endfacet
  facet normal 0 0 1
    outer loop
      vertex -35.729 20.6124 18.4
      vertex -36.725 21.6703 18.4
      vertex -35.7635 20.4392 18.4
    endloop
  endfacet
  facet normal 0 0 1
    outer loop
      vertex -35.775 20.263 18.4
      vertex -36.3342 18.3538 18.4
      vertex -36.0687 18.1209 18.4
    endloop
  endfacet
  facet normal 0 0 1
    outer loop
      vertex -35.7635 20.4392 18.4
      vertex -36.725 21.6703 18.4
      vertex -35.775 20.263 18.4
    endloop
  endfacet
  facet normal 0 0 1
    outer loop
      vertex -36.725 18.8557 18.4
      vertex -35.775 20.263 18.4
      vertex -36.725 21.6703 18.4
    endloop
  endfacet
  facet normal 0 -0 1
    outer loop
      vertex -36.5671 18.6193 18.4
      vertex -35.775 20.263 18.4
      vertex -36.725 18.8557 18.4
    endloop
  endfacet
  facet normal 0 0 1
    outer loop
      vertex -35.775 20.263 18.4
      vertex -36.5671 18.6193 18.4
      vertex -36.3342 18.3538 18.4
    endloop
  endfacet
  facet normal 0 0 1
    outer loop
      vertex -33.075 20.263 18.4
      vertex -31.725 20.263 18.4
      vertex -31.7481 20.6154 18.4
    endloop
  endfacet
  facet normal 0 0 1
    outer loop
      vertex -33.0865 20.4392 18.4
      vertex -31.7481 20.6154 18.4
      vertex -31.817 20.9618 18.4
    endloop
  endfacet
  facet normal 0 0 1
    outer loop
      vertex -31.725 20.263 18.4
      vertex -33.075 20.263 18.4
      vertex -31.7481 19.9106 18.4
    endloop
  endfacet
  facet normal 0 0 1
    outer loop
      vertex -33.0865 20.4392 18.4
      vertex -31.817 20.9618 18.4
      vertex -31.9305 21.2962 18.4
    endloop
  endfacet
  facet normal -0 0 1
    outer loop
      vertex -33.0865 20.0868 18.4
      vertex -31.7481 19.9106 18.4
      vertex -33.075 20.263 18.4
    endloop
  endfacet
  facet normal 0 0 1
    outer loop
      vertex -33.0865 20.4392 18.4
      vertex -31.9305 21.2962 18.4
      vertex -32.0867 21.613 18.4
    endloop
  endfacet
  facet normal 0 0 1
    outer loop
      vertex -31.7481 19.9106 18.4
      vertex -33.0865 20.0868 18.4
      vertex -31.817 19.5642 18.4
    endloop
  endfacet
  facet normal 0 0 1
    outer loop
      vertex -33.0865 20.4392 18.4
      vertex -32.0867 21.613 18.4
      vertex -32.2829 21.9067 18.4
    endloop
  endfacet
  facet normal -0 0 1
    outer loop
      vertex -33.121 19.9136 18.4
      vertex -31.817 19.5642 18.4
      vertex -33.0865 20.0868 18.4
    endloop
  endfacet
  facet normal 0 0 1
    outer loop
      vertex -33.0865 20.4392 18.4
      vertex -32.2829 21.9067 18.4
      vertex -32.5158 22.1722 18.4
    endloop
  endfacet
  facet normal 0 0 1
    outer loop
      vertex -31.817 19.5642 18.4
      vertex -33.121 19.9136 18.4
      vertex -31.9305 19.2298 18.4
    endloop
  endfacet
  facet normal 0 0 1
    outer loop
      vertex -33.0865 20.4392 18.4
      vertex -32.5158 22.1722 18.4
      vertex -32.7813 22.4051 18.4
    endloop
  endfacet
  facet normal -0 0 1
    outer loop
      vertex -33.1778 19.7464 18.4
      vertex -31.9305 19.2298 18.4
      vertex -33.121 19.9136 18.4
    endloop
  endfacet
  facet normal 0 0 1
    outer loop
      vertex -33.6032 21.334 18.4
      vertex -32.7813 22.4051 18.4
      vertex -33.075 22.6013 18.4
    endloop
  endfacet
  facet normal 0 0 1
    outer loop
      vertex -31.9305 19.2298 18.4
      vertex -33.1778 19.7464 18.4
      vertex -32.0867 18.913 18.4
    endloop
  endfacet
  facet normal -0 0 1
    outer loop
      vertex -33.2559 19.588 18.4
      vertex -32.0867 18.913 18.4
      vertex -33.1778 19.7464 18.4
    endloop
  endfacet
  facet normal 0 0 1
    outer loop
      vertex -32.0867 18.913 18.4
      vertex -33.2559 19.588 18.4
      vertex -32.2829 18.6193 18.4
    endloop
  endfacet
  facet normal -0 0 1
    outer loop
      vertex -33.354 19.4412 18.4
      vertex -32.2829 18.6193 18.4
      vertex -33.2559 19.588 18.4
    endloop
  endfacet
  facet normal 0 0 1
    outer loop
      vertex -32.2829 18.6193 18.4
      vertex -33.354 19.4412 18.4
      vertex -32.5158 18.3538 18.4
    endloop
  endfacet
  facet normal -0 0 1
    outer loop
      vertex -33.4704 19.3084 18.4
      vertex -32.5158 18.3538 18.4
      vertex -33.354 19.4412 18.4
    endloop
  endfacet
  facet normal 0 0 1
    outer loop
      vertex -32.5158 18.3538 18.4
      vertex -33.4704 19.3084 18.4
      vertex -32.7813 18.1209 18.4
    endloop
  endfacet
  facet normal -0 0 1
    outer loop
      vertex -33.6032 19.192 18.4
      vertex -32.7813 18.1209 18.4
      vertex -33.4704 19.3084 18.4
    endloop
  endfacet
  facet normal 0 0 1
    outer loop
      vertex -32.7813 18.1209 18.4
      vertex -33.6032 19.192 18.4
      vertex -33.075 17.9247 18.4
    endloop
  endfacet
  facet normal -0 0 1
    outer loop
      vertex -33.75 19.0939 18.4
      vertex -33.075 17.9247 18.4
      vertex -33.6032 19.192 18.4
    endloop
  endfacet
  facet normal 0 0 1
    outer loop
      vertex -33.075 17.9247 18.4
      vertex -33.75 19.0939 18.4
      vertex -33.3918 17.7685 18.4
    endloop
  endfacet
  facet normal -0 0 1
    outer loop
      vertex -33.9084 19.0158 18.4
      vertex -33.3918 17.7685 18.4
      vertex -33.75 19.0939 18.4
    endloop
  endfacet
  facet normal 0 0 1
    outer loop
      vertex -33.3918 17.7685 18.4
      vertex -33.9084 19.0158 18.4
      vertex -33.7262 17.655 18.4
    endloop
  endfacet
  facet normal -0 0 1
    outer loop
      vertex -34.0756 18.959 18.4
      vertex -33.7262 17.655 18.4
      vertex -33.9084 19.0158 18.4
    endloop
  endfacet
  facet normal 0 0 1
    outer loop
      vertex -33.7262 17.655 18.4
      vertex -34.0756 18.959 18.4
      vertex -34.0726 17.5861 18.4
    endloop
  endfacet
  facet normal -0 0 1
    outer loop
      vertex -34.2488 18.9245 18.4
      vertex -34.0726 17.5861 18.4
      vertex -34.0756 18.959 18.4
    endloop
  endfacet
  facet normal -0 0 1
    outer loop
      vertex -34.425 18.913 18.4
      vertex -34.0726 17.5861 18.4
      vertex -34.2488 18.9245 18.4
    endloop
  endfacet
  facet normal 0 0 1
    outer loop
      vertex -34.425 18.913 18.4
      vertex -34.425 17.563 18.4
      vertex -34.0726 17.5861 18.4
    endloop
  endfacet
  facet normal 0 0 1
    outer loop
      vertex -34.6012 18.9245 18.4
      vertex -34.425 17.563 18.4
      vertex -34.425 18.913 18.4
    endloop
  endfacet
  facet normal 0 0 1
    outer loop
      vertex -34.7774 17.5861 18.4
      vertex -34.6012 18.9245 18.4
      vertex -34.7744 18.959 18.4
    endloop
  endfacet
  facet normal 0 0 1
    outer loop
      vertex -34.6012 18.9245 18.4
      vertex -34.7774 17.5861 18.4
      vertex -34.425 17.563 18.4
    endloop
  endfacet
  facet normal 0 0 1
    outer loop
      vertex -35.1238 17.655 18.4
      vertex -34.7744 18.959 18.4
      vertex -34.9416 19.0158 18.4
    endloop
  endfacet
  facet normal 0 0 1
    outer loop
      vertex -35.4582 17.7685 18.4
      vertex -34.9416 19.0158 18.4
      vertex -35.1 19.0939 18.4
    endloop
  endfacet
  facet normal 0 0 1
    outer loop
      vertex -34.7744 18.959 18.4
      vertex -35.1238 17.655 18.4
      vertex -34.7774 17.5861 18.4
    endloop
  endfacet
  facet normal 0 0 1
    outer loop
      vertex -35.775 17.9247 18.4
      vertex -35.1 19.0939 18.4
      vertex -35.2468 19.192 18.4
    endloop
  endfacet
  facet normal 0 0 1
    outer loop
      vertex -35.775 17.9247 18.4
      vertex -35.2468 19.192 18.4
      vertex -35.3796 19.3084 18.4
    endloop
  endfacet
  facet normal 0 0 1
    outer loop
      vertex -34.9416 19.0158 18.4
      vertex -35.4582 17.7685 18.4
      vertex -35.1238 17.655 18.4
    endloop
  endfacet
  facet normal 0 0 1
    outer loop
      vertex -35.775 17.9247 18.4
      vertex -35.3796 19.3084 18.4
      vertex -35.496 19.4412 18.4
    endloop
  endfacet
  facet normal 0 0 1
    outer loop
      vertex -35.775 17.9247 18.4
      vertex -35.496 19.4412 18.4
      vertex -35.5941 19.588 18.4
    endloop
  endfacet
  facet normal 0 0 1
    outer loop
      vertex -35.775 17.9247 18.4
      vertex -35.5941 19.588 18.4
      vertex -35.6722 19.7464 18.4
    endloop
  endfacet
  facet normal 0 0 1
    outer loop
      vertex -35.775 17.9247 18.4
      vertex -35.6722 19.7464 18.4
      vertex -35.729 19.9136 18.4
    endloop
  endfacet
  facet normal 0 0 1
    outer loop
      vertex -35.775 17.9247 18.4
      vertex -35.729 19.9136 18.4
      vertex -35.7635 20.0868 18.4
    endloop
  endfacet
  facet normal 0 0 1
    outer loop
      vertex -35.1 19.0939 18.4
      vertex -35.775 17.9247 18.4
      vertex -35.4582 17.7685 18.4
    endloop
  endfacet
  facet normal 0 0 1
    outer loop
      vertex -35.775 17.9247 18.4
      vertex -35.7635 20.0868 18.4
      vertex -35.775 20.263 18.4
    endloop
  endfacet
  facet normal -0.555484 0.831527 0
    outer loop
      vertex -35.775 22.6013 2.4
      vertex -36.0687 22.4051 18.4
      vertex -35.775 22.6013 18.4
    endloop
  endfacet
  facet normal -0.555484 0.831527 0
    outer loop
      vertex -36.0687 22.4051 18.4
      vertex -35.775 22.6013 2.4
      vertex -36.0687 22.4051 2.4
    endloop
  endfacet
  facet normal -0.0654101 0.997858 0
    outer loop
      vertex -34.425 22.963 2.4
      vertex -34.7774 22.9399 18.4
      vertex -34.425 22.963 18.4
    endloop
  endfacet
  facet normal -0.0654101 0.997858 0
    outer loop
      vertex -34.7774 22.9399 18.4
      vertex -34.425 22.963 2.4
      vertex -34.7774 22.9399 2.4
    endloop
  endfacet
  facet normal 0.195081 -0.980787 0
    outer loop
      vertex -34.0726 17.5861 2.4
      vertex -33.7262 17.655 18.4
      vertex -34.0726 17.5861 18.4
    endloop
  endfacet
  facet normal 0.195081 -0.980787 0
    outer loop
      vertex -33.7262 17.655 18.4
      vertex -34.0726 17.5861 2.4
      vertex -33.7262 17.655 2.4
    endloop
  endfacet
  facet normal 0.0654101 -0.997858 0
    outer loop
      vertex -34.425 17.563 2.4
      vertex -34.0726 17.5861 18.4
      vertex -34.425 17.563 18.4
    endloop
  endfacet
  facet normal 0.0654101 -0.997858 0
    outer loop
      vertex -34.0726 17.5861 18.4
      vertex -34.425 17.563 2.4
      vertex -34.0726 17.5861 2.4
    endloop
  endfacet
  facet normal -0.659446 -0.751752 0
    outer loop
      vertex -36.3342 18.3538 2.4
      vertex -36.0687 18.1209 18.4
      vertex -36.3342 18.3538 18.4
    endloop
  endfacet
  facet normal -0.659446 -0.751752 -0
    outer loop
      vertex -36.0687 18.1209 18.4
      vertex -36.3342 18.3538 2.4
      vertex -36.0687 18.1209 2.4
    endloop
  endfacet
  facet normal -0.321405 -0.946942 0
    outer loop
      vertex -35.4582 17.7685 2.4
      vertex -35.1238 17.655 18.4
      vertex -35.4582 17.7685 18.4
    endloop
  endfacet
  facet normal -0.321405 -0.946942 -0
    outer loop
      vertex -35.1238 17.655 18.4
      vertex -35.4582 17.7685 2.4
      vertex -35.1238 17.655 2.4
    endloop
  endfacet
  facet normal -0.751752 -0.659446 0
    outer loop
      vertex -36.3342 18.3538 2.4
      vertex -36.5671 18.6193 18.4
      vertex -36.5671 18.6193 2.4
    endloop
  endfacet
  facet normal -0.751752 -0.659446 0
    outer loop
      vertex -36.5671 18.6193 18.4
      vertex -36.3342 18.3538 2.4
      vertex -36.3342 18.3538 18.4
    endloop
  endfacet
  facet normal 0.831527 0.555484 0
    outer loop
      vertex -32.0867 21.613 18.4
      vertex -32.2829 21.9067 2.4
      vertex -32.2829 21.9067 18.4
    endloop
  endfacet
  facet normal 0.831527 0.555484 0
    outer loop
      vertex -32.2829 21.9067 2.4
      vertex -32.0867 21.613 18.4
      vertex -32.0867 21.613 2.4
    endloop
  endfacet
  facet normal 0.896905 0.442224 0
    outer loop
      vertex -31.9305 21.2962 18.4
      vertex -32.0867 21.613 2.4
      vertex -32.0867 21.613 18.4
    endloop
  endfacet
  facet normal 0.896905 0.442224 0
    outer loop
      vertex -32.0867 21.613 2.4
      vertex -31.9305 21.2962 18.4
      vertex -31.9305 21.2962 2.4
    endloop
  endfacet
  facet normal 0.195081 0.980787 -0
    outer loop
      vertex -33.7262 22.871 2.4
      vertex -34.0726 22.9399 18.4
      vertex -33.7262 22.871 18.4
    endloop
  endfacet
  facet normal 0.195081 0.980787 0
    outer loop
      vertex -34.0726 22.9399 18.4
      vertex -33.7262 22.871 2.4
      vertex -34.0726 22.9399 2.4
    endloop
  endfacet
  facet normal 0.555484 0.831527 -0
    outer loop
      vertex -32.7813 22.4051 2.4
      vertex -33.075 22.6013 18.4
      vertex -32.7813 22.4051 18.4
    endloop
  endfacet
  facet normal 0.555484 0.831527 0
    outer loop
      vertex -33.075 22.6013 18.4
      vertex -32.7813 22.4051 2.4
      vertex -33.075 22.6013 2.4
    endloop
  endfacet
  facet normal -0.442224 0.896905 0
    outer loop
      vertex -35.4582 22.7575 2.4
      vertex -35.775 22.6013 18.4
      vertex -35.4582 22.7575 18.4
    endloop
  endfacet
  facet normal -0.442224 0.896905 0
    outer loop
      vertex -35.775 22.6013 18.4
      vertex -35.4582 22.7575 2.4
      vertex -35.775 22.6013 2.4
    endloop
  endfacet
  facet normal -0.195081 0.980787 0
    outer loop
      vertex -34.7774 22.9399 2.4
      vertex -35.1238 22.871 18.4
      vertex -34.7774 22.9399 18.4
    endloop
  endfacet
  facet normal -0.195081 0.980787 0
    outer loop
      vertex -35.1238 22.871 18.4
      vertex -34.7774 22.9399 2.4
      vertex -35.1238 22.871 2.4
    endloop
  endfacet
  facet normal 0.997858 -0.0654101 0
    outer loop
      vertex -31.7481 19.9106 18.4
      vertex -31.725 20.263 2.4
      vertex -31.725 20.263 18.4
    endloop
  endfacet
  facet normal 0.997858 -0.0654101 0
    outer loop
      vertex -31.725 20.263 2.4
      vertex -31.7481 19.9106 18.4
      vertex -31.7481 19.9106 2.4
    endloop
  endfacet
  facet normal 0.442224 -0.896905 0
    outer loop
      vertex -33.3918 17.7685 2.4
      vertex -33.075 17.9247 18.4
      vertex -33.3918 17.7685 18.4
    endloop
  endfacet
  facet normal 0.442224 -0.896905 0
    outer loop
      vertex -33.075 17.9247 18.4
      vertex -33.3918 17.7685 2.4
      vertex -33.075 17.9247 2.4
    endloop
  endfacet
  facet normal 0.659446 -0.751752 0
    outer loop
      vertex -32.7813 18.1209 2.4
      vertex -32.5158 18.3538 18.4
      vertex -32.7813 18.1209 18.4
    endloop
  endfacet
  facet normal 0.659446 -0.751752 0
    outer loop
      vertex -32.5158 18.3538 18.4
      vertex -32.7813 18.1209 2.4
      vertex -32.5158 18.3538 2.4
    endloop
  endfacet
  facet normal -0.555484 -0.831527 0
    outer loop
      vertex -36.0687 18.1209 2.4
      vertex -35.775 17.9247 18.4
      vertex -36.0687 18.1209 18.4
    endloop
  endfacet
  facet normal -0.555484 -0.831527 -0
    outer loop
      vertex -35.775 17.9247 18.4
      vertex -36.0687 18.1209 2.4
      vertex -35.775 17.9247 2.4
    endloop
  endfacet
  facet normal -0.0654101 -0.997858 0
    outer loop
      vertex -34.7774 17.5861 2.4
      vertex -34.425 17.563 18.4
      vertex -34.7774 17.5861 18.4
    endloop
  endfacet
  facet normal -0.0654101 -0.997858 -0
    outer loop
      vertex -34.425 17.563 18.4
      vertex -34.7774 17.5861 2.4
      vertex -34.425 17.563 2.4
    endloop
  endfacet
  facet normal 0.321405 0.946942 -0
    outer loop
      vertex -33.3918 22.7575 2.4
      vertex -33.7262 22.871 18.4
      vertex -33.3918 22.7575 18.4
    endloop
  endfacet
  facet normal 0.321405 0.946942 0
    outer loop
      vertex -33.7262 22.871 18.4
      vertex -33.3918 22.7575 2.4
      vertex -33.7262 22.871 2.4
    endloop
  endfacet
  facet normal 0.946942 -0.321405 0
    outer loop
      vertex -31.9305 19.2298 18.4
      vertex -31.817 19.5642 2.4
      vertex -31.817 19.5642 18.4
    endloop
  endfacet
  facet normal 0.946942 -0.321405 0
    outer loop
      vertex -31.817 19.5642 2.4
      vertex -31.9305 19.2298 18.4
      vertex -31.9305 19.2298 2.4
    endloop
  endfacet
  facet normal 0.321405 -0.946942 0
    outer loop
      vertex -33.7262 17.655 2.4
      vertex -33.3918 17.7685 18.4
      vertex -33.7262 17.655 18.4
    endloop
  endfacet
  facet normal 0.321405 -0.946942 0
    outer loop
      vertex -33.3918 17.7685 18.4
      vertex -33.7262 17.655 2.4
      vertex -33.3918 17.7685 2.4
    endloop
  endfacet
  facet normal 0.555484 -0.831527 0
    outer loop
      vertex -33.075 17.9247 2.4
      vertex -32.7813 18.1209 18.4
      vertex -33.075 17.9247 18.4
    endloop
  endfacet
  facet normal 0.555484 -0.831527 0
    outer loop
      vertex -32.7813 18.1209 18.4
      vertex -33.075 17.9247 2.4
      vertex -32.7813 18.1209 2.4
    endloop
  endfacet
  facet normal 0.831527 -0.555484 0
    outer loop
      vertex -32.2829 18.6193 18.4
      vertex -32.0867 18.913 2.4
      vertex -32.0867 18.913 18.4
    endloop
  endfacet
  facet normal 0.831527 -0.555484 0
    outer loop
      vertex -32.0867 18.913 2.4
      vertex -32.2829 18.6193 18.4
      vertex -32.2829 18.6193 2.4
    endloop
  endfacet
  facet normal -0.442224 -0.896905 0
    outer loop
      vertex -35.775 17.9247 2.4
      vertex -35.4582 17.7685 18.4
      vertex -35.775 17.9247 18.4
    endloop
  endfacet
  facet normal -0.442224 -0.896905 -0
    outer loop
      vertex -35.4582 17.7685 18.4
      vertex -35.775 17.9247 2.4
      vertex -35.4582 17.7685 2.4
    endloop
  endfacet
  facet normal -0.195081 -0.980787 0
    outer loop
      vertex -35.1238 17.655 2.4
      vertex -34.7774 17.5861 18.4
      vertex -35.1238 17.655 18.4
    endloop
  endfacet
  facet normal -0.195081 -0.980787 -0
    outer loop
      vertex -34.7774 17.5861 18.4
      vertex -35.1238 17.655 2.4
      vertex -34.7774 17.5861 2.4
    endloop
  endfacet
  facet normal -0.831563 -0.555431 0
    outer loop
      vertex -36.5671 18.6193 2.4
      vertex -36.725 18.8557 18.4
      vertex -36.725 18.8557 2.4
    endloop
  endfacet
  facet normal -0.831563 -0.555431 0
    outer loop
      vertex -36.725 18.8557 18.4
      vertex -36.5671 18.6193 2.4
      vertex -36.5671 18.6193 18.4
    endloop
  endfacet
  facet normal 0.980787 -0.195081 0
    outer loop
      vertex -31.817 19.5642 18.4
      vertex -31.7481 19.9106 2.4
      vertex -31.7481 19.9106 18.4
    endloop
  endfacet
  facet normal 0.980787 -0.195081 0
    outer loop
      vertex -31.7481 19.9106 2.4
      vertex -31.817 19.5642 18.4
      vertex -31.817 19.5642 2.4
    endloop
  endfacet
  facet normal 0.896905 -0.442224 0
    outer loop
      vertex -32.0867 18.913 18.4
      vertex -31.9305 19.2298 2.4
      vertex -31.9305 19.2298 18.4
    endloop
  endfacet
  facet normal 0.896905 -0.442224 0
    outer loop
      vertex -31.9305 19.2298 2.4
      vertex -32.0867 18.913 18.4
      vertex -32.0867 18.913 2.4
    endloop
  endfacet
  facet normal -0.997877 -0.0651282 0
    outer loop
      vertex -33.075 20.263 2.4
      vertex -33.0865 20.4392 18.4
      vertex -33.0865 20.4392 2.4
    endloop
  endfacet
  facet normal -0.997877 -0.0651282 0
    outer loop
      vertex -33.0865 20.4392 18.4
      vertex -33.075 20.263 2.4
      vertex -33.075 20.263 18.4
    endloop
  endfacet
  facet normal 0.997877 -0.0651282 0
    outer loop
      vertex -35.775 20.263 18.4
      vertex -35.7635 20.4392 2.4
      vertex -35.7635 20.4392 18.4
    endloop
  endfacet
  facet normal 0.997877 -0.0651282 0
    outer loop
      vertex -35.7635 20.4392 2.4
      vertex -35.775 20.263 18.4
      vertex -35.775 20.263 2.4
    endloop
  endfacet
  facet normal 0.0656921 -0.99784 0
    outer loop
      vertex -34.6012 21.6014 2.4
      vertex -34.425 21.613 18.4
      vertex -34.6012 21.6014 18.4
    endloop
  endfacet
  facet normal 0.0656921 -0.99784 0
    outer loop
      vertex -34.425 21.613 18.4
      vertex -34.6012 21.6014 2.4
      vertex -34.425 21.613 2.4
    endloop
  endfacet
  facet normal -0.0651282 0.997877 0
    outer loop
      vertex -34.2488 18.9245 2.4
      vertex -34.425 18.913 18.4
      vertex -34.2488 18.9245 18.4
    endloop
  endfacet
  facet normal -0.0651282 0.997877 0
    outer loop
      vertex -34.425 18.913 18.4
      vertex -34.2488 18.9245 2.4
      vertex -34.425 18.913 2.4
    endloop
  endfacet
  facet normal -0.752015 0.659146 0
    outer loop
      vertex -33.4704 19.3084 2.4
      vertex -33.354 19.4412 18.4
      vertex -33.354 19.4412 2.4
    endloop
  endfacet
  facet normal -0.752015 0.659146 0
    outer loop
      vertex -33.354 19.4412 18.4
      vertex -33.4704 19.3084 2.4
      vertex -33.4704 19.3084 18.4
    endloop
  endfacet
  facet normal -0.659146 -0.752015 0
    outer loop
      vertex -33.6032 21.334 2.4
      vertex -33.4704 21.2176 18.4
      vertex -33.6032 21.334 18.4
    endloop
  endfacet
  facet normal -0.659146 -0.752015 -0
    outer loop
      vertex -33.4704 21.2176 18.4
      vertex -33.6032 21.334 2.4
      vertex -33.4704 21.2176 2.4
    endloop
  endfacet
  facet normal 0.752015 -0.659146 0
    outer loop
      vertex -35.496 21.0848 18.4
      vertex -35.3796 21.2176 2.4
      vertex -35.3796 21.2176 18.4
    endloop
  endfacet
  facet normal 0.752015 -0.659146 0
    outer loop
      vertex -35.3796 21.2176 2.4
      vertex -35.496 21.0848 18.4
      vertex -35.496 21.0848 2.4
    endloop
  endfacet
  facet normal 0.442224 -0.896905 0
    outer loop
      vertex -35.1 21.4321 2.4
      vertex -34.9416 21.5102 18.4
      vertex -35.1 21.4321 18.4
    endloop
  endfacet
  facet normal 0.442224 -0.896905 0
    outer loop
      vertex -34.9416 21.5102 18.4
      vertex -35.1 21.4321 2.4
      vertex -34.9416 21.5102 2.4
    endloop
  endfacet
  facet normal -0.896905 -0.442224 0
    outer loop
      vertex -33.1778 20.7796 2.4
      vertex -33.2559 20.938 18.4
      vertex -33.2559 20.938 2.4
    endloop
  endfacet
  facet normal -0.896905 -0.442224 0
    outer loop
      vertex -33.2559 20.938 18.4
      vertex -33.1778 20.7796 2.4
      vertex -33.1778 20.7796 18.4
    endloop
  endfacet
  facet normal -0.83144 -0.555615 0
    outer loop
      vertex -33.2559 20.938 2.4
      vertex -33.354 21.0848 18.4
      vertex -33.354 21.0848 2.4
    endloop
  endfacet
  facet normal -0.83144 -0.555615 0
    outer loop
      vertex -33.354 21.0848 18.4
      vertex -33.2559 20.938 2.4
      vertex -33.2559 20.938 18.4
    endloop
  endfacet
  facet normal -0.321659 -0.946856 0
    outer loop
      vertex -34.0756 21.567 2.4
      vertex -33.9084 21.5102 18.4
      vertex -34.0756 21.567 18.4
    endloop
  endfacet
  facet normal -0.321659 -0.946856 -0
    outer loop
      vertex -33.9084 21.5102 18.4
      vertex -34.0756 21.567 2.4
      vertex -33.9084 21.5102 2.4
    endloop
  endfacet
  facet normal -0.194809 -0.980841 0
    outer loop
      vertex -34.2488 21.6014 2.4
      vertex -34.0756 21.567 18.4
      vertex -34.2488 21.6014 18.4
    endloop
  endfacet
  facet normal -0.194809 -0.980841 -0
    outer loop
      vertex -34.0756 21.567 18.4
      vertex -34.2488 21.6014 2.4
      vertex -34.0756 21.567 2.4
    endloop
  endfacet
  facet normal -0.442224 -0.896905 0
    outer loop
      vertex -33.9084 21.5102 2.4
      vertex -33.75 21.4321 18.4
      vertex -33.9084 21.5102 18.4
    endloop
  endfacet
  facet normal -0.442224 -0.896905 -0
    outer loop
      vertex -33.75 21.4321 18.4
      vertex -33.9084 21.5102 2.4
      vertex -33.75 21.4321 2.4
    endloop
  endfacet
  facet normal 0.896905 -0.442224 0
    outer loop
      vertex -35.6722 20.7796 18.4
      vertex -35.5941 20.938 2.4
      vertex -35.5941 20.938 18.4
    endloop
  endfacet
  facet normal 0.896905 -0.442224 0
    outer loop
      vertex -35.5941 20.938 2.4
      vertex -35.6722 20.7796 18.4
      vertex -35.6722 20.7796 2.4
    endloop
  endfacet
  facet normal 0.83144 -0.555615 0
    outer loop
      vertex -35.5941 20.938 18.4
      vertex -35.496 21.0848 2.4
      vertex -35.496 21.0848 18.4
    endloop
  endfacet
  facet normal 0.83144 -0.555615 0
    outer loop
      vertex -35.496 21.0848 2.4
      vertex -35.5941 20.938 18.4
      vertex -35.5941 20.938 2.4
    endloop
  endfacet
  facet normal 0.555615 -0.83144 0
    outer loop
      vertex -35.2468 21.334 2.4
      vertex -35.1 21.4321 18.4
      vertex -35.2468 21.334 18.4
    endloop
  endfacet
  facet normal 0.555615 -0.83144 0
    outer loop
      vertex -35.1 21.4321 18.4
      vertex -35.2468 21.334 2.4
      vertex -35.1 21.4321 2.4
    endloop
  endfacet
  facet normal 0.321659 -0.946856 0
    outer loop
      vertex -34.9416 21.5102 2.4
      vertex -34.7744 21.567 18.4
      vertex -34.9416 21.5102 18.4
    endloop
  endfacet
  facet normal 0.321659 -0.946856 0
    outer loop
      vertex -34.7744 21.567 18.4
      vertex -34.9416 21.5102 2.4
      vertex -34.7744 21.567 2.4
    endloop
  endfacet
  facet normal -0.195354 0.980733 0
    outer loop
      vertex -34.0756 18.959 2.4
      vertex -34.2488 18.9245 18.4
      vertex -34.0756 18.959 18.4
    endloop
  endfacet
  facet normal -0.195354 0.980733 0
    outer loop
      vertex -34.2488 18.9245 18.4
      vertex -34.0756 18.959 2.4
      vertex -34.2488 18.9245 2.4
    endloop
  endfacet
  facet normal -0.946856 -0.321659 0
    outer loop
      vertex -33.121 20.6124 2.4
      vertex -33.1778 20.7796 18.4
      vertex -33.1778 20.7796 2.4
    endloop
  endfacet
  facet normal -0.946856 -0.321659 0
    outer loop
      vertex -33.1778 20.7796 18.4
      vertex -33.121 20.6124 2.4
      vertex -33.121 20.6124 18.4
    endloop
  endfacet
  facet normal -0.980733 -0.195354 0
    outer loop
      vertex -33.0865 20.4392 2.4
      vertex -33.121 20.6124 18.4
      vertex -33.121 20.6124 2.4
    endloop
  endfacet
  facet normal -0.980733 -0.195354 0
    outer loop
      vertex -33.121 20.6124 18.4
      vertex -33.0865 20.4392 2.4
      vertex -33.0865 20.4392 18.4
    endloop
  endfacet
  facet normal -0.752015 -0.659146 0
    outer loop
      vertex -33.354 21.0848 2.4
      vertex -33.4704 21.2176 18.4
      vertex -33.4704 21.2176 2.4
    endloop
  endfacet
  facet normal -0.752015 -0.659146 0
    outer loop
      vertex -33.4704 21.2176 18.4
      vertex -33.354 21.0848 2.4
      vertex -33.354 21.0848 18.4
    endloop
  endfacet
  facet normal -0.0656921 -0.99784 0
    outer loop
      vertex -34.425 21.613 2.4
      vertex -34.2488 21.6014 18.4
      vertex -34.425 21.613 18.4
    endloop
  endfacet
  facet normal -0.0656921 -0.99784 -0
    outer loop
      vertex -34.2488 21.6014 18.4
      vertex -34.425 21.613 2.4
      vertex -34.2488 21.6014 2.4
    endloop
  endfacet
  facet normal -0.555615 -0.83144 0
    outer loop
      vertex -33.75 21.4321 2.4
      vertex -33.6032 21.334 18.4
      vertex -33.75 21.4321 18.4
    endloop
  endfacet
  facet normal -0.555615 -0.83144 -0
    outer loop
      vertex -33.6032 21.334 18.4
      vertex -33.75 21.4321 2.4
      vertex -33.6032 21.334 2.4
    endloop
  endfacet
  facet normal 0.980733 -0.195354 0
    outer loop
      vertex -35.7635 20.4392 18.4
      vertex -35.729 20.6124 2.4
      vertex -35.729 20.6124 18.4
    endloop
  endfacet
  facet normal 0.980733 -0.195354 0
    outer loop
      vertex -35.729 20.6124 2.4
      vertex -35.7635 20.4392 18.4
      vertex -35.7635 20.4392 2.4
    endloop
  endfacet
  facet normal 0.659146 -0.752015 0
    outer loop
      vertex -35.3796 21.2176 2.4
      vertex -35.2468 21.334 18.4
      vertex -35.3796 21.2176 18.4
    endloop
  endfacet
  facet normal 0.659146 -0.752015 0
    outer loop
      vertex -35.2468 21.334 18.4
      vertex -35.3796 21.2176 2.4
      vertex -35.2468 21.334 2.4
    endloop
  endfacet
  facet normal 0.194809 -0.980841 0
    outer loop
      vertex -34.7744 21.567 2.4
      vertex -34.6012 21.6014 18.4
      vertex -34.7744 21.567 18.4
    endloop
  endfacet
  facet normal 0.194809 -0.980841 0
    outer loop
      vertex -34.6012 21.6014 18.4
      vertex -34.7744 21.567 2.4
      vertex -34.6012 21.6014 2.4
    endloop
  endfacet
  facet normal -0.946856 0.321659 0
    outer loop
      vertex -33.1778 19.7464 2.4
      vertex -33.121 19.9136 18.4
      vertex -33.121 19.9136 2.4
    endloop
  endfacet
  facet normal -0.946856 0.321659 0
    outer loop
      vertex -33.121 19.9136 18.4
      vertex -33.1778 19.7464 2.4
      vertex -33.1778 19.7464 18.4
    endloop
  endfacet
  facet normal -0.980733 0.195354 0
    outer loop
      vertex -33.121 19.9136 2.4
      vertex -33.0865 20.0868 18.4
      vertex -33.0865 20.0868 2.4
    endloop
  endfacet
  facet normal -0.980733 0.195354 0
    outer loop
      vertex -33.0865 20.0868 18.4
      vertex -33.121 19.9136 2.4
      vertex -33.121 19.9136 18.4
    endloop
  endfacet
  facet normal 0.997877 0.0651282 0
    outer loop
      vertex -35.7635 20.0868 18.4
      vertex -35.775 20.263 2.4
      vertex -35.775 20.263 18.4
    endloop
  endfacet
  facet normal 0.997877 0.0651282 0
    outer loop
      vertex -35.775 20.263 2.4
      vertex -35.7635 20.0868 18.4
      vertex -35.7635 20.0868 2.4
    endloop
  endfacet
  facet normal -0.555615 0.83144 0
    outer loop
      vertex -33.6032 19.192 2.4
      vertex -33.75 19.0939 18.4
      vertex -33.6032 19.192 18.4
    endloop
  endfacet
  facet normal -0.555615 0.83144 0
    outer loop
      vertex -33.75 19.0939 18.4
      vertex -33.6032 19.192 2.4
      vertex -33.75 19.0939 2.4
    endloop
  endfacet
  facet normal -0.442224 0.896905 0
    outer loop
      vertex -33.75 19.0939 2.4
      vertex -33.9084 19.0158 18.4
      vertex -33.75 19.0939 18.4
    endloop
  endfacet
  facet normal -0.442224 0.896905 0
    outer loop
      vertex -33.9084 19.0158 18.4
      vertex -33.75 19.0939 2.4
      vertex -33.9084 19.0158 2.4
    endloop
  endfacet
  facet normal 0.946856 -0.321659 0
    outer loop
      vertex -35.729 20.6124 18.4
      vertex -35.6722 20.7796 2.4
      vertex -35.6722 20.7796 18.4
    endloop
  endfacet
  facet normal 0.946856 -0.321659 0
    outer loop
      vertex -35.6722 20.7796 2.4
      vertex -35.729 20.6124 18.4
      vertex -35.729 20.6124 2.4
    endloop
  endfacet
  facet normal -0.83144 0.555615 0
    outer loop
      vertex -33.354 19.4412 2.4
      vertex -33.2559 19.588 18.4
      vertex -33.2559 19.588 2.4
    endloop
  endfacet
  facet normal -0.83144 0.555615 0
    outer loop
      vertex -33.2559 19.588 18.4
      vertex -33.354 19.4412 2.4
      vertex -33.354 19.4412 18.4
    endloop
  endfacet
  facet normal -0.997877 0.0651282 0
    outer loop
      vertex -33.0865 20.0868 2.4
      vertex -33.075 20.263 18.4
      vertex -33.075 20.263 2.4
    endloop
  endfacet
  facet normal -0.997877 0.0651282 0
    outer loop
      vertex -33.075 20.263 18.4
      vertex -33.0865 20.0868 2.4
      vertex -33.0865 20.0868 18.4
    endloop
  endfacet
  facet normal 0.321659 0.946856 -0
    outer loop
      vertex -34.7744 18.959 2.4
      vertex -34.9416 19.0158 18.4
      vertex -34.7744 18.959 18.4
    endloop
  endfacet
  facet normal 0.321659 0.946856 0
    outer loop
      vertex -34.9416 19.0158 18.4
      vertex -34.7744 18.959 2.4
      vertex -34.9416 19.0158 2.4
    endloop
  endfacet
  facet normal 0.752015 0.659146 0
    outer loop
      vertex -35.3796 19.3084 18.4
      vertex -35.496 19.4412 2.4
      vertex -35.496 19.4412 18.4
    endloop
  endfacet
  facet normal 0.752015 0.659146 0
    outer loop
      vertex -35.496 19.4412 2.4
      vertex -35.3796 19.3084 18.4
      vertex -35.3796 19.3084 2.4
    endloop
  endfacet
  facet normal 0.980733 0.195354 0
    outer loop
      vertex -35.729 19.9136 18.4
      vertex -35.7635 20.0868 2.4
      vertex -35.7635 20.0868 18.4
    endloop
  endfacet
  facet normal 0.980733 0.195354 0
    outer loop
      vertex -35.7635 20.0868 2.4
      vertex -35.729 19.9136 18.4
      vertex -35.729 19.9136 2.4
    endloop
  endfacet
  facet normal 0.946856 0.321659 0
    outer loop
      vertex -35.6722 19.7464 18.4
      vertex -35.729 19.9136 2.4
      vertex -35.729 19.9136 18.4
    endloop
  endfacet
  facet normal 0.946856 0.321659 0
    outer loop
      vertex -35.729 19.9136 2.4
      vertex -35.6722 19.7464 18.4
      vertex -35.6722 19.7464 2.4
    endloop
  endfacet
  facet normal -0.659146 0.752015 0
    outer loop
      vertex -33.4704 19.3084 2.4
      vertex -33.6032 19.192 18.4
      vertex -33.4704 19.3084 18.4
    endloop
  endfacet
  facet normal -0.659146 0.752015 0
    outer loop
      vertex -33.6032 19.192 18.4
      vertex -33.4704 19.3084 2.4
      vertex -33.6032 19.192 2.4
    endloop
  endfacet
  facet normal -0.321659 0.946856 0
    outer loop
      vertex -33.9084 19.0158 2.4
      vertex -34.0756 18.959 18.4
      vertex -33.9084 19.0158 18.4
    endloop
  endfacet
  facet normal -0.321659 0.946856 0
    outer loop
      vertex -34.0756 18.959 18.4
      vertex -33.9084 19.0158 2.4
      vertex -34.0756 18.959 2.4
    endloop
  endfacet
  facet normal -0.896905 0.442224 0
    outer loop
      vertex -33.2559 19.588 2.4
      vertex -33.1778 19.7464 18.4
      vertex -33.1778 19.7464 2.4
    endloop
  endfacet
  facet normal -0.896905 0.442224 0
    outer loop
      vertex -33.1778 19.7464 18.4
      vertex -33.2559 19.588 2.4
      vertex -33.2559 19.588 18.4
    endloop
  endfacet
  facet normal 0.555615 0.83144 -0
    outer loop
      vertex -35.1 19.0939 2.4
      vertex -35.2468 19.192 18.4
      vertex -35.1 19.0939 18.4
    endloop
  endfacet
  facet normal 0.555615 0.83144 0
    outer loop
      vertex -35.2468 19.192 18.4
      vertex -35.1 19.0939 2.4
      vertex -35.2468 19.192 2.4
    endloop
  endfacet
  facet normal 0.195354 0.980733 -0
    outer loop
      vertex -34.6012 18.9245 2.4
      vertex -34.7744 18.959 18.4
      vertex -34.6012 18.9245 18.4
    endloop
  endfacet
  facet normal 0.195354 0.980733 0
    outer loop
      vertex -34.7744 18.959 18.4
      vertex -34.6012 18.9245 2.4
      vertex -34.7744 18.959 2.4
    endloop
  endfacet
  facet normal 0.659146 0.752015 -0
    outer loop
      vertex -35.2468 19.192 2.4
      vertex -35.3796 19.3084 18.4
      vertex -35.2468 19.192 18.4
    endloop
  endfacet
  facet normal 0.659146 0.752015 0
    outer loop
      vertex -35.3796 19.3084 18.4
      vertex -35.2468 19.192 2.4
      vertex -35.3796 19.3084 2.4
    endloop
  endfacet
  facet normal 0.83144 0.555615 0
    outer loop
      vertex -35.496 19.4412 18.4
      vertex -35.5941 19.588 2.4
      vertex -35.5941 19.588 18.4
    endloop
  endfacet
  facet normal 0.83144 0.555615 0
    outer loop
      vertex -35.5941 19.588 2.4
      vertex -35.496 19.4412 18.4
      vertex -35.496 19.4412 2.4
    endloop
  endfacet
  facet normal 0.896905 0.442224 0
    outer loop
      vertex -35.5941 19.588 18.4
      vertex -35.6722 19.7464 2.4
      vertex -35.6722 19.7464 18.4
    endloop
  endfacet
  facet normal 0.896905 0.442224 0
    outer loop
      vertex -35.6722 19.7464 2.4
      vertex -35.5941 19.588 18.4
      vertex -35.5941 19.588 2.4
    endloop
  endfacet
  facet normal 0.442224 0.896905 -0
    outer loop
      vertex -34.9416 19.0158 2.4
      vertex -35.1 19.0939 18.4
      vertex -34.9416 19.0158 18.4
    endloop
  endfacet
  facet normal 0.442224 0.896905 0
    outer loop
      vertex -35.1 19.0939 18.4
      vertex -34.9416 19.0158 2.4
      vertex -35.1 19.0939 2.4
    endloop
  endfacet
  facet normal 0.0651282 0.997877 -0
    outer loop
      vertex -34.425 18.913 2.4
      vertex -34.6012 18.9245 18.4
      vertex -34.425 18.913 18.4
    endloop
  endfacet
  facet normal 0.0651282 0.997877 0
    outer loop
      vertex -34.6012 18.9245 18.4
      vertex -34.425 18.913 2.4
      vertex -34.6012 18.9245 2.4
    endloop
  endfacet
  facet normal 0.997858 0.0654101 0
    outer loop
      vertex -31.725 -17.938 18.4
      vertex -31.7481 -17.5856 2.4
      vertex -31.7481 -17.5856 18.4
    endloop
  endfacet
  facet normal 0.997858 0.0654101 0
    outer loop
      vertex -31.7481 -17.5856 2.4
      vertex -31.725 -17.938 18.4
      vertex -31.725 -17.938 2.4
    endloop
  endfacet
  facet normal 0.0654101 0.997858 -0
    outer loop
      vertex -34.0726 -15.2611 2.4
      vertex -34.425 -15.238 18.4
      vertex -34.0726 -15.2611 18.4
    endloop
  endfacet
  facet normal 0.0654101 0.997858 0
    outer loop
      vertex -34.425 -15.238 18.4
      vertex -34.0726 -15.2611 2.4
      vertex -34.425 -15.238 2.4
    endloop
  endfacet
  facet normal 0.751752 0.659446 0
    outer loop
      vertex -32.2829 -16.2943 18.4
      vertex -32.5158 -16.0288 2.4
      vertex -32.5158 -16.0288 18.4
    endloop
  endfacet
  facet normal 0.751752 0.659446 0
    outer loop
      vertex -32.5158 -16.0288 2.4
      vertex -32.2829 -16.2943 18.4
      vertex -32.2829 -16.2943 2.4
    endloop
  endfacet
  facet normal -0.659446 0.751752 0
    outer loop
      vertex -36.0687 -15.7959 2.4
      vertex -36.3342 -16.0288 18.4
      vertex -36.0687 -15.7959 18.4
    endloop
  endfacet
  facet normal -0.659446 0.751752 0
    outer loop
      vertex -36.3342 -16.0288 18.4
      vertex -36.0687 -15.7959 2.4
      vertex -36.3342 -16.0288 2.4
    endloop
  endfacet
  facet normal -0.321405 0.946942 0
    outer loop
      vertex -35.1238 -15.33 2.4
      vertex -35.4582 -15.4435 18.4
      vertex -35.1238 -15.33 18.4
    endloop
  endfacet
  facet normal -0.321405 0.946942 0
    outer loop
      vertex -35.4582 -15.4435 18.4
      vertex -35.1238 -15.33 2.4
      vertex -35.4582 -15.4435 2.4
    endloop
  endfacet
  facet normal 0.751752 -0.659446 0
    outer loop
      vertex -32.5158 -19.8472 18.4
      vertex -32.2829 -19.5817 2.4
      vertex -32.2829 -19.5817 18.4
    endloop
  endfacet
  facet normal 0.751752 -0.659446 0
    outer loop
      vertex -32.2829 -19.5817 2.4
      vertex -32.5158 -19.8472 18.4
      vertex -32.5158 -19.8472 2.4
    endloop
  endfacet
  facet normal 0 0 -1
    outer loop
      vertex -31.7481 -18.2904 2.4
      vertex -33.0865 -18.1142 2.4
      vertex -33.075 -17.938 2.4
    endloop
  endfacet
  facet normal 0 0 -1
    outer loop
      vertex -32.7813 -20.0801 2.4
      vertex -33.121 -18.2874 2.4
      vertex -33.0865 -18.1142 2.4
    endloop
  endfacet
  facet normal 0 0 -1
    outer loop
      vertex -32.7813 -20.0801 2.4
      vertex -33.1778 -18.4546 2.4
      vertex -33.121 -18.2874 2.4
    endloop
  endfacet
  facet normal 0 0 -1
    outer loop
      vertex -32.7813 -20.0801 2.4
      vertex -33.2559 -18.613 2.4
      vertex -33.1778 -18.4546 2.4
    endloop
  endfacet
  facet normal 0 0 -1
    outer loop
      vertex -32.7813 -20.0801 2.4
      vertex -33.354 -18.7598 2.4
      vertex -33.2559 -18.613 2.4
    endloop
  endfacet
  facet normal 0 0 -1
    outer loop
      vertex -33.75 -19.1071 2.4
      vertex -33.075 -20.2763 2.4
      vertex -33.3918 -20.4325 2.4
    endloop
  endfacet
  facet normal 0 0 -1
    outer loop
      vertex -32.7813 -20.0801 2.4
      vertex -33.4704 -18.8926 2.4
      vertex -33.354 -18.7598 2.4
    endloop
  endfacet
  facet normal 0 0 -1
    outer loop
      vertex -32.7813 -20.0801 2.4
      vertex -33.6032 -19.009 2.4
      vertex -33.4704 -18.8926 2.4
    endloop
  endfacet
  facet normal 0 0 -1
    outer loop
      vertex -33.9084 -19.1852 2.4
      vertex -33.3918 -20.4325 2.4
      vertex -33.7262 -20.546 2.4
    endloop
  endfacet
  facet normal 0 0 -1
    outer loop
      vertex -33.075 -20.2763 2.4
      vertex -33.75 -19.1071 2.4
      vertex -33.6032 -19.009 2.4
    endloop
  endfacet
  facet normal 0 0 -1
    outer loop
      vertex -33.3918 -20.4325 2.4
      vertex -33.9084 -19.1852 2.4
      vertex -33.75 -19.1071 2.4
    endloop
  endfacet
  facet normal 0 0 -1
    outer loop
      vertex -34.0756 -19.242 2.4
      vertex -33.7262 -20.546 2.4
      vertex -34.0726 -20.6149 2.4
    endloop
  endfacet
  facet normal 0 0 -1
    outer loop
      vertex -33.7262 -20.546 2.4
      vertex -34.0756 -19.242 2.4
      vertex -33.9084 -19.1852 2.4
    endloop
  endfacet
  facet normal 0 0 -1
    outer loop
      vertex -34.0726 -20.6149 2.4
      vertex -34.2488 -19.2765 2.4
      vertex -34.0756 -19.242 2.4
    endloop
  endfacet
  facet normal 0 0 -1
    outer loop
      vertex -34.425 -20.638 2.4
      vertex -34.2488 -19.2765 2.4
      vertex -34.0726 -20.6149 2.4
    endloop
  endfacet
  facet normal 0 0 -1
    outer loop
      vertex -34.425 -20.638 2.4
      vertex -34.425 -19.288 2.4
      vertex -34.2488 -19.2765 2.4
    endloop
  endfacet
  facet normal 0 0 -1
    outer loop
      vertex -34.425 -20.638 2.4
      vertex -34.6012 -19.2765 2.4
      vertex -34.425 -19.288 2.4
    endloop
  endfacet
  facet normal 0 0 -1
    outer loop
      vertex -34.7774 -20.6149 2.4
      vertex -34.6012 -19.2765 2.4
      vertex -34.425 -20.638 2.4
    endloop
  endfacet
  facet normal -0 0 -1
    outer loop
      vertex -34.6012 -19.2765 2.4
      vertex -34.7774 -20.6149 2.4
      vertex -34.7744 -19.242 2.4
    endloop
  endfacet
  facet normal 0 0 -1
    outer loop
      vertex -35.1238 -20.546 2.4
      vertex -34.7744 -19.242 2.4
      vertex -34.7774 -20.6149 2.4
    endloop
  endfacet
  facet normal -0 0 -1
    outer loop
      vertex -34.7744 -19.242 2.4
      vertex -35.1238 -20.546 2.4
      vertex -34.9416 -19.1852 2.4
    endloop
  endfacet
  facet normal 0 0 -1
    outer loop
      vertex -35.4582 -20.4325 2.4
      vertex -34.9416 -19.1852 2.4
      vertex -35.1238 -20.546 2.4
    endloop
  endfacet
  facet normal -0 0 -1
    outer loop
      vertex -34.9416 -19.1852 2.4
      vertex -35.4582 -20.4325 2.4
      vertex -35.1 -19.1071 2.4
    endloop
  endfacet
  facet normal 0 0 -1
    outer loop
      vertex -35.775 -20.2763 2.4
      vertex -35.1 -19.1071 2.4
      vertex -35.4582 -20.4325 2.4
    endloop
  endfacet
  facet normal -0 0 -1
    outer loop
      vertex -35.1 -19.1071 2.4
      vertex -35.775 -20.2763 2.4
      vertex -35.2468 -19.009 2.4
    endloop
  endfacet
  facet normal 0 0 -1
    outer loop
      vertex -36.0687 -20.0801 2.4
      vertex -35.2468 -19.009 2.4
      vertex -35.775 -20.2763 2.4
    endloop
  endfacet
  facet normal -0 0 -1
    outer loop
      vertex -35.2468 -19.009 2.4
      vertex -36.0687 -20.0801 2.4
      vertex -35.3796 -18.8926 2.4
    endloop
  endfacet
  facet normal 0 0 -1
    outer loop
      vertex -36.3342 -19.8472 2.4
      vertex -35.3796 -18.8926 2.4
      vertex -36.0687 -20.0801 2.4
    endloop
  endfacet
  facet normal -0 0 -1
    outer loop
      vertex -35.3796 -18.8926 2.4
      vertex -36.3342 -19.8472 2.4
      vertex -35.496 -18.7598 2.4
    endloop
  endfacet
  facet normal 0 0 -1
    outer loop
      vertex -36.5671 -19.5817 2.4
      vertex -35.496 -18.7598 2.4
      vertex -36.3342 -19.8472 2.4
    endloop
  endfacet
  facet normal 0 0 -1
    outer loop
      vertex -36.725 -19.3453 2.4
      vertex -35.496 -18.7598 2.4
      vertex -36.5671 -19.5817 2.4
    endloop
  endfacet
  facet normal -0 0 -1
    outer loop
      vertex -35.496 -18.7598 2.4
      vertex -36.725 -19.3453 2.4
      vertex -35.5941 -18.613 2.4
    endloop
  endfacet
  facet normal -0 0 -1
    outer loop
      vertex -35.5941 -18.613 2.4
      vertex -36.725 -19.3453 2.4
      vertex -35.6722 -18.4546 2.4
    endloop
  endfacet
  facet normal -0 0 -1
    outer loop
      vertex -35.6722 -18.4546 2.4
      vertex -36.725 -19.3453 2.4
      vertex -35.729 -18.2874 2.4
    endloop
  endfacet
  facet normal 0 0 -1
    outer loop
      vertex -35.775 -17.938 2.4
      vertex -36.0687 -15.7959 2.4
      vertex -35.775 -15.5997 2.4
    endloop
  endfacet
  facet normal -0 0 -1
    outer loop
      vertex -35.729 -18.2874 2.4
      vertex -36.725 -19.3453 2.4
      vertex -35.7635 -18.1142 2.4
    endloop
  endfacet
  facet normal 0 0 -1
    outer loop
      vertex -35.775 -17.938 2.4
      vertex -36.3342 -16.0288 2.4
      vertex -36.0687 -15.7959 2.4
    endloop
  endfacet
  facet normal -0 0 -1
    outer loop
      vertex -35.7635 -18.1142 2.4
      vertex -36.725 -19.3453 2.4
      vertex -35.775 -17.938 2.4
    endloop
  endfacet
  facet normal 0 0 -1
    outer loop
      vertex -36.725 -16.5307 2.4
      vertex -35.775 -17.938 2.4
      vertex -36.725 -19.3453 2.4
    endloop
  endfacet
  facet normal 0 -0 -1
    outer loop
      vertex -36.5671 -16.2943 2.4
      vertex -35.775 -17.938 2.4
      vertex -36.725 -16.5307 2.4
    endloop
  endfacet
  facet normal 0 0 -1
    outer loop
      vertex -35.775 -17.938 2.4
      vertex -36.5671 -16.2943 2.4
      vertex -36.3342 -16.0288 2.4
    endloop
  endfacet
  facet normal 0 0 -1
    outer loop
      vertex -33.075 -17.938 2.4
      vertex -31.725 -17.938 2.4
      vertex -31.7481 -18.2904 2.4
    endloop
  endfacet
  facet normal 0 0 -1
    outer loop
      vertex -33.0865 -18.1142 2.4
      vertex -31.7481 -18.2904 2.4
      vertex -31.817 -18.6368 2.4
    endloop
  endfacet
  facet normal 0 0 -1
    outer loop
      vertex -31.725 -17.938 2.4
      vertex -33.075 -17.938 2.4
      vertex -31.7481 -17.5856 2.4
    endloop
  endfacet
  facet normal 0 0 -1
    outer loop
      vertex -33.0865 -18.1142 2.4
      vertex -31.817 -18.6368 2.4
      vertex -31.9305 -18.9712 2.4
    endloop
  endfacet
  facet normal 0 0 -1
    outer loop
      vertex -33.0865 -17.7618 2.4
      vertex -31.7481 -17.5856 2.4
      vertex -33.075 -17.938 2.4
    endloop
  endfacet
  facet normal 0 0 -1
    outer loop
      vertex -33.0865 -18.1142 2.4
      vertex -31.9305 -18.9712 2.4
      vertex -32.0867 -19.288 2.4
    endloop
  endfacet
  facet normal -0 0 -1
    outer loop
      vertex -31.7481 -17.5856 2.4
      vertex -33.0865 -17.7618 2.4
      vertex -31.817 -17.2392 2.4
    endloop
  endfacet
  facet normal 0 0 -1
    outer loop
      vertex -33.0865 -18.1142 2.4
      vertex -32.0867 -19.288 2.4
      vertex -32.2829 -19.5817 2.4
    endloop
  endfacet
  facet normal 0 0 -1
    outer loop
      vertex -33.121 -17.5886 2.4
      vertex -31.817 -17.2392 2.4
      vertex -33.0865 -17.7618 2.4
    endloop
  endfacet
  facet normal 0 0 -1
    outer loop
      vertex -33.0865 -18.1142 2.4
      vertex -32.2829 -19.5817 2.4
      vertex -32.5158 -19.8472 2.4
    endloop
  endfacet
  facet normal -0 0 -1
    outer loop
      vertex -31.817 -17.2392 2.4
      vertex -33.121 -17.5886 2.4
      vertex -31.9305 -16.9048 2.4
    endloop
  endfacet
  facet normal 0 0 -1
    outer loop
      vertex -33.0865 -18.1142 2.4
      vertex -32.5158 -19.8472 2.4
      vertex -32.7813 -20.0801 2.4
    endloop
  endfacet
  facet normal 0 0 -1
    outer loop
      vertex -33.1778 -17.4214 2.4
      vertex -31.9305 -16.9048 2.4
      vertex -33.121 -17.5886 2.4
    endloop
  endfacet
  facet normal 0 0 -1
    outer loop
      vertex -33.6032 -19.009 2.4
      vertex -32.7813 -20.0801 2.4
      vertex -33.075 -20.2763 2.4
    endloop
  endfacet
  facet normal -0 0 -1
    outer loop
      vertex -31.9305 -16.9048 2.4
      vertex -33.1778 -17.4214 2.4
      vertex -32.0867 -16.588 2.4
    endloop
  endfacet
  facet normal 0 0 -1
    outer loop
      vertex -33.2559 -17.263 2.4
      vertex -32.0867 -16.588 2.4
      vertex -33.1778 -17.4214 2.4
    endloop
  endfacet
  facet normal -0 0 -1
    outer loop
      vertex -32.0867 -16.588 2.4
      vertex -33.2559 -17.263 2.4
      vertex -32.2829 -16.2943 2.4
    endloop
  endfacet
  facet normal 0 0 -1
    outer loop
      vertex -33.354 -17.1162 2.4
      vertex -32.2829 -16.2943 2.4
      vertex -33.2559 -17.263 2.4
    endloop
  endfacet
  facet normal -0 0 -1
    outer loop
      vertex -32.2829 -16.2943 2.4
      vertex -33.354 -17.1162 2.4
      vertex -32.5158 -16.0288 2.4
    endloop
  endfacet
  facet normal 0 0 -1
    outer loop
      vertex -33.4704 -16.9834 2.4
      vertex -32.5158 -16.0288 2.4
      vertex -33.354 -17.1162 2.4
    endloop
  endfacet
  facet normal -0 0 -1
    outer loop
      vertex -32.5158 -16.0288 2.4
      vertex -33.4704 -16.9834 2.4
      vertex -32.7813 -15.7959 2.4
    endloop
  endfacet
  facet normal 0 0 -1
    outer loop
      vertex -33.6032 -16.867 2.4
      vertex -32.7813 -15.7959 2.4
      vertex -33.4704 -16.9834 2.4
    endloop
  endfacet
  facet normal -0 0 -1
    outer loop
      vertex -32.7813 -15.7959 2.4
      vertex -33.6032 -16.867 2.4
      vertex -33.075 -15.5997 2.4
    endloop
  endfacet
  facet normal 0 0 -1
    outer loop
      vertex -33.75 -16.7689 2.4
      vertex -33.075 -15.5997 2.4
      vertex -33.6032 -16.867 2.4
    endloop
  endfacet
  facet normal -0 0 -1
    outer loop
      vertex -33.075 -15.5997 2.4
      vertex -33.75 -16.7689 2.4
      vertex -33.3918 -15.4435 2.4
    endloop
  endfacet
  facet normal 0 0 -1
    outer loop
      vertex -33.9084 -16.6908 2.4
      vertex -33.3918 -15.4435 2.4
      vertex -33.75 -16.7689 2.4
    endloop
  endfacet
  facet normal -0 0 -1
    outer loop
      vertex -33.3918 -15.4435 2.4
      vertex -33.9084 -16.6908 2.4
      vertex -33.7262 -15.33 2.4
    endloop
  endfacet
  facet normal 0 0 -1
    outer loop
      vertex -34.0756 -16.634 2.4
      vertex -33.7262 -15.33 2.4
      vertex -33.9084 -16.6908 2.4
    endloop
  endfacet
  facet normal -0 0 -1
    outer loop
      vertex -33.7262 -15.33 2.4
      vertex -34.0756 -16.634 2.4
      vertex -34.0726 -15.2611 2.4
    endloop
  endfacet
  facet normal 0 0 -1
    outer loop
      vertex -34.2488 -16.5996 2.4
      vertex -34.0726 -15.2611 2.4
      vertex -34.0756 -16.634 2.4
    endloop
  endfacet
  facet normal 0 0 -1
    outer loop
      vertex -34.425 -16.588 2.4
      vertex -34.0726 -15.2611 2.4
      vertex -34.2488 -16.5996 2.4
    endloop
  endfacet
  facet normal 0 0 -1
    outer loop
      vertex -34.425 -16.588 2.4
      vertex -34.425 -15.238 2.4
      vertex -34.0726 -15.2611 2.4
    endloop
  endfacet
  facet normal 0 0 -1
    outer loop
      vertex -34.6012 -16.5996 2.4
      vertex -34.425 -15.238 2.4
      vertex -34.425 -16.588 2.4
    endloop
  endfacet
  facet normal 0 0 -1
    outer loop
      vertex -34.7774 -15.2611 2.4
      vertex -34.6012 -16.5996 2.4
      vertex -34.7744 -16.634 2.4
    endloop
  endfacet
  facet normal 0 0 -1
    outer loop
      vertex -34.6012 -16.5996 2.4
      vertex -34.7774 -15.2611 2.4
      vertex -34.425 -15.238 2.4
    endloop
  endfacet
  facet normal 0 0 -1
    outer loop
      vertex -35.1238 -15.33 2.4
      vertex -34.7744 -16.634 2.4
      vertex -34.9416 -16.6908 2.4
    endloop
  endfacet
  facet normal 0 0 -1
    outer loop
      vertex -35.4582 -15.4435 2.4
      vertex -34.9416 -16.6908 2.4
      vertex -35.1 -16.7689 2.4
    endloop
  endfacet
  facet normal 0 0 -1
    outer loop
      vertex -34.7744 -16.634 2.4
      vertex -35.1238 -15.33 2.4
      vertex -34.7774 -15.2611 2.4
    endloop
  endfacet
  facet normal 0 0 -1
    outer loop
      vertex -35.775 -15.5997 2.4
      vertex -35.1 -16.7689 2.4
      vertex -35.2468 -16.867 2.4
    endloop
  endfacet
  facet normal 0 0 -1
    outer loop
      vertex -35.775 -15.5997 2.4
      vertex -35.2468 -16.867 2.4
      vertex -35.3796 -16.9834 2.4
    endloop
  endfacet
  facet normal 0 0 -1
    outer loop
      vertex -34.9416 -16.6908 2.4
      vertex -35.4582 -15.4435 2.4
      vertex -35.1238 -15.33 2.4
    endloop
  endfacet
  facet normal 0 0 -1
    outer loop
      vertex -35.775 -15.5997 2.4
      vertex -35.3796 -16.9834 2.4
      vertex -35.496 -17.1162 2.4
    endloop
  endfacet
  facet normal 0 0 -1
    outer loop
      vertex -35.775 -15.5997 2.4
      vertex -35.496 -17.1162 2.4
      vertex -35.5941 -17.263 2.4
    endloop
  endfacet
  facet normal 0 0 -1
    outer loop
      vertex -35.775 -15.5997 2.4
      vertex -35.5941 -17.263 2.4
      vertex -35.6722 -17.4214 2.4
    endloop
  endfacet
  facet normal 0 0 -1
    outer loop
      vertex -35.775 -15.5997 2.4
      vertex -35.6722 -17.4214 2.4
      vertex -35.729 -17.5886 2.4
    endloop
  endfacet
  facet normal 0 0 -1
    outer loop
      vertex -35.775 -15.5997 2.4
      vertex -35.729 -17.5886 2.4
      vertex -35.7635 -17.7618 2.4
    endloop
  endfacet
  facet normal 0 0 -1
    outer loop
      vertex -35.1 -16.7689 2.4
      vertex -35.775 -15.5997 2.4
      vertex -35.4582 -15.4435 2.4
    endloop
  endfacet
  facet normal 0 0 -1
    outer loop
      vertex -35.775 -15.5997 2.4
      vertex -35.7635 -17.7618 2.4
      vertex -35.775 -17.938 2.4
    endloop
  endfacet
  facet normal 0.946942 0.321405 0
    outer loop
      vertex -31.817 -17.2392 18.4
      vertex -31.9305 -16.9048 2.4
      vertex -31.9305 -16.9048 18.4
    endloop
  endfacet
  facet normal 0.946942 0.321405 0
    outer loop
      vertex -31.9305 -16.9048 2.4
      vertex -31.817 -17.2392 18.4
      vertex -31.817 -17.2392 2.4
    endloop
  endfacet
  facet normal 0.980787 0.195081 0
    outer loop
      vertex -31.7481 -17.5856 18.4
      vertex -31.817 -17.2392 2.4
      vertex -31.817 -17.2392 18.4
    endloop
  endfacet
  facet normal 0.980787 0.195081 0
    outer loop
      vertex -31.817 -17.2392 2.4
      vertex -31.7481 -17.5856 18.4
      vertex -31.7481 -17.5856 2.4
    endloop
  endfacet
  facet normal 0.442224 0.896905 -0
    outer loop
      vertex -33.075 -15.5997 2.4
      vertex -33.3918 -15.4435 18.4
      vertex -33.075 -15.5997 18.4
    endloop
  endfacet
  facet normal 0.442224 0.896905 0
    outer loop
      vertex -33.3918 -15.4435 18.4
      vertex -33.075 -15.5997 2.4
      vertex -33.3918 -15.4435 2.4
    endloop
  endfacet
  facet normal 0.659446 0.751752 -0
    outer loop
      vertex -32.5158 -16.0288 2.4
      vertex -32.7813 -15.7959 18.4
      vertex -32.5158 -16.0288 18.4
    endloop
  endfacet
  facet normal 0.659446 0.751752 0
    outer loop
      vertex -32.7813 -15.7959 18.4
      vertex -32.5158 -16.0288 2.4
      vertex -32.7813 -15.7959 2.4
    endloop
  endfacet
  facet normal -0.831563 0.555431 0
    outer loop
      vertex -36.725 -16.5307 2.4
      vertex -36.5671 -16.2943 18.4
      vertex -36.5671 -16.2943 2.4
    endloop
  endfacet
  facet normal -0.831563 0.555431 0
    outer loop
      vertex -36.5671 -16.2943 18.4
      vertex -36.725 -16.5307 2.4
      vertex -36.725 -16.5307 18.4
    endloop
  endfacet
  facet normal -0.751752 0.659446 0
    outer loop
      vertex -36.5671 -16.2943 2.4
      vertex -36.3342 -16.0288 18.4
      vertex -36.3342 -16.0288 2.4
    endloop
  endfacet
  facet normal -0.751752 0.659446 0
    outer loop
      vertex -36.3342 -16.0288 18.4
      vertex -36.5671 -16.2943 2.4
      vertex -36.5671 -16.2943 18.4
    endloop
  endfacet
  facet normal 0 0 1
    outer loop
      vertex -31.7481 -17.5856 18.4
      vertex -33.0865 -17.7618 18.4
      vertex -33.075 -17.938 18.4
    endloop
  endfacet
  facet normal 0 0 1
    outer loop
      vertex -32.7813 -15.7959 18.4
      vertex -33.121 -17.5886 18.4
      vertex -33.0865 -17.7618 18.4
    endloop
  endfacet
  facet normal 0 0 1
    outer loop
      vertex -32.7813 -15.7959 18.4
      vertex -33.1778 -17.4214 18.4
      vertex -33.121 -17.5886 18.4
    endloop
  endfacet
  facet normal 0 0 1
    outer loop
      vertex -32.7813 -15.7959 18.4
      vertex -33.2559 -17.263 18.4
      vertex -33.1778 -17.4214 18.4
    endloop
  endfacet
  facet normal 0 0 1
    outer loop
      vertex -32.7813 -15.7959 18.4
      vertex -33.354 -17.1162 18.4
      vertex -33.2559 -17.263 18.4
    endloop
  endfacet
  facet normal 0 0 1
    outer loop
      vertex -33.75 -16.7689 18.4
      vertex -33.075 -15.5997 18.4
      vertex -33.3918 -15.4435 18.4
    endloop
  endfacet
  facet normal 0 0 1
    outer loop
      vertex -32.7813 -15.7959 18.4
      vertex -33.4704 -16.9834 18.4
      vertex -33.354 -17.1162 18.4
    endloop
  endfacet
  facet normal 0 0 1
    outer loop
      vertex -32.7813 -15.7959 18.4
      vertex -33.6032 -16.867 18.4
      vertex -33.4704 -16.9834 18.4
    endloop
  endfacet
  facet normal 0 0 1
    outer loop
      vertex -33.9084 -16.6908 18.4
      vertex -33.3918 -15.4435 18.4
      vertex -33.7262 -15.33 18.4
    endloop
  endfacet
  facet normal 0 0 1
    outer loop
      vertex -33.075 -15.5997 18.4
      vertex -33.75 -16.7689 18.4
      vertex -33.6032 -16.867 18.4
    endloop
  endfacet
  facet normal 0 0 1
    outer loop
      vertex -33.3918 -15.4435 18.4
      vertex -33.9084 -16.6908 18.4
      vertex -33.75 -16.7689 18.4
    endloop
  endfacet
  facet normal 0 0 1
    outer loop
      vertex -34.0756 -16.634 18.4
      vertex -33.7262 -15.33 18.4
      vertex -34.0726 -15.2611 18.4
    endloop
  endfacet
  facet normal 0 0 1
    outer loop
      vertex -33.7262 -15.33 18.4
      vertex -34.0756 -16.634 18.4
      vertex -33.9084 -16.6908 18.4
    endloop
  endfacet
  facet normal 0 0 1
    outer loop
      vertex -34.0726 -15.2611 18.4
      vertex -34.2488 -16.5996 18.4
      vertex -34.0756 -16.634 18.4
    endloop
  endfacet
  facet normal 0 0 1
    outer loop
      vertex -34.425 -15.238 18.4
      vertex -34.2488 -16.5996 18.4
      vertex -34.0726 -15.2611 18.4
    endloop
  endfacet
  facet normal 0 0 1
    outer loop
      vertex -34.425 -15.238 18.4
      vertex -34.425 -16.588 18.4
      vertex -34.2488 -16.5996 18.4
    endloop
  endfacet
  facet normal 0 0 1
    outer loop
      vertex -34.425 -15.238 18.4
      vertex -34.6012 -16.5996 18.4
      vertex -34.425 -16.588 18.4
    endloop
  endfacet
  facet normal -0 0 1
    outer loop
      vertex -34.7774 -15.2611 18.4
      vertex -34.6012 -16.5996 18.4
      vertex -34.425 -15.238 18.4
    endloop
  endfacet
  facet normal 0 0 1
    outer loop
      vertex -34.6012 -16.5996 18.4
      vertex -34.7774 -15.2611 18.4
      vertex -34.7744 -16.634 18.4
    endloop
  endfacet
  facet normal -0 0 1
    outer loop
      vertex -35.1238 -15.33 18.4
      vertex -34.7744 -16.634 18.4
      vertex -34.7774 -15.2611 18.4
    endloop
  endfacet
  facet normal 0 0 1
    outer loop
      vertex -34.7744 -16.634 18.4
      vertex -35.1238 -15.33 18.4
      vertex -34.9416 -16.6908 18.4
    endloop
  endfacet
  facet normal -0 0 1
    outer loop
      vertex -35.4582 -15.4435 18.4
      vertex -34.9416 -16.6908 18.4
      vertex -35.1238 -15.33 18.4
    endloop
  endfacet
  facet normal 0 0 1
    outer loop
      vertex -34.9416 -16.6908 18.4
      vertex -35.4582 -15.4435 18.4
      vertex -35.1 -16.7689 18.4
    endloop
  endfacet
  facet normal -0 0 1
    outer loop
      vertex -35.775 -15.5997 18.4
      vertex -35.1 -16.7689 18.4
      vertex -35.4582 -15.4435 18.4
    endloop
  endfacet
  facet normal 0 0 1
    outer loop
      vertex -35.1 -16.7689 18.4
      vertex -35.775 -15.5997 18.4
      vertex -35.2468 -16.867 18.4
    endloop
  endfacet
  facet normal -0 0 1
    outer loop
      vertex -36.0687 -15.7959 18.4
      vertex -35.2468 -16.867 18.4
      vertex -35.775 -15.5997 18.4
    endloop
  endfacet
  facet normal 0 0 1
    outer loop
      vertex -35.2468 -16.867 18.4
      vertex -36.0687 -15.7959 18.4
      vertex -35.3796 -16.9834 18.4
    endloop
  endfacet
  facet normal -0 0 1
    outer loop
      vertex -36.3342 -16.0288 18.4
      vertex -35.3796 -16.9834 18.4
      vertex -36.0687 -15.7959 18.4
    endloop
  endfacet
  facet normal 0 0 1
    outer loop
      vertex -35.3796 -16.9834 18.4
      vertex -36.3342 -16.0288 18.4
      vertex -35.496 -17.1162 18.4
    endloop
  endfacet
  facet normal -0 0 1
    outer loop
      vertex -36.5671 -16.2943 18.4
      vertex -35.496 -17.1162 18.4
      vertex -36.3342 -16.0288 18.4
    endloop
  endfacet
  facet normal -0 0 1
    outer loop
      vertex -36.725 -16.5307 18.4
      vertex -35.496 -17.1162 18.4
      vertex -36.5671 -16.2943 18.4
    endloop
  endfacet
  facet normal 0 0 1
    outer loop
      vertex -35.496 -17.1162 18.4
      vertex -36.725 -16.5307 18.4
      vertex -35.5941 -17.263 18.4
    endloop
  endfacet
  facet normal 0 0 1
    outer loop
      vertex -35.5941 -17.263 18.4
      vertex -36.725 -16.5307 18.4
      vertex -35.6722 -17.4214 18.4
    endloop
  endfacet
  facet normal 0 0 1
    outer loop
      vertex -35.6722 -17.4214 18.4
      vertex -36.725 -16.5307 18.4
      vertex -35.729 -17.5886 18.4
    endloop
  endfacet
  facet normal 0 0 1
    outer loop
      vertex -35.775 -17.938 18.4
      vertex -36.0687 -20.0801 18.4
      vertex -35.775 -20.2763 18.4
    endloop
  endfacet
  facet normal 0 0 1
    outer loop
      vertex -35.729 -17.5886 18.4
      vertex -36.725 -16.5307 18.4
      vertex -35.7635 -17.7618 18.4
    endloop
  endfacet
  facet normal 0 0 1
    outer loop
      vertex -35.775 -17.938 18.4
      vertex -36.3342 -19.8472 18.4
      vertex -36.0687 -20.0801 18.4
    endloop
  endfacet
  facet normal 0 0 1
    outer loop
      vertex -35.7635 -17.7618 18.4
      vertex -36.725 -16.5307 18.4
      vertex -35.775 -17.938 18.4
    endloop
  endfacet
  facet normal 0 0 1
    outer loop
      vertex -36.725 -19.3453 18.4
      vertex -35.775 -17.938 18.4
      vertex -36.725 -16.5307 18.4
    endloop
  endfacet
  facet normal 0 -0 1
    outer loop
      vertex -36.5671 -19.5817 18.4
      vertex -35.775 -17.938 18.4
      vertex -36.725 -19.3453 18.4
    endloop
  endfacet
  facet normal 0 0 1
    outer loop
      vertex -35.775 -17.938 18.4
      vertex -36.5671 -19.5817 18.4
      vertex -36.3342 -19.8472 18.4
    endloop
  endfacet
  facet normal 0 0 1
    outer loop
      vertex -33.075 -17.938 18.4
      vertex -31.725 -17.938 18.4
      vertex -31.7481 -17.5856 18.4
    endloop
  endfacet
  facet normal 0 0 1
    outer loop
      vertex -33.0865 -17.7618 18.4
      vertex -31.7481 -17.5856 18.4
      vertex -31.817 -17.2392 18.4
    endloop
  endfacet
  facet normal 0 0 1
    outer loop
      vertex -31.725 -17.938 18.4
      vertex -33.075 -17.938 18.4
      vertex -31.7481 -18.2904 18.4
    endloop
  endfacet
  facet normal 0 0 1
    outer loop
      vertex -33.0865 -17.7618 18.4
      vertex -31.817 -17.2392 18.4
      vertex -31.9305 -16.9048 18.4
    endloop
  endfacet
  facet normal -0 0 1
    outer loop
      vertex -33.0865 -18.1142 18.4
      vertex -31.7481 -18.2904 18.4
      vertex -33.075 -17.938 18.4
    endloop
  endfacet
  facet normal 0 0 1
    outer loop
      vertex -33.0865 -17.7618 18.4
      vertex -31.9305 -16.9048 18.4
      vertex -32.0867 -16.588 18.4
    endloop
  endfacet
  facet normal 0 0 1
    outer loop
      vertex -31.7481 -18.2904 18.4
      vertex -33.0865 -18.1142 18.4
      vertex -31.817 -18.6368 18.4
    endloop
  endfacet
  facet normal 0 0 1
    outer loop
      vertex -33.0865 -17.7618 18.4
      vertex -32.0867 -16.588 18.4
      vertex -32.2829 -16.2943 18.4
    endloop
  endfacet
  facet normal -0 0 1
    outer loop
      vertex -33.121 -18.2874 18.4
      vertex -31.817 -18.6368 18.4
      vertex -33.0865 -18.1142 18.4
    endloop
  endfacet
  facet normal 0 0 1
    outer loop
      vertex -33.0865 -17.7618 18.4
      vertex -32.2829 -16.2943 18.4
      vertex -32.5158 -16.0288 18.4
    endloop
  endfacet
  facet normal 0 0 1
    outer loop
      vertex -31.817 -18.6368 18.4
      vertex -33.121 -18.2874 18.4
      vertex -31.9305 -18.9712 18.4
    endloop
  endfacet
  facet normal 0 0 1
    outer loop
      vertex -33.0865 -17.7618 18.4
      vertex -32.5158 -16.0288 18.4
      vertex -32.7813 -15.7959 18.4
    endloop
  endfacet
  facet normal -0 0 1
    outer loop
      vertex -33.1778 -18.4546 18.4
      vertex -31.9305 -18.9712 18.4
      vertex -33.121 -18.2874 18.4
    endloop
  endfacet
  facet normal 0 0 1
    outer loop
      vertex -33.6032 -16.867 18.4
      vertex -32.7813 -15.7959 18.4
      vertex -33.075 -15.5997 18.4
    endloop
  endfacet
  facet normal 0 0 1
    outer loop
      vertex -31.9305 -18.9712 18.4
      vertex -33.1778 -18.4546 18.4
      vertex -32.0867 -19.288 18.4
    endloop
  endfacet
  facet normal -0 0 1
    outer loop
      vertex -33.2559 -18.613 18.4
      vertex -32.0867 -19.288 18.4
      vertex -33.1778 -18.4546 18.4
    endloop
  endfacet
  facet normal 0 0 1
    outer loop
      vertex -32.0867 -19.288 18.4
      vertex -33.2559 -18.613 18.4
      vertex -32.2829 -19.5817 18.4
    endloop
  endfacet
  facet normal -0 0 1
    outer loop
      vertex -33.354 -18.7598 18.4
      vertex -32.2829 -19.5817 18.4
      vertex -33.2559 -18.613 18.4
    endloop
  endfacet
  facet normal 0 0 1
    outer loop
      vertex -32.2829 -19.5817 18.4
      vertex -33.354 -18.7598 18.4
      vertex -32.5158 -19.8472 18.4
    endloop
  endfacet
  facet normal -0 0 1
    outer loop
      vertex -33.4704 -18.8926 18.4
      vertex -32.5158 -19.8472 18.4
      vertex -33.354 -18.7598 18.4
    endloop
  endfacet
  facet normal 0 0 1
    outer loop
      vertex -32.5158 -19.8472 18.4
      vertex -33.4704 -18.8926 18.4
      vertex -32.7813 -20.0801 18.4
    endloop
  endfacet
  facet normal -0 0 1
    outer loop
      vertex -33.6032 -19.009 18.4
      vertex -32.7813 -20.0801 18.4
      vertex -33.4704 -18.8926 18.4
    endloop
  endfacet
  facet normal 0 0 1
    outer loop
      vertex -32.7813 -20.0801 18.4
      vertex -33.6032 -19.009 18.4
      vertex -33.075 -20.2763 18.4
    endloop
  endfacet
  facet normal -0 0 1
    outer loop
      vertex -33.75 -19.1071 18.4
      vertex -33.075 -20.2763 18.4
      vertex -33.6032 -19.009 18.4
    endloop
  endfacet
  facet normal 0 0 1
    outer loop
      vertex -33.075 -20.2763 18.4
      vertex -33.75 -19.1071 18.4
      vertex -33.3918 -20.4325 18.4
    endloop
  endfacet
  facet normal -0 0 1
    outer loop
      vertex -33.9084 -19.1852 18.4
      vertex -33.3918 -20.4325 18.4
      vertex -33.75 -19.1071 18.4
    endloop
  endfacet
  facet normal 0 0 1
    outer loop
      vertex -33.3918 -20.4325 18.4
      vertex -33.9084 -19.1852 18.4
      vertex -33.7262 -20.546 18.4
    endloop
  endfacet
  facet normal -0 0 1
    outer loop
      vertex -34.0756 -19.242 18.4
      vertex -33.7262 -20.546 18.4
      vertex -33.9084 -19.1852 18.4
    endloop
  endfacet
  facet normal 0 0 1
    outer loop
      vertex -33.7262 -20.546 18.4
      vertex -34.0756 -19.242 18.4
      vertex -34.0726 -20.6149 18.4
    endloop
  endfacet
  facet normal -0 0 1
    outer loop
      vertex -34.2488 -19.2765 18.4
      vertex -34.0726 -20.6149 18.4
      vertex -34.0756 -19.242 18.4
    endloop
  endfacet
  facet normal -0 0 1
    outer loop
      vertex -34.425 -19.288 18.4
      vertex -34.0726 -20.6149 18.4
      vertex -34.2488 -19.2765 18.4
    endloop
  endfacet
  facet normal 0 0 1
    outer loop
      vertex -34.425 -19.288 18.4
      vertex -34.425 -20.638 18.4
      vertex -34.0726 -20.6149 18.4
    endloop
  endfacet
  facet normal 0 0 1
    outer loop
      vertex -34.6012 -19.2765 18.4
      vertex -34.425 -20.638 18.4
      vertex -34.425 -19.288 18.4
    endloop
  endfacet
  facet normal 0 0 1
    outer loop
      vertex -34.7774 -20.6149 18.4
      vertex -34.6012 -19.2765 18.4
      vertex -34.7744 -19.242 18.4
    endloop
  endfacet
  facet normal 0 0 1
    outer loop
      vertex -34.6012 -19.2765 18.4
      vertex -34.7774 -20.6149 18.4
      vertex -34.425 -20.638 18.4
    endloop
  endfacet
  facet normal 0 0 1
    outer loop
      vertex -35.1238 -20.546 18.4
      vertex -34.7744 -19.242 18.4
      vertex -34.9416 -19.1852 18.4
    endloop
  endfacet
  facet normal 0 0 1
    outer loop
      vertex -35.4582 -20.4325 18.4
      vertex -34.9416 -19.1852 18.4
      vertex -35.1 -19.1071 18.4
    endloop
  endfacet
  facet normal 0 0 1
    outer loop
      vertex -34.7744 -19.242 18.4
      vertex -35.1238 -20.546 18.4
      vertex -34.7774 -20.6149 18.4
    endloop
  endfacet
  facet normal 0 0 1
    outer loop
      vertex -35.775 -20.2763 18.4
      vertex -35.1 -19.1071 18.4
      vertex -35.2468 -19.009 18.4
    endloop
  endfacet
  facet normal 0 0 1
    outer loop
      vertex -35.775 -20.2763 18.4
      vertex -35.2468 -19.009 18.4
      vertex -35.3796 -18.8926 18.4
    endloop
  endfacet
  facet normal 0 0 1
    outer loop
      vertex -34.9416 -19.1852 18.4
      vertex -35.4582 -20.4325 18.4
      vertex -35.1238 -20.546 18.4
    endloop
  endfacet
  facet normal 0 0 1
    outer loop
      vertex -35.775 -20.2763 18.4
      vertex -35.3796 -18.8926 18.4
      vertex -35.496 -18.7598 18.4
    endloop
  endfacet
  facet normal 0 0 1
    outer loop
      vertex -35.775 -20.2763 18.4
      vertex -35.496 -18.7598 18.4
      vertex -35.5941 -18.613 18.4
    endloop
  endfacet
  facet normal 0 0 1
    outer loop
      vertex -35.775 -20.2763 18.4
      vertex -35.5941 -18.613 18.4
      vertex -35.6722 -18.4546 18.4
    endloop
  endfacet
  facet normal 0 0 1
    outer loop
      vertex -35.775 -20.2763 18.4
      vertex -35.6722 -18.4546 18.4
      vertex -35.729 -18.2874 18.4
    endloop
  endfacet
  facet normal 0 0 1
    outer loop
      vertex -35.775 -20.2763 18.4
      vertex -35.729 -18.2874 18.4
      vertex -35.7635 -18.1142 18.4
    endloop
  endfacet
  facet normal 0 0 1
    outer loop
      vertex -35.1 -19.1071 18.4
      vertex -35.775 -20.2763 18.4
      vertex -35.4582 -20.4325 18.4
    endloop
  endfacet
  facet normal 0 0 1
    outer loop
      vertex -35.775 -20.2763 18.4
      vertex -35.7635 -18.1142 18.4
      vertex -35.775 -17.938 18.4
    endloop
  endfacet
  facet normal -0.555484 0.831527 0
    outer loop
      vertex -35.775 -15.5997 2.4
      vertex -36.0687 -15.7959 18.4
      vertex -35.775 -15.5997 18.4
    endloop
  endfacet
  facet normal -0.555484 0.831527 0
    outer loop
      vertex -36.0687 -15.7959 18.4
      vertex -35.775 -15.5997 2.4
      vertex -36.0687 -15.7959 2.4
    endloop
  endfacet
  facet normal -0.0654101 0.997858 0
    outer loop
      vertex -34.425 -15.238 2.4
      vertex -34.7774 -15.2611 18.4
      vertex -34.425 -15.238 18.4
    endloop
  endfacet
  facet normal -0.0654101 0.997858 0
    outer loop
      vertex -34.7774 -15.2611 18.4
      vertex -34.425 -15.238 2.4
      vertex -34.7774 -15.2611 2.4
    endloop
  endfacet
  facet normal 0.195081 -0.980787 0
    outer loop
      vertex -34.0726 -20.6149 2.4
      vertex -33.7262 -20.546 18.4
      vertex -34.0726 -20.6149 18.4
    endloop
  endfacet
  facet normal 0.195081 -0.980787 0
    outer loop
      vertex -33.7262 -20.546 18.4
      vertex -34.0726 -20.6149 2.4
      vertex -33.7262 -20.546 2.4
    endloop
  endfacet
  facet normal 0.0654101 -0.997858 0
    outer loop
      vertex -34.425 -20.638 2.4
      vertex -34.0726 -20.6149 18.4
      vertex -34.425 -20.638 18.4
    endloop
  endfacet
  facet normal 0.0654101 -0.997858 0
    outer loop
      vertex -34.0726 -20.6149 18.4
      vertex -34.425 -20.638 2.4
      vertex -34.0726 -20.6149 2.4
    endloop
  endfacet
  facet normal -0.659446 -0.751752 0
    outer loop
      vertex -36.3342 -19.8472 2.4
      vertex -36.0687 -20.0801 18.4
      vertex -36.3342 -19.8472 18.4
    endloop
  endfacet
  facet normal -0.659446 -0.751752 -0
    outer loop
      vertex -36.0687 -20.0801 18.4
      vertex -36.3342 -19.8472 2.4
      vertex -36.0687 -20.0801 2.4
    endloop
  endfacet
  facet normal -0.321405 -0.946942 0
    outer loop
      vertex -35.4582 -20.4325 2.4
      vertex -35.1238 -20.546 18.4
      vertex -35.4582 -20.4325 18.4
    endloop
  endfacet
  facet normal -0.321405 -0.946942 -0
    outer loop
      vertex -35.1238 -20.546 18.4
      vertex -35.4582 -20.4325 2.4
      vertex -35.1238 -20.546 2.4
    endloop
  endfacet
  facet normal -0.751752 -0.659446 0
    outer loop
      vertex -36.3342 -19.8472 2.4
      vertex -36.5671 -19.5817 18.4
      vertex -36.5671 -19.5817 2.4
    endloop
  endfacet
  facet normal -0.751752 -0.659446 0
    outer loop
      vertex -36.5671 -19.5817 18.4
      vertex -36.3342 -19.8472 2.4
      vertex -36.3342 -19.8472 18.4
    endloop
  endfacet
  facet normal 0.831527 0.555484 0
    outer loop
      vertex -32.0867 -16.588 18.4
      vertex -32.2829 -16.2943 2.4
      vertex -32.2829 -16.2943 18.4
    endloop
  endfacet
  facet normal 0.831527 0.555484 0
    outer loop
      vertex -32.2829 -16.2943 2.4
      vertex -32.0867 -16.588 18.4
      vertex -32.0867 -16.588 2.4
    endloop
  endfacet
  facet normal 0.896905 0.442224 0
    outer loop
      vertex -31.9305 -16.9048 18.4
      vertex -32.0867 -16.588 2.4
      vertex -32.0867 -16.588 18.4
    endloop
  endfacet
  facet normal 0.896905 0.442224 0
    outer loop
      vertex -32.0867 -16.588 2.4
      vertex -31.9305 -16.9048 18.4
      vertex -31.9305 -16.9048 2.4
    endloop
  endfacet
  facet normal 0.195081 0.980787 -0
    outer loop
      vertex -33.7262 -15.33 2.4
      vertex -34.0726 -15.2611 18.4
      vertex -33.7262 -15.33 18.4
    endloop
  endfacet
  facet normal 0.195081 0.980787 0
    outer loop
      vertex -34.0726 -15.2611 18.4
      vertex -33.7262 -15.33 2.4
      vertex -34.0726 -15.2611 2.4
    endloop
  endfacet
  facet normal 0.555484 0.831527 -0
    outer loop
      vertex -32.7813 -15.7959 2.4
      vertex -33.075 -15.5997 18.4
      vertex -32.7813 -15.7959 18.4
    endloop
  endfacet
  facet normal 0.555484 0.831527 0
    outer loop
      vertex -33.075 -15.5997 18.4
      vertex -32.7813 -15.7959 2.4
      vertex -33.075 -15.5997 2.4
    endloop
  endfacet
  facet normal -0.442224 0.896905 0
    outer loop
      vertex -35.4582 -15.4435 2.4
      vertex -35.775 -15.5997 18.4
      vertex -35.4582 -15.4435 18.4
    endloop
  endfacet
  facet normal -0.442224 0.896905 0
    outer loop
      vertex -35.775 -15.5997 18.4
      vertex -35.4582 -15.4435 2.4
      vertex -35.775 -15.5997 2.4
    endloop
  endfacet
  facet normal -0.195081 0.980787 0
    outer loop
      vertex -34.7774 -15.2611 2.4
      vertex -35.1238 -15.33 18.4
      vertex -34.7774 -15.2611 18.4
    endloop
  endfacet
  facet normal -0.195081 0.980787 0
    outer loop
      vertex -35.1238 -15.33 18.4
      vertex -34.7774 -15.2611 2.4
      vertex -35.1238 -15.33 2.4
    endloop
  endfacet
  facet normal 0.997858 -0.0654101 0
    outer loop
      vertex -31.7481 -18.2904 18.4
      vertex -31.725 -17.938 2.4
      vertex -31.725 -17.938 18.4
    endloop
  endfacet
  facet normal 0.997858 -0.0654101 0
    outer loop
      vertex -31.725 -17.938 2.4
      vertex -31.7481 -18.2904 18.4
      vertex -31.7481 -18.2904 2.4
    endloop
  endfacet
  facet normal 0.442224 -0.896905 0
    outer loop
      vertex -33.3918 -20.4325 2.4
      vertex -33.075 -20.2763 18.4
      vertex -33.3918 -20.4325 18.4
    endloop
  endfacet
  facet normal 0.442224 -0.896905 0
    outer loop
      vertex -33.075 -20.2763 18.4
      vertex -33.3918 -20.4325 2.4
      vertex -33.075 -20.2763 2.4
    endloop
  endfacet
  facet normal 0.659446 -0.751752 0
    outer loop
      vertex -32.7813 -20.0801 2.4
      vertex -32.5158 -19.8472 18.4
      vertex -32.7813 -20.0801 18.4
    endloop
  endfacet
  facet normal 0.659446 -0.751752 0
    outer loop
      vertex -32.5158 -19.8472 18.4
      vertex -32.7813 -20.0801 2.4
      vertex -32.5158 -19.8472 2.4
    endloop
  endfacet
  facet normal -0.555484 -0.831527 0
    outer loop
      vertex -36.0687 -20.0801 2.4
      vertex -35.775 -20.2763 18.4
      vertex -36.0687 -20.0801 18.4
    endloop
  endfacet
  facet normal -0.555484 -0.831527 -0
    outer loop
      vertex -35.775 -20.2763 18.4
      vertex -36.0687 -20.0801 2.4
      vertex -35.775 -20.2763 2.4
    endloop
  endfacet
  facet normal -0.0654101 -0.997858 0
    outer loop
      vertex -34.7774 -20.6149 2.4
      vertex -34.425 -20.638 18.4
      vertex -34.7774 -20.6149 18.4
    endloop
  endfacet
  facet normal -0.0654101 -0.997858 -0
    outer loop
      vertex -34.425 -20.638 18.4
      vertex -34.7774 -20.6149 2.4
      vertex -34.425 -20.638 2.4
    endloop
  endfacet
  facet normal 0.321405 0.946942 -0
    outer loop
      vertex -33.3918 -15.4435 2.4
      vertex -33.7262 -15.33 18.4
      vertex -33.3918 -15.4435 18.4
    endloop
  endfacet
  facet normal 0.321405 0.946942 0
    outer loop
      vertex -33.7262 -15.33 18.4
      vertex -33.3918 -15.4435 2.4
      vertex -33.7262 -15.33 2.4
    endloop
  endfacet
  facet normal 0.946942 -0.321405 0
    outer loop
      vertex -31.9305 -18.9712 18.4
      vertex -31.817 -18.6368 2.4
      vertex -31.817 -18.6368 18.4
    endloop
  endfacet
  facet normal 0.946942 -0.321405 0
    outer loop
      vertex -31.817 -18.6368 2.4
      vertex -31.9305 -18.9712 18.4
      vertex -31.9305 -18.9712 2.4
    endloop
  endfacet
  facet normal 0.321405 -0.946942 0
    outer loop
      vertex -33.7262 -20.546 2.4
      vertex -33.3918 -20.4325 18.4
      vertex -33.7262 -20.546 18.4
    endloop
  endfacet
  facet normal 0.321405 -0.946942 0
    outer loop
      vertex -33.3918 -20.4325 18.4
      vertex -33.7262 -20.546 2.4
      vertex -33.3918 -20.4325 2.4
    endloop
  endfacet
  facet normal 0.555484 -0.831527 0
    outer loop
      vertex -33.075 -20.2763 2.4
      vertex -32.7813 -20.0801 18.4
      vertex -33.075 -20.2763 18.4
    endloop
  endfacet
  facet normal 0.555484 -0.831527 0
    outer loop
      vertex -32.7813 -20.0801 18.4
      vertex -33.075 -20.2763 2.4
      vertex -32.7813 -20.0801 2.4
    endloop
  endfacet
  facet normal 0.831527 -0.555484 0
    outer loop
      vertex -32.2829 -19.5817 18.4
      vertex -32.0867 -19.288 2.4
      vertex -32.0867 -19.288 18.4
    endloop
  endfacet
  facet normal 0.831527 -0.555484 0
    outer loop
      vertex -32.0867 -19.288 2.4
      vertex -32.2829 -19.5817 18.4
      vertex -32.2829 -19.5817 2.4
    endloop
  endfacet
  facet normal -0.442224 -0.896905 0
    outer loop
      vertex -35.775 -20.2763 2.4
      vertex -35.4582 -20.4325 18.4
      vertex -35.775 -20.2763 18.4
    endloop
  endfacet
  facet normal -0.442224 -0.896905 -0
    outer loop
      vertex -35.4582 -20.4325 18.4
      vertex -35.775 -20.2763 2.4
      vertex -35.4582 -20.4325 2.4
    endloop
  endfacet
  facet normal -0.195081 -0.980787 0
    outer loop
      vertex -35.1238 -20.546 2.4
      vertex -34.7774 -20.6149 18.4
      vertex -35.1238 -20.546 18.4
    endloop
  endfacet
  facet normal -0.195081 -0.980787 -0
    outer loop
      vertex -34.7774 -20.6149 18.4
      vertex -35.1238 -20.546 2.4
      vertex -34.7774 -20.6149 2.4
    endloop
  endfacet
  facet normal -0.831563 -0.555431 0
    outer loop
      vertex -36.5671 -19.5817 2.4
      vertex -36.725 -19.3453 18.4
      vertex -36.725 -19.3453 2.4
    endloop
  endfacet
  facet normal -0.831563 -0.555431 0
    outer loop
      vertex -36.725 -19.3453 18.4
      vertex -36.5671 -19.5817 2.4
      vertex -36.5671 -19.5817 18.4
    endloop
  endfacet
  facet normal 0.980787 -0.195081 0
    outer loop
      vertex -31.817 -18.6368 18.4
      vertex -31.7481 -18.2904 2.4
      vertex -31.7481 -18.2904 18.4
    endloop
  endfacet
  facet normal 0.980787 -0.195081 0
    outer loop
      vertex -31.7481 -18.2904 2.4
      vertex -31.817 -18.6368 18.4
      vertex -31.817 -18.6368 2.4
    endloop
  endfacet
  facet normal 0.896905 -0.442224 0
    outer loop
      vertex -32.0867 -19.288 18.4
      vertex -31.9305 -18.9712 2.4
      vertex -31.9305 -18.9712 18.4
    endloop
  endfacet
  facet normal 0.896905 -0.442224 0
    outer loop
      vertex -31.9305 -18.9712 2.4
      vertex -32.0867 -19.288 18.4
      vertex -32.0867 -19.288 2.4
    endloop
  endfacet
  facet normal -0.997877 -0.0651282 0
    outer loop
      vertex -33.075 -17.938 2.4
      vertex -33.0865 -17.7618 18.4
      vertex -33.0865 -17.7618 2.4
    endloop
  endfacet
  facet normal -0.997877 -0.0651282 0
    outer loop
      vertex -33.0865 -17.7618 18.4
      vertex -33.075 -17.938 2.4
      vertex -33.075 -17.938 18.4
    endloop
  endfacet
  facet normal 0.997877 -0.0651282 0
    outer loop
      vertex -35.775 -17.938 18.4
      vertex -35.7635 -17.7618 2.4
      vertex -35.7635 -17.7618 18.4
    endloop
  endfacet
  facet normal 0.997877 -0.0651282 0
    outer loop
      vertex -35.7635 -17.7618 2.4
      vertex -35.775 -17.938 18.4
      vertex -35.775 -17.938 2.4
    endloop
  endfacet
  facet normal 0.0656921 -0.99784 0
    outer loop
      vertex -34.6012 -16.5996 2.4
      vertex -34.425 -16.588 18.4
      vertex -34.6012 -16.5996 18.4
    endloop
  endfacet
  facet normal 0.0656921 -0.99784 0
    outer loop
      vertex -34.425 -16.588 18.4
      vertex -34.6012 -16.5996 2.4
      vertex -34.425 -16.588 2.4
    endloop
  endfacet
  facet normal -0.0651282 0.997877 0
    outer loop
      vertex -34.2488 -19.2765 2.4
      vertex -34.425 -19.288 18.4
      vertex -34.2488 -19.2765 18.4
    endloop
  endfacet
  facet normal -0.0651282 0.997877 0
    outer loop
      vertex -34.425 -19.288 18.4
      vertex -34.2488 -19.2765 2.4
      vertex -34.425 -19.288 2.4
    endloop
  endfacet
  facet normal -0.752015 0.659146 0
    outer loop
      vertex -33.4704 -18.8926 2.4
      vertex -33.354 -18.7598 18.4
      vertex -33.354 -18.7598 2.4
    endloop
  endfacet
  facet normal -0.752015 0.659146 0
    outer loop
      vertex -33.354 -18.7598 18.4
      vertex -33.4704 -18.8926 2.4
      vertex -33.4704 -18.8926 18.4
    endloop
  endfacet
  facet normal -0.659146 -0.752015 0
    outer loop
      vertex -33.6032 -16.867 2.4
      vertex -33.4704 -16.9834 18.4
      vertex -33.6032 -16.867 18.4
    endloop
  endfacet
  facet normal -0.659146 -0.752015 -0
    outer loop
      vertex -33.4704 -16.9834 18.4
      vertex -33.6032 -16.867 2.4
      vertex -33.4704 -16.9834 2.4
    endloop
  endfacet
  facet normal 0.752015 -0.659146 0
    outer loop
      vertex -35.496 -17.1162 18.4
      vertex -35.3796 -16.9834 2.4
      vertex -35.3796 -16.9834 18.4
    endloop
  endfacet
  facet normal 0.752015 -0.659146 0
    outer loop
      vertex -35.3796 -16.9834 2.4
      vertex -35.496 -17.1162 18.4
      vertex -35.496 -17.1162 2.4
    endloop
  endfacet
  facet normal 0.442224 -0.896905 0
    outer loop
      vertex -35.1 -16.7689 2.4
      vertex -34.9416 -16.6908 18.4
      vertex -35.1 -16.7689 18.4
    endloop
  endfacet
  facet normal 0.442224 -0.896905 0
    outer loop
      vertex -34.9416 -16.6908 18.4
      vertex -35.1 -16.7689 2.4
      vertex -34.9416 -16.6908 2.4
    endloop
  endfacet
  facet normal -0.896905 -0.442224 0
    outer loop
      vertex -33.1778 -17.4214 2.4
      vertex -33.2559 -17.263 18.4
      vertex -33.2559 -17.263 2.4
    endloop
  endfacet
  facet normal -0.896905 -0.442224 0
    outer loop
      vertex -33.2559 -17.263 18.4
      vertex -33.1778 -17.4214 2.4
      vertex -33.1778 -17.4214 18.4
    endloop
  endfacet
  facet normal -0.83144 -0.555615 0
    outer loop
      vertex -33.2559 -17.263 2.4
      vertex -33.354 -17.1162 18.4
      vertex -33.354 -17.1162 2.4
    endloop
  endfacet
  facet normal -0.83144 -0.555615 0
    outer loop
      vertex -33.354 -17.1162 18.4
      vertex -33.2559 -17.263 2.4
      vertex -33.2559 -17.263 18.4
    endloop
  endfacet
  facet normal -0.321659 -0.946856 0
    outer loop
      vertex -34.0756 -16.634 2.4
      vertex -33.9084 -16.6908 18.4
      vertex -34.0756 -16.634 18.4
    endloop
  endfacet
  facet normal -0.321659 -0.946856 -0
    outer loop
      vertex -33.9084 -16.6908 18.4
      vertex -34.0756 -16.634 2.4
      vertex -33.9084 -16.6908 2.4
    endloop
  endfacet
  facet normal -0.194809 -0.980841 0
    outer loop
      vertex -34.2488 -16.5996 2.4
      vertex -34.0756 -16.634 18.4
      vertex -34.2488 -16.5996 18.4
    endloop
  endfacet
  facet normal -0.194809 -0.980841 -0
    outer loop
      vertex -34.0756 -16.634 18.4
      vertex -34.2488 -16.5996 2.4
      vertex -34.0756 -16.634 2.4
    endloop
  endfacet
  facet normal -0.442224 -0.896905 0
    outer loop
      vertex -33.9084 -16.6908 2.4
      vertex -33.75 -16.7689 18.4
      vertex -33.9084 -16.6908 18.4
    endloop
  endfacet
  facet normal -0.442224 -0.896905 -0
    outer loop
      vertex -33.75 -16.7689 18.4
      vertex -33.9084 -16.6908 2.4
      vertex -33.75 -16.7689 2.4
    endloop
  endfacet
  facet normal 0.896905 -0.442224 0
    outer loop
      vertex -35.6722 -17.4214 18.4
      vertex -35.5941 -17.263 2.4
      vertex -35.5941 -17.263 18.4
    endloop
  endfacet
  facet normal 0.896905 -0.442224 0
    outer loop
      vertex -35.5941 -17.263 2.4
      vertex -35.6722 -17.4214 18.4
      vertex -35.6722 -17.4214 2.4
    endloop
  endfacet
  facet normal 0.83144 -0.555615 0
    outer loop
      vertex -35.5941 -17.263 18.4
      vertex -35.496 -17.1162 2.4
      vertex -35.496 -17.1162 18.4
    endloop
  endfacet
  facet normal 0.83144 -0.555615 0
    outer loop
      vertex -35.496 -17.1162 2.4
      vertex -35.5941 -17.263 18.4
      vertex -35.5941 -17.263 2.4
    endloop
  endfacet
  facet normal 0.555615 -0.83144 0
    outer loop
      vertex -35.2468 -16.867 2.4
      vertex -35.1 -16.7689 18.4
      vertex -35.2468 -16.867 18.4
    endloop
  endfacet
  facet normal 0.555615 -0.83144 0
    outer loop
      vertex -35.1 -16.7689 18.4
      vertex -35.2468 -16.867 2.4
      vertex -35.1 -16.7689 2.4
    endloop
  endfacet
  facet normal 0.321659 -0.946856 0
    outer loop
      vertex -34.9416 -16.6908 2.4
      vertex -34.7744 -16.634 18.4
      vertex -34.9416 -16.6908 18.4
    endloop
  endfacet
  facet normal 0.321659 -0.946856 0
    outer loop
      vertex -34.7744 -16.634 18.4
      vertex -34.9416 -16.6908 2.4
      vertex -34.7744 -16.634 2.4
    endloop
  endfacet
  facet normal -0.195354 0.980733 0
    outer loop
      vertex -34.0756 -19.242 2.4
      vertex -34.2488 -19.2765 18.4
      vertex -34.0756 -19.242 18.4
    endloop
  endfacet
  facet normal -0.195354 0.980733 0
    outer loop
      vertex -34.2488 -19.2765 18.4
      vertex -34.0756 -19.242 2.4
      vertex -34.2488 -19.2765 2.4
    endloop
  endfacet
  facet normal -0.946856 -0.321659 0
    outer loop
      vertex -33.121 -17.5886 2.4
      vertex -33.1778 -17.4214 18.4
      vertex -33.1778 -17.4214 2.4
    endloop
  endfacet
  facet normal -0.946856 -0.321659 0
    outer loop
      vertex -33.1778 -17.4214 18.4
      vertex -33.121 -17.5886 2.4
      vertex -33.121 -17.5886 18.4
    endloop
  endfacet
  facet normal -0.980733 -0.195354 0
    outer loop
      vertex -33.0865 -17.7618 2.4
      vertex -33.121 -17.5886 18.4
      vertex -33.121 -17.5886 2.4
    endloop
  endfacet
  facet normal -0.980733 -0.195354 0
    outer loop
      vertex -33.121 -17.5886 18.4
      vertex -33.0865 -17.7618 2.4
      vertex -33.0865 -17.7618 18.4
    endloop
  endfacet
  facet normal -0.752015 -0.659146 0
    outer loop
      vertex -33.354 -17.1162 2.4
      vertex -33.4704 -16.9834 18.4
      vertex -33.4704 -16.9834 2.4
    endloop
  endfacet
  facet normal -0.752015 -0.659146 0
    outer loop
      vertex -33.4704 -16.9834 18.4
      vertex -33.354 -17.1162 2.4
      vertex -33.354 -17.1162 18.4
    endloop
  endfacet
  facet normal -0.0656921 -0.99784 0
    outer loop
      vertex -34.425 -16.588 2.4
      vertex -34.2488 -16.5996 18.4
      vertex -34.425 -16.588 18.4
    endloop
  endfacet
  facet normal -0.0656921 -0.99784 -0
    outer loop
      vertex -34.2488 -16.5996 18.4
      vertex -34.425 -16.588 2.4
      vertex -34.2488 -16.5996 2.4
    endloop
  endfacet
  facet normal -0.555615 -0.83144 0
    outer loop
      vertex -33.75 -16.7689 2.4
      vertex -33.6032 -16.867 18.4
      vertex -33.75 -16.7689 18.4
    endloop
  endfacet
  facet normal -0.555615 -0.83144 -0
    outer loop
      vertex -33.6032 -16.867 18.4
      vertex -33.75 -16.7689 2.4
      vertex -33.6032 -16.867 2.4
    endloop
  endfacet
  facet normal 0.980733 -0.195354 0
    outer loop
      vertex -35.7635 -17.7618 18.4
      vertex -35.729 -17.5886 2.4
      vertex -35.729 -17.5886 18.4
    endloop
  endfacet
  facet normal 0.980733 -0.195354 0
    outer loop
      vertex -35.729 -17.5886 2.4
      vertex -35.7635 -17.7618 18.4
      vertex -35.7635 -17.7618 2.4
    endloop
  endfacet
  facet normal 0.659146 -0.752015 0
    outer loop
      vertex -35.3796 -16.9834 2.4
      vertex -35.2468 -16.867 18.4
      vertex -35.3796 -16.9834 18.4
    endloop
  endfacet
  facet normal 0.659146 -0.752015 0
    outer loop
      vertex -35.2468 -16.867 18.4
      vertex -35.3796 -16.9834 2.4
      vertex -35.2468 -16.867 2.4
    endloop
  endfacet
  facet normal 0.194809 -0.980841 0
    outer loop
      vertex -34.7744 -16.634 2.4
      vertex -34.6012 -16.5996 18.4
      vertex -34.7744 -16.634 18.4
    endloop
  endfacet
  facet normal 0.194809 -0.980841 0
    outer loop
      vertex -34.6012 -16.5996 18.4
      vertex -34.7744 -16.634 2.4
      vertex -34.6012 -16.5996 2.4
    endloop
  endfacet
  facet normal -0.946856 0.321659 0
    outer loop
      vertex -33.1778 -18.4546 2.4
      vertex -33.121 -18.2874 18.4
      vertex -33.121 -18.2874 2.4
    endloop
  endfacet
  facet normal -0.946856 0.321659 0
    outer loop
      vertex -33.121 -18.2874 18.4
      vertex -33.1778 -18.4546 2.4
      vertex -33.1778 -18.4546 18.4
    endloop
  endfacet
  facet normal -0.980733 0.195354 0
    outer loop
      vertex -33.121 -18.2874 2.4
      vertex -33.0865 -18.1142 18.4
      vertex -33.0865 -18.1142 2.4
    endloop
  endfacet
  facet normal -0.980733 0.195354 0
    outer loop
      vertex -33.0865 -18.1142 18.4
      vertex -33.121 -18.2874 2.4
      vertex -33.121 -18.2874 18.4
    endloop
  endfacet
  facet normal 0.997877 0.0651282 0
    outer loop
      vertex -35.7635 -18.1142 18.4
      vertex -35.775 -17.938 2.4
      vertex -35.775 -17.938 18.4
    endloop
  endfacet
  facet normal 0.997877 0.0651282 0
    outer loop
      vertex -35.775 -17.938 2.4
      vertex -35.7635 -18.1142 18.4
      vertex -35.7635 -18.1142 2.4
    endloop
  endfacet
  facet normal -0.555615 0.83144 0
    outer loop
      vertex -33.6032 -19.009 2.4
      vertex -33.75 -19.1071 18.4
      vertex -33.6032 -19.009 18.4
    endloop
  endfacet
  facet normal -0.555615 0.83144 0
    outer loop
      vertex -33.75 -19.1071 18.4
      vertex -33.6032 -19.009 2.4
      vertex -33.75 -19.1071 2.4
    endloop
  endfacet
  facet normal -0.442224 0.896905 0
    outer loop
      vertex -33.75 -19.1071 2.4
      vertex -33.9084 -19.1852 18.4
      vertex -33.75 -19.1071 18.4
    endloop
  endfacet
  facet normal -0.442224 0.896905 0
    outer loop
      vertex -33.9084 -19.1852 18.4
      vertex -33.75 -19.1071 2.4
      vertex -33.9084 -19.1852 2.4
    endloop
  endfacet
  facet normal 0.946856 -0.321659 0
    outer loop
      vertex -35.729 -17.5886 18.4
      vertex -35.6722 -17.4214 2.4
      vertex -35.6722 -17.4214 18.4
    endloop
  endfacet
  facet normal 0.946856 -0.321659 0
    outer loop
      vertex -35.6722 -17.4214 2.4
      vertex -35.729 -17.5886 18.4
      vertex -35.729 -17.5886 2.4
    endloop
  endfacet
  facet normal -0.83144 0.555615 0
    outer loop
      vertex -33.354 -18.7598 2.4
      vertex -33.2559 -18.613 18.4
      vertex -33.2559 -18.613 2.4
    endloop
  endfacet
  facet normal -0.83144 0.555615 0
    outer loop
      vertex -33.2559 -18.613 18.4
      vertex -33.354 -18.7598 2.4
      vertex -33.354 -18.7598 18.4
    endloop
  endfacet
  facet normal -0.997877 0.0651282 0
    outer loop
      vertex -33.0865 -18.1142 2.4
      vertex -33.075 -17.938 18.4
      vertex -33.075 -17.938 2.4
    endloop
  endfacet
  facet normal -0.997877 0.0651282 0
    outer loop
      vertex -33.075 -17.938 18.4
      vertex -33.0865 -18.1142 2.4
      vertex -33.0865 -18.1142 18.4
    endloop
  endfacet
  facet normal 0.321659 0.946856 -0
    outer loop
      vertex -34.7744 -19.242 2.4
      vertex -34.9416 -19.1852 18.4
      vertex -34.7744 -19.242 18.4
    endloop
  endfacet
  facet normal 0.321659 0.946856 0
    outer loop
      vertex -34.9416 -19.1852 18.4
      vertex -34.7744 -19.242 2.4
      vertex -34.9416 -19.1852 2.4
    endloop
  endfacet
  facet normal 0.752015 0.659146 0
    outer loop
      vertex -35.3796 -18.8926 18.4
      vertex -35.496 -18.7598 2.4
      vertex -35.496 -18.7598 18.4
    endloop
  endfacet
  facet normal 0.752015 0.659146 0
    outer loop
      vertex -35.496 -18.7598 2.4
      vertex -35.3796 -18.8926 18.4
      vertex -35.3796 -18.8926 2.4
    endloop
  endfacet
  facet normal 0.980733 0.195354 0
    outer loop
      vertex -35.729 -18.2874 18.4
      vertex -35.7635 -18.1142 2.4
      vertex -35.7635 -18.1142 18.4
    endloop
  endfacet
  facet normal 0.980733 0.195354 0
    outer loop
      vertex -35.7635 -18.1142 2.4
      vertex -35.729 -18.2874 18.4
      vertex -35.729 -18.2874 2.4
    endloop
  endfacet
  facet normal 0.946856 0.321659 0
    outer loop
      vertex -35.6722 -18.4546 18.4
      vertex -35.729 -18.2874 2.4
      vertex -35.729 -18.2874 18.4
    endloop
  endfacet
  facet normal 0.946856 0.321659 0
    outer loop
      vertex -35.729 -18.2874 2.4
      vertex -35.6722 -18.4546 18.4
      vertex -35.6722 -18.4546 2.4
    endloop
  endfacet
  facet normal -0.659146 0.752015 0
    outer loop
      vertex -33.4704 -18.8926 2.4
      vertex -33.6032 -19.009 18.4
      vertex -33.4704 -18.8926 18.4
    endloop
  endfacet
  facet normal -0.659146 0.752015 0
    outer loop
      vertex -33.6032 -19.009 18.4
      vertex -33.4704 -18.8926 2.4
      vertex -33.6032 -19.009 2.4
    endloop
  endfacet
  facet normal -0.321659 0.946856 0
    outer loop
      vertex -33.9084 -19.1852 2.4
      vertex -34.0756 -19.242 18.4
      vertex -33.9084 -19.1852 18.4
    endloop
  endfacet
  facet normal -0.321659 0.946856 0
    outer loop
      vertex -34.0756 -19.242 18.4
      vertex -33.9084 -19.1852 2.4
      vertex -34.0756 -19.242 2.4
    endloop
  endfacet
  facet normal -0.896905 0.442224 0
    outer loop
      vertex -33.2559 -18.613 2.4
      vertex -33.1778 -18.4546 18.4
      vertex -33.1778 -18.4546 2.4
    endloop
  endfacet
  facet normal -0.896905 0.442224 0
    outer loop
      vertex -33.1778 -18.4546 18.4
      vertex -33.2559 -18.613 2.4
      vertex -33.2559 -18.613 18.4
    endloop
  endfacet
  facet normal 0.555615 0.83144 -0
    outer loop
      vertex -35.1 -19.1071 2.4
      vertex -35.2468 -19.009 18.4
      vertex -35.1 -19.1071 18.4
    endloop
  endfacet
  facet normal 0.555615 0.83144 0
    outer loop
      vertex -35.2468 -19.009 18.4
      vertex -35.1 -19.1071 2.4
      vertex -35.2468 -19.009 2.4
    endloop
  endfacet
  facet normal 0.195354 0.980733 -0
    outer loop
      vertex -34.6012 -19.2765 2.4
      vertex -34.7744 -19.242 18.4
      vertex -34.6012 -19.2765 18.4
    endloop
  endfacet
  facet normal 0.195354 0.980733 0
    outer loop
      vertex -34.7744 -19.242 18.4
      vertex -34.6012 -19.2765 2.4
      vertex -34.7744 -19.242 2.4
    endloop
  endfacet
  facet normal 0.659146 0.752015 -0
    outer loop
      vertex -35.2468 -19.009 2.4
      vertex -35.3796 -18.8926 18.4
      vertex -35.2468 -19.009 18.4
    endloop
  endfacet
  facet normal 0.659146 0.752015 0
    outer loop
      vertex -35.3796 -18.8926 18.4
      vertex -35.2468 -19.009 2.4
      vertex -35.3796 -18.8926 2.4
    endloop
  endfacet
  facet normal 0.83144 0.555615 0
    outer loop
      vertex -35.496 -18.7598 18.4
      vertex -35.5941 -18.613 2.4
      vertex -35.5941 -18.613 18.4
    endloop
  endfacet
  facet normal 0.83144 0.555615 0
    outer loop
      vertex -35.5941 -18.613 2.4
      vertex -35.496 -18.7598 18.4
      vertex -35.496 -18.7598 2.4
    endloop
  endfacet
  facet normal 0.896905 0.442224 0
    outer loop
      vertex -35.5941 -18.613 18.4
      vertex -35.6722 -18.4546 2.4
      vertex -35.6722 -18.4546 18.4
    endloop
  endfacet
  facet normal 0.896905 0.442224 0
    outer loop
      vertex -35.6722 -18.4546 2.4
      vertex -35.5941 -18.613 18.4
      vertex -35.5941 -18.613 2.4
    endloop
  endfacet
  facet normal 0.442224 0.896905 -0
    outer loop
      vertex -34.9416 -19.1852 2.4
      vertex -35.1 -19.1071 18.4
      vertex -34.9416 -19.1852 18.4
    endloop
  endfacet
  facet normal 0.442224 0.896905 0
    outer loop
      vertex -35.1 -19.1071 18.4
      vertex -34.9416 -19.1852 2.4
      vertex -35.1 -19.1071 2.4
    endloop
  endfacet
  facet normal 0.0651282 0.997877 -0
    outer loop
      vertex -34.425 -19.288 2.4
      vertex -34.6012 -19.2765 18.4
      vertex -34.425 -19.288 18.4
    endloop
  endfacet
  facet normal 0.0651282 0.997877 0
    outer loop
      vertex -34.6012 -19.2765 18.4
      vertex -34.425 -19.288 2.4
      vertex -34.6012 -19.2765 2.4
    endloop
  endfacet
  facet normal 0.997859 0.0654064 0
    outer loop
      vertex 43.313 2.185 18.4
      vertex 43.2899 2.53742 2.4
      vertex 43.2899 2.53742 18.4
    endloop
  endfacet
  facet normal 0.997859 0.0654064 0
    outer loop
      vertex 43.2899 2.53742 2.4
      vertex 43.313 2.185 18.4
      vertex 43.313 2.185 2.4
    endloop
  endfacet
  facet normal -0.997859 0.0654064 0
    outer loop
      vertex 37.913 2.185 2.4
      vertex 37.9361 2.53742 18.4
      vertex 37.9361 2.53742 2.4
    endloop
  endfacet
  facet normal -0.997859 0.0654064 0
    outer loop
      vertex 37.9361 2.53742 18.4
      vertex 37.913 2.185 2.4
      vertex 37.913 2.185 18.4
    endloop
  endfacet
  facet normal 0.0654101 0.997858 -0
    outer loop
      vertex 40.9654 4.8619 2.4
      vertex 40.613 4.885 18.4
      vertex 40.9654 4.8619 18.4
    endloop
  endfacet
  facet normal 0.0654101 0.997858 0
    outer loop
      vertex 40.613 4.885 18.4
      vertex 40.9654 4.8619 2.4
      vertex 40.613 4.885 2.4
    endloop
  endfacet
  facet normal 0.751789 0.659404 0
    outer loop
      vertex 42.7551 3.82866 18.4
      vertex 42.5222 4.09419 2.4
      vertex 42.5222 4.09419 18.4
    endloop
  endfacet
  facet normal 0.751789 0.659404 0
    outer loop
      vertex 42.5222 4.09419 2.4
      vertex 42.7551 3.82866 18.4
      vertex 42.7551 3.82866 2.4
    endloop
  endfacet
  facet normal -0.659382 0.751808 0
    outer loop
      vertex 38.9693 4.32705 2.4
      vertex 38.7038 4.09419 18.4
      vertex 38.9693 4.32705 18.4
    endloop
  endfacet
  facet normal -0.659382 0.751808 0
    outer loop
      vertex 38.7038 4.09419 18.4
      vertex 38.9693 4.32705 2.4
      vertex 38.7038 4.09419 2.4
    endloop
  endfacet
  facet normal -0.321481 0.946916 0
    outer loop
      vertex 39.9142 4.793 2.4
      vertex 39.5798 4.67947 18.4
      vertex 39.9142 4.793 18.4
    endloop
  endfacet
  facet normal -0.321481 0.946916 0
    outer loop
      vertex 39.5798 4.67947 18.4
      vertex 39.9142 4.793 2.4
      vertex 39.5798 4.67947 2.4
    endloop
  endfacet
  facet normal 0.751791 -0.659401 0
    outer loop
      vertex 42.5222 0.275812 18.4
      vertex 42.7551 0.541344 2.4
      vertex 42.7551 0.541344 18.4
    endloop
  endfacet
  facet normal 0.751791 -0.659401 0
    outer loop
      vertex 42.7551 0.541344 2.4
      vertex 42.5222 0.275812 18.4
      vertex 42.5222 0.275812 2.4
    endloop
  endfacet
  facet normal -0.980786 -0.195087 0
    outer loop
      vertex 38.005 1.48619 2.4
      vertex 37.9361 1.83258 18.4
      vertex 37.9361 1.83258 2.4
    endloop
  endfacet
  facet normal -0.980786 -0.195087 0
    outer loop
      vertex 37.9361 1.83258 18.4
      vertex 38.005 1.48619 2.4
      vertex 38.005 1.48619 18.4
    endloop
  endfacet
  facet normal 0 0 -1
    outer loop
      vertex 43.2899 1.83258 2.4
      vertex 41.9515 2.00879 2.4
      vertex 41.963 2.185 2.4
    endloop
  endfacet
  facet normal 0 0 -1
    outer loop
      vertex 42.2567 0.0429464 2.4
      vertex 41.917 1.83559 2.4
      vertex 41.9515 2.00879 2.4
    endloop
  endfacet
  facet normal 0 0 -1
    outer loop
      vertex 42.2567 0.0429464 2.4
      vertex 41.8602 1.66838 2.4
      vertex 41.917 1.83559 2.4
    endloop
  endfacet
  facet normal 0 0 -1
    outer loop
      vertex 42.2567 0.0429464 2.4
      vertex 41.7821 1.51 2.4
      vertex 41.8602 1.66838 2.4
    endloop
  endfacet
  facet normal 0 0 -1
    outer loop
      vertex 42.2567 0.0429464 2.4
      vertex 41.684 1.36317 2.4
      vertex 41.7821 1.51 2.4
    endloop
  endfacet
  facet normal 0 0 -1
    outer loop
      vertex 41.288 1.01587 2.4
      vertex 41.963 -0.153268 2.4
      vertex 41.6462 -0.309474 2.4
    endloop
  endfacet
  facet normal 0 0 -1
    outer loop
      vertex 42.2567 0.0429464 2.4
      vertex 41.5676 1.23041 2.4
      vertex 41.684 1.36317 2.4
    endloop
  endfacet
  facet normal 0 0 -1
    outer loop
      vertex 42.2567 0.0429464 2.4
      vertex 41.4348 1.11397 2.4
      vertex 41.5676 1.23041 2.4
    endloop
  endfacet
  facet normal 0 0 -1
    outer loop
      vertex 41.1296 0.937763 2.4
      vertex 41.6462 -0.309474 2.4
      vertex 41.3118 -0.422999 2.4
    endloop
  endfacet
  facet normal 0 0 -1
    outer loop
      vertex 41.963 -0.153268 2.4
      vertex 41.288 1.01587 2.4
      vertex 41.4348 1.11397 2.4
    endloop
  endfacet
  facet normal 0 0 -1
    outer loop
      vertex 41.6462 -0.309474 2.4
      vertex 41.1296 0.937763 2.4
      vertex 41.288 1.01587 2.4
    endloop
  endfacet
  facet normal 0 0 -1
    outer loop
      vertex 40.9624 0.881001 2.4
      vertex 41.3118 -0.422999 2.4
      vertex 40.9654 -0.491901 2.4
    endloop
  endfacet
  facet normal 0 0 -1
    outer loop
      vertex 41.3118 -0.422999 2.4
      vertex 40.9624 0.881001 2.4
      vertex 41.1296 0.937763 2.4
    endloop
  endfacet
  facet normal 0 0 -1
    outer loop
      vertex 40.9654 -0.491901 2.4
      vertex 40.7892 0.84655 2.4
      vertex 40.9624 0.881001 2.4
    endloop
  endfacet
  facet normal 0 0 -1
    outer loop
      vertex 40.613 -0.515 2.4
      vertex 40.7892 0.84655 2.4
      vertex 40.9654 -0.491901 2.4
    endloop
  endfacet
  facet normal 0 0 -1
    outer loop
      vertex 40.613 -0.515 2.4
      vertex 40.613 0.835001 2.4
      vertex 40.7892 0.84655 2.4
    endloop
  endfacet
  facet normal 0 0 -1
    outer loop
      vertex 40.613 -0.515 2.4
      vertex 40.4368 0.84655 2.4
      vertex 40.613 0.835001 2.4
    endloop
  endfacet
  facet normal 0 0 -1
    outer loop
      vertex 40.2606 -0.491901 2.4
      vertex 40.4368 0.84655 2.4
      vertex 40.613 -0.515 2.4
    endloop
  endfacet
  facet normal -0 0 -1
    outer loop
      vertex 40.4368 0.84655 2.4
      vertex 40.2606 -0.491901 2.4
      vertex 40.2636 0.881001 2.4
    endloop
  endfacet
  facet normal 0 0 -1
    outer loop
      vertex 39.9142 -0.422999 2.4
      vertex 40.2636 0.881001 2.4
      vertex 40.2606 -0.491901 2.4
    endloop
  endfacet
  facet normal -0 0 -1
    outer loop
      vertex 40.2636 0.881001 2.4
      vertex 39.9142 -0.422999 2.4
      vertex 40.0964 0.937763 2.4
    endloop
  endfacet
  facet normal 0 0 -1
    outer loop
      vertex 39.5798 -0.309474 2.4
      vertex 40.0964 0.937763 2.4
      vertex 39.9142 -0.422999 2.4
    endloop
  endfacet
  facet normal -0 0 -1
    outer loop
      vertex 40.0964 0.937763 2.4
      vertex 39.5798 -0.309474 2.4
      vertex 39.938 1.01587 2.4
    endloop
  endfacet
  facet normal 0 0 -1
    outer loop
      vertex 39.263 -0.153268 2.4
      vertex 39.938 1.01587 2.4
      vertex 39.5798 -0.309474 2.4
    endloop
  endfacet
  facet normal -0 0 -1
    outer loop
      vertex 39.938 1.01587 2.4
      vertex 39.263 -0.153268 2.4
      vertex 39.7912 1.11397 2.4
    endloop
  endfacet
  facet normal 0 0 -1
    outer loop
      vertex 38.9693 0.0429464 2.4
      vertex 39.7912 1.11397 2.4
      vertex 39.263 -0.153268 2.4
    endloop
  endfacet
  facet normal -0 0 -1
    outer loop
      vertex 39.7912 1.11397 2.4
      vertex 38.9693 0.0429464 2.4
      vertex 39.6584 1.23041 2.4
    endloop
  endfacet
  facet normal 0 0 -1
    outer loop
      vertex 38.7038 0.275812 2.4
      vertex 39.6584 1.23041 2.4
      vertex 38.9693 0.0429464 2.4
    endloop
  endfacet
  facet normal -0 0 -1
    outer loop
      vertex 39.6584 1.23041 2.4
      vertex 38.7038 0.275812 2.4
      vertex 39.542 1.36317 2.4
    endloop
  endfacet
  facet normal 0 0 -1
    outer loop
      vertex 38.4709 0.541344 2.4
      vertex 39.542 1.36317 2.4
      vertex 38.7038 0.275812 2.4
    endloop
  endfacet
  facet normal -0 0 -1
    outer loop
      vertex 39.542 1.36317 2.4
      vertex 38.4709 0.541344 2.4
      vertex 39.4439 1.51 2.4
    endloop
  endfacet
  facet normal 0 0 -1
    outer loop
      vertex 38.2747 0.835001 2.4
      vertex 39.4439 1.51 2.4
      vertex 38.4709 0.541344 2.4
    endloop
  endfacet
  facet normal -0 0 -1
    outer loop
      vertex 39.4439 1.51 2.4
      vertex 38.2747 0.835001 2.4
      vertex 39.3658 1.66838 2.4
    endloop
  endfacet
  facet normal 0 0 -1
    outer loop
      vertex 38.1185 1.15175 2.4
      vertex 39.3658 1.66838 2.4
      vertex 38.2747 0.835001 2.4
    endloop
  endfacet
  facet normal 0 0 -1
    outer loop
      vertex 39.263 2.185 2.4
      vertex 38.9693 4.32705 2.4
      vertex 39.263 4.52327 2.4
    endloop
  endfacet
  facet normal -0 0 -1
    outer loop
      vertex 39.3658 1.66838 2.4
      vertex 38.1185 1.15175 2.4
      vertex 39.309 1.83559 2.4
    endloop
  endfacet
  facet normal 0 0 -1
    outer loop
      vertex 39.263 2.185 2.4
      vertex 38.7038 4.09419 2.4
      vertex 38.9693 4.32705 2.4
    endloop
  endfacet
  facet normal 0 0 -1
    outer loop
      vertex 38.005 1.48619 2.4
      vertex 39.309 1.83559 2.4
      vertex 38.1185 1.15175 2.4
    endloop
  endfacet
  facet normal 0 0 -1
    outer loop
      vertex 39.263 2.185 2.4
      vertex 38.4709 3.82866 2.4
      vertex 38.7038 4.09419 2.4
    endloop
  endfacet
  facet normal -0 0 -1
    outer loop
      vertex 39.309 1.83559 2.4
      vertex 38.005 1.48619 2.4
      vertex 39.2746 2.00879 2.4
    endloop
  endfacet
  facet normal 0 0 -1
    outer loop
      vertex 39.263 2.185 2.4
      vertex 38.2747 3.535 2.4
      vertex 38.4709 3.82866 2.4
    endloop
  endfacet
  facet normal 0 0 -1
    outer loop
      vertex 37.9361 1.83258 2.4
      vertex 39.2746 2.00879 2.4
      vertex 38.005 1.48619 2.4
    endloop
  endfacet
  facet normal 0 0 -1
    outer loop
      vertex 39.263 2.185 2.4
      vertex 38.1185 3.21825 2.4
      vertex 38.2747 3.535 2.4
    endloop
  endfacet
  facet normal -0 0 -1
    outer loop
      vertex 39.2746 2.00879 2.4
      vertex 37.9361 1.83258 2.4
      vertex 39.263 2.185 2.4
    endloop
  endfacet
  facet normal 0 0 -1
    outer loop
      vertex 39.263 2.185 2.4
      vertex 38.005 2.88381 2.4
      vertex 38.1185 3.21825 2.4
    endloop
  endfacet
  facet normal 0 0 -1
    outer loop
      vertex 37.913 2.185 2.4
      vertex 39.263 2.185 2.4
      vertex 37.9361 1.83258 2.4
    endloop
  endfacet
  facet normal 0 0 -1
    outer loop
      vertex 39.263 2.185 2.4
      vertex 37.9361 2.53742 2.4
      vertex 38.005 2.88381 2.4
    endloop
  endfacet
  facet normal 0 0 -1
    outer loop
      vertex 39.263 2.185 2.4
      vertex 37.913 2.185 2.4
      vertex 37.9361 2.53742 2.4
    endloop
  endfacet
  facet normal 0 0 -1
    outer loop
      vertex 41.963 2.185 2.4
      vertex 43.313 2.185 2.4
      vertex 43.2899 1.83258 2.4
    endloop
  endfacet
  facet normal 0 0 -1
    outer loop
      vertex 41.9515 2.00879 2.4
      vertex 43.2899 1.83258 2.4
      vertex 43.221 1.48619 2.4
    endloop
  endfacet
  facet normal 0 0 -1
    outer loop
      vertex 43.313 2.185 2.4
      vertex 41.963 2.185 2.4
      vertex 43.2899 2.53742 2.4
    endloop
  endfacet
  facet normal 0 0 -1
    outer loop
      vertex 41.9515 2.00879 2.4
      vertex 43.221 1.48619 2.4
      vertex 43.1075 1.15175 2.4
    endloop
  endfacet
  facet normal 0 0 -1
    outer loop
      vertex 41.9515 2.36121 2.4
      vertex 43.2899 2.53742 2.4
      vertex 41.963 2.185 2.4
    endloop
  endfacet
  facet normal 0 0 -1
    outer loop
      vertex 41.9515 2.00879 2.4
      vertex 43.1075 1.15175 2.4
      vertex 42.9513 0.835001 2.4
    endloop
  endfacet
  facet normal -0 0 -1
    outer loop
      vertex 43.2899 2.53742 2.4
      vertex 41.9515 2.36121 2.4
      vertex 43.221 2.88381 2.4
    endloop
  endfacet
  facet normal 0 0 -1
    outer loop
      vertex 41.9515 2.00879 2.4
      vertex 42.9513 0.835001 2.4
      vertex 42.7551 0.541344 2.4
    endloop
  endfacet
  facet normal 0 0 -1
    outer loop
      vertex 41.917 2.53441 2.4
      vertex 43.221 2.88381 2.4
      vertex 41.9515 2.36121 2.4
    endloop
  endfacet
  facet normal 0 0 -1
    outer loop
      vertex 41.9515 2.00879 2.4
      vertex 42.7551 0.541344 2.4
      vertex 42.5222 0.275812 2.4
    endloop
  endfacet
  facet normal -0 0 -1
    outer loop
      vertex 43.221 2.88381 2.4
      vertex 41.917 2.53441 2.4
      vertex 43.1075 3.21825 2.4
    endloop
  endfacet
  facet normal 0 0 -1
    outer loop
      vertex 41.9515 2.00879 2.4
      vertex 42.5222 0.275812 2.4
      vertex 42.2567 0.0429464 2.4
    endloop
  endfacet
  facet normal 0 0 -1
    outer loop
      vertex 41.8602 2.70162 2.4
      vertex 43.1075 3.21825 2.4
      vertex 41.917 2.53441 2.4
    endloop
  endfacet
  facet normal 0 0 -1
    outer loop
      vertex 41.4348 1.11397 2.4
      vertex 42.2567 0.0429464 2.4
      vertex 41.963 -0.153268 2.4
    endloop
  endfacet
  facet normal -0 0 -1
    outer loop
      vertex 43.1075 3.21825 2.4
      vertex 41.8602 2.70162 2.4
      vertex 42.9513 3.535 2.4
    endloop
  endfacet
  facet normal 0 0 -1
    outer loop
      vertex 41.7821 2.86 2.4
      vertex 42.9513 3.535 2.4
      vertex 41.8602 2.70162 2.4
    endloop
  endfacet
  facet normal -0 0 -1
    outer loop
      vertex 42.9513 3.535 2.4
      vertex 41.7821 2.86 2.4
      vertex 42.7551 3.82866 2.4
    endloop
  endfacet
  facet normal 0 0 -1
    outer loop
      vertex 41.684 3.00683 2.4
      vertex 42.7551 3.82866 2.4
      vertex 41.7821 2.86 2.4
    endloop
  endfacet
  facet normal -0 0 -1
    outer loop
      vertex 42.7551 3.82866 2.4
      vertex 41.684 3.00683 2.4
      vertex 42.5222 4.09419 2.4
    endloop
  endfacet
  facet normal 0 0 -1
    outer loop
      vertex 41.5676 3.13959 2.4
      vertex 42.5222 4.09419 2.4
      vertex 41.684 3.00683 2.4
    endloop
  endfacet
  facet normal -0 0 -1
    outer loop
      vertex 42.5222 4.09419 2.4
      vertex 41.5676 3.13959 2.4
      vertex 42.2567 4.32705 2.4
    endloop
  endfacet
  facet normal 0 0 -1
    outer loop
      vertex 41.4348 3.25603 2.4
      vertex 42.2567 4.32705 2.4
      vertex 41.5676 3.13959 2.4
    endloop
  endfacet
  facet normal -0 0 -1
    outer loop
      vertex 42.2567 4.32705 2.4
      vertex 41.4348 3.25603 2.4
      vertex 41.963 4.52327 2.4
    endloop
  endfacet
  facet normal 0 0 -1
    outer loop
      vertex 41.288 3.35413 2.4
      vertex 41.963 4.52327 2.4
      vertex 41.4348 3.25603 2.4
    endloop
  endfacet
  facet normal -0 0 -1
    outer loop
      vertex 41.963 4.52327 2.4
      vertex 41.288 3.35413 2.4
      vertex 41.6462 4.67947 2.4
    endloop
  endfacet
  facet normal 0 0 -1
    outer loop
      vertex 41.1296 3.43224 2.4
      vertex 41.6462 4.67947 2.4
      vertex 41.288 3.35413 2.4
    endloop
  endfacet
  facet normal -0 0 -1
    outer loop
      vertex 41.6462 4.67947 2.4
      vertex 41.1296 3.43224 2.4
      vertex 41.3118 4.793 2.4
    endloop
  endfacet
  facet normal 0 0 -1
    outer loop
      vertex 40.9624 3.489 2.4
      vertex 41.3118 4.793 2.4
      vertex 41.1296 3.43224 2.4
    endloop
  endfacet
  facet normal -0 0 -1
    outer loop
      vertex 41.3118 4.793 2.4
      vertex 40.9624 3.489 2.4
      vertex 40.9654 4.8619 2.4
    endloop
  endfacet
  facet normal 0 0 -1
    outer loop
      vertex 40.7892 3.52345 2.4
      vertex 40.9654 4.8619 2.4
      vertex 40.9624 3.489 2.4
    endloop
  endfacet
  facet normal 0 0 -1
    outer loop
      vertex 40.613 3.535 2.4
      vertex 40.9654 4.8619 2.4
      vertex 40.7892 3.52345 2.4
    endloop
  endfacet
  facet normal 0 0 -1
    outer loop
      vertex 40.613 3.535 2.4
      vertex 40.613 4.885 2.4
      vertex 40.9654 4.8619 2.4
    endloop
  endfacet
  facet normal 0 0 -1
    outer loop
      vertex 40.4368 3.52345 2.4
      vertex 40.613 4.885 2.4
      vertex 40.613 3.535 2.4
    endloop
  endfacet
  facet normal 0 0 -1
    outer loop
      vertex 40.2606 4.8619 2.4
      vertex 40.4368 3.52345 2.4
      vertex 40.2636 3.489 2.4
    endloop
  endfacet
  facet normal 0 0 -1
    outer loop
      vertex 40.4368 3.52345 2.4
      vertex 40.2606 4.8619 2.4
      vertex 40.613 4.885 2.4
    endloop
  endfacet
  facet normal 0 0 -1
    outer loop
      vertex 39.9142 4.793 2.4
      vertex 40.2636 3.489 2.4
      vertex 40.0964 3.43224 2.4
    endloop
  endfacet
  facet normal 0 0 -1
    outer loop
      vertex 39.5798 4.67947 2.4
      vertex 40.0964 3.43224 2.4
      vertex 39.938 3.35413 2.4
    endloop
  endfacet
  facet normal 0 0 -1
    outer loop
      vertex 40.2636 3.489 2.4
      vertex 39.9142 4.793 2.4
      vertex 40.2606 4.8619 2.4
    endloop
  endfacet
  facet normal 0 0 -1
    outer loop
      vertex 39.263 4.52327 2.4
      vertex 39.938 3.35413 2.4
      vertex 39.7912 3.25603 2.4
    endloop
  endfacet
  facet normal 0 0 -1
    outer loop
      vertex 39.263 4.52327 2.4
      vertex 39.7912 3.25603 2.4
      vertex 39.6584 3.13959 2.4
    endloop
  endfacet
  facet normal 0 0 -1
    outer loop
      vertex 40.0964 3.43224 2.4
      vertex 39.5798 4.67947 2.4
      vertex 39.9142 4.793 2.4
    endloop
  endfacet
  facet normal 0 0 -1
    outer loop
      vertex 39.263 4.52327 2.4
      vertex 39.6584 3.13959 2.4
      vertex 39.542 3.00683 2.4
    endloop
  endfacet
  facet normal 0 0 -1
    outer loop
      vertex 39.263 4.52327 2.4
      vertex 39.542 3.00683 2.4
      vertex 39.4439 2.86 2.4
    endloop
  endfacet
  facet normal 0 0 -1
    outer loop
      vertex 39.263 4.52327 2.4
      vertex 39.4439 2.86 2.4
      vertex 39.3658 2.70162 2.4
    endloop
  endfacet
  facet normal 0 0 -1
    outer loop
      vertex 39.263 4.52327 2.4
      vertex 39.3658 2.70162 2.4
      vertex 39.309 2.53441 2.4
    endloop
  endfacet
  facet normal 0 0 -1
    outer loop
      vertex 39.263 4.52327 2.4
      vertex 39.309 2.53441 2.4
      vertex 39.2746 2.36121 2.4
    endloop
  endfacet
  facet normal 0 0 -1
    outer loop
      vertex 39.938 3.35413 2.4
      vertex 39.263 4.52327 2.4
      vertex 39.5798 4.67947 2.4
    endloop
  endfacet
  facet normal 0 0 -1
    outer loop
      vertex 39.263 4.52327 2.4
      vertex 39.2746 2.36121 2.4
      vertex 39.263 2.185 2.4
    endloop
  endfacet
  facet normal 0.946953 0.321371 0
    outer loop
      vertex 43.221 2.88381 18.4
      vertex 43.1075 3.21825 2.4
      vertex 43.1075 3.21825 18.4
    endloop
  endfacet
  facet normal 0.946953 0.321371 0
    outer loop
      vertex 43.1075 3.21825 2.4
      vertex 43.221 2.88381 18.4
      vertex 43.221 2.88381 2.4
    endloop
  endfacet
  facet normal 0.980786 0.195087 0
    outer loop
      vertex 43.2899 2.53742 18.4
      vertex 43.221 2.88381 2.4
      vertex 43.221 2.88381 18.4
    endloop
  endfacet
  facet normal 0.980786 0.195087 0
    outer loop
      vertex 43.221 2.88381 2.4
      vertex 43.2899 2.53742 18.4
      vertex 43.2899 2.53742 2.4
    endloop
  endfacet
  facet normal 0.442224 0.896905 -0
    outer loop
      vertex 41.963 4.52327 2.4
      vertex 41.6462 4.67947 18.4
      vertex 41.963 4.52327 18.4
    endloop
  endfacet
  facet normal 0.442224 0.896905 0
    outer loop
      vertex 41.6462 4.67947 18.4
      vertex 41.963 4.52327 2.4
      vertex 41.6462 4.67947 2.4
    endloop
  endfacet
  facet normal 0.659382 0.751808 -0
    outer loop
      vertex 42.5222 4.09419 2.4
      vertex 42.2567 4.32705 18.4
      vertex 42.5222 4.09419 18.4
    endloop
  endfacet
  facet normal 0.659382 0.751808 0
    outer loop
      vertex 42.2567 4.32705 18.4
      vertex 42.5222 4.09419 2.4
      vertex 42.2567 4.32705 2.4
    endloop
  endfacet
  facet normal -0.831492 0.555536 0
    outer loop
      vertex 38.2747 3.535 2.4
      vertex 38.4709 3.82866 18.4
      vertex 38.4709 3.82866 2.4
    endloop
  endfacet
  facet normal -0.831492 0.555536 0
    outer loop
      vertex 38.4709 3.82866 18.4
      vertex 38.2747 3.535 2.4
      vertex 38.2747 3.535 18.4
    endloop
  endfacet
  facet normal -0.751789 0.659404 0
    outer loop
      vertex 38.4709 3.82866 2.4
      vertex 38.7038 4.09419 18.4
      vertex 38.7038 4.09419 2.4
    endloop
  endfacet
  facet normal -0.751789 0.659404 0
    outer loop
      vertex 38.7038 4.09419 18.4
      vertex 38.4709 3.82866 2.4
      vertex 38.4709 3.82866 18.4
    endloop
  endfacet
  facet normal 0 0 1
    outer loop
      vertex 43.2899 2.53742 18.4
      vertex 41.9515 2.36121 18.4
      vertex 41.963 2.185 18.4
    endloop
  endfacet
  facet normal 0 0 1
    outer loop
      vertex 42.2567 4.32705 18.4
      vertex 41.917 2.53441 18.4
      vertex 41.9515 2.36121 18.4
    endloop
  endfacet
  facet normal 0 0 1
    outer loop
      vertex 42.2567 4.32705 18.4
      vertex 41.8602 2.70162 18.4
      vertex 41.917 2.53441 18.4
    endloop
  endfacet
  facet normal 0 0 1
    outer loop
      vertex 42.2567 4.32705 18.4
      vertex 41.7821 2.86 18.4
      vertex 41.8602 2.70162 18.4
    endloop
  endfacet
  facet normal 0 0 1
    outer loop
      vertex 42.2567 4.32705 18.4
      vertex 41.684 3.00683 18.4
      vertex 41.7821 2.86 18.4
    endloop
  endfacet
  facet normal 0 0 1
    outer loop
      vertex 41.288 3.35413 18.4
      vertex 41.963 4.52327 18.4
      vertex 41.6462 4.67947 18.4
    endloop
  endfacet
  facet normal 0 0 1
    outer loop
      vertex 42.2567 4.32705 18.4
      vertex 41.5676 3.13959 18.4
      vertex 41.684 3.00683 18.4
    endloop
  endfacet
  facet normal 0 0 1
    outer loop
      vertex 42.2567 4.32705 18.4
      vertex 41.4348 3.25603 18.4
      vertex 41.5676 3.13959 18.4
    endloop
  endfacet
  facet normal 0 0 1
    outer loop
      vertex 41.1296 3.43224 18.4
      vertex 41.6462 4.67947 18.4
      vertex 41.3118 4.793 18.4
    endloop
  endfacet
  facet normal 0 0 1
    outer loop
      vertex 41.963 4.52327 18.4
      vertex 41.288 3.35413 18.4
      vertex 41.4348 3.25603 18.4
    endloop
  endfacet
  facet normal 0 0 1
    outer loop
      vertex 41.6462 4.67947 18.4
      vertex 41.1296 3.43224 18.4
      vertex 41.288 3.35413 18.4
    endloop
  endfacet
  facet normal 0 0 1
    outer loop
      vertex 40.9624 3.489 18.4
      vertex 41.3118 4.793 18.4
      vertex 40.9654 4.8619 18.4
    endloop
  endfacet
  facet normal 0 0 1
    outer loop
      vertex 41.3118 4.793 18.4
      vertex 40.9624 3.489 18.4
      vertex 41.1296 3.43224 18.4
    endloop
  endfacet
  facet normal 0 0 1
    outer loop
      vertex 40.9654 4.8619 18.4
      vertex 40.7892 3.52345 18.4
      vertex 40.9624 3.489 18.4
    endloop
  endfacet
  facet normal 0 0 1
    outer loop
      vertex 40.613 4.885 18.4
      vertex 40.7892 3.52345 18.4
      vertex 40.9654 4.8619 18.4
    endloop
  endfacet
  facet normal 0 0 1
    outer loop
      vertex 40.613 4.885 18.4
      vertex 40.613 3.535 18.4
      vertex 40.7892 3.52345 18.4
    endloop
  endfacet
  facet normal 0 0 1
    outer loop
      vertex 40.613 4.885 18.4
      vertex 40.4368 3.52345 18.4
      vertex 40.613 3.535 18.4
    endloop
  endfacet
  facet normal -0 0 1
    outer loop
      vertex 40.2606 4.8619 18.4
      vertex 40.4368 3.52345 18.4
      vertex 40.613 4.885 18.4
    endloop
  endfacet
  facet normal 0 0 1
    outer loop
      vertex 40.4368 3.52345 18.4
      vertex 40.2606 4.8619 18.4
      vertex 40.2636 3.489 18.4
    endloop
  endfacet
  facet normal -0 0 1
    outer loop
      vertex 39.9142 4.793 18.4
      vertex 40.2636 3.489 18.4
      vertex 40.2606 4.8619 18.4
    endloop
  endfacet
  facet normal 0 0 1
    outer loop
      vertex 40.2636 3.489 18.4
      vertex 39.9142 4.793 18.4
      vertex 40.0964 3.43224 18.4
    endloop
  endfacet
  facet normal -0 0 1
    outer loop
      vertex 39.5798 4.67947 18.4
      vertex 40.0964 3.43224 18.4
      vertex 39.9142 4.793 18.4
    endloop
  endfacet
  facet normal 0 0 1
    outer loop
      vertex 40.0964 3.43224 18.4
      vertex 39.5798 4.67947 18.4
      vertex 39.938 3.35413 18.4
    endloop
  endfacet
  facet normal -0 0 1
    outer loop
      vertex 39.263 4.52327 18.4
      vertex 39.938 3.35413 18.4
      vertex 39.5798 4.67947 18.4
    endloop
  endfacet
  facet normal 0 0 1
    outer loop
      vertex 39.938 3.35413 18.4
      vertex 39.263 4.52327 18.4
      vertex 39.7912 3.25603 18.4
    endloop
  endfacet
  facet normal -0 0 1
    outer loop
      vertex 38.9693 4.32705 18.4
      vertex 39.7912 3.25603 18.4
      vertex 39.263 4.52327 18.4
    endloop
  endfacet
  facet normal 0 0 1
    outer loop
      vertex 39.7912 3.25603 18.4
      vertex 38.9693 4.32705 18.4
      vertex 39.6584 3.13959 18.4
    endloop
  endfacet
  facet normal -0 0 1
    outer loop
      vertex 38.7038 4.09419 18.4
      vertex 39.6584 3.13959 18.4
      vertex 38.9693 4.32705 18.4
    endloop
  endfacet
  facet normal 0 0 1
    outer loop
      vertex 39.6584 3.13959 18.4
      vertex 38.7038 4.09419 18.4
      vertex 39.542 3.00683 18.4
    endloop
  endfacet
  facet normal -0 0 1
    outer loop
      vertex 38.4709 3.82866 18.4
      vertex 39.542 3.00683 18.4
      vertex 38.7038 4.09419 18.4
    endloop
  endfacet
  facet normal 0 0 1
    outer loop
      vertex 39.542 3.00683 18.4
      vertex 38.4709 3.82866 18.4
      vertex 39.4439 2.86 18.4
    endloop
  endfacet
  facet normal -0 0 1
    outer loop
      vertex 38.2747 3.535 18.4
      vertex 39.4439 2.86 18.4
      vertex 38.4709 3.82866 18.4
    endloop
  endfacet
  facet normal 0 0 1
    outer loop
      vertex 39.4439 2.86 18.4
      vertex 38.2747 3.535 18.4
      vertex 39.3658 2.70162 18.4
    endloop
  endfacet
  facet normal -0 0 1
    outer loop
      vertex 38.1185 3.21825 18.4
      vertex 39.3658 2.70162 18.4
      vertex 38.2747 3.535 18.4
    endloop
  endfacet
  facet normal 0 0 1
    outer loop
      vertex 39.263 2.185 18.4
      vertex 38.9693 0.0429464 18.4
      vertex 39.263 -0.153268 18.4
    endloop
  endfacet
  facet normal 0 0 1
    outer loop
      vertex 39.3658 2.70162 18.4
      vertex 38.1185 3.21825 18.4
      vertex 39.309 2.53441 18.4
    endloop
  endfacet
  facet normal 0 0 1
    outer loop
      vertex 39.263 2.185 18.4
      vertex 38.7038 0.275812 18.4
      vertex 38.9693 0.0429464 18.4
    endloop
  endfacet
  facet normal -0 0 1
    outer loop
      vertex 38.005 2.88381 18.4
      vertex 39.309 2.53441 18.4
      vertex 38.1185 3.21825 18.4
    endloop
  endfacet
  facet normal 0 0 1
    outer loop
      vertex 39.263 2.185 18.4
      vertex 38.4709 0.541344 18.4
      vertex 38.7038 0.275812 18.4
    endloop
  endfacet
  facet normal 0 0 1
    outer loop
      vertex 39.309 2.53441 18.4
      vertex 38.005 2.88381 18.4
      vertex 39.2746 2.36121 18.4
    endloop
  endfacet
  facet normal 0 0 1
    outer loop
      vertex 39.263 2.185 18.4
      vertex 38.2747 0.835001 18.4
      vertex 38.4709 0.541344 18.4
    endloop
  endfacet
  facet normal -0 0 1
    outer loop
      vertex 37.9361 2.53742 18.4
      vertex 39.2746 2.36121 18.4
      vertex 38.005 2.88381 18.4
    endloop
  endfacet
  facet normal 0 0 1
    outer loop
      vertex 39.263 2.185 18.4
      vertex 38.1185 1.15175 18.4
      vertex 38.2747 0.835001 18.4
    endloop
  endfacet
  facet normal 0 0 1
    outer loop
      vertex 39.2746 2.36121 18.4
      vertex 37.9361 2.53742 18.4
      vertex 39.263 2.185 18.4
    endloop
  endfacet
  facet normal 0 0 1
    outer loop
      vertex 39.263 2.185 18.4
      vertex 38.005 1.48619 18.4
      vertex 38.1185 1.15175 18.4
    endloop
  endfacet
  facet normal 0 0 1
    outer loop
      vertex 37.913 2.185 18.4
      vertex 39.263 2.185 18.4
      vertex 37.9361 2.53742 18.4
    endloop
  endfacet
  facet normal 0 0 1
    outer loop
      vertex 39.263 2.185 18.4
      vertex 37.9361 1.83258 18.4
      vertex 38.005 1.48619 18.4
    endloop
  endfacet
  facet normal 0 0 1
    outer loop
      vertex 39.263 2.185 18.4
      vertex 37.913 2.185 18.4
      vertex 37.9361 1.83258 18.4
    endloop
  endfacet
  facet normal 0 0 1
    outer loop
      vertex 41.963 2.185 18.4
      vertex 43.313 2.185 18.4
      vertex 43.2899 2.53742 18.4
    endloop
  endfacet
  facet normal 0 0 1
    outer loop
      vertex 41.9515 2.36121 18.4
      vertex 43.2899 2.53742 18.4
      vertex 43.221 2.88381 18.4
    endloop
  endfacet
  facet normal 0 0 1
    outer loop
      vertex 43.313 2.185 18.4
      vertex 41.963 2.185 18.4
      vertex 43.2899 1.83258 18.4
    endloop
  endfacet
  facet normal 0 0 1
    outer loop
      vertex 41.9515 2.36121 18.4
      vertex 43.221 2.88381 18.4
      vertex 43.1075 3.21825 18.4
    endloop
  endfacet
  facet normal -0 0 1
    outer loop
      vertex 41.9515 2.00879 18.4
      vertex 43.2899 1.83258 18.4
      vertex 41.963 2.185 18.4
    endloop
  endfacet
  facet normal 0 0 1
    outer loop
      vertex 41.9515 2.36121 18.4
      vertex 43.1075 3.21825 18.4
      vertex 42.9513 3.535 18.4
    endloop
  endfacet
  facet normal 0 0 1
    outer loop
      vertex 43.2899 1.83258 18.4
      vertex 41.9515 2.00879 18.4
      vertex 43.221 1.48619 18.4
    endloop
  endfacet
  facet normal 0 0 1
    outer loop
      vertex 41.9515 2.36121 18.4
      vertex 42.9513 3.535 18.4
      vertex 42.7551 3.82866 18.4
    endloop
  endfacet
  facet normal -0 0 1
    outer loop
      vertex 41.917 1.83559 18.4
      vertex 43.221 1.48619 18.4
      vertex 41.9515 2.00879 18.4
    endloop
  endfacet
  facet normal 0 0 1
    outer loop
      vertex 41.9515 2.36121 18.4
      vertex 42.7551 3.82866 18.4
      vertex 42.5222 4.09419 18.4
    endloop
  endfacet
  facet normal 0 0 1
    outer loop
      vertex 43.221 1.48619 18.4
      vertex 41.917 1.83559 18.4
      vertex 43.1075 1.15175 18.4
    endloop
  endfacet
  facet normal 0 0 1
    outer loop
      vertex 41.9515 2.36121 18.4
      vertex 42.5222 4.09419 18.4
      vertex 42.2567 4.32705 18.4
    endloop
  endfacet
  facet normal -0 0 1
    outer loop
      vertex 41.8602 1.66838 18.4
      vertex 43.1075 1.15175 18.4
      vertex 41.917 1.83559 18.4
    endloop
  endfacet
  facet normal 0 0 1
    outer loop
      vertex 41.4348 3.25603 18.4
      vertex 42.2567 4.32705 18.4
      vertex 41.963 4.52327 18.4
    endloop
  endfacet
  facet normal 0 0 1
    outer loop
      vertex 43.1075 1.15175 18.4
      vertex 41.8602 1.66838 18.4
      vertex 42.9513 0.835001 18.4
    endloop
  endfacet
  facet normal -0 0 1
    outer loop
      vertex 41.7821 1.51 18.4
      vertex 42.9513 0.835001 18.4
      vertex 41.8602 1.66838 18.4
    endloop
  endfacet
  facet normal 0 0 1
    outer loop
      vertex 42.9513 0.835001 18.4
      vertex 41.7821 1.51 18.4
      vertex 42.7551 0.541344 18.4
    endloop
  endfacet
  facet normal -0 0 1
    outer loop
      vertex 41.684 1.36317 18.4
      vertex 42.7551 0.541344 18.4
      vertex 41.7821 1.51 18.4
    endloop
  endfacet
  facet normal 0 0 1
    outer loop
      vertex 42.7551 0.541344 18.4
      vertex 41.684 1.36317 18.4
      vertex 42.5222 0.275812 18.4
    endloop
  endfacet
  facet normal -0 0 1
    outer loop
      vertex 41.5676 1.23041 18.4
      vertex 42.5222 0.275812 18.4
      vertex 41.684 1.36317 18.4
    endloop
  endfacet
  facet normal 0 0 1
    outer loop
      vertex 42.5222 0.275812 18.4
      vertex 41.5676 1.23041 18.4
      vertex 42.2567 0.0429464 18.4
    endloop
  endfacet
  facet normal -0 0 1
    outer loop
      vertex 41.4348 1.11397 18.4
      vertex 42.2567 0.0429464 18.4
      vertex 41.5676 1.23041 18.4
    endloop
  endfacet
  facet normal 0 0 1
    outer loop
      vertex 42.2567 0.0429464 18.4
      vertex 41.4348 1.11397 18.4
      vertex 41.963 -0.153268 18.4
    endloop
  endfacet
  facet normal -0 0 1
    outer loop
      vertex 41.288 1.01587 18.4
      vertex 41.963 -0.153268 18.4
      vertex 41.4348 1.11397 18.4
    endloop
  endfacet
  facet normal 0 0 1
    outer loop
      vertex 41.963 -0.153268 18.4
      vertex 41.288 1.01587 18.4
      vertex 41.6462 -0.309474 18.4
    endloop
  endfacet
  facet normal -0 0 1
    outer loop
      vertex 41.1296 0.937763 18.4
      vertex 41.6462 -0.309474 18.4
      vertex 41.288 1.01587 18.4
    endloop
  endfacet
  facet normal 0 0 1
    outer loop
      vertex 41.6462 -0.309474 18.4
      vertex 41.1296 0.937763 18.4
      vertex 41.3118 -0.422999 18.4
    endloop
  endfacet
  facet normal -0 0 1
    outer loop
      vertex 40.9624 0.881001 18.4
      vertex 41.3118 -0.422999 18.4
      vertex 41.1296 0.937763 18.4
    endloop
  endfacet
  facet normal 0 0 1
    outer loop
      vertex 41.3118 -0.422999 18.4
      vertex 40.9624 0.881001 18.4
      vertex 40.9654 -0.491901 18.4
    endloop
  endfacet
  facet normal -0 0 1
    outer loop
      vertex 40.7892 0.84655 18.4
      vertex 40.9654 -0.491901 18.4
      vertex 40.9624 0.881001 18.4
    endloop
  endfacet
  facet normal -0 0 1
    outer loop
      vertex 40.613 0.835001 18.4
      vertex 40.9654 -0.491901 18.4
      vertex 40.7892 0.84655 18.4
    endloop
  endfacet
  facet normal 0 0 1
    outer loop
      vertex 40.613 0.835001 18.4
      vertex 40.613 -0.515 18.4
      vertex 40.9654 -0.491901 18.4
    endloop
  endfacet
  facet normal 0 0 1
    outer loop
      vertex 40.4368 0.84655 18.4
      vertex 40.613 -0.515 18.4
      vertex 40.613 0.835001 18.4
    endloop
  endfacet
  facet normal 0 0 1
    outer loop
      vertex 40.2606 -0.491901 18.4
      vertex 40.4368 0.84655 18.4
      vertex 40.2636 0.881001 18.4
    endloop
  endfacet
  facet normal 0 0 1
    outer loop
      vertex 40.4368 0.84655 18.4
      vertex 40.2606 -0.491901 18.4
      vertex 40.613 -0.515 18.4
    endloop
  endfacet
  facet normal 0 0 1
    outer loop
      vertex 39.9142 -0.422999 18.4
      vertex 40.2636 0.881001 18.4
      vertex 40.0964 0.937763 18.4
    endloop
  endfacet
  facet normal 0 0 1
    outer loop
      vertex 39.5798 -0.309474 18.4
      vertex 40.0964 0.937763 18.4
      vertex 39.938 1.01587 18.4
    endloop
  endfacet
  facet normal 0 0 1
    outer loop
      vertex 40.2636 0.881001 18.4
      vertex 39.9142 -0.422999 18.4
      vertex 40.2606 -0.491901 18.4
    endloop
  endfacet
  facet normal 0 0 1
    outer loop
      vertex 39.263 -0.153268 18.4
      vertex 39.938 1.01587 18.4
      vertex 39.7912 1.11397 18.4
    endloop
  endfacet
  facet normal 0 0 1
    outer loop
      vertex 39.263 -0.153268 18.4
      vertex 39.7912 1.11397 18.4
      vertex 39.6584 1.23041 18.4
    endloop
  endfacet
  facet normal 0 0 1
    outer loop
      vertex 40.0964 0.937763 18.4
      vertex 39.5798 -0.309474 18.4
      vertex 39.9142 -0.422999 18.4
    endloop
  endfacet
  facet normal 0 0 1
    outer loop
      vertex 39.263 -0.153268 18.4
      vertex 39.6584 1.23041 18.4
      vertex 39.542 1.36317 18.4
    endloop
  endfacet
  facet normal 0 0 1
    outer loop
      vertex 39.263 -0.153268 18.4
      vertex 39.542 1.36317 18.4
      vertex 39.4439 1.51 18.4
    endloop
  endfacet
  facet normal 0 0 1
    outer loop
      vertex 39.263 -0.153268 18.4
      vertex 39.4439 1.51 18.4
      vertex 39.3658 1.66838 18.4
    endloop
  endfacet
  facet normal 0 0 1
    outer loop
      vertex 39.263 -0.153268 18.4
      vertex 39.3658 1.66838 18.4
      vertex 39.309 1.83559 18.4
    endloop
  endfacet
  facet normal 0 0 1
    outer loop
      vertex 39.263 -0.153268 18.4
      vertex 39.309 1.83559 18.4
      vertex 39.2746 2.00879 18.4
    endloop
  endfacet
  facet normal 0 0 1
    outer loop
      vertex 39.938 1.01587 18.4
      vertex 39.263 -0.153268 18.4
      vertex 39.5798 -0.309474 18.4
    endloop
  endfacet
  facet normal 0 0 1
    outer loop
      vertex 39.263 -0.153268 18.4
      vertex 39.2746 2.00879 18.4
      vertex 39.263 2.185 18.4
    endloop
  endfacet
  facet normal -0.555523 0.831501 0
    outer loop
      vertex 39.263 4.52327 2.4
      vertex 38.9693 4.32705 18.4
      vertex 39.263 4.52327 18.4
    endloop
  endfacet
  facet normal -0.555523 0.831501 0
    outer loop
      vertex 38.9693 4.32705 18.4
      vertex 39.263 4.52327 2.4
      vertex 38.9693 4.32705 2.4
    endloop
  endfacet
  facet normal -0.0654101 0.997858 0
    outer loop
      vertex 40.613 4.885 2.4
      vertex 40.2606 4.8619 18.4
      vertex 40.613 4.885 18.4
    endloop
  endfacet
  facet normal -0.0654101 0.997858 0
    outer loop
      vertex 40.2606 4.8619 18.4
      vertex 40.613 4.885 2.4
      vertex 40.2606 4.8619 2.4
    endloop
  endfacet
  facet normal 0.195087 -0.980786 0
    outer loop
      vertex 40.9654 -0.491901 2.4
      vertex 41.3118 -0.422999 18.4
      vertex 40.9654 -0.491901 18.4
    endloop
  endfacet
  facet normal 0.195087 -0.980786 0
    outer loop
      vertex 41.3118 -0.422999 18.4
      vertex 40.9654 -0.491901 2.4
      vertex 41.3118 -0.422999 2.4
    endloop
  endfacet
  facet normal 0.0654073 -0.997859 0
    outer loop
      vertex 40.613 -0.515 2.4
      vertex 40.9654 -0.491901 18.4
      vertex 40.613 -0.515 18.4
    endloop
  endfacet
  facet normal 0.0654073 -0.997859 0
    outer loop
      vertex 40.9654 -0.491901 18.4
      vertex 40.613 -0.515 2.4
      vertex 40.9654 -0.491901 2.4
    endloop
  endfacet
  facet normal -0.659391 -0.7518 0
    outer loop
      vertex 38.7038 0.275812 2.4
      vertex 38.9693 0.0429464 18.4
      vertex 38.7038 0.275812 18.4
    endloop
  endfacet
  facet normal -0.659391 -0.7518 -0
    outer loop
      vertex 38.9693 0.0429464 18.4
      vertex 38.7038 0.275812 2.4
      vertex 38.9693 0.0429464 2.4
    endloop
  endfacet
  facet normal -0.321469 -0.94692 0
    outer loop
      vertex 39.5798 -0.309474 2.4
      vertex 39.9142 -0.422999 18.4
      vertex 39.5798 -0.309474 18.4
    endloop
  endfacet
  facet normal -0.321469 -0.94692 -0
    outer loop
      vertex 39.9142 -0.422999 18.4
      vertex 39.5798 -0.309474 2.4
      vertex 39.9142 -0.422999 2.4
    endloop
  endfacet
  facet normal -0.751791 -0.659401 0
    outer loop
      vertex 38.7038 0.275812 2.4
      vertex 38.4709 0.541344 18.4
      vertex 38.4709 0.541344 2.4
    endloop
  endfacet
  facet normal -0.751791 -0.659401 0
    outer loop
      vertex 38.4709 0.541344 18.4
      vertex 38.7038 0.275812 2.4
      vertex 38.7038 0.275812 18.4
    endloop
  endfacet
  facet normal -0.997859 -0.0654064 0
    outer loop
      vertex 37.9361 1.83258 2.4
      vertex 37.913 2.185 18.4
      vertex 37.913 2.185 2.4
    endloop
  endfacet
  facet normal -0.997859 -0.0654064 0
    outer loop
      vertex 37.913 2.185 18.4
      vertex 37.9361 1.83258 2.4
      vertex 37.9361 1.83258 18.4
    endloop
  endfacet
  facet normal 0.831492 0.555536 0
    outer loop
      vertex 42.9513 3.535 18.4
      vertex 42.7551 3.82866 2.4
      vertex 42.7551 3.82866 18.4
    endloop
  endfacet
  facet normal 0.831492 0.555536 0
    outer loop
      vertex 42.7551 3.82866 2.4
      vertex 42.9513 3.535 18.4
      vertex 42.9513 3.535 2.4
    endloop
  endfacet
  facet normal 0.896877 0.44228 0
    outer loop
      vertex 43.1075 3.21825 18.4
      vertex 42.9513 3.535 2.4
      vertex 42.9513 3.535 18.4
    endloop
  endfacet
  facet normal 0.896877 0.44228 0
    outer loop
      vertex 42.9513 3.535 2.4
      vertex 43.1075 3.21825 18.4
      vertex 43.1075 3.21825 2.4
    endloop
  endfacet
  facet normal 0.195081 0.980787 -0
    outer loop
      vertex 41.3118 4.793 2.4
      vertex 40.9654 4.8619 18.4
      vertex 41.3118 4.793 18.4
    endloop
  endfacet
  facet normal 0.195081 0.980787 0
    outer loop
      vertex 40.9654 4.8619 18.4
      vertex 41.3118 4.793 2.4
      vertex 40.9654 4.8619 2.4
    endloop
  endfacet
  facet normal 0.555523 0.831501 -0
    outer loop
      vertex 42.2567 4.32705 2.4
      vertex 41.963 4.52327 18.4
      vertex 42.2567 4.32705 18.4
    endloop
  endfacet
  facet normal 0.555523 0.831501 0
    outer loop
      vertex 41.963 4.52327 18.4
      vertex 42.2567 4.32705 2.4
      vertex 41.963 4.52327 2.4
    endloop
  endfacet
  facet normal -0.896877 0.44228 0
    outer loop
      vertex 38.1185 3.21825 2.4
      vertex 38.2747 3.535 18.4
      vertex 38.2747 3.535 2.4
    endloop
  endfacet
  facet normal -0.896877 0.44228 0
    outer loop
      vertex 38.2747 3.535 18.4
      vertex 38.1185 3.21825 2.4
      vertex 38.1185 3.21825 18.4
    endloop
  endfacet
  facet normal -0.946953 0.321371 0
    outer loop
      vertex 38.005 2.88381 2.4
      vertex 38.1185 3.21825 18.4
      vertex 38.1185 3.21825 2.4
    endloop
  endfacet
  facet normal -0.946953 0.321371 0
    outer loop
      vertex 38.1185 3.21825 18.4
      vertex 38.005 2.88381 2.4
      vertex 38.005 2.88381 18.4
    endloop
  endfacet
  facet normal -0.980786 0.195087 0
    outer loop
      vertex 37.9361 2.53742 2.4
      vertex 38.005 2.88381 18.4
      vertex 38.005 2.88381 2.4
    endloop
  endfacet
  facet normal -0.980786 0.195087 0
    outer loop
      vertex 38.005 2.88381 18.4
      vertex 37.9361 2.53742 2.4
      vertex 37.9361 2.53742 18.4
    endloop
  endfacet
  facet normal -0.442224 0.896905 0
    outer loop
      vertex 39.5798 4.67947 2.4
      vertex 39.263 4.52327 18.4
      vertex 39.5798 4.67947 18.4
    endloop
  endfacet
  facet normal -0.442224 0.896905 0
    outer loop
      vertex 39.263 4.52327 18.4
      vertex 39.5798 4.67947 2.4
      vertex 39.263 4.52327 2.4
    endloop
  endfacet
  facet normal -0.195081 0.980787 0
    outer loop
      vertex 40.2606 4.8619 2.4
      vertex 39.9142 4.793 18.4
      vertex 40.2606 4.8619 18.4
    endloop
  endfacet
  facet normal -0.195081 0.980787 0
    outer loop
      vertex 39.9142 4.793 18.4
      vertex 40.2606 4.8619 2.4
      vertex 39.9142 4.793 2.4
    endloop
  endfacet
  facet normal 0.997859 -0.0654064 0
    outer loop
      vertex 43.2899 1.83258 18.4
      vertex 43.313 2.185 2.4
      vertex 43.313 2.185 18.4
    endloop
  endfacet
  facet normal 0.997859 -0.0654064 0
    outer loop
      vertex 43.313 2.185 2.4
      vertex 43.2899 1.83258 18.4
      vertex 43.2899 1.83258 2.4
    endloop
  endfacet
  facet normal 0.442238 -0.896898 0
    outer loop
      vertex 41.6462 -0.309474 2.4
      vertex 41.963 -0.153268 18.4
      vertex 41.6462 -0.309474 18.4
    endloop
  endfacet
  facet normal 0.442238 -0.896898 0
    outer loop
      vertex 41.963 -0.153268 18.4
      vertex 41.6462 -0.309474 2.4
      vertex 41.963 -0.153268 2.4
    endloop
  endfacet
  facet normal 0.659391 -0.7518 0
    outer loop
      vertex 42.2567 0.0429464 2.4
      vertex 42.5222 0.275812 18.4
      vertex 42.2567 0.0429464 18.4
    endloop
  endfacet
  facet normal 0.659391 -0.7518 0
    outer loop
      vertex 42.5222 0.275812 18.4
      vertex 42.2567 0.0429464 2.4
      vertex 42.5222 0.275812 2.4
    endloop
  endfacet
  facet normal -0.555512 -0.831508 0
    outer loop
      vertex 38.9693 0.0429464 2.4
      vertex 39.263 -0.153268 18.4
      vertex 38.9693 0.0429464 18.4
    endloop
  endfacet
  facet normal -0.555512 -0.831508 -0
    outer loop
      vertex 39.263 -0.153268 18.4
      vertex 38.9693 0.0429464 2.4
      vertex 39.263 -0.153268 2.4
    endloop
  endfacet
  facet normal -0.0654073 -0.997859 0
    outer loop
      vertex 40.2606 -0.491901 2.4
      vertex 40.613 -0.515 18.4
      vertex 40.2606 -0.491901 18.4
    endloop
  endfacet
  facet normal -0.0654073 -0.997859 -0
    outer loop
      vertex 40.613 -0.515 18.4
      vertex 40.2606 -0.491901 2.4
      vertex 40.613 -0.515 2.4
    endloop
  endfacet
  facet normal -0.896876 -0.442281 0
    outer loop
      vertex 38.2747 0.835001 2.4
      vertex 38.1185 1.15175 18.4
      vertex 38.1185 1.15175 2.4
    endloop
  endfacet
  facet normal -0.896876 -0.442281 0
    outer loop
      vertex 38.1185 1.15175 18.4
      vertex 38.2747 0.835001 2.4
      vertex 38.2747 0.835001 18.4
    endloop
  endfacet
  facet normal 0.321481 0.946916 -0
    outer loop
      vertex 41.6462 4.67947 2.4
      vertex 41.3118 4.793 18.4
      vertex 41.6462 4.67947 18.4
    endloop
  endfacet
  facet normal 0.321481 0.946916 0
    outer loop
      vertex 41.3118 4.793 18.4
      vertex 41.6462 4.67947 2.4
      vertex 41.3118 4.793 2.4
    endloop
  endfacet
  facet normal 0.946953 -0.321371 0
    outer loop
      vertex 43.1075 1.15175 18.4
      vertex 43.221 1.48619 2.4
      vertex 43.221 1.48619 18.4
    endloop
  endfacet
  facet normal 0.946953 -0.321371 0
    outer loop
      vertex 43.221 1.48619 2.4
      vertex 43.1075 1.15175 18.4
      vertex 43.1075 1.15175 2.4
    endloop
  endfacet
  facet normal 0.321469 -0.94692 0
    outer loop
      vertex 41.3118 -0.422999 2.4
      vertex 41.6462 -0.309474 18.4
      vertex 41.3118 -0.422999 18.4
    endloop
  endfacet
  facet normal 0.321469 -0.94692 0
    outer loop
      vertex 41.6462 -0.309474 18.4
      vertex 41.3118 -0.422999 2.4
      vertex 41.6462 -0.309474 2.4
    endloop
  endfacet
  facet normal 0.555512 -0.831508 0
    outer loop
      vertex 41.963 -0.153268 2.4
      vertex 42.2567 0.0429464 18.4
      vertex 41.963 -0.153268 18.4
    endloop
  endfacet
  facet normal 0.555512 -0.831508 0
    outer loop
      vertex 42.2567 0.0429464 18.4
      vertex 41.963 -0.153268 2.4
      vertex 42.2567 0.0429464 2.4
    endloop
  endfacet
  facet normal 0.83149 -0.55554 0
    outer loop
      vertex 42.7551 0.541344 18.4
      vertex 42.9513 0.835001 2.4
      vertex 42.9513 0.835001 18.4
    endloop
  endfacet
  facet normal 0.83149 -0.55554 0
    outer loop
      vertex 42.9513 0.835001 2.4
      vertex 42.7551 0.541344 18.4
      vertex 42.7551 0.541344 2.4
    endloop
  endfacet
  facet normal -0.442238 -0.896898 0
    outer loop
      vertex 39.263 -0.153268 2.4
      vertex 39.5798 -0.309474 18.4
      vertex 39.263 -0.153268 18.4
    endloop
  endfacet
  facet normal -0.442238 -0.896898 -0
    outer loop
      vertex 39.5798 -0.309474 18.4
      vertex 39.263 -0.153268 2.4
      vertex 39.5798 -0.309474 2.4
    endloop
  endfacet
  facet normal -0.195087 -0.980786 0
    outer loop
      vertex 39.9142 -0.422999 2.4
      vertex 40.2606 -0.491901 18.4
      vertex 39.9142 -0.422999 18.4
    endloop
  endfacet
  facet normal -0.195087 -0.980786 -0
    outer loop
      vertex 40.2606 -0.491901 18.4
      vertex 39.9142 -0.422999 2.4
      vertex 40.2606 -0.491901 2.4
    endloop
  endfacet
  facet normal -0.83149 -0.55554 0
    outer loop
      vertex 38.4709 0.541344 2.4
      vertex 38.2747 0.835001 18.4
      vertex 38.2747 0.835001 2.4
    endloop
  endfacet
  facet normal -0.83149 -0.55554 0
    outer loop
      vertex 38.2747 0.835001 18.4
      vertex 38.4709 0.541344 2.4
      vertex 38.4709 0.541344 18.4
    endloop
  endfacet
  facet normal -0.946953 -0.321371 0
    outer loop
      vertex 38.1185 1.15175 2.4
      vertex 38.005 1.48619 18.4
      vertex 38.005 1.48619 2.4
    endloop
  endfacet
  facet normal -0.946953 -0.321371 0
    outer loop
      vertex 38.005 1.48619 18.4
      vertex 38.1185 1.15175 2.4
      vertex 38.1185 1.15175 18.4
    endloop
  endfacet
  facet normal 0.980786 -0.195087 0
    outer loop
      vertex 43.221 1.48619 18.4
      vertex 43.2899 1.83258 2.4
      vertex 43.2899 1.83258 18.4
    endloop
  endfacet
  facet normal 0.980786 -0.195087 0
    outer loop
      vertex 43.2899 1.83258 2.4
      vertex 43.221 1.48619 18.4
      vertex 43.221 1.48619 2.4
    endloop
  endfacet
  facet normal 0.896876 -0.442281 0
    outer loop
      vertex 42.9513 0.835001 18.4
      vertex 43.1075 1.15175 2.4
      vertex 43.1075 1.15175 18.4
    endloop
  endfacet
  facet normal 0.896876 -0.442281 0
    outer loop
      vertex 43.1075 1.15175 2.4
      vertex 42.9513 0.835001 18.4
      vertex 42.9513 0.835001 2.4
    endloop
  endfacet
  facet normal -0.997877 -0.0651245 0
    outer loop
      vertex 41.963 2.185 2.4
      vertex 41.9515 2.36121 18.4
      vertex 41.9515 2.36121 2.4
    endloop
  endfacet
  facet normal -0.997877 -0.0651245 0
    outer loop
      vertex 41.9515 2.36121 18.4
      vertex 41.963 2.185 2.4
      vertex 41.963 2.185 18.4
    endloop
  endfacet
  facet normal 0.99784 -0.0656884 0
    outer loop
      vertex 39.263 2.185 18.4
      vertex 39.2746 2.36121 2.4
      vertex 39.2746 2.36121 18.4
    endloop
  endfacet
  facet normal 0.99784 -0.0656884 0
    outer loop
      vertex 39.2746 2.36121 2.4
      vertex 39.263 2.185 18.4
      vertex 39.263 2.185 2.4
    endloop
  endfacet
  facet normal 0.0654101 -0.997858 0
    outer loop
      vertex 40.4368 3.52345 2.4
      vertex 40.613 3.535 18.4
      vertex 40.4368 3.52345 18.4
    endloop
  endfacet
  facet normal 0.0654101 -0.997858 0
    outer loop
      vertex 40.613 3.535 18.4
      vertex 40.4368 3.52345 2.4
      vertex 40.613 3.535 2.4
    endloop
  endfacet
  facet normal -0.0654045 0.997859 0
    outer loop
      vertex 40.7892 0.84655 2.4
      vertex 40.613 0.835001 18.4
      vertex 40.7892 0.84655 18.4
    endloop
  endfacet
  facet normal -0.0654045 0.997859 0
    outer loop
      vertex 40.613 0.835001 18.4
      vertex 40.7892 0.84655 2.4
      vertex 40.613 0.835001 2.4
    endloop
  endfacet
  facet normal -0.751917 0.659258 0
    outer loop
      vertex 41.5676 1.23041 2.4
      vertex 41.684 1.36317 18.4
      vertex 41.684 1.36317 2.4
    endloop
  endfacet
  facet normal -0.751917 0.659258 0
    outer loop
      vertex 41.684 1.36317 18.4
      vertex 41.5676 1.23041 2.4
      vertex 41.5676 1.23041 18.4
    endloop
  endfacet
  facet normal -0.659274 -0.751903 0
    outer loop
      vertex 41.4348 3.25603 2.4
      vertex 41.5676 3.13959 18.4
      vertex 41.4348 3.25603 18.4
    endloop
  endfacet
  facet normal -0.659274 -0.751903 -0
    outer loop
      vertex 41.5676 3.13959 18.4
      vertex 41.4348 3.25603 2.4
      vertex 41.5676 3.13959 2.4
    endloop
  endfacet
  facet normal 0.751917 -0.659258 0
    outer loop
      vertex 39.542 3.00683 18.4
      vertex 39.6584 3.13959 2.4
      vertex 39.6584 3.13959 18.4
    endloop
  endfacet
  facet normal 0.751917 -0.659258 0
    outer loop
      vertex 39.6584 3.13959 2.4
      vertex 39.542 3.00683 18.4
      vertex 39.542 3.00683 2.4
    endloop
  endfacet
  facet normal 0.442269 -0.896882 0
    outer loop
      vertex 39.938 3.35413 2.4
      vertex 40.0964 3.43224 18.4
      vertex 39.938 3.35413 18.4
    endloop
  endfacet
  facet normal 0.442269 -0.896882 0
    outer loop
      vertex 40.0964 3.43224 18.4
      vertex 39.938 3.35413 2.4
      vertex 40.0964 3.43224 2.4
    endloop
  endfacet
  facet normal -0.896883 -0.442269 0
    outer loop
      vertex 41.8602 2.70162 2.4
      vertex 41.7821 2.86 18.4
      vertex 41.7821 2.86 2.4
    endloop
  endfacet
  facet normal -0.896883 -0.442269 0
    outer loop
      vertex 41.7821 2.86 18.4
      vertex 41.8602 2.70162 2.4
      vertex 41.8602 2.70162 18.4
    endloop
  endfacet
  facet normal -0.831492 -0.555536 0
    outer loop
      vertex 41.7821 2.86 2.4
      vertex 41.684 3.00683 18.4
      vertex 41.684 3.00683 2.4
    endloop
  endfacet
  facet normal -0.831492 -0.555536 0
    outer loop
      vertex 41.684 3.00683 18.4
      vertex 41.7821 2.86 2.4
      vertex 41.7821 2.86 18.4
    endloop
  endfacet
  facet normal -0.321456 -0.946925 0
    outer loop
      vertex 40.9624 3.489 2.4
      vertex 41.1296 3.43224 18.4
      vertex 40.9624 3.489 18.4
    endloop
  endfacet
  facet normal -0.321456 -0.946925 -0
    outer loop
      vertex 41.1296 3.43224 18.4
      vertex 40.9624 3.489 2.4
      vertex 41.1296 3.43224 2.4
    endloop
  endfacet
  facet normal -0.195081 -0.980787 0
    outer loop
      vertex 40.7892 3.52345 2.4
      vertex 40.9624 3.489 18.4
      vertex 40.7892 3.52345 18.4
    endloop
  endfacet
  facet normal -0.195081 -0.980787 -0
    outer loop
      vertex 40.9624 3.489 18.4
      vertex 40.7892 3.52345 2.4
      vertex 40.9624 3.489 2.4
    endloop
  endfacet
  facet normal -0.442269 -0.896882 0
    outer loop
      vertex 41.1296 3.43224 2.4
      vertex 41.288 3.35413 18.4
      vertex 41.1296 3.43224 18.4
    endloop
  endfacet
  facet normal -0.442269 -0.896882 -0
    outer loop
      vertex 41.288 3.35413 18.4
      vertex 41.1296 3.43224 2.4
      vertex 41.288 3.35413 2.4
    endloop
  endfacet
  facet normal 0.896883 -0.442269 0
    outer loop
      vertex 39.3658 2.70162 18.4
      vertex 39.4439 2.86 2.4
      vertex 39.4439 2.86 18.4
    endloop
  endfacet
  facet normal 0.896883 -0.442269 0
    outer loop
      vertex 39.4439 2.86 2.4
      vertex 39.3658 2.70162 18.4
      vertex 39.3658 2.70162 2.4
    endloop
  endfacet
  facet normal 0.831492 -0.555536 0
    outer loop
      vertex 39.4439 2.86 18.4
      vertex 39.542 3.00683 2.4
      vertex 39.542 3.00683 18.4
    endloop
  endfacet
  facet normal 0.831492 -0.555536 0
    outer loop
      vertex 39.542 3.00683 2.4
      vertex 39.4439 2.86 18.4
      vertex 39.4439 2.86 2.4
    endloop
  endfacet
  facet normal 0.555615 -0.83144 0
    outer loop
      vertex 39.7912 3.25603 2.4
      vertex 39.938 3.35413 18.4
      vertex 39.7912 3.25603 18.4
    endloop
  endfacet
  facet normal 0.555615 -0.83144 0
    outer loop
      vertex 39.938 3.35413 18.4
      vertex 39.7912 3.25603 2.4
      vertex 39.938 3.35413 2.4
    endloop
  endfacet
  facet normal 0.321456 -0.946925 0
    outer loop
      vertex 40.0964 3.43224 2.4
      vertex 40.2636 3.489 18.4
      vertex 40.0964 3.43224 18.4
    endloop
  endfacet
  facet normal 0.321456 -0.946925 0
    outer loop
      vertex 40.2636 3.489 18.4
      vertex 40.0964 3.43224 2.4
      vertex 40.2636 3.489 2.4
    endloop
  endfacet
  facet normal -0.195087 0.980786 0
    outer loop
      vertex 40.9624 0.881001 2.4
      vertex 40.7892 0.84655 18.4
      vertex 40.9624 0.881001 18.4
    endloop
  endfacet
  facet normal -0.195087 0.980786 0
    outer loop
      vertex 40.7892 0.84655 18.4
      vertex 40.9624 0.881001 2.4
      vertex 40.7892 0.84655 2.4
    endloop
  endfacet
  facet normal -0.946861 -0.321642 0
    outer loop
      vertex 41.917 2.53441 2.4
      vertex 41.8602 2.70162 18.4
      vertex 41.8602 2.70162 2.4
    endloop
  endfacet
  facet normal -0.946861 -0.321642 0
    outer loop
      vertex 41.8602 2.70162 18.4
      vertex 41.917 2.53441 2.4
      vertex 41.917 2.53441 18.4
    endloop
  endfacet
  facet normal -0.980733 -0.195354 0
    outer loop
      vertex 41.9515 2.36121 2.4
      vertex 41.917 2.53441 18.4
      vertex 41.917 2.53441 2.4
    endloop
  endfacet
  facet normal -0.980733 -0.195354 0
    outer loop
      vertex 41.917 2.53441 18.4
      vertex 41.9515 2.36121 2.4
      vertex 41.9515 2.36121 18.4
    endloop
  endfacet
  facet normal -0.751917 -0.659258 0
    outer loop
      vertex 41.684 3.00683 2.4
      vertex 41.5676 3.13959 18.4
      vertex 41.5676 3.13959 2.4
    endloop
  endfacet
  facet normal -0.751917 -0.659258 0
    outer loop
      vertex 41.5676 3.13959 18.4
      vertex 41.684 3.00683 2.4
      vertex 41.684 3.00683 18.4
    endloop
  endfacet
  facet normal -0.0654101 -0.997858 0
    outer loop
      vertex 40.613 3.535 2.4
      vertex 40.7892 3.52345 18.4
      vertex 40.613 3.535 18.4
    endloop
  endfacet
  facet normal -0.0654101 -0.997858 -0
    outer loop
      vertex 40.7892 3.52345 18.4
      vertex 40.613 3.535 2.4
      vertex 40.7892 3.52345 2.4
    endloop
  endfacet
  facet normal -0.555615 -0.83144 0
    outer loop
      vertex 41.288 3.35413 2.4
      vertex 41.4348 3.25603 18.4
      vertex 41.288 3.35413 18.4
    endloop
  endfacet
  facet normal -0.555615 -0.83144 -0
    outer loop
      vertex 41.4348 3.25603 18.4
      vertex 41.288 3.35413 2.4
      vertex 41.4348 3.25603 2.4
    endloop
  endfacet
  facet normal 0.980841 -0.194809 0
    outer loop
      vertex 39.2746 2.36121 18.4
      vertex 39.309 2.53441 2.4
      vertex 39.309 2.53441 18.4
    endloop
  endfacet
  facet normal 0.980841 -0.194809 0
    outer loop
      vertex 39.309 2.53441 2.4
      vertex 39.2746 2.36121 18.4
      vertex 39.2746 2.36121 2.4
    endloop
  endfacet
  facet normal 0.659274 -0.751903 0
    outer loop
      vertex 39.6584 3.13959 2.4
      vertex 39.7912 3.25603 18.4
      vertex 39.6584 3.13959 18.4
    endloop
  endfacet
  facet normal 0.659274 -0.751903 0
    outer loop
      vertex 39.7912 3.25603 18.4
      vertex 39.6584 3.13959 2.4
      vertex 39.7912 3.25603 2.4
    endloop
  endfacet
  facet normal 0.195081 -0.980787 0
    outer loop
      vertex 40.2636 3.489 2.4
      vertex 40.4368 3.52345 18.4
      vertex 40.2636 3.489 18.4
    endloop
  endfacet
  facet normal 0.195081 -0.980787 0
    outer loop
      vertex 40.4368 3.52345 18.4
      vertex 40.2636 3.489 2.4
      vertex 40.4368 3.52345 2.4
    endloop
  endfacet
  facet normal -0.946861 0.321642 0
    outer loop
      vertex 41.8602 1.66838 2.4
      vertex 41.917 1.83559 18.4
      vertex 41.917 1.83559 2.4
    endloop
  endfacet
  facet normal -0.946861 0.321642 0
    outer loop
      vertex 41.917 1.83559 18.4
      vertex 41.8602 1.66838 2.4
      vertex 41.8602 1.66838 18.4
    endloop
  endfacet
  facet normal -0.980733 0.195354 0
    outer loop
      vertex 41.917 1.83559 2.4
      vertex 41.9515 2.00879 18.4
      vertex 41.9515 2.00879 2.4
    endloop
  endfacet
  facet normal -0.980733 0.195354 0
    outer loop
      vertex 41.9515 2.00879 18.4
      vertex 41.917 1.83559 2.4
      vertex 41.917 1.83559 18.4
    endloop
  endfacet
  facet normal 0.99784 0.0656884 0
    outer loop
      vertex 39.2746 2.00879 18.4
      vertex 39.263 2.185 2.4
      vertex 39.263 2.185 18.4
    endloop
  endfacet
  facet normal 0.99784 0.0656884 0
    outer loop
      vertex 39.263 2.185 2.4
      vertex 39.2746 2.00879 18.4
      vertex 39.2746 2.00879 2.4
    endloop
  endfacet
  facet normal -0.555615 0.83144 0
    outer loop
      vertex 41.4348 1.11397 2.4
      vertex 41.288 1.01587 18.4
      vertex 41.4348 1.11397 18.4
    endloop
  endfacet
  facet normal -0.555615 0.83144 0
    outer loop
      vertex 41.288 1.01587 18.4
      vertex 41.4348 1.11397 2.4
      vertex 41.288 1.01587 2.4
    endloop
  endfacet
  facet normal -0.442256 0.896889 0
    outer loop
      vertex 41.288 1.01587 2.4
      vertex 41.1296 0.937763 18.4
      vertex 41.288 1.01587 18.4
    endloop
  endfacet
  facet normal -0.442256 0.896889 0
    outer loop
      vertex 41.1296 0.937763 18.4
      vertex 41.288 1.01587 2.4
      vertex 41.1296 0.937763 2.4
    endloop
  endfacet
  facet normal 0.946861 -0.321642 0
    outer loop
      vertex 39.309 2.53441 18.4
      vertex 39.3658 2.70162 2.4
      vertex 39.3658 2.70162 18.4
    endloop
  endfacet
  facet normal 0.946861 -0.321642 0
    outer loop
      vertex 39.3658 2.70162 2.4
      vertex 39.309 2.53441 18.4
      vertex 39.309 2.53441 2.4
    endloop
  endfacet
  facet normal -0.831492 0.555536 0
    outer loop
      vertex 41.684 1.36317 2.4
      vertex 41.7821 1.51 18.4
      vertex 41.7821 1.51 2.4
    endloop
  endfacet
  facet normal -0.831492 0.555536 0
    outer loop
      vertex 41.7821 1.51 18.4
      vertex 41.684 1.36317 2.4
      vertex 41.684 1.36317 18.4
    endloop
  endfacet
  facet normal -0.997877 0.0651245 0
    outer loop
      vertex 41.9515 2.00879 2.4
      vertex 41.963 2.185 18.4
      vertex 41.963 2.185 2.4
    endloop
  endfacet
  facet normal -0.997877 0.0651245 0
    outer loop
      vertex 41.963 2.185 18.4
      vertex 41.9515 2.00879 2.4
      vertex 41.9515 2.00879 18.4
    endloop
  endfacet
  facet normal 0.321466 0.946921 -0
    outer loop
      vertex 40.2636 0.881001 2.4
      vertex 40.0964 0.937763 18.4
      vertex 40.2636 0.881001 18.4
    endloop
  endfacet
  facet normal 0.321466 0.946921 0
    outer loop
      vertex 40.0964 0.937763 18.4
      vertex 40.2636 0.881001 2.4
      vertex 40.0964 0.937763 2.4
    endloop
  endfacet
  facet normal 0.751917 0.659258 0
    outer loop
      vertex 39.6584 1.23041 18.4
      vertex 39.542 1.36317 2.4
      vertex 39.542 1.36317 18.4
    endloop
  endfacet
  facet normal 0.751917 0.659258 0
    outer loop
      vertex 39.542 1.36317 2.4
      vertex 39.6584 1.23041 18.4
      vertex 39.6584 1.23041 2.4
    endloop
  endfacet
  facet normal 0.980841 0.194809 0
    outer loop
      vertex 39.309 1.83559 18.4
      vertex 39.2746 2.00879 2.4
      vertex 39.2746 2.00879 18.4
    endloop
  endfacet
  facet normal 0.980841 0.194809 0
    outer loop
      vertex 39.2746 2.00879 2.4
      vertex 39.309 1.83559 18.4
      vertex 39.309 1.83559 2.4
    endloop
  endfacet
  facet normal 0.946861 0.321642 0
    outer loop
      vertex 39.3658 1.66838 18.4
      vertex 39.309 1.83559 2.4
      vertex 39.309 1.83559 18.4
    endloop
  endfacet
  facet normal 0.946861 0.321642 0
    outer loop
      vertex 39.309 1.83559 2.4
      vertex 39.3658 1.66838 18.4
      vertex 39.3658 1.66838 2.4
    endloop
  endfacet
  facet normal -0.659274 0.751903 0
    outer loop
      vertex 41.5676 1.23041 2.4
      vertex 41.4348 1.11397 18.4
      vertex 41.5676 1.23041 18.4
    endloop
  endfacet
  facet normal -0.659274 0.751903 0
    outer loop
      vertex 41.4348 1.11397 18.4
      vertex 41.5676 1.23041 2.4
      vertex 41.4348 1.11397 2.4
    endloop
  endfacet
  facet normal -0.321466 0.946921 0
    outer loop
      vertex 41.1296 0.937763 2.4
      vertex 40.9624 0.881001 18.4
      vertex 41.1296 0.937763 18.4
    endloop
  endfacet
  facet normal -0.321466 0.946921 0
    outer loop
      vertex 40.9624 0.881001 18.4
      vertex 41.1296 0.937763 2.4
      vertex 40.9624 0.881001 2.4
    endloop
  endfacet
  facet normal -0.896883 0.442269 0
    outer loop
      vertex 41.7821 1.51 2.4
      vertex 41.8602 1.66838 18.4
      vertex 41.8602 1.66838 2.4
    endloop
  endfacet
  facet normal -0.896883 0.442269 0
    outer loop
      vertex 41.8602 1.66838 18.4
      vertex 41.7821 1.51 2.4
      vertex 41.7821 1.51 18.4
    endloop
  endfacet
  facet normal 0.555615 0.83144 -0
    outer loop
      vertex 39.938 1.01587 2.4
      vertex 39.7912 1.11397 18.4
      vertex 39.938 1.01587 18.4
    endloop
  endfacet
  facet normal 0.555615 0.83144 0
    outer loop
      vertex 39.7912 1.11397 18.4
      vertex 39.938 1.01587 2.4
      vertex 39.7912 1.11397 2.4
    endloop
  endfacet
  facet normal 0.195087 0.980786 -0
    outer loop
      vertex 40.4368 0.84655 2.4
      vertex 40.2636 0.881001 18.4
      vertex 40.4368 0.84655 18.4
    endloop
  endfacet
  facet normal 0.195087 0.980786 0
    outer loop
      vertex 40.2636 0.881001 18.4
      vertex 40.4368 0.84655 2.4
      vertex 40.2636 0.881001 2.4
    endloop
  endfacet
  facet normal 0.659274 0.751903 -0
    outer loop
      vertex 39.7912 1.11397 2.4
      vertex 39.6584 1.23041 18.4
      vertex 39.7912 1.11397 18.4
    endloop
  endfacet
  facet normal 0.659274 0.751903 0
    outer loop
      vertex 39.6584 1.23041 18.4
      vertex 39.7912 1.11397 2.4
      vertex 39.6584 1.23041 2.4
    endloop
  endfacet
  facet normal 0.831492 0.555536 0
    outer loop
      vertex 39.542 1.36317 18.4
      vertex 39.4439 1.51 2.4
      vertex 39.4439 1.51 18.4
    endloop
  endfacet
  facet normal 0.831492 0.555536 0
    outer loop
      vertex 39.4439 1.51 2.4
      vertex 39.542 1.36317 18.4
      vertex 39.542 1.36317 2.4
    endloop
  endfacet
  facet normal 0.896883 0.442269 0
    outer loop
      vertex 39.4439 1.51 18.4
      vertex 39.3658 1.66838 2.4
      vertex 39.3658 1.66838 18.4
    endloop
  endfacet
  facet normal 0.896883 0.442269 0
    outer loop
      vertex 39.3658 1.66838 2.4
      vertex 39.4439 1.51 18.4
      vertex 39.4439 1.51 2.4
    endloop
  endfacet
  facet normal 0.442256 0.896889 -0
    outer loop
      vertex 40.0964 0.937763 2.4
      vertex 39.938 1.01587 18.4
      vertex 40.0964 0.937763 18.4
    endloop
  endfacet
  facet normal 0.442256 0.896889 0
    outer loop
      vertex 39.938 1.01587 18.4
      vertex 40.0964 0.937763 2.4
      vertex 39.938 1.01587 2.4
    endloop
  endfacet
  facet normal 0.0654045 0.997859 -0
    outer loop
      vertex 40.613 0.835001 2.4
      vertex 40.4368 0.84655 18.4
      vertex 40.613 0.835001 18.4
    endloop
  endfacet
  facet normal 0.0654045 0.997859 0
    outer loop
      vertex 40.4368 0.84655 18.4
      vertex 40.613 0.835001 2.4
      vertex 40.4368 0.84655 2.4
    endloop
  endfacet
  facet normal 0.997877 0.0651282 0
    outer loop
      vertex -33.075 20.263 20.7
      vertex -33.0865 20.4392 18.4
      vertex -33.0865 20.4392 20.7
    endloop
  endfacet
  facet normal 0.997877 0.0651282 0
    outer loop
      vertex -33.0865 20.4392 18.4
      vertex -33.075 20.263 20.7
      vertex -33.075 20.263 18.4
    endloop
  endfacet
  facet normal -0.997877 0.0651282 0
    outer loop
      vertex -35.775 20.263 18.4
      vertex -35.7635 20.4392 20.7
      vertex -35.7635 20.4392 18.4
    endloop
  endfacet
  facet normal -0.997877 0.0651282 0
    outer loop
      vertex -35.7635 20.4392 20.7
      vertex -35.775 20.263 18.4
      vertex -35.775 20.263 20.7
    endloop
  endfacet
  facet normal 0.0656921 0.99784 -0
    outer loop
      vertex -34.2488 21.6014 18.4
      vertex -34.425 21.613 20.7
      vertex -34.2488 21.6014 20.7
    endloop
  endfacet
  facet normal 0.0656921 0.99784 0
    outer loop
      vertex -34.425 21.613 20.7
      vertex -34.2488 21.6014 18.4
      vertex -34.425 21.613 18.4
    endloop
  endfacet
  facet normal 0.752015 0.659146 0
    outer loop
      vertex -33.354 21.0848 20.7
      vertex -33.4704 21.2176 18.4
      vertex -33.4704 21.2176 20.7
    endloop
  endfacet
  facet normal 0.752015 0.659146 0
    outer loop
      vertex -33.4704 21.2176 18.4
      vertex -33.354 21.0848 20.7
      vertex -33.354 21.0848 18.4
    endloop
  endfacet
  facet normal -0.659146 0.752015 0
    outer loop
      vertex -35.2468 21.334 18.4
      vertex -35.3796 21.2176 20.7
      vertex -35.2468 21.334 20.7
    endloop
  endfacet
  facet normal -0.659146 0.752015 0
    outer loop
      vertex -35.3796 21.2176 20.7
      vertex -35.2468 21.334 18.4
      vertex -35.3796 21.2176 18.4
    endloop
  endfacet
  facet normal -0.321659 0.946856 0
    outer loop
      vertex -34.7744 21.567 18.4
      vertex -34.9416 21.5102 20.7
      vertex -34.7744 21.567 20.7
    endloop
  endfacet
  facet normal -0.321659 0.946856 0
    outer loop
      vertex -34.9416 21.5102 20.7
      vertex -34.7744 21.567 18.4
      vertex -34.9416 21.5102 18.4
    endloop
  endfacet
  facet normal 0.896905 0.442224 0
    outer loop
      vertex -33.1778 20.7796 20.7
      vertex -33.2559 20.938 18.4
      vertex -33.2559 20.938 20.7
    endloop
  endfacet
  facet normal 0.896905 0.442224 0
    outer loop
      vertex -33.2559 20.938 18.4
      vertex -33.1778 20.7796 20.7
      vertex -33.1778 20.7796 18.4
    endloop
  endfacet
  facet normal 0.980733 0.195354 0
    outer loop
      vertex -33.0865 20.4392 20.7
      vertex -33.121 20.6124 18.4
      vertex -33.121 20.6124 20.7
    endloop
  endfacet
  facet normal 0.980733 0.195354 0
    outer loop
      vertex -33.121 20.6124 18.4
      vertex -33.0865 20.4392 20.7
      vertex -33.0865 20.4392 18.4
    endloop
  endfacet
  facet normal 0.83144 0.555615 0
    outer loop
      vertex -33.2559 20.938 20.7
      vertex -33.354 21.0848 18.4
      vertex -33.354 21.0848 20.7
    endloop
  endfacet
  facet normal 0.83144 0.555615 0
    outer loop
      vertex -33.354 21.0848 18.4
      vertex -33.2559 20.938 20.7
      vertex -33.2559 20.938 18.4
    endloop
  endfacet
  facet normal 0.442224 0.896905 -0
    outer loop
      vertex -33.75 21.4321 18.4
      vertex -33.9084 21.5102 20.7
      vertex -33.75 21.4321 20.7
    endloop
  endfacet
  facet normal 0.442224 0.896905 0
    outer loop
      vertex -33.9084 21.5102 20.7
      vertex -33.75 21.4321 18.4
      vertex -33.9084 21.5102 18.4
    endloop
  endfacet
  facet normal 0.321659 0.946856 -0
    outer loop
      vertex -33.9084 21.5102 18.4
      vertex -34.0756 21.567 20.7
      vertex -33.9084 21.5102 20.7
    endloop
  endfacet
  facet normal 0.321659 0.946856 0
    outer loop
      vertex -34.0756 21.567 20.7
      vertex -33.9084 21.5102 18.4
      vertex -34.0756 21.567 18.4
    endloop
  endfacet
  facet normal 0.659146 0.752015 -0
    outer loop
      vertex -33.4704 21.2176 18.4
      vertex -33.6032 21.334 20.7
      vertex -33.4704 21.2176 20.7
    endloop
  endfacet
  facet normal 0.659146 0.752015 0
    outer loop
      vertex -33.6032 21.334 20.7
      vertex -33.4704 21.2176 18.4
      vertex -33.6032 21.334 18.4
    endloop
  endfacet
  facet normal -0.83144 0.555615 0
    outer loop
      vertex -35.5941 20.938 18.4
      vertex -35.496 21.0848 20.7
      vertex -35.496 21.0848 18.4
    endloop
  endfacet
  facet normal -0.83144 0.555615 0
    outer loop
      vertex -35.496 21.0848 20.7
      vertex -35.5941 20.938 18.4
      vertex -35.5941 20.938 20.7
    endloop
  endfacet
  facet normal -0.752015 0.659146 0
    outer loop
      vertex -35.496 21.0848 18.4
      vertex -35.3796 21.2176 20.7
      vertex -35.3796 21.2176 18.4
    endloop
  endfacet
  facet normal -0.752015 0.659146 0
    outer loop
      vertex -35.3796 21.2176 20.7
      vertex -35.496 21.0848 18.4
      vertex -35.496 21.0848 20.7
    endloop
  endfacet
  facet normal -0.946856 0.321659 0
    outer loop
      vertex -35.729 20.6124 18.4
      vertex -35.6722 20.7796 20.7
      vertex -35.6722 20.7796 18.4
    endloop
  endfacet
  facet normal -0.946856 0.321659 0
    outer loop
      vertex -35.6722 20.7796 20.7
      vertex -35.729 20.6124 18.4
      vertex -35.729 20.6124 20.7
    endloop
  endfacet
  facet normal -0.442224 0.896905 0
    outer loop
      vertex -34.9416 21.5102 18.4
      vertex -35.1 21.4321 20.7
      vertex -34.9416 21.5102 20.7
    endloop
  endfacet
  facet normal -0.442224 0.896905 0
    outer loop
      vertex -35.1 21.4321 20.7
      vertex -34.9416 21.5102 18.4
      vertex -35.1 21.4321 18.4
    endloop
  endfacet
  facet normal -0.194809 0.980841 0
    outer loop
      vertex -34.6012 21.6014 18.4
      vertex -34.7744 21.567 20.7
      vertex -34.6012 21.6014 20.7
    endloop
  endfacet
  facet normal -0.194809 0.980841 0
    outer loop
      vertex -34.7744 21.567 20.7
      vertex -34.6012 21.6014 18.4
      vertex -34.7744 21.567 18.4
    endloop
  endfacet
  facet normal 0.896905 -0.442224 0
    outer loop
      vertex -33.2559 19.588 20.7
      vertex -33.1778 19.7464 18.4
      vertex -33.1778 19.7464 20.7
    endloop
  endfacet
  facet normal 0.896905 -0.442224 0
    outer loop
      vertex -33.1778 19.7464 18.4
      vertex -33.2559 19.588 20.7
      vertex -33.2559 19.588 18.4
    endloop
  endfacet
  facet normal 0.980733 -0.195354 0
    outer loop
      vertex -33.121 19.9136 20.7
      vertex -33.0865 20.0868 18.4
      vertex -33.0865 20.0868 20.7
    endloop
  endfacet
  facet normal 0.980733 -0.195354 0
    outer loop
      vertex -33.0865 20.0868 18.4
      vertex -33.121 19.9136 20.7
      vertex -33.121 19.9136 18.4
    endloop
  endfacet
  facet normal -0.442224 -0.896905 0
    outer loop
      vertex -35.1 19.0939 18.4
      vertex -34.9416 19.0158 20.7
      vertex -35.1 19.0939 20.7
    endloop
  endfacet
  facet normal -0.442224 -0.896905 -0
    outer loop
      vertex -34.9416 19.0158 20.7
      vertex -35.1 19.0939 18.4
      vertex -34.9416 19.0158 18.4
    endloop
  endfacet
  facet normal -0.321659 -0.946856 0
    outer loop
      vertex -34.9416 19.0158 18.4
      vertex -34.7744 18.959 20.7
      vertex -34.9416 19.0158 20.7
    endloop
  endfacet
  facet normal -0.321659 -0.946856 -0
    outer loop
      vertex -34.7744 18.959 20.7
      vertex -34.9416 19.0158 18.4
      vertex -34.7744 18.959 18.4
    endloop
  endfacet
  facet normal -0.752015 -0.659146 0
    outer loop
      vertex -35.3796 19.3084 18.4
      vertex -35.496 19.4412 20.7
      vertex -35.496 19.4412 18.4
    endloop
  endfacet
  facet normal -0.752015 -0.659146 0
    outer loop
      vertex -35.496 19.4412 20.7
      vertex -35.3796 19.3084 18.4
      vertex -35.3796 19.3084 20.7
    endloop
  endfacet
  facet normal 0 0 -1
    outer loop
      vertex -33.0865 20.0868 18.4
      vertex -33.0865 20.4392 18.4
      vertex -33.075 20.263 18.4
    endloop
  endfacet
  facet normal 0 0 -1
    outer loop
      vertex -33.121 19.9136 18.4
      vertex -33.0865 20.4392 18.4
      vertex -33.0865 20.0868 18.4
    endloop
  endfacet
  facet normal 0 0 -1
    outer loop
      vertex -33.121 19.9136 18.4
      vertex -33.121 20.6124 18.4
      vertex -33.0865 20.4392 18.4
    endloop
  endfacet
  facet normal 0 0 -1
    outer loop
      vertex -33.1778 19.7464 18.4
      vertex -33.121 20.6124 18.4
      vertex -33.121 19.9136 18.4
    endloop
  endfacet
  facet normal 0 0 -1
    outer loop
      vertex -33.1778 19.7464 18.4
      vertex -33.1778 20.7796 18.4
      vertex -33.121 20.6124 18.4
    endloop
  endfacet
  facet normal 0 0 -1
    outer loop
      vertex -33.2559 19.588 18.4
      vertex -33.1778 20.7796 18.4
      vertex -33.1778 19.7464 18.4
    endloop
  endfacet
  facet normal 0 0 -1
    outer loop
      vertex -33.2559 19.588 18.4
      vertex -33.2559 20.938 18.4
      vertex -33.1778 20.7796 18.4
    endloop
  endfacet
  facet normal 0 0 -1
    outer loop
      vertex -33.354 19.4412 18.4
      vertex -33.2559 20.938 18.4
      vertex -33.2559 19.588 18.4
    endloop
  endfacet
  facet normal 0 0 -1
    outer loop
      vertex -33.354 19.4412 18.4
      vertex -33.354 21.0848 18.4
      vertex -33.2559 20.938 18.4
    endloop
  endfacet
  facet normal 0 0 -1
    outer loop
      vertex -33.4704 19.3084 18.4
      vertex -33.354 21.0848 18.4
      vertex -33.354 19.4412 18.4
    endloop
  endfacet
  facet normal 0 0 -1
    outer loop
      vertex -33.4704 19.3084 18.4
      vertex -33.4704 21.2176 18.4
      vertex -33.354 21.0848 18.4
    endloop
  endfacet
  facet normal 0 0 -1
    outer loop
      vertex -33.6032 19.192 18.4
      vertex -33.4704 21.2176 18.4
      vertex -33.4704 19.3084 18.4
    endloop
  endfacet
  facet normal 0 0 -1
    outer loop
      vertex -33.6032 19.192 18.4
      vertex -33.6032 21.334 18.4
      vertex -33.4704 21.2176 18.4
    endloop
  endfacet
  facet normal 0 0 -1
    outer loop
      vertex -33.75 19.0939 18.4
      vertex -33.6032 21.334 18.4
      vertex -33.6032 19.192 18.4
    endloop
  endfacet
  facet normal 0 0 -1
    outer loop
      vertex -33.75 19.0939 18.4
      vertex -33.75 21.4321 18.4
      vertex -33.6032 21.334 18.4
    endloop
  endfacet
  facet normal 0 0 -1
    outer loop
      vertex -33.9084 19.0158 18.4
      vertex -33.75 21.4321 18.4
      vertex -33.75 19.0939 18.4
    endloop
  endfacet
  facet normal 0 0 -1
    outer loop
      vertex -33.9084 19.0158 18.4
      vertex -33.9084 21.5102 18.4
      vertex -33.75 21.4321 18.4
    endloop
  endfacet
  facet normal 0 0 -1
    outer loop
      vertex -34.0756 18.959 18.4
      vertex -33.9084 21.5102 18.4
      vertex -33.9084 19.0158 18.4
    endloop
  endfacet
  facet normal 0 0 -1
    outer loop
      vertex -34.0756 18.959 18.4
      vertex -34.0756 21.567 18.4
      vertex -33.9084 21.5102 18.4
    endloop
  endfacet
  facet normal 0 0 -1
    outer loop
      vertex -34.2488 18.9245 18.4
      vertex -34.0756 21.567 18.4
      vertex -34.0756 18.959 18.4
    endloop
  endfacet
  facet normal 0 0 -1
    outer loop
      vertex -34.2488 18.9245 18.4
      vertex -34.2488 21.6014 18.4
      vertex -34.0756 21.567 18.4
    endloop
  endfacet
  facet normal 0 0 -1
    outer loop
      vertex -34.425 18.913 18.4
      vertex -34.2488 21.6014 18.4
      vertex -34.2488 18.9245 18.4
    endloop
  endfacet
  facet normal 0 0 -1
    outer loop
      vertex -34.425 18.913 18.4
      vertex -34.425 21.613 18.4
      vertex -34.2488 21.6014 18.4
    endloop
  endfacet
  facet normal 0 0 -1
    outer loop
      vertex -34.6012 18.9245 18.4
      vertex -34.425 21.613 18.4
      vertex -34.425 18.913 18.4
    endloop
  endfacet
  facet normal 0 0 -1
    outer loop
      vertex -34.6012 18.9245 18.4
      vertex -34.6012 21.6014 18.4
      vertex -34.425 21.613 18.4
    endloop
  endfacet
  facet normal 0 0 -1
    outer loop
      vertex -34.7744 18.959 18.4
      vertex -34.6012 21.6014 18.4
      vertex -34.6012 18.9245 18.4
    endloop
  endfacet
  facet normal 0 0 -1
    outer loop
      vertex -34.7744 18.959 18.4
      vertex -34.7744 21.567 18.4
      vertex -34.6012 21.6014 18.4
    endloop
  endfacet
  facet normal 0 0 -1
    outer loop
      vertex -34.9416 19.0158 18.4
      vertex -34.7744 21.567 18.4
      vertex -34.7744 18.959 18.4
    endloop
  endfacet
  facet normal 0 0 -1
    outer loop
      vertex -34.9416 19.0158 18.4
      vertex -34.9416 21.5102 18.4
      vertex -34.7744 21.567 18.4
    endloop
  endfacet
  facet normal 0 0 -1
    outer loop
      vertex -35.1 19.0939 18.4
      vertex -34.9416 21.5102 18.4
      vertex -34.9416 19.0158 18.4
    endloop
  endfacet
  facet normal 0 0 -1
    outer loop
      vertex -35.1 19.0939 18.4
      vertex -35.1 21.4321 18.4
      vertex -34.9416 21.5102 18.4
    endloop
  endfacet
  facet normal 0 0 -1
    outer loop
      vertex -35.2468 19.192 18.4
      vertex -35.1 21.4321 18.4
      vertex -35.1 19.0939 18.4
    endloop
  endfacet
  facet normal 0 0 -1
    outer loop
      vertex -35.2468 19.192 18.4
      vertex -35.2468 21.334 18.4
      vertex -35.1 21.4321 18.4
    endloop
  endfacet
  facet normal 0 0 -1
    outer loop
      vertex -35.3796 19.3084 18.4
      vertex -35.2468 21.334 18.4
      vertex -35.2468 19.192 18.4
    endloop
  endfacet
  facet normal 0 0 -1
    outer loop
      vertex -35.3796 19.3084 18.4
      vertex -35.3796 21.2176 18.4
      vertex -35.2468 21.334 18.4
    endloop
  endfacet
  facet normal 0 0 -1
    outer loop
      vertex -35.496 19.4412 18.4
      vertex -35.3796 21.2176 18.4
      vertex -35.3796 19.3084 18.4
    endloop
  endfacet
  facet normal 0 0 -1
    outer loop
      vertex -35.496 19.4412 18.4
      vertex -35.496 21.0848 18.4
      vertex -35.3796 21.2176 18.4
    endloop
  endfacet
  facet normal 0 0 -1
    outer loop
      vertex -35.5941 19.588 18.4
      vertex -35.496 21.0848 18.4
      vertex -35.496 19.4412 18.4
    endloop
  endfacet
  facet normal 0 0 -1
    outer loop
      vertex -35.5941 19.588 18.4
      vertex -35.5941 20.938 18.4
      vertex -35.496 21.0848 18.4
    endloop
  endfacet
  facet normal 0 0 -1
    outer loop
      vertex -35.6722 19.7464 18.4
      vertex -35.5941 20.938 18.4
      vertex -35.5941 19.588 18.4
    endloop
  endfacet
  facet normal 0 0 -1
    outer loop
      vertex -35.6722 19.7464 18.4
      vertex -35.6722 20.7796 18.4
      vertex -35.5941 20.938 18.4
    endloop
  endfacet
  facet normal 0 0 -1
    outer loop
      vertex -35.729 19.9136 18.4
      vertex -35.6722 20.7796 18.4
      vertex -35.6722 19.7464 18.4
    endloop
  endfacet
  facet normal 0 0 -1
    outer loop
      vertex -35.729 19.9136 18.4
      vertex -35.729 20.6124 18.4
      vertex -35.6722 20.7796 18.4
    endloop
  endfacet
  facet normal 0 0 -1
    outer loop
      vertex -35.7635 20.0868 18.4
      vertex -35.729 20.6124 18.4
      vertex -35.729 19.9136 18.4
    endloop
  endfacet
  facet normal 0 0 -1
    outer loop
      vertex -35.7635 20.0868 18.4
      vertex -35.7635 20.4392 18.4
      vertex -35.729 20.6124 18.4
    endloop
  endfacet
  facet normal 0 -0 -1
    outer loop
      vertex -35.7635 20.4392 18.4
      vertex -35.7635 20.0868 18.4
      vertex -35.775 20.263 18.4
    endloop
  endfacet
  facet normal 0.946856 0.321659 0
    outer loop
      vertex -33.121 20.6124 20.7
      vertex -33.1778 20.7796 18.4
      vertex -33.1778 20.7796 20.7
    endloop
  endfacet
  facet normal 0.946856 0.321659 0
    outer loop
      vertex -33.1778 20.7796 18.4
      vertex -33.121 20.6124 20.7
      vertex -33.121 20.6124 18.4
    endloop
  endfacet
  facet normal 0.194809 0.980841 -0
    outer loop
      vertex -34.0756 21.567 18.4
      vertex -34.2488 21.6014 20.7
      vertex -34.0756 21.567 20.7
    endloop
  endfacet
  facet normal 0.194809 0.980841 0
    outer loop
      vertex -34.2488 21.6014 20.7
      vertex -34.0756 21.567 18.4
      vertex -34.2488 21.6014 18.4
    endloop
  endfacet
  facet normal -0.896905 0.442224 0
    outer loop
      vertex -35.6722 20.7796 18.4
      vertex -35.5941 20.938 20.7
      vertex -35.5941 20.938 18.4
    endloop
  endfacet
  facet normal -0.896905 0.442224 0
    outer loop
      vertex -35.5941 20.938 20.7
      vertex -35.6722 20.7796 18.4
      vertex -35.6722 20.7796 20.7
    endloop
  endfacet
  facet normal -0.980733 0.195354 0
    outer loop
      vertex -35.7635 20.4392 18.4
      vertex -35.729 20.6124 20.7
      vertex -35.729 20.6124 18.4
    endloop
  endfacet
  facet normal -0.980733 0.195354 0
    outer loop
      vertex -35.729 20.6124 20.7
      vertex -35.7635 20.4392 18.4
      vertex -35.7635 20.4392 20.7
    endloop
  endfacet
  facet normal 0 0 1
    outer loop
      vertex -33.0865 20.4392 20.7
      vertex -33.0865 20.0868 20.7
      vertex -33.075 20.263 20.7
    endloop
  endfacet
  facet normal 0 0 1
    outer loop
      vertex -33.121 20.6124 20.7
      vertex -33.0865 20.0868 20.7
      vertex -33.0865 20.4392 20.7
    endloop
  endfacet
  facet normal 0 0 1
    outer loop
      vertex -33.121 20.6124 20.7
      vertex -33.121 19.9136 20.7
      vertex -33.0865 20.0868 20.7
    endloop
  endfacet
  facet normal 0 0 1
    outer loop
      vertex -33.1778 20.7796 20.7
      vertex -33.121 19.9136 20.7
      vertex -33.121 20.6124 20.7
    endloop
  endfacet
  facet normal 0 0 1
    outer loop
      vertex -33.1778 20.7796 20.7
      vertex -33.1778 19.7464 20.7
      vertex -33.121 19.9136 20.7
    endloop
  endfacet
  facet normal 0 0 1
    outer loop
      vertex -33.2559 20.938 20.7
      vertex -33.1778 19.7464 20.7
      vertex -33.1778 20.7796 20.7
    endloop
  endfacet
  facet normal 0 0 1
    outer loop
      vertex -33.2559 20.938 20.7
      vertex -33.2559 19.588 20.7
      vertex -33.1778 19.7464 20.7
    endloop
  endfacet
  facet normal 0 0 1
    outer loop
      vertex -33.354 21.0848 20.7
      vertex -33.2559 19.588 20.7
      vertex -33.2559 20.938 20.7
    endloop
  endfacet
  facet normal 0 0 1
    outer loop
      vertex -33.354 21.0848 20.7
      vertex -33.354 19.4412 20.7
      vertex -33.2559 19.588 20.7
    endloop
  endfacet
  facet normal 0 0 1
    outer loop
      vertex -33.4704 21.2176 20.7
      vertex -33.354 19.4412 20.7
      vertex -33.354 21.0848 20.7
    endloop
  endfacet
  facet normal 0 0 1
    outer loop
      vertex -33.4704 21.2176 20.7
      vertex -33.4704 19.3084 20.7
      vertex -33.354 19.4412 20.7
    endloop
  endfacet
  facet normal 0 0 1
    outer loop
      vertex -33.6032 21.334 20.7
      vertex -33.4704 19.3084 20.7
      vertex -33.4704 21.2176 20.7
    endloop
  endfacet
  facet normal 0 0 1
    outer loop
      vertex -33.6032 21.334 20.7
      vertex -33.6032 19.192 20.7
      vertex -33.4704 19.3084 20.7
    endloop
  endfacet
  facet normal 0 0 1
    outer loop
      vertex -33.75 21.4321 20.7
      vertex -33.6032 19.192 20.7
      vertex -33.6032 21.334 20.7
    endloop
  endfacet
  facet normal 0 0 1
    outer loop
      vertex -33.75 21.4321 20.7
      vertex -33.75 19.0939 20.7
      vertex -33.6032 19.192 20.7
    endloop
  endfacet
  facet normal 0 0 1
    outer loop
      vertex -33.9084 21.5102 20.7
      vertex -33.75 19.0939 20.7
      vertex -33.75 21.4321 20.7
    endloop
  endfacet
  facet normal 0 0 1
    outer loop
      vertex -33.9084 21.5102 20.7
      vertex -33.9084 19.0158 20.7
      vertex -33.75 19.0939 20.7
    endloop
  endfacet
  facet normal 0 0 1
    outer loop
      vertex -34.0756 21.567 20.7
      vertex -33.9084 19.0158 20.7
      vertex -33.9084 21.5102 20.7
    endloop
  endfacet
  facet normal 0 0 1
    outer loop
      vertex -34.0756 21.567 20.7
      vertex -34.0756 18.959 20.7
      vertex -33.9084 19.0158 20.7
    endloop
  endfacet
  facet normal 0 0 1
    outer loop
      vertex -34.2488 21.6014 20.7
      vertex -34.0756 18.959 20.7
      vertex -34.0756 21.567 20.7
    endloop
  endfacet
  facet normal 0 0 1
    outer loop
      vertex -34.2488 21.6014 20.7
      vertex -34.2488 18.9245 20.7
      vertex -34.0756 18.959 20.7
    endloop
  endfacet
  facet normal 0 0 1
    outer loop
      vertex -34.425 21.613 20.7
      vertex -34.2488 18.9245 20.7
      vertex -34.2488 21.6014 20.7
    endloop
  endfacet
  facet normal 0 0 1
    outer loop
      vertex -34.425 21.613 20.7
      vertex -34.425 18.913 20.7
      vertex -34.2488 18.9245 20.7
    endloop
  endfacet
  facet normal -0 0 1
    outer loop
      vertex -34.6012 21.6014 20.7
      vertex -34.425 18.913 20.7
      vertex -34.425 21.613 20.7
    endloop
  endfacet
  facet normal 0 0 1
    outer loop
      vertex -34.6012 21.6014 20.7
      vertex -34.6012 18.9245 20.7
      vertex -34.425 18.913 20.7
    endloop
  endfacet
  facet normal -0 0 1
    outer loop
      vertex -34.7744 21.567 20.7
      vertex -34.6012 18.9245 20.7
      vertex -34.6012 21.6014 20.7
    endloop
  endfacet
  facet normal 0 0 1
    outer loop
      vertex -34.7744 21.567 20.7
      vertex -34.7744 18.959 20.7
      vertex -34.6012 18.9245 20.7
    endloop
  endfacet
  facet normal -0 0 1
    outer loop
      vertex -34.9416 21.5102 20.7
      vertex -34.7744 18.959 20.7
      vertex -34.7744 21.567 20.7
    endloop
  endfacet
  facet normal 0 0 1
    outer loop
      vertex -34.9416 21.5102 20.7
      vertex -34.9416 19.0158 20.7
      vertex -34.7744 18.959 20.7
    endloop
  endfacet
  facet normal -0 0 1
    outer loop
      vertex -35.1 21.4321 20.7
      vertex -34.9416 19.0158 20.7
      vertex -34.9416 21.5102 20.7
    endloop
  endfacet
  facet normal 0 0 1
    outer loop
      vertex -35.1 21.4321 20.7
      vertex -35.1 19.0939 20.7
      vertex -34.9416 19.0158 20.7
    endloop
  endfacet
  facet normal -0 0 1
    outer loop
      vertex -35.2468 21.334 20.7
      vertex -35.1 19.0939 20.7
      vertex -35.1 21.4321 20.7
    endloop
  endfacet
  facet normal 0 0 1
    outer loop
      vertex -35.2468 21.334 20.7
      vertex -35.2468 19.192 20.7
      vertex -35.1 19.0939 20.7
    endloop
  endfacet
  facet normal -0 0 1
    outer loop
      vertex -35.3796 21.2176 20.7
      vertex -35.2468 19.192 20.7
      vertex -35.2468 21.334 20.7
    endloop
  endfacet
  facet normal 0 0 1
    outer loop
      vertex -35.3796 21.2176 20.7
      vertex -35.3796 19.3084 20.7
      vertex -35.2468 19.192 20.7
    endloop
  endfacet
  facet normal -0 0 1
    outer loop
      vertex -35.496 21.0848 20.7
      vertex -35.3796 19.3084 20.7
      vertex -35.3796 21.2176 20.7
    endloop
  endfacet
  facet normal 0 0 1
    outer loop
      vertex -35.496 21.0848 20.7
      vertex -35.496 19.4412 20.7
      vertex -35.3796 19.3084 20.7
    endloop
  endfacet
  facet normal -0 0 1
    outer loop
      vertex -35.5941 20.938 20.7
      vertex -35.496 19.4412 20.7
      vertex -35.496 21.0848 20.7
    endloop
  endfacet
  facet normal 0 0 1
    outer loop
      vertex -35.5941 20.938 20.7
      vertex -35.5941 19.588 20.7
      vertex -35.496 19.4412 20.7
    endloop
  endfacet
  facet normal -0 0 1
    outer loop
      vertex -35.6722 20.7796 20.7
      vertex -35.5941 19.588 20.7
      vertex -35.5941 20.938 20.7
    endloop
  endfacet
  facet normal 0 0 1
    outer loop
      vertex -35.6722 20.7796 20.7
      vertex -35.6722 19.7464 20.7
      vertex -35.5941 19.588 20.7
    endloop
  endfacet
  facet normal -0 0 1
    outer loop
      vertex -35.729 20.6124 20.7
      vertex -35.6722 19.7464 20.7
      vertex -35.6722 20.7796 20.7
    endloop
  endfacet
  facet normal 0 0 1
    outer loop
      vertex -35.729 20.6124 20.7
      vertex -35.729 19.9136 20.7
      vertex -35.6722 19.7464 20.7
    endloop
  endfacet
  facet normal -0 0 1
    outer loop
      vertex -35.7635 20.4392 20.7
      vertex -35.729 19.9136 20.7
      vertex -35.729 20.6124 20.7
    endloop
  endfacet
  facet normal 0 0 1
    outer loop
      vertex -35.7635 20.4392 20.7
      vertex -35.7635 20.0868 20.7
      vertex -35.729 19.9136 20.7
    endloop
  endfacet
  facet normal 0 -0 1
    outer loop
      vertex -35.7635 20.0868 20.7
      vertex -35.7635 20.4392 20.7
      vertex -35.775 20.263 20.7
    endloop
  endfacet
  facet normal -0.0656921 0.99784 0
    outer loop
      vertex -34.425 21.613 18.4
      vertex -34.6012 21.6014 20.7
      vertex -34.425 21.613 20.7
    endloop
  endfacet
  facet normal -0.0656921 0.99784 0
    outer loop
      vertex -34.6012 21.6014 20.7
      vertex -34.425 21.613 18.4
      vertex -34.6012 21.6014 18.4
    endloop
  endfacet
  facet normal 0.997877 -0.0651282 0
    outer loop
      vertex -33.0865 20.0868 20.7
      vertex -33.075 20.263 18.4
      vertex -33.075 20.263 20.7
    endloop
  endfacet
  facet normal 0.997877 -0.0651282 0
    outer loop
      vertex -33.075 20.263 18.4
      vertex -33.0865 20.0868 20.7
      vertex -33.0865 20.0868 18.4
    endloop
  endfacet
  facet normal 0.0651282 -0.997877 0
    outer loop
      vertex -34.425 18.913 18.4
      vertex -34.2488 18.9245 20.7
      vertex -34.425 18.913 20.7
    endloop
  endfacet
  facet normal 0.0651282 -0.997877 0
    outer loop
      vertex -34.2488 18.9245 20.7
      vertex -34.425 18.913 18.4
      vertex -34.2488 18.9245 18.4
    endloop
  endfacet
  facet normal 0.321659 -0.946856 0
    outer loop
      vertex -34.0756 18.959 18.4
      vertex -33.9084 19.0158 20.7
      vertex -34.0756 18.959 20.7
    endloop
  endfacet
  facet normal 0.321659 -0.946856 0
    outer loop
      vertex -33.9084 19.0158 20.7
      vertex -34.0756 18.959 18.4
      vertex -33.9084 19.0158 18.4
    endloop
  endfacet
  facet normal 0.442224 -0.896905 0
    outer loop
      vertex -33.9084 19.0158 18.4
      vertex -33.75 19.0939 20.7
      vertex -33.9084 19.0158 20.7
    endloop
  endfacet
  facet normal 0.442224 -0.896905 0
    outer loop
      vertex -33.75 19.0939 20.7
      vertex -33.9084 19.0158 18.4
      vertex -33.75 19.0939 18.4
    endloop
  endfacet
  facet normal 0.659146 -0.752015 0
    outer loop
      vertex -33.6032 19.192 18.4
      vertex -33.4704 19.3084 20.7
      vertex -33.6032 19.192 20.7
    endloop
  endfacet
  facet normal 0.659146 -0.752015 0
    outer loop
      vertex -33.4704 19.3084 20.7
      vertex -33.6032 19.192 18.4
      vertex -33.4704 19.3084 18.4
    endloop
  endfacet
  facet normal 0.555615 -0.83144 0
    outer loop
      vertex -33.75 19.0939 18.4
      vertex -33.6032 19.192 20.7
      vertex -33.75 19.0939 20.7
    endloop
  endfacet
  facet normal 0.555615 -0.83144 0
    outer loop
      vertex -33.6032 19.192 20.7
      vertex -33.75 19.0939 18.4
      vertex -33.6032 19.192 18.4
    endloop
  endfacet
  facet normal 0.752015 -0.659146 0
    outer loop
      vertex -33.4704 19.3084 20.7
      vertex -33.354 19.4412 18.4
      vertex -33.354 19.4412 20.7
    endloop
  endfacet
  facet normal 0.752015 -0.659146 0
    outer loop
      vertex -33.354 19.4412 18.4
      vertex -33.4704 19.3084 20.7
      vertex -33.4704 19.3084 18.4
    endloop
  endfacet
  facet normal 0.83144 -0.555615 0
    outer loop
      vertex -33.354 19.4412 20.7
      vertex -33.2559 19.588 18.4
      vertex -33.2559 19.588 20.7
    endloop
  endfacet
  facet normal 0.83144 -0.555615 0
    outer loop
      vertex -33.2559 19.588 18.4
      vertex -33.354 19.4412 20.7
      vertex -33.354 19.4412 18.4
    endloop
  endfacet
  facet normal -0.659146 -0.752015 0
    outer loop
      vertex -35.3796 19.3084 18.4
      vertex -35.2468 19.192 20.7
      vertex -35.3796 19.3084 20.7
    endloop
  endfacet
  facet normal -0.659146 -0.752015 -0
    outer loop
      vertex -35.2468 19.192 20.7
      vertex -35.3796 19.3084 18.4
      vertex -35.2468 19.192 18.4
    endloop
  endfacet
  facet normal -0.555615 -0.83144 0
    outer loop
      vertex -35.2468 19.192 18.4
      vertex -35.1 19.0939 20.7
      vertex -35.2468 19.192 20.7
    endloop
  endfacet
  facet normal -0.555615 -0.83144 -0
    outer loop
      vertex -35.1 19.0939 20.7
      vertex -35.2468 19.192 18.4
      vertex -35.1 19.0939 18.4
    endloop
  endfacet
  facet normal -0.195354 -0.980733 0
    outer loop
      vertex -34.7744 18.959 18.4
      vertex -34.6012 18.9245 20.7
      vertex -34.7744 18.959 20.7
    endloop
  endfacet
  facet normal -0.195354 -0.980733 -0
    outer loop
      vertex -34.6012 18.9245 20.7
      vertex -34.7744 18.959 18.4
      vertex -34.6012 18.9245 18.4
    endloop
  endfacet
  facet normal -0.896905 -0.442224 0
    outer loop
      vertex -35.5941 19.588 18.4
      vertex -35.6722 19.7464 20.7
      vertex -35.6722 19.7464 18.4
    endloop
  endfacet
  facet normal -0.896905 -0.442224 0
    outer loop
      vertex -35.6722 19.7464 20.7
      vertex -35.5941 19.588 18.4
      vertex -35.5941 19.588 20.7
    endloop
  endfacet
  facet normal -0.946856 -0.321659 0
    outer loop
      vertex -35.6722 19.7464 18.4
      vertex -35.729 19.9136 20.7
      vertex -35.729 19.9136 18.4
    endloop
  endfacet
  facet normal -0.946856 -0.321659 0
    outer loop
      vertex -35.729 19.9136 20.7
      vertex -35.6722 19.7464 18.4
      vertex -35.6722 19.7464 20.7
    endloop
  endfacet
  facet normal -0.997877 -0.0651282 0
    outer loop
      vertex -35.7635 20.0868 18.4
      vertex -35.775 20.263 20.7
      vertex -35.775 20.263 18.4
    endloop
  endfacet
  facet normal -0.997877 -0.0651282 0
    outer loop
      vertex -35.775 20.263 20.7
      vertex -35.7635 20.0868 18.4
      vertex -35.7635 20.0868 20.7
    endloop
  endfacet
  facet normal 0.555615 0.83144 -0
    outer loop
      vertex -33.6032 21.334 18.4
      vertex -33.75 21.4321 20.7
      vertex -33.6032 21.334 20.7
    endloop
  endfacet
  facet normal 0.555615 0.83144 0
    outer loop
      vertex -33.75 21.4321 20.7
      vertex -33.6032 21.334 18.4
      vertex -33.75 21.4321 18.4
    endloop
  endfacet
  facet normal -0.555615 0.83144 0
    outer loop
      vertex -35.1 21.4321 18.4
      vertex -35.2468 21.334 20.7
      vertex -35.1 21.4321 20.7
    endloop
  endfacet
  facet normal -0.555615 0.83144 0
    outer loop
      vertex -35.2468 21.334 20.7
      vertex -35.1 21.4321 18.4
      vertex -35.2468 21.334 18.4
    endloop
  endfacet
  facet normal 0.195354 -0.980733 0
    outer loop
      vertex -34.2488 18.9245 18.4
      vertex -34.0756 18.959 20.7
      vertex -34.2488 18.9245 20.7
    endloop
  endfacet
  facet normal 0.195354 -0.980733 0
    outer loop
      vertex -34.0756 18.959 20.7
      vertex -34.2488 18.9245 18.4
      vertex -34.0756 18.959 18.4
    endloop
  endfacet
  facet normal 0.946856 -0.321659 0
    outer loop
      vertex -33.1778 19.7464 20.7
      vertex -33.121 19.9136 18.4
      vertex -33.121 19.9136 20.7
    endloop
  endfacet
  facet normal 0.946856 -0.321659 0
    outer loop
      vertex -33.121 19.9136 18.4
      vertex -33.1778 19.7464 20.7
      vertex -33.1778 19.7464 18.4
    endloop
  endfacet
  facet normal -0.0651282 -0.997877 0
    outer loop
      vertex -34.6012 18.9245 18.4
      vertex -34.425 18.913 20.7
      vertex -34.6012 18.9245 20.7
    endloop
  endfacet
  facet normal -0.0651282 -0.997877 -0
    outer loop
      vertex -34.425 18.913 20.7
      vertex -34.6012 18.9245 18.4
      vertex -34.425 18.913 18.4
    endloop
  endfacet
  facet normal -0.83144 -0.555615 0
    outer loop
      vertex -35.496 19.4412 18.4
      vertex -35.5941 19.588 20.7
      vertex -35.5941 19.588 18.4
    endloop
  endfacet
  facet normal -0.83144 -0.555615 0
    outer loop
      vertex -35.5941 19.588 20.7
      vertex -35.496 19.4412 18.4
      vertex -35.496 19.4412 20.7
    endloop
  endfacet
  facet normal -0.980733 -0.195354 0
    outer loop
      vertex -35.729 19.9136 18.4
      vertex -35.7635 20.0868 20.7
      vertex -35.7635 20.0868 18.4
    endloop
  endfacet
  facet normal -0.980733 -0.195354 0
    outer loop
      vertex -35.7635 20.0868 20.7
      vertex -35.729 19.9136 18.4
      vertex -35.729 19.9136 20.7
    endloop
  endfacet
  facet normal 0.997877 0.0651282 0
    outer loop
      vertex -33.075 -17.938 20.7
      vertex -33.0865 -17.7618 18.4
      vertex -33.0865 -17.7618 20.7
    endloop
  endfacet
  facet normal 0.997877 0.0651282 0
    outer loop
      vertex -33.0865 -17.7618 18.4
      vertex -33.075 -17.938 20.7
      vertex -33.075 -17.938 18.4
    endloop
  endfacet
  facet normal -0.997877 0.0651282 0
    outer loop
      vertex -35.775 -17.938 18.4
      vertex -35.7635 -17.7618 20.7
      vertex -35.7635 -17.7618 18.4
    endloop
  endfacet
  facet normal -0.997877 0.0651282 0
    outer loop
      vertex -35.7635 -17.7618 20.7
      vertex -35.775 -17.938 18.4
      vertex -35.775 -17.938 20.7
    endloop
  endfacet
  facet normal 0.0651282 0.997877 -0
    outer loop
      vertex -34.2488 -16.5995 18.4
      vertex -34.425 -16.588 20.7
      vertex -34.2488 -16.5995 20.7
    endloop
  endfacet
  facet normal 0.0651282 0.997877 0
    outer loop
      vertex -34.425 -16.588 20.7
      vertex -34.2488 -16.5995 18.4
      vertex -34.425 -16.588 18.4
    endloop
  endfacet
  facet normal 0.0651282 -0.997877 0
    outer loop
      vertex -34.425 -19.288 18.4
      vertex -34.2488 -19.2765 20.7
      vertex -34.425 -19.288 20.7
    endloop
  endfacet
  facet normal 0.0651282 -0.997877 0
    outer loop
      vertex -34.2488 -19.2765 20.7
      vertex -34.425 -19.288 18.4
      vertex -34.2488 -19.2765 18.4
    endloop
  endfacet
  facet normal 0.752015 0.659146 0
    outer loop
      vertex -33.354 -17.1162 20.7
      vertex -33.4704 -16.9834 18.4
      vertex -33.4704 -16.9834 20.7
    endloop
  endfacet
  facet normal 0.752015 0.659146 0
    outer loop
      vertex -33.4704 -16.9834 18.4
      vertex -33.354 -17.1162 20.7
      vertex -33.354 -17.1162 18.4
    endloop
  endfacet
  facet normal -0.659146 0.752015 0
    outer loop
      vertex -35.2468 -16.867 18.4
      vertex -35.3796 -16.9834 20.7
      vertex -35.2468 -16.867 20.7
    endloop
  endfacet
  facet normal -0.659146 0.752015 0
    outer loop
      vertex -35.3796 -16.9834 20.7
      vertex -35.2468 -16.867 18.4
      vertex -35.3796 -16.9834 18.4
    endloop
  endfacet
  facet normal -0.321659 0.946856 0
    outer loop
      vertex -34.7744 -16.634 18.4
      vertex -34.9416 -16.6908 20.7
      vertex -34.7744 -16.634 20.7
    endloop
  endfacet
  facet normal -0.321659 0.946856 0
    outer loop
      vertex -34.9416 -16.6908 20.7
      vertex -34.7744 -16.634 18.4
      vertex -34.9416 -16.6908 18.4
    endloop
  endfacet
  facet normal 0.83144 -0.555615 0
    outer loop
      vertex -33.354 -18.7598 20.7
      vertex -33.2559 -18.613 18.4
      vertex -33.2559 -18.613 20.7
    endloop
  endfacet
  facet normal 0.83144 -0.555615 0
    outer loop
      vertex -33.2559 -18.613 18.4
      vertex -33.354 -18.7598 20.7
      vertex -33.354 -18.7598 18.4
    endloop
  endfacet
  facet normal 0.896905 0.442224 0
    outer loop
      vertex -33.1778 -17.4214 20.7
      vertex -33.2559 -17.263 18.4
      vertex -33.2559 -17.263 20.7
    endloop
  endfacet
  facet normal 0.896905 0.442224 0
    outer loop
      vertex -33.2559 -17.263 18.4
      vertex -33.1778 -17.4214 20.7
      vertex -33.1778 -17.4214 18.4
    endloop
  endfacet
  facet normal 0.980733 0.195354 0
    outer loop
      vertex -33.0865 -17.7618 20.7
      vertex -33.121 -17.5886 18.4
      vertex -33.121 -17.5886 20.7
    endloop
  endfacet
  facet normal 0.980733 0.195354 0
    outer loop
      vertex -33.121 -17.5886 18.4
      vertex -33.0865 -17.7618 20.7
      vertex -33.0865 -17.7618 18.4
    endloop
  endfacet
  facet normal 0.83144 0.555615 0
    outer loop
      vertex -33.2559 -17.263 20.7
      vertex -33.354 -17.1162 18.4
      vertex -33.354 -17.1162 20.7
    endloop
  endfacet
  facet normal 0.83144 0.555615 0
    outer loop
      vertex -33.354 -17.1162 18.4
      vertex -33.2559 -17.263 20.7
      vertex -33.2559 -17.263 18.4
    endloop
  endfacet
  facet normal 0.442224 0.896905 -0
    outer loop
      vertex -33.75 -16.7689 18.4
      vertex -33.9084 -16.6908 20.7
      vertex -33.75 -16.7689 20.7
    endloop
  endfacet
  facet normal 0.442224 0.896905 0
    outer loop
      vertex -33.9084 -16.6908 20.7
      vertex -33.75 -16.7689 18.4
      vertex -33.9084 -16.6908 18.4
    endloop
  endfacet
  facet normal 0.321659 0.946856 -0
    outer loop
      vertex -33.9084 -16.6908 18.4
      vertex -34.0756 -16.634 20.7
      vertex -33.9084 -16.6908 20.7
    endloop
  endfacet
  facet normal 0.321659 0.946856 0
    outer loop
      vertex -34.0756 -16.634 20.7
      vertex -33.9084 -16.6908 18.4
      vertex -34.0756 -16.634 18.4
    endloop
  endfacet
  facet normal 0.659146 0.752015 -0
    outer loop
      vertex -33.4704 -16.9834 18.4
      vertex -33.6032 -16.867 20.7
      vertex -33.4704 -16.9834 20.7
    endloop
  endfacet
  facet normal 0.659146 0.752015 0
    outer loop
      vertex -33.6032 -16.867 20.7
      vertex -33.4704 -16.9834 18.4
      vertex -33.6032 -16.867 18.4
    endloop
  endfacet
  facet normal -0.83144 0.555615 0
    outer loop
      vertex -35.5941 -17.263 18.4
      vertex -35.496 -17.1162 20.7
      vertex -35.496 -17.1162 18.4
    endloop
  endfacet
  facet normal -0.83144 0.555615 0
    outer loop
      vertex -35.496 -17.1162 20.7
      vertex -35.5941 -17.263 18.4
      vertex -35.5941 -17.263 20.7
    endloop
  endfacet
  facet normal -0.752015 0.659146 0
    outer loop
      vertex -35.496 -17.1162 18.4
      vertex -35.3796 -16.9834 20.7
      vertex -35.3796 -16.9834 18.4
    endloop
  endfacet
  facet normal -0.752015 0.659146 0
    outer loop
      vertex -35.3796 -16.9834 20.7
      vertex -35.496 -17.1162 18.4
      vertex -35.496 -17.1162 20.7
    endloop
  endfacet
  facet normal -0.946856 0.321659 0
    outer loop
      vertex -35.729 -17.5886 18.4
      vertex -35.6722 -17.4214 20.7
      vertex -35.6722 -17.4214 18.4
    endloop
  endfacet
  facet normal -0.946856 0.321659 0
    outer loop
      vertex -35.6722 -17.4214 20.7
      vertex -35.729 -17.5886 18.4
      vertex -35.729 -17.5886 20.7
    endloop
  endfacet
  facet normal -0.442224 0.896905 0
    outer loop
      vertex -34.9416 -16.6908 18.4
      vertex -35.1 -16.7689 20.7
      vertex -34.9416 -16.6908 20.7
    endloop
  endfacet
  facet normal -0.442224 0.896905 0
    outer loop
      vertex -35.1 -16.7689 20.7
      vertex -34.9416 -16.6908 18.4
      vertex -35.1 -16.7689 18.4
    endloop
  endfacet
  facet normal -0.195354 0.980733 0
    outer loop
      vertex -34.6012 -16.5995 18.4
      vertex -34.7744 -16.634 20.7
      vertex -34.6012 -16.5995 20.7
    endloop
  endfacet
  facet normal -0.195354 0.980733 0
    outer loop
      vertex -34.7744 -16.634 20.7
      vertex -34.6012 -16.5995 18.4
      vertex -34.7744 -16.634 18.4
    endloop
  endfacet
  facet normal 0.195354 -0.980733 0
    outer loop
      vertex -34.2488 -19.2765 18.4
      vertex -34.0756 -19.242 20.7
      vertex -34.2488 -19.2765 20.7
    endloop
  endfacet
  facet normal 0.195354 -0.980733 0
    outer loop
      vertex -34.0756 -19.242 20.7
      vertex -34.2488 -19.2765 18.4
      vertex -34.0756 -19.242 18.4
    endloop
  endfacet
  facet normal 0.946856 0.321659 0
    outer loop
      vertex -33.121 -17.5886 20.7
      vertex -33.1778 -17.4214 18.4
      vertex -33.1778 -17.4214 20.7
    endloop
  endfacet
  facet normal 0.946856 0.321659 0
    outer loop
      vertex -33.1778 -17.4214 18.4
      vertex -33.121 -17.5886 20.7
      vertex -33.121 -17.5886 18.4
    endloop
  endfacet
  facet normal 0.195354 0.980733 -0
    outer loop
      vertex -34.0756 -16.634 18.4
      vertex -34.2488 -16.5995 20.7
      vertex -34.0756 -16.634 20.7
    endloop
  endfacet
  facet normal 0.195354 0.980733 0
    outer loop
      vertex -34.2488 -16.5995 20.7
      vertex -34.0756 -16.634 18.4
      vertex -34.2488 -16.5995 18.4
    endloop
  endfacet
  facet normal -0.896905 0.442224 0
    outer loop
      vertex -35.6722 -17.4214 18.4
      vertex -35.5941 -17.263 20.7
      vertex -35.5941 -17.263 18.4
    endloop
  endfacet
  facet normal -0.896905 0.442224 0
    outer loop
      vertex -35.5941 -17.263 20.7
      vertex -35.6722 -17.4214 18.4
      vertex -35.6722 -17.4214 20.7
    endloop
  endfacet
  facet normal -0.980733 0.195354 0
    outer loop
      vertex -35.7635 -17.7618 18.4
      vertex -35.729 -17.5886 20.7
      vertex -35.729 -17.5886 18.4
    endloop
  endfacet
  facet normal -0.980733 0.195354 0
    outer loop
      vertex -35.729 -17.5886 20.7
      vertex -35.7635 -17.7618 18.4
      vertex -35.7635 -17.7618 20.7
    endloop
  endfacet
  facet normal 0 0 1
    outer loop
      vertex -33.0865 -17.7618 20.7
      vertex -33.0865 -18.1142 20.7
      vertex -33.075 -17.938 20.7
    endloop
  endfacet
  facet normal 0 0 1
    outer loop
      vertex -33.121 -17.5886 20.7
      vertex -33.0865 -18.1142 20.7
      vertex -33.0865 -17.7618 20.7
    endloop
  endfacet
  facet normal 0 0 1
    outer loop
      vertex -33.121 -17.5886 20.7
      vertex -33.121 -18.2874 20.7
      vertex -33.0865 -18.1142 20.7
    endloop
  endfacet
  facet normal 0 0 1
    outer loop
      vertex -33.1778 -17.4214 20.7
      vertex -33.121 -18.2874 20.7
      vertex -33.121 -17.5886 20.7
    endloop
  endfacet
  facet normal 0 0 1
    outer loop
      vertex -33.1778 -17.4214 20.7
      vertex -33.1778 -18.4546 20.7
      vertex -33.121 -18.2874 20.7
    endloop
  endfacet
  facet normal 0 0 1
    outer loop
      vertex -33.2559 -17.263 20.7
      vertex -33.1778 -18.4546 20.7
      vertex -33.1778 -17.4214 20.7
    endloop
  endfacet
  facet normal 0 0 1
    outer loop
      vertex -33.2559 -17.263 20.7
      vertex -33.2559 -18.613 20.7
      vertex -33.1778 -18.4546 20.7
    endloop
  endfacet
  facet normal 0 0 1
    outer loop
      vertex -33.354 -17.1162 20.7
      vertex -33.2559 -18.613 20.7
      vertex -33.2559 -17.263 20.7
    endloop
  endfacet
  facet normal 0 0 1
    outer loop
      vertex -33.354 -17.1162 20.7
      vertex -33.354 -18.7598 20.7
      vertex -33.2559 -18.613 20.7
    endloop
  endfacet
  facet normal 0 0 1
    outer loop
      vertex -33.4704 -16.9834 20.7
      vertex -33.354 -18.7598 20.7
      vertex -33.354 -17.1162 20.7
    endloop
  endfacet
  facet normal 0 0 1
    outer loop
      vertex -33.4704 -16.9834 20.7
      vertex -33.4704 -18.8926 20.7
      vertex -33.354 -18.7598 20.7
    endloop
  endfacet
  facet normal 0 0 1
    outer loop
      vertex -33.6032 -16.867 20.7
      vertex -33.4704 -18.8926 20.7
      vertex -33.4704 -16.9834 20.7
    endloop
  endfacet
  facet normal 0 0 1
    outer loop
      vertex -33.6032 -16.867 20.7
      vertex -33.6032 -19.009 20.7
      vertex -33.4704 -18.8926 20.7
    endloop
  endfacet
  facet normal 0 0 1
    outer loop
      vertex -33.75 -16.7689 20.7
      vertex -33.6032 -19.009 20.7
      vertex -33.6032 -16.867 20.7
    endloop
  endfacet
  facet normal 0 0 1
    outer loop
      vertex -33.75 -16.7689 20.7
      vertex -33.75 -19.1071 20.7
      vertex -33.6032 -19.009 20.7
    endloop
  endfacet
  facet normal 0 0 1
    outer loop
      vertex -33.9084 -16.6908 20.7
      vertex -33.75 -19.1071 20.7
      vertex -33.75 -16.7689 20.7
    endloop
  endfacet
  facet normal 0 0 1
    outer loop
      vertex -33.9084 -16.6908 20.7
      vertex -33.9084 -19.1852 20.7
      vertex -33.75 -19.1071 20.7
    endloop
  endfacet
  facet normal 0 0 1
    outer loop
      vertex -34.0756 -16.634 20.7
      vertex -33.9084 -19.1852 20.7
      vertex -33.9084 -16.6908 20.7
    endloop
  endfacet
  facet normal 0 0 1
    outer loop
      vertex -34.0756 -16.634 20.7
      vertex -34.0756 -19.242 20.7
      vertex -33.9084 -19.1852 20.7
    endloop
  endfacet
  facet normal 0 0 1
    outer loop
      vertex -34.2488 -16.5995 20.7
      vertex -34.0756 -19.242 20.7
      vertex -34.0756 -16.634 20.7
    endloop
  endfacet
  facet normal 0 0 1
    outer loop
      vertex -34.2488 -16.5995 20.7
      vertex -34.2488 -19.2765 20.7
      vertex -34.0756 -19.242 20.7
    endloop
  endfacet
  facet normal 0 0 1
    outer loop
      vertex -34.425 -16.588 20.7
      vertex -34.2488 -19.2765 20.7
      vertex -34.2488 -16.5995 20.7
    endloop
  endfacet
  facet normal 0 0 1
    outer loop
      vertex -34.425 -16.588 20.7
      vertex -34.425 -19.288 20.7
      vertex -34.2488 -19.2765 20.7
    endloop
  endfacet
  facet normal -0 0 1
    outer loop
      vertex -34.6012 -16.5995 20.7
      vertex -34.425 -19.288 20.7
      vertex -34.425 -16.588 20.7
    endloop
  endfacet
  facet normal 0 0 1
    outer loop
      vertex -34.6012 -16.5995 20.7
      vertex -34.6012 -19.2765 20.7
      vertex -34.425 -19.288 20.7
    endloop
  endfacet
  facet normal -0 0 1
    outer loop
      vertex -34.7744 -16.634 20.7
      vertex -34.6012 -19.2765 20.7
      vertex -34.6012 -16.5995 20.7
    endloop
  endfacet
  facet normal 0 0 1
    outer loop
      vertex -34.7744 -16.634 20.7
      vertex -34.7744 -19.242 20.7
      vertex -34.6012 -19.2765 20.7
    endloop
  endfacet
  facet normal -0 0 1
    outer loop
      vertex -34.9416 -16.6908 20.7
      vertex -34.7744 -19.242 20.7
      vertex -34.7744 -16.634 20.7
    endloop
  endfacet
  facet normal 0 0 1
    outer loop
      vertex -34.9416 -16.6908 20.7
      vertex -34.9416 -19.1852 20.7
      vertex -34.7744 -19.242 20.7
    endloop
  endfacet
  facet normal -0 0 1
    outer loop
      vertex -35.1 -16.7689 20.7
      vertex -34.9416 -19.1852 20.7
      vertex -34.9416 -16.6908 20.7
    endloop
  endfacet
  facet normal 0 0 1
    outer loop
      vertex -35.1 -16.7689 20.7
      vertex -35.1 -19.1071 20.7
      vertex -34.9416 -19.1852 20.7
    endloop
  endfacet
  facet normal -0 0 1
    outer loop
      vertex -35.2468 -16.867 20.7
      vertex -35.1 -19.1071 20.7
      vertex -35.1 -16.7689 20.7
    endloop
  endfacet
  facet normal 0 0 1
    outer loop
      vertex -35.2468 -16.867 20.7
      vertex -35.2468 -19.009 20.7
      vertex -35.1 -19.1071 20.7
    endloop
  endfacet
  facet normal -0 0 1
    outer loop
      vertex -35.3796 -16.9834 20.7
      vertex -35.2468 -19.009 20.7
      vertex -35.2468 -16.867 20.7
    endloop
  endfacet
  facet normal 0 0 1
    outer loop
      vertex -35.3796 -16.9834 20.7
      vertex -35.3796 -18.8926 20.7
      vertex -35.2468 -19.009 20.7
    endloop
  endfacet
  facet normal -0 0 1
    outer loop
      vertex -35.496 -17.1162 20.7
      vertex -35.3796 -18.8926 20.7
      vertex -35.3796 -16.9834 20.7
    endloop
  endfacet
  facet normal 0 0 1
    outer loop
      vertex -35.496 -17.1162 20.7
      vertex -35.496 -18.7598 20.7
      vertex -35.3796 -18.8926 20.7
    endloop
  endfacet
  facet normal -0 0 1
    outer loop
      vertex -35.5941 -17.263 20.7
      vertex -35.496 -18.7598 20.7
      vertex -35.496 -17.1162 20.7
    endloop
  endfacet
  facet normal 0 0 1
    outer loop
      vertex -35.5941 -17.263 20.7
      vertex -35.5941 -18.613 20.7
      vertex -35.496 -18.7598 20.7
    endloop
  endfacet
  facet normal -0 0 1
    outer loop
      vertex -35.6722 -17.4214 20.7
      vertex -35.5941 -18.613 20.7
      vertex -35.5941 -17.263 20.7
    endloop
  endfacet
  facet normal 0 0 1
    outer loop
      vertex -35.6722 -17.4214 20.7
      vertex -35.6722 -18.4546 20.7
      vertex -35.5941 -18.613 20.7
    endloop
  endfacet
  facet normal -0 0 1
    outer loop
      vertex -35.729 -17.5886 20.7
      vertex -35.6722 -18.4546 20.7
      vertex -35.6722 -17.4214 20.7
    endloop
  endfacet
  facet normal 0 0 1
    outer loop
      vertex -35.729 -17.5886 20.7
      vertex -35.729 -18.2874 20.7
      vertex -35.6722 -18.4546 20.7
    endloop
  endfacet
  facet normal -0 0 1
    outer loop
      vertex -35.7635 -17.7618 20.7
      vertex -35.729 -18.2874 20.7
      vertex -35.729 -17.5886 20.7
    endloop
  endfacet
  facet normal 0 0 1
    outer loop
      vertex -35.7635 -17.7618 20.7
      vertex -35.7635 -18.1142 20.7
      vertex -35.729 -18.2874 20.7
    endloop
  endfacet
  facet normal 0 -0 1
    outer loop
      vertex -35.7635 -18.1142 20.7
      vertex -35.7635 -17.7618 20.7
      vertex -35.775 -17.938 20.7
    endloop
  endfacet
  facet normal -0.0651282 0.997877 0
    outer loop
      vertex -34.425 -16.588 18.4
      vertex -34.6012 -16.5995 20.7
      vertex -34.425 -16.588 20.7
    endloop
  endfacet
  facet normal -0.0651282 0.997877 0
    outer loop
      vertex -34.6012 -16.5995 20.7
      vertex -34.425 -16.588 18.4
      vertex -34.6012 -16.5995 18.4
    endloop
  endfacet
  facet normal 0.997877 -0.0651282 0
    outer loop
      vertex -33.0865 -18.1142 20.7
      vertex -33.075 -17.938 18.4
      vertex -33.075 -17.938 20.7
    endloop
  endfacet
  facet normal 0.997877 -0.0651282 0
    outer loop
      vertex -33.075 -17.938 18.4
      vertex -33.0865 -18.1142 20.7
      vertex -33.0865 -18.1142 18.4
    endloop
  endfacet
  facet normal 0.980733 -0.195354 0
    outer loop
      vertex -33.121 -18.2874 20.7
      vertex -33.0865 -18.1142 18.4
      vertex -33.0865 -18.1142 20.7
    endloop
  endfacet
  facet normal 0.980733 -0.195354 0
    outer loop
      vertex -33.0865 -18.1142 18.4
      vertex -33.121 -18.2874 20.7
      vertex -33.121 -18.2874 18.4
    endloop
  endfacet
  facet normal 0.752015 -0.659146 0
    outer loop
      vertex -33.4704 -18.8926 20.7
      vertex -33.354 -18.7598 18.4
      vertex -33.354 -18.7598 20.7
    endloop
  endfacet
  facet normal 0.752015 -0.659146 0
    outer loop
      vertex -33.354 -18.7598 18.4
      vertex -33.4704 -18.8926 20.7
      vertex -33.4704 -18.8926 18.4
    endloop
  endfacet
  facet normal 0 0 -1
    outer loop
      vertex -33.0865 -18.1142 18.4
      vertex -33.0865 -17.7618 18.4
      vertex -33.075 -17.938 18.4
    endloop
  endfacet
  facet normal 0 0 -1
    outer loop
      vertex -33.121 -18.2874 18.4
      vertex -33.0865 -17.7618 18.4
      vertex -33.0865 -18.1142 18.4
    endloop
  endfacet
  facet normal 0 0 -1
    outer loop
      vertex -33.121 -18.2874 18.4
      vertex -33.121 -17.5886 18.4
      vertex -33.0865 -17.7618 18.4
    endloop
  endfacet
  facet normal 0 0 -1
    outer loop
      vertex -33.1778 -18.4546 18.4
      vertex -33.121 -17.5886 18.4
      vertex -33.121 -18.2874 18.4
    endloop
  endfacet
  facet normal 0 0 -1
    outer loop
      vertex -33.1778 -18.4546 18.4
      vertex -33.1778 -17.4214 18.4
      vertex -33.121 -17.5886 18.4
    endloop
  endfacet
  facet normal 0 0 -1
    outer loop
      vertex -33.2559 -18.613 18.4
      vertex -33.1778 -17.4214 18.4
      vertex -33.1778 -18.4546 18.4
    endloop
  endfacet
  facet normal 0 0 -1
    outer loop
      vertex -33.2559 -18.613 18.4
      vertex -33.2559 -17.263 18.4
      vertex -33.1778 -17.4214 18.4
    endloop
  endfacet
  facet normal 0 0 -1
    outer loop
      vertex -33.354 -18.7598 18.4
      vertex -33.2559 -17.263 18.4
      vertex -33.2559 -18.613 18.4
    endloop
  endfacet
  facet normal 0 0 -1
    outer loop
      vertex -33.354 -18.7598 18.4
      vertex -33.354 -17.1162 18.4
      vertex -33.2559 -17.263 18.4
    endloop
  endfacet
  facet normal 0 0 -1
    outer loop
      vertex -33.4704 -18.8926 18.4
      vertex -33.354 -17.1162 18.4
      vertex -33.354 -18.7598 18.4
    endloop
  endfacet
  facet normal 0 0 -1
    outer loop
      vertex -33.4704 -18.8926 18.4
      vertex -33.4704 -16.9834 18.4
      vertex -33.354 -17.1162 18.4
    endloop
  endfacet
  facet normal 0 0 -1
    outer loop
      vertex -33.6032 -19.009 18.4
      vertex -33.4704 -16.9834 18.4
      vertex -33.4704 -18.8926 18.4
    endloop
  endfacet
  facet normal 0 0 -1
    outer loop
      vertex -33.6032 -19.009 18.4
      vertex -33.6032 -16.867 18.4
      vertex -33.4704 -16.9834 18.4
    endloop
  endfacet
  facet normal 0 0 -1
    outer loop
      vertex -33.75 -19.1071 18.4
      vertex -33.6032 -16.867 18.4
      vertex -33.6032 -19.009 18.4
    endloop
  endfacet
  facet normal 0 0 -1
    outer loop
      vertex -33.75 -19.1071 18.4
      vertex -33.75 -16.7689 18.4
      vertex -33.6032 -16.867 18.4
    endloop
  endfacet
  facet normal 0 0 -1
    outer loop
      vertex -33.9084 -19.1852 18.4
      vertex -33.75 -16.7689 18.4
      vertex -33.75 -19.1071 18.4
    endloop
  endfacet
  facet normal 0 0 -1
    outer loop
      vertex -33.9084 -19.1852 18.4
      vertex -33.9084 -16.6908 18.4
      vertex -33.75 -16.7689 18.4
    endloop
  endfacet
  facet normal 0 0 -1
    outer loop
      vertex -34.0756 -19.242 18.4
      vertex -33.9084 -16.6908 18.4
      vertex -33.9084 -19.1852 18.4
    endloop
  endfacet
  facet normal 0 0 -1
    outer loop
      vertex -34.0756 -19.242 18.4
      vertex -34.0756 -16.634 18.4
      vertex -33.9084 -16.6908 18.4
    endloop
  endfacet
  facet normal 0 0 -1
    outer loop
      vertex -34.2488 -19.2765 18.4
      vertex -34.0756 -16.634 18.4
      vertex -34.0756 -19.242 18.4
    endloop
  endfacet
  facet normal 0 0 -1
    outer loop
      vertex -34.2488 -19.2765 18.4
      vertex -34.2488 -16.5995 18.4
      vertex -34.0756 -16.634 18.4
    endloop
  endfacet
  facet normal 0 0 -1
    outer loop
      vertex -34.425 -19.288 18.4
      vertex -34.2488 -16.5995 18.4
      vertex -34.2488 -19.2765 18.4
    endloop
  endfacet
  facet normal 0 0 -1
    outer loop
      vertex -34.425 -19.288 18.4
      vertex -34.425 -16.588 18.4
      vertex -34.2488 -16.5995 18.4
    endloop
  endfacet
  facet normal 0 0 -1
    outer loop
      vertex -34.6012 -19.2765 18.4
      vertex -34.425 -16.588 18.4
      vertex -34.425 -19.288 18.4
    endloop
  endfacet
  facet normal 0 0 -1
    outer loop
      vertex -34.6012 -19.2765 18.4
      vertex -34.6012 -16.5995 18.4
      vertex -34.425 -16.588 18.4
    endloop
  endfacet
  facet normal 0 0 -1
    outer loop
      vertex -34.7744 -19.242 18.4
      vertex -34.6012 -16.5995 18.4
      vertex -34.6012 -19.2765 18.4
    endloop
  endfacet
  facet normal 0 0 -1
    outer loop
      vertex -34.7744 -19.242 18.4
      vertex -34.7744 -16.634 18.4
      vertex -34.6012 -16.5995 18.4
    endloop
  endfacet
  facet normal 0 0 -1
    outer loop
      vertex -34.9416 -19.1852 18.4
      vertex -34.7744 -16.634 18.4
      vertex -34.7744 -19.242 18.4
    endloop
  endfacet
  facet normal 0 0 -1
    outer loop
      vertex -34.9416 -19.1852 18.4
      vertex -34.9416 -16.6908 18.4
      vertex -34.7744 -16.634 18.4
    endloop
  endfacet
  facet normal 0 0 -1
    outer loop
      vertex -35.1 -19.1071 18.4
      vertex -34.9416 -16.6908 18.4
      vertex -34.9416 -19.1852 18.4
    endloop
  endfacet
  facet normal 0 0 -1
    outer loop
      vertex -35.1 -19.1071 18.4
      vertex -35.1 -16.7689 18.4
      vertex -34.9416 -16.6908 18.4
    endloop
  endfacet
  facet normal 0 0 -1
    outer loop
      vertex -35.2468 -19.009 18.4
      vertex -35.1 -16.7689 18.4
      vertex -35.1 -19.1071 18.4
    endloop
  endfacet
  facet normal 0 0 -1
    outer loop
      vertex -35.2468 -19.009 18.4
      vertex -35.2468 -16.867 18.4
      vertex -35.1 -16.7689 18.4
    endloop
  endfacet
  facet normal 0 0 -1
    outer loop
      vertex -35.3796 -18.8926 18.4
      vertex -35.2468 -16.867 18.4
      vertex -35.2468 -19.009 18.4
    endloop
  endfacet
  facet normal 0 0 -1
    outer loop
      vertex -35.3796 -18.8926 18.4
      vertex -35.3796 -16.9834 18.4
      vertex -35.2468 -16.867 18.4
    endloop
  endfacet
  facet normal 0 0 -1
    outer loop
      vertex -35.496 -18.7598 18.4
      vertex -35.3796 -16.9834 18.4
      vertex -35.3796 -18.8926 18.4
    endloop
  endfacet
  facet normal 0 0 -1
    outer loop
      vertex -35.496 -18.7598 18.4
      vertex -35.496 -17.1162 18.4
      vertex -35.3796 -16.9834 18.4
    endloop
  endfacet
  facet normal 0 0 -1
    outer loop
      vertex -35.5941 -18.613 18.4
      vertex -35.496 -17.1162 18.4
      vertex -35.496 -18.7598 18.4
    endloop
  endfacet
  facet normal 0 0 -1
    outer loop
      vertex -35.5941 -18.613 18.4
      vertex -35.5941 -17.263 18.4
      vertex -35.496 -17.1162 18.4
    endloop
  endfacet
  facet normal 0 0 -1
    outer loop
      vertex -35.6722 -18.4546 18.4
      vertex -35.5941 -17.263 18.4
      vertex -35.5941 -18.613 18.4
    endloop
  endfacet
  facet normal 0 0 -1
    outer loop
      vertex -35.6722 -18.4546 18.4
      vertex -35.6722 -17.4214 18.4
      vertex -35.5941 -17.263 18.4
    endloop
  endfacet
  facet normal 0 0 -1
    outer loop
      vertex -35.729 -18.2874 18.4
      vertex -35.6722 -17.4214 18.4
      vertex -35.6722 -18.4546 18.4
    endloop
  endfacet
  facet normal 0 0 -1
    outer loop
      vertex -35.729 -18.2874 18.4
      vertex -35.729 -17.5886 18.4
      vertex -35.6722 -17.4214 18.4
    endloop
  endfacet
  facet normal 0 0 -1
    outer loop
      vertex -35.7635 -18.1142 18.4
      vertex -35.729 -17.5886 18.4
      vertex -35.729 -18.2874 18.4
    endloop
  endfacet
  facet normal 0 0 -1
    outer loop
      vertex -35.7635 -18.1142 18.4
      vertex -35.7635 -17.7618 18.4
      vertex -35.729 -17.5886 18.4
    endloop
  endfacet
  facet normal 0 -0 -1
    outer loop
      vertex -35.7635 -17.7618 18.4
      vertex -35.7635 -18.1142 18.4
      vertex -35.775 -17.938 18.4
    endloop
  endfacet
  facet normal 0.442224 -0.896905 0
    outer loop
      vertex -33.9084 -19.1852 18.4
      vertex -33.75 -19.1071 20.7
      vertex -33.9084 -19.1852 20.7
    endloop
  endfacet
  facet normal 0.442224 -0.896905 0
    outer loop
      vertex -33.75 -19.1071 20.7
      vertex -33.9084 -19.1852 18.4
      vertex -33.75 -19.1071 18.4
    endloop
  endfacet
  facet normal 0.555615 0.83144 -0
    outer loop
      vertex -33.6032 -16.867 18.4
      vertex -33.75 -16.7689 20.7
      vertex -33.6032 -16.867 20.7
    endloop
  endfacet
  facet normal 0.555615 0.83144 0
    outer loop
      vertex -33.75 -16.7689 20.7
      vertex -33.6032 -16.867 18.4
      vertex -33.75 -16.7689 18.4
    endloop
  endfacet
  facet normal -0.555615 0.83144 0
    outer loop
      vertex -35.1 -16.7689 18.4
      vertex -35.2468 -16.867 20.7
      vertex -35.1 -16.7689 20.7
    endloop
  endfacet
  facet normal -0.555615 0.83144 0
    outer loop
      vertex -35.2468 -16.867 20.7
      vertex -35.1 -16.7689 18.4
      vertex -35.2468 -16.867 18.4
    endloop
  endfacet
  facet normal 0.946856 -0.321659 0
    outer loop
      vertex -33.1778 -18.4546 20.7
      vertex -33.121 -18.2874 18.4
      vertex -33.121 -18.2874 20.7
    endloop
  endfacet
  facet normal 0.946856 -0.321659 0
    outer loop
      vertex -33.121 -18.2874 18.4
      vertex -33.1778 -18.4546 20.7
      vertex -33.1778 -18.4546 18.4
    endloop
  endfacet
  facet normal 0.555615 -0.83144 0
    outer loop
      vertex -33.75 -19.1071 18.4
      vertex -33.6032 -19.009 20.7
      vertex -33.75 -19.1071 20.7
    endloop
  endfacet
  facet normal 0.555615 -0.83144 0
    outer loop
      vertex -33.6032 -19.009 20.7
      vertex -33.75 -19.1071 18.4
      vertex -33.6032 -19.009 18.4
    endloop
  endfacet
  facet normal 0.659146 -0.752015 0
    outer loop
      vertex -33.6032 -19.009 18.4
      vertex -33.4704 -18.8926 20.7
      vertex -33.6032 -19.009 20.7
    endloop
  endfacet
  facet normal 0.659146 -0.752015 0
    outer loop
      vertex -33.4704 -18.8926 20.7
      vertex -33.6032 -19.009 18.4
      vertex -33.4704 -18.8926 18.4
    endloop
  endfacet
  facet normal 0.896905 -0.442224 0
    outer loop
      vertex -33.2559 -18.613 20.7
      vertex -33.1778 -18.4546 18.4
      vertex -33.1778 -18.4546 20.7
    endloop
  endfacet
  facet normal 0.896905 -0.442224 0
    outer loop
      vertex -33.1778 -18.4546 18.4
      vertex -33.2559 -18.613 20.7
      vertex -33.2559 -18.613 18.4
    endloop
  endfacet
  facet normal -0.195354 -0.980733 0
    outer loop
      vertex -34.7744 -19.242 18.4
      vertex -34.6012 -19.2765 20.7
      vertex -34.7744 -19.242 20.7
    endloop
  endfacet
  facet normal -0.195354 -0.980733 -0
    outer loop
      vertex -34.6012 -19.2765 20.7
      vertex -34.7744 -19.242 18.4
      vertex -34.6012 -19.2765 18.4
    endloop
  endfacet
  facet normal -0.752015 -0.659146 0
    outer loop
      vertex -35.3796 -18.8926 18.4
      vertex -35.496 -18.7598 20.7
      vertex -35.496 -18.7598 18.4
    endloop
  endfacet
  facet normal -0.752015 -0.659146 0
    outer loop
      vertex -35.496 -18.7598 20.7
      vertex -35.3796 -18.8926 18.4
      vertex -35.3796 -18.8926 20.7
    endloop
  endfacet
  facet normal -0.946856 -0.321659 0
    outer loop
      vertex -35.6722 -18.4546 18.4
      vertex -35.729 -18.2874 20.7
      vertex -35.729 -18.2874 18.4
    endloop
  endfacet
  facet normal -0.946856 -0.321659 0
    outer loop
      vertex -35.729 -18.2874 20.7
      vertex -35.6722 -18.4546 18.4
      vertex -35.6722 -18.4546 20.7
    endloop
  endfacet
  facet normal 0.321659 -0.946856 0
    outer loop
      vertex -34.0756 -19.242 18.4
      vertex -33.9084 -19.1852 20.7
      vertex -34.0756 -19.242 20.7
    endloop
  endfacet
  facet normal 0.321659 -0.946856 0
    outer loop
      vertex -33.9084 -19.1852 20.7
      vertex -34.0756 -19.242 18.4
      vertex -33.9084 -19.1852 18.4
    endloop
  endfacet
  facet normal -0.0651282 -0.997877 0
    outer loop
      vertex -34.6012 -19.2765 18.4
      vertex -34.425 -19.288 20.7
      vertex -34.6012 -19.2765 20.7
    endloop
  endfacet
  facet normal -0.0651282 -0.997877 -0
    outer loop
      vertex -34.425 -19.288 20.7
      vertex -34.6012 -19.2765 18.4
      vertex -34.425 -19.288 18.4
    endloop
  endfacet
  facet normal -0.442224 -0.896905 0
    outer loop
      vertex -35.1 -19.1071 18.4
      vertex -34.9416 -19.1852 20.7
      vertex -35.1 -19.1071 20.7
    endloop
  endfacet
  facet normal -0.442224 -0.896905 -0
    outer loop
      vertex -34.9416 -19.1852 20.7
      vertex -35.1 -19.1071 18.4
      vertex -34.9416 -19.1852 18.4
    endloop
  endfacet
  facet normal -0.83144 -0.555615 0
    outer loop
      vertex -35.496 -18.7598 18.4
      vertex -35.5941 -18.613 20.7
      vertex -35.5941 -18.613 18.4
    endloop
  endfacet
  facet normal -0.83144 -0.555615 0
    outer loop
      vertex -35.5941 -18.613 20.7
      vertex -35.496 -18.7598 18.4
      vertex -35.496 -18.7598 20.7
    endloop
  endfacet
  facet normal -0.896905 -0.442224 0
    outer loop
      vertex -35.5941 -18.613 18.4
      vertex -35.6722 -18.4546 20.7
      vertex -35.6722 -18.4546 18.4
    endloop
  endfacet
  facet normal -0.896905 -0.442224 0
    outer loop
      vertex -35.6722 -18.4546 20.7
      vertex -35.5941 -18.613 18.4
      vertex -35.5941 -18.613 20.7
    endloop
  endfacet
  facet normal -0.980733 -0.195354 0
    outer loop
      vertex -35.729 -18.2874 18.4
      vertex -35.7635 -18.1142 20.7
      vertex -35.7635 -18.1142 18.4
    endloop
  endfacet
  facet normal -0.980733 -0.195354 0
    outer loop
      vertex -35.7635 -18.1142 20.7
      vertex -35.729 -18.2874 18.4
      vertex -35.729 -18.2874 20.7
    endloop
  endfacet
  facet normal -0.997877 -0.0651282 0
    outer loop
      vertex -35.7635 -18.1142 18.4
      vertex -35.775 -17.938 20.7
      vertex -35.775 -17.938 18.4
    endloop
  endfacet
  facet normal -0.997877 -0.0651282 0
    outer loop
      vertex -35.775 -17.938 20.7
      vertex -35.7635 -18.1142 18.4
      vertex -35.7635 -18.1142 20.7
    endloop
  endfacet
  facet normal -0.659146 -0.752015 0
    outer loop
      vertex -35.3796 -18.8926 18.4
      vertex -35.2468 -19.009 20.7
      vertex -35.3796 -18.8926 20.7
    endloop
  endfacet
  facet normal -0.659146 -0.752015 -0
    outer loop
      vertex -35.2468 -19.009 20.7
      vertex -35.3796 -18.8926 18.4
      vertex -35.2468 -19.009 18.4
    endloop
  endfacet
  facet normal -0.555615 -0.83144 0
    outer loop
      vertex -35.2468 -19.009 18.4
      vertex -35.1 -19.1071 20.7
      vertex -35.2468 -19.009 20.7
    endloop
  endfacet
  facet normal -0.555615 -0.83144 -0
    outer loop
      vertex -35.1 -19.1071 20.7
      vertex -35.2468 -19.009 18.4
      vertex -35.1 -19.1071 18.4
    endloop
  endfacet
  facet normal -0.321659 -0.946856 0
    outer loop
      vertex -34.9416 -19.1852 18.4
      vertex -34.7744 -19.242 20.7
      vertex -34.9416 -19.1852 20.7
    endloop
  endfacet
  facet normal -0.321659 -0.946856 -0
    outer loop
      vertex -34.7744 -19.242 20.7
      vertex -34.9416 -19.1852 18.4
      vertex -34.7744 -19.242 18.4
    endloop
  endfacet
  facet normal 0.997877 0.0651245 0
    outer loop
      vertex 41.963 2.185 20.7
      vertex 41.9515 2.36121 18.4
      vertex 41.9515 2.36121 20.7
    endloop
  endfacet
  facet normal 0.997877 0.0651245 0
    outer loop
      vertex 41.9515 2.36121 18.4
      vertex 41.963 2.185 20.7
      vertex 41.963 2.185 18.4
    endloop
  endfacet
  facet normal -0.997877 0.0651245 0
    outer loop
      vertex 39.263 2.185 18.4
      vertex 39.2745 2.36121 20.7
      vertex 39.2745 2.36121 18.4
    endloop
  endfacet
  facet normal -0.997877 0.0651245 0
    outer loop
      vertex 39.2745 2.36121 20.7
      vertex 39.263 2.185 18.4
      vertex 39.263 2.185 20.7
    endloop
  endfacet
  facet normal 0.0654101 0.997858 -0
    outer loop
      vertex 40.7892 3.52345 18.4
      vertex 40.613 3.535 20.7
      vertex 40.7892 3.52345 20.7
    endloop
  endfacet
  facet normal 0.0654101 0.997858 0
    outer loop
      vertex 40.613 3.535 20.7
      vertex 40.7892 3.52345 18.4
      vertex 40.613 3.535 18.4
    endloop
  endfacet
  facet normal 0.751917 0.659258 0
    outer loop
      vertex 41.684 3.00683 20.7
      vertex 41.5676 3.13959 18.4
      vertex 41.5676 3.13959 20.7
    endloop
  endfacet
  facet normal 0.751917 0.659258 0
    outer loop
      vertex 41.5676 3.13959 18.4
      vertex 41.684 3.00683 20.7
      vertex 41.684 3.00683 18.4
    endloop
  endfacet
  facet normal -0.659274 0.751903 0
    outer loop
      vertex 39.7912 3.25603 18.4
      vertex 39.6584 3.13959 20.7
      vertex 39.7912 3.25603 20.7
    endloop
  endfacet
  facet normal -0.659274 0.751903 0
    outer loop
      vertex 39.6584 3.13959 20.7
      vertex 39.7912 3.25603 18.4
      vertex 39.6584 3.13959 18.4
    endloop
  endfacet
  facet normal -0.321456 0.946925 0
    outer loop
      vertex 40.2636 3.489 18.4
      vertex 40.0964 3.43224 20.7
      vertex 40.2636 3.489 20.7
    endloop
  endfacet
  facet normal -0.321456 0.946925 0
    outer loop
      vertex 40.0964 3.43224 20.7
      vertex 40.2636 3.489 18.4
      vertex 40.0964 3.43224 18.4
    endloop
  endfacet
  facet normal -0.980733 -0.195354 0
    outer loop
      vertex 39.309 1.83559 18.4
      vertex 39.2745 2.00879 20.7
      vertex 39.2745 2.00879 18.4
    endloop
  endfacet
  facet normal -0.980733 -0.195354 0
    outer loop
      vertex 39.2745 2.00879 20.7
      vertex 39.309 1.83559 18.4
      vertex 39.309 1.83559 20.7
    endloop
  endfacet
  facet normal 0 0 -1
    outer loop
      vertex 41.9515 2.00879 18.4
      vertex 41.9515 2.36121 18.4
      vertex 41.963 2.185 18.4
    endloop
  endfacet
  facet normal 0 0 -1
    outer loop
      vertex 41.917 1.83559 18.4
      vertex 41.9515 2.36121 18.4
      vertex 41.9515 2.00879 18.4
    endloop
  endfacet
  facet normal 0 0 -1
    outer loop
      vertex 41.917 1.83559 18.4
      vertex 41.917 2.53441 18.4
      vertex 41.9515 2.36121 18.4
    endloop
  endfacet
  facet normal 0 0 -1
    outer loop
      vertex 41.8602 1.66838 18.4
      vertex 41.917 2.53441 18.4
      vertex 41.917 1.83559 18.4
    endloop
  endfacet
  facet normal 0 0 -1
    outer loop
      vertex 41.8602 1.66838 18.4
      vertex 41.8602 2.70162 18.4
      vertex 41.917 2.53441 18.4
    endloop
  endfacet
  facet normal 0 0 -1
    outer loop
      vertex 41.7821 1.51 18.4
      vertex 41.8602 2.70162 18.4
      vertex 41.8602 1.66838 18.4
    endloop
  endfacet
  facet normal 0 0 -1
    outer loop
      vertex 41.7821 1.51 18.4
      vertex 41.7821 2.86 18.4
      vertex 41.8602 2.70162 18.4
    endloop
  endfacet
  facet normal 0 0 -1
    outer loop
      vertex 41.684 1.36317 18.4
      vertex 41.7821 2.86 18.4
      vertex 41.7821 1.51 18.4
    endloop
  endfacet
  facet normal 0 0 -1
    outer loop
      vertex 41.684 1.36317 18.4
      vertex 41.684 3.00683 18.4
      vertex 41.7821 2.86 18.4
    endloop
  endfacet
  facet normal 0 0 -1
    outer loop
      vertex 41.5676 1.23041 18.4
      vertex 41.684 3.00683 18.4
      vertex 41.684 1.36317 18.4
    endloop
  endfacet
  facet normal 0 0 -1
    outer loop
      vertex 41.5676 1.23041 18.4
      vertex 41.5676 3.13959 18.4
      vertex 41.684 3.00683 18.4
    endloop
  endfacet
  facet normal 0 0 -1
    outer loop
      vertex 41.4348 1.11397 18.4
      vertex 41.5676 3.13959 18.4
      vertex 41.5676 1.23041 18.4
    endloop
  endfacet
  facet normal 0 0 -1
    outer loop
      vertex 41.4348 1.11397 18.4
      vertex 41.4348 3.25603 18.4
      vertex 41.5676 3.13959 18.4
    endloop
  endfacet
  facet normal 0 0 -1
    outer loop
      vertex 41.288 1.01587 18.4
      vertex 41.4348 3.25603 18.4
      vertex 41.4348 1.11397 18.4
    endloop
  endfacet
  facet normal 0 0 -1
    outer loop
      vertex 41.288 1.01587 18.4
      vertex 41.288 3.35413 18.4
      vertex 41.4348 3.25603 18.4
    endloop
  endfacet
  facet normal 0 0 -1
    outer loop
      vertex 41.1296 0.937762 18.4
      vertex 41.288 3.35413 18.4
      vertex 41.288 1.01587 18.4
    endloop
  endfacet
  facet normal 0 0 -1
    outer loop
      vertex 41.1296 0.937762 18.4
      vertex 41.1296 3.43224 18.4
      vertex 41.288 3.35413 18.4
    endloop
  endfacet
  facet normal 0 0 -1
    outer loop
      vertex 40.9624 0.881 18.4
      vertex 41.1296 3.43224 18.4
      vertex 41.1296 0.937762 18.4
    endloop
  endfacet
  facet normal 0 0 -1
    outer loop
      vertex 40.9624 0.881 18.4
      vertex 40.9624 3.489 18.4
      vertex 41.1296 3.43224 18.4
    endloop
  endfacet
  facet normal 0 0 -1
    outer loop
      vertex 40.7892 0.846549 18.4
      vertex 40.9624 3.489 18.4
      vertex 40.9624 0.881 18.4
    endloop
  endfacet
  facet normal 0 0 -1
    outer loop
      vertex 40.7892 0.846549 18.4
      vertex 40.7892 3.52345 18.4
      vertex 40.9624 3.489 18.4
    endloop
  endfacet
  facet normal 0 0 -1
    outer loop
      vertex 40.613 0.834999 18.4
      vertex 40.7892 3.52345 18.4
      vertex 40.7892 0.846549 18.4
    endloop
  endfacet
  facet normal 0 0 -1
    outer loop
      vertex 40.613 0.834999 18.4
      vertex 40.613 3.535 18.4
      vertex 40.7892 3.52345 18.4
    endloop
  endfacet
  facet normal 0 0 -1
    outer loop
      vertex 40.4368 0.846549 18.4
      vertex 40.613 3.535 18.4
      vertex 40.613 0.834999 18.4
    endloop
  endfacet
  facet normal 0 0 -1
    outer loop
      vertex 40.4368 0.846549 18.4
      vertex 40.4368 3.52345 18.4
      vertex 40.613 3.535 18.4
    endloop
  endfacet
  facet normal 0 0 -1
    outer loop
      vertex 40.2636 0.881 18.4
      vertex 40.4368 3.52345 18.4
      vertex 40.4368 0.846549 18.4
    endloop
  endfacet
  facet normal 0 0 -1
    outer loop
      vertex 40.2636 0.881 18.4
      vertex 40.2636 3.489 18.4
      vertex 40.4368 3.52345 18.4
    endloop
  endfacet
  facet normal 0 0 -1
    outer loop
      vertex 40.0964 0.937762 18.4
      vertex 40.2636 3.489 18.4
      vertex 40.2636 0.881 18.4
    endloop
  endfacet
  facet normal 0 0 -1
    outer loop
      vertex 40.0964 0.937762 18.4
      vertex 40.0964 3.43224 18.4
      vertex 40.2636 3.489 18.4
    endloop
  endfacet
  facet normal 0 0 -1
    outer loop
      vertex 39.938 1.01587 18.4
      vertex 40.0964 3.43224 18.4
      vertex 40.0964 0.937762 18.4
    endloop
  endfacet
  facet normal 0 0 -1
    outer loop
      vertex 39.938 1.01587 18.4
      vertex 39.938 3.35413 18.4
      vertex 40.0964 3.43224 18.4
    endloop
  endfacet
  facet normal 0 0 -1
    outer loop
      vertex 39.7912 1.11397 18.4
      vertex 39.938 3.35413 18.4
      vertex 39.938 1.01587 18.4
    endloop
  endfacet
  facet normal 0 0 -1
    outer loop
      vertex 39.7912 1.11397 18.4
      vertex 39.7912 3.25603 18.4
      vertex 39.938 3.35413 18.4
    endloop
  endfacet
  facet normal 0 0 -1
    outer loop
      vertex 39.6584 1.23041 18.4
      vertex 39.7912 3.25603 18.4
      vertex 39.7912 1.11397 18.4
    endloop
  endfacet
  facet normal 0 0 -1
    outer loop
      vertex 39.6584 1.23041 18.4
      vertex 39.6584 3.13959 18.4
      vertex 39.7912 3.25603 18.4
    endloop
  endfacet
  facet normal 0 0 -1
    outer loop
      vertex 39.542 1.36317 18.4
      vertex 39.6584 3.13959 18.4
      vertex 39.6584 1.23041 18.4
    endloop
  endfacet
  facet normal 0 0 -1
    outer loop
      vertex 39.542 1.36317 18.4
      vertex 39.542 3.00683 18.4
      vertex 39.6584 3.13959 18.4
    endloop
  endfacet
  facet normal 0 0 -1
    outer loop
      vertex 39.4439 1.51 18.4
      vertex 39.542 3.00683 18.4
      vertex 39.542 1.36317 18.4
    endloop
  endfacet
  facet normal 0 0 -1
    outer loop
      vertex 39.4439 1.51 18.4
      vertex 39.4439 2.86 18.4
      vertex 39.542 3.00683 18.4
    endloop
  endfacet
  facet normal 0 0 -1
    outer loop
      vertex 39.3658 1.66838 18.4
      vertex 39.4439 2.86 18.4
      vertex 39.4439 1.51 18.4
    endloop
  endfacet
  facet normal 0 0 -1
    outer loop
      vertex 39.3658 1.66838 18.4
      vertex 39.3658 2.70162 18.4
      vertex 39.4439 2.86 18.4
    endloop
  endfacet
  facet normal 0 0 -1
    outer loop
      vertex 39.309 1.83559 18.4
      vertex 39.3658 2.70162 18.4
      vertex 39.3658 1.66838 18.4
    endloop
  endfacet
  facet normal 0 0 -1
    outer loop
      vertex 39.309 1.83559 18.4
      vertex 39.309 2.53441 18.4
      vertex 39.3658 2.70162 18.4
    endloop
  endfacet
  facet normal 0 0 -1
    outer loop
      vertex 39.2745 2.00879 18.4
      vertex 39.309 2.53441 18.4
      vertex 39.309 1.83559 18.4
    endloop
  endfacet
  facet normal 0 0 -1
    outer loop
      vertex 39.2745 2.00879 18.4
      vertex 39.2745 2.36121 18.4
      vertex 39.309 2.53441 18.4
    endloop
  endfacet
  facet normal 0 -0 -1
    outer loop
      vertex 39.2745 2.36121 18.4
      vertex 39.2745 2.00879 18.4
      vertex 39.263 2.185 18.4
    endloop
  endfacet
  facet normal 0.896883 0.442269 0
    outer loop
      vertex 41.8602 2.70162 20.7
      vertex 41.7821 2.86 18.4
      vertex 41.7821 2.86 20.7
    endloop
  endfacet
  facet normal 0.896883 0.442269 0
    outer loop
      vertex 41.7821 2.86 18.4
      vertex 41.8602 2.70162 20.7
      vertex 41.8602 2.70162 18.4
    endloop
  endfacet
  facet normal 0.980733 0.195354 0
    outer loop
      vertex 41.9515 2.36121 20.7
      vertex 41.917 2.53441 18.4
      vertex 41.917 2.53441 20.7
    endloop
  endfacet
  facet normal 0.980733 0.195354 0
    outer loop
      vertex 41.917 2.53441 18.4
      vertex 41.9515 2.36121 20.7
      vertex 41.9515 2.36121 18.4
    endloop
  endfacet
  facet normal 0.831492 0.555536 0
    outer loop
      vertex 41.7821 2.86 20.7
      vertex 41.684 3.00683 18.4
      vertex 41.684 3.00683 20.7
    endloop
  endfacet
  facet normal 0.831492 0.555536 0
    outer loop
      vertex 41.684 3.00683 18.4
      vertex 41.7821 2.86 20.7
      vertex 41.7821 2.86 18.4
    endloop
  endfacet
  facet normal 0.442269 0.896882 -0
    outer loop
      vertex 41.288 3.35413 18.4
      vertex 41.1296 3.43224 20.7
      vertex 41.288 3.35413 20.7
    endloop
  endfacet
  facet normal 0.442269 0.896882 0
    outer loop
      vertex 41.1296 3.43224 20.7
      vertex 41.288 3.35413 18.4
      vertex 41.1296 3.43224 18.4
    endloop
  endfacet
  facet normal 0.321456 0.946925 -0
    outer loop
      vertex 41.1296 3.43224 18.4
      vertex 40.9624 3.489 20.7
      vertex 41.1296 3.43224 20.7
    endloop
  endfacet
  facet normal 0.321456 0.946925 0
    outer loop
      vertex 40.9624 3.489 20.7
      vertex 41.1296 3.43224 18.4
      vertex 40.9624 3.489 18.4
    endloop
  endfacet
  facet normal 0.659274 0.751903 -0
    outer loop
      vertex 41.5676 3.13959 18.4
      vertex 41.4348 3.25603 20.7
      vertex 41.5676 3.13959 20.7
    endloop
  endfacet
  facet normal 0.659274 0.751903 0
    outer loop
      vertex 41.4348 3.25603 20.7
      vertex 41.5676 3.13959 18.4
      vertex 41.4348 3.25603 18.4
    endloop
  endfacet
  facet normal -0.896883 0.442269 0
    outer loop
      vertex 39.3658 2.70162 18.4
      vertex 39.4439 2.86 20.7
      vertex 39.4439 2.86 18.4
    endloop
  endfacet
  facet normal -0.896883 0.442269 0
    outer loop
      vertex 39.4439 2.86 20.7
      vertex 39.3658 2.70162 18.4
      vertex 39.3658 2.70162 20.7
    endloop
  endfacet
  facet normal -0.831492 0.555536 0
    outer loop
      vertex 39.4439 2.86 18.4
      vertex 39.542 3.00683 20.7
      vertex 39.542 3.00683 18.4
    endloop
  endfacet
  facet normal -0.831492 0.555536 0
    outer loop
      vertex 39.542 3.00683 20.7
      vertex 39.4439 2.86 18.4
      vertex 39.4439 2.86 20.7
    endloop
  endfacet
  facet normal 0 0 1
    outer loop
      vertex 41.9515 2.36121 20.7
      vertex 41.9515 2.00879 20.7
      vertex 41.963 2.185 20.7
    endloop
  endfacet
  facet normal 0 0 1
    outer loop
      vertex 41.917 2.53441 20.7
      vertex 41.9515 2.00879 20.7
      vertex 41.9515 2.36121 20.7
    endloop
  endfacet
  facet normal 0 0 1
    outer loop
      vertex 41.917 2.53441 20.7
      vertex 41.917 1.83559 20.7
      vertex 41.9515 2.00879 20.7
    endloop
  endfacet
  facet normal 0 0 1
    outer loop
      vertex 41.8602 2.70162 20.7
      vertex 41.917 1.83559 20.7
      vertex 41.917 2.53441 20.7
    endloop
  endfacet
  facet normal 0 0 1
    outer loop
      vertex 41.8602 2.70162 20.7
      vertex 41.8602 1.66838 20.7
      vertex 41.917 1.83559 20.7
    endloop
  endfacet
  facet normal 0 0 1
    outer loop
      vertex 41.7821 2.86 20.7
      vertex 41.8602 1.66838 20.7
      vertex 41.8602 2.70162 20.7
    endloop
  endfacet
  facet normal 0 0 1
    outer loop
      vertex 41.7821 2.86 20.7
      vertex 41.7821 1.51 20.7
      vertex 41.8602 1.66838 20.7
    endloop
  endfacet
  facet normal 0 0 1
    outer loop
      vertex 41.684 3.00683 20.7
      vertex 41.7821 1.51 20.7
      vertex 41.7821 2.86 20.7
    endloop
  endfacet
  facet normal 0 0 1
    outer loop
      vertex 41.684 3.00683 20.7
      vertex 41.684 1.36317 20.7
      vertex 41.7821 1.51 20.7
    endloop
  endfacet
  facet normal 0 0 1
    outer loop
      vertex 41.5676 3.13959 20.7
      vertex 41.684 1.36317 20.7
      vertex 41.684 3.00683 20.7
    endloop
  endfacet
  facet normal 0 0 1
    outer loop
      vertex 41.5676 3.13959 20.7
      vertex 41.5676 1.23041 20.7
      vertex 41.684 1.36317 20.7
    endloop
  endfacet
  facet normal 0 0 1
    outer loop
      vertex 41.4348 3.25603 20.7
      vertex 41.5676 1.23041 20.7
      vertex 41.5676 3.13959 20.7
    endloop
  endfacet
  facet normal 0 0 1
    outer loop
      vertex 41.4348 3.25603 20.7
      vertex 41.4348 1.11397 20.7
      vertex 41.5676 1.23041 20.7
    endloop
  endfacet
  facet normal 0 0 1
    outer loop
      vertex 41.288 3.35413 20.7
      vertex 41.4348 1.11397 20.7
      vertex 41.4348 3.25603 20.7
    endloop
  endfacet
  facet normal 0 0 1
    outer loop
      vertex 41.288 3.35413 20.7
      vertex 41.288 1.01587 20.7
      vertex 41.4348 1.11397 20.7
    endloop
  endfacet
  facet normal 0 0 1
    outer loop
      vertex 41.1296 3.43224 20.7
      vertex 41.288 1.01587 20.7
      vertex 41.288 3.35413 20.7
    endloop
  endfacet
  facet normal 0 0 1
    outer loop
      vertex 41.1296 3.43224 20.7
      vertex 41.1296 0.937762 20.7
      vertex 41.288 1.01587 20.7
    endloop
  endfacet
  facet normal 0 0 1
    outer loop
      vertex 40.9624 3.489 20.7
      vertex 41.1296 0.937762 20.7
      vertex 41.1296 3.43224 20.7
    endloop
  endfacet
  facet normal 0 0 1
    outer loop
      vertex 40.9624 3.489 20.7
      vertex 40.9624 0.881 20.7
      vertex 41.1296 0.937762 20.7
    endloop
  endfacet
  facet normal 0 0 1
    outer loop
      vertex 40.7892 3.52345 20.7
      vertex 40.9624 0.881 20.7
      vertex 40.9624 3.489 20.7
    endloop
  endfacet
  facet normal 0 0 1
    outer loop
      vertex 40.7892 3.52345 20.7
      vertex 40.7892 0.846549 20.7
      vertex 40.9624 0.881 20.7
    endloop
  endfacet
  facet normal 0 0 1
    outer loop
      vertex 40.613 3.535 20.7
      vertex 40.7892 0.846549 20.7
      vertex 40.7892 3.52345 20.7
    endloop
  endfacet
  facet normal 0 0 1
    outer loop
      vertex 40.613 3.535 20.7
      vertex 40.613 0.834999 20.7
      vertex 40.7892 0.846549 20.7
    endloop
  endfacet
  facet normal -0 0 1
    outer loop
      vertex 40.4368 3.52345 20.7
      vertex 40.613 0.834999 20.7
      vertex 40.613 3.535 20.7
    endloop
  endfacet
  facet normal 0 0 1
    outer loop
      vertex 40.4368 3.52345 20.7
      vertex 40.4368 0.846549 20.7
      vertex 40.613 0.834999 20.7
    endloop
  endfacet
  facet normal -0 0 1
    outer loop
      vertex 40.2636 3.489 20.7
      vertex 40.4368 0.846549 20.7
      vertex 40.4368 3.52345 20.7
    endloop
  endfacet
  facet normal 0 0 1
    outer loop
      vertex 40.2636 3.489 20.7
      vertex 40.2636 0.881 20.7
      vertex 40.4368 0.846549 20.7
    endloop
  endfacet
  facet normal -0 0 1
    outer loop
      vertex 40.0964 3.43224 20.7
      vertex 40.2636 0.881 20.7
      vertex 40.2636 3.489 20.7
    endloop
  endfacet
  facet normal 0 0 1
    outer loop
      vertex 40.0964 3.43224 20.7
      vertex 40.0964 0.937762 20.7
      vertex 40.2636 0.881 20.7
    endloop
  endfacet
  facet normal -0 0 1
    outer loop
      vertex 39.938 3.35413 20.7
      vertex 40.0964 0.937762 20.7
      vertex 40.0964 3.43224 20.7
    endloop
  endfacet
  facet normal 0 0 1
    outer loop
      vertex 39.938 3.35413 20.7
      vertex 39.938 1.01587 20.7
      vertex 40.0964 0.937762 20.7
    endloop
  endfacet
  facet normal -0 0 1
    outer loop
      vertex 39.7912 3.25603 20.7
      vertex 39.938 1.01587 20.7
      vertex 39.938 3.35413 20.7
    endloop
  endfacet
  facet normal 0 0 1
    outer loop
      vertex 39.7912 3.25603 20.7
      vertex 39.7912 1.11397 20.7
      vertex 39.938 1.01587 20.7
    endloop
  endfacet
  facet normal -0 0 1
    outer loop
      vertex 39.6584 3.13959 20.7
      vertex 39.7912 1.11397 20.7
      vertex 39.7912 3.25603 20.7
    endloop
  endfacet
  facet normal 0 0 1
    outer loop
      vertex 39.6584 3.13959 20.7
      vertex 39.6584 1.23041 20.7
      vertex 39.7912 1.11397 20.7
    endloop
  endfacet
  facet normal -0 0 1
    outer loop
      vertex 39.542 3.00683 20.7
      vertex 39.6584 1.23041 20.7
      vertex 39.6584 3.13959 20.7
    endloop
  endfacet
  facet normal 0 0 1
    outer loop
      vertex 39.542 3.00683 20.7
      vertex 39.542 1.36317 20.7
      vertex 39.6584 1.23041 20.7
    endloop
  endfacet
  facet normal -0 0 1
    outer loop
      vertex 39.4439 2.86 20.7
      vertex 39.542 1.36317 20.7
      vertex 39.542 3.00683 20.7
    endloop
  endfacet
  facet normal 0 0 1
    outer loop
      vertex 39.4439 2.86 20.7
      vertex 39.4439 1.51 20.7
      vertex 39.542 1.36317 20.7
    endloop
  endfacet
  facet normal -0 0 1
    outer loop
      vertex 39.3658 2.70162 20.7
      vertex 39.4439 1.51 20.7
      vertex 39.4439 2.86 20.7
    endloop
  endfacet
  facet normal 0 0 1
    outer loop
      vertex 39.3658 2.70162 20.7
      vertex 39.3658 1.66838 20.7
      vertex 39.4439 1.51 20.7
    endloop
  endfacet
  facet normal -0 0 1
    outer loop
      vertex 39.309 2.53441 20.7
      vertex 39.3658 1.66838 20.7
      vertex 39.3658 2.70162 20.7
    endloop
  endfacet
  facet normal 0 0 1
    outer loop
      vertex 39.309 2.53441 20.7
      vertex 39.309 1.83559 20.7
      vertex 39.3658 1.66838 20.7
    endloop
  endfacet
  facet normal -0 0 1
    outer loop
      vertex 39.2745 2.36121 20.7
      vertex 39.309 1.83559 20.7
      vertex 39.309 2.53441 20.7
    endloop
  endfacet
  facet normal 0 0 1
    outer loop
      vertex 39.2745 2.36121 20.7
      vertex 39.2745 2.00879 20.7
      vertex 39.309 1.83559 20.7
    endloop
  endfacet
  facet normal 0 -0 1
    outer loop
      vertex 39.2745 2.00879 20.7
      vertex 39.2745 2.36121 20.7
      vertex 39.263 2.185 20.7
    endloop
  endfacet
  facet normal -0.442269 0.896882 0
    outer loop
      vertex 40.0964 3.43224 18.4
      vertex 39.938 3.35413 20.7
      vertex 40.0964 3.43224 20.7
    endloop
  endfacet
  facet normal -0.442269 0.896882 0
    outer loop
      vertex 39.938 3.35413 20.7
      vertex 40.0964 3.43224 18.4
      vertex 39.938 3.35413 18.4
    endloop
  endfacet
  facet normal -0.195081 0.980787 0
    outer loop
      vertex 40.4368 3.52345 18.4
      vertex 40.2636 3.489 20.7
      vertex 40.4368 3.52345 20.7
    endloop
  endfacet
  facet normal -0.195081 0.980787 0
    outer loop
      vertex 40.2636 3.489 20.7
      vertex 40.4368 3.52345 18.4
      vertex 40.2636 3.489 18.4
    endloop
  endfacet
  facet normal 0.896883 -0.442269 0
    outer loop
      vertex 41.7821 1.51 20.7
      vertex 41.8602 1.66838 18.4
      vertex 41.8602 1.66838 20.7
    endloop
  endfacet
  facet normal 0.896883 -0.442269 0
    outer loop
      vertex 41.8602 1.66838 18.4
      vertex 41.7821 1.51 20.7
      vertex 41.7821 1.51 18.4
    endloop
  endfacet
  facet normal 0.751917 -0.659258 0
    outer loop
      vertex 41.5676 1.23041 20.7
      vertex 41.684 1.36317 18.4
      vertex 41.684 1.36317 20.7
    endloop
  endfacet
  facet normal 0.751917 -0.659258 0
    outer loop
      vertex 41.684 1.36317 18.4
      vertex 41.5676 1.23041 20.7
      vertex 41.5676 1.23041 18.4
    endloop
  endfacet
  facet normal 0.831492 -0.555536 0
    outer loop
      vertex 41.684 1.36317 20.7
      vertex 41.7821 1.51 18.4
      vertex 41.7821 1.51 20.7
    endloop
  endfacet
  facet normal 0.831492 -0.555536 0
    outer loop
      vertex 41.7821 1.51 18.4
      vertex 41.684 1.36317 20.7
      vertex 41.684 1.36317 18.4
    endloop
  endfacet
  facet normal 0.980733 -0.195354 0
    outer loop
      vertex 41.917 1.83559 20.7
      vertex 41.9515 2.00879 18.4
      vertex 41.9515 2.00879 20.7
    endloop
  endfacet
  facet normal 0.980733 -0.195354 0
    outer loop
      vertex 41.9515 2.00879 18.4
      vertex 41.917 1.83559 20.7
      vertex 41.917 1.83559 18.4
    endloop
  endfacet
  facet normal -0.44226 -0.896887 0
    outer loop
      vertex 39.938 1.01587 18.4
      vertex 40.0964 0.937762 20.7
      vertex 39.938 1.01587 20.7
    endloop
  endfacet
  facet normal -0.44226 -0.896887 -0
    outer loop
      vertex 40.0964 0.937762 20.7
      vertex 39.938 1.01587 18.4
      vertex 40.0964 0.937762 18.4
    endloop
  endfacet
  facet normal -0.321466 -0.946921 0
    outer loop
      vertex 40.0964 0.937762 18.4
      vertex 40.2636 0.881 20.7
      vertex 40.0964 0.937762 20.7
    endloop
  endfacet
  facet normal -0.321466 -0.946921 -0
    outer loop
      vertex 40.2636 0.881 20.7
      vertex 40.0964 0.937762 18.4
      vertex 40.2636 0.881 18.4
    endloop
  endfacet
  facet normal -0.896883 -0.442269 0
    outer loop
      vertex 39.4439 1.51 18.4
      vertex 39.3658 1.66838 20.7
      vertex 39.3658 1.66838 18.4
    endloop
  endfacet
  facet normal -0.896883 -0.442269 0
    outer loop
      vertex 39.3658 1.66838 20.7
      vertex 39.4439 1.51 18.4
      vertex 39.4439 1.51 20.7
    endloop
  endfacet
  facet normal -0.831492 -0.555536 0
    outer loop
      vertex 39.542 1.36317 18.4
      vertex 39.4439 1.51 20.7
      vertex 39.4439 1.51 18.4
    endloop
  endfacet
  facet normal -0.831492 -0.555536 0
    outer loop
      vertex 39.4439 1.51 20.7
      vertex 39.542 1.36317 18.4
      vertex 39.542 1.36317 20.7
    endloop
  endfacet
  facet normal -0.997877 -0.0651245 0
    outer loop
      vertex 39.2745 2.00879 18.4
      vertex 39.263 2.185 20.7
      vertex 39.263 2.185 18.4
    endloop
  endfacet
  facet normal -0.997877 -0.0651245 0
    outer loop
      vertex 39.263 2.185 20.7
      vertex 39.2745 2.00879 18.4
      vertex 39.2745 2.00879 20.7
    endloop
  endfacet
  facet normal 0.946861 0.321642 0
    outer loop
      vertex 41.917 2.53441 20.7
      vertex 41.8602 2.70162 18.4
      vertex 41.8602 2.70162 20.7
    endloop
  endfacet
  facet normal 0.946861 0.321642 0
    outer loop
      vertex 41.8602 2.70162 18.4
      vertex 41.917 2.53441 20.7
      vertex 41.917 2.53441 18.4
    endloop
  endfacet
  facet normal 0.195081 0.980787 -0
    outer loop
      vertex 40.9624 3.489 18.4
      vertex 40.7892 3.52345 20.7
      vertex 40.9624 3.489 20.7
    endloop
  endfacet
  facet normal 0.195081 0.980787 0
    outer loop
      vertex 40.7892 3.52345 20.7
      vertex 40.9624 3.489 18.4
      vertex 40.7892 3.52345 18.4
    endloop
  endfacet
  facet normal 0.555615 0.83144 -0
    outer loop
      vertex 41.4348 3.25603 18.4
      vertex 41.288 3.35413 20.7
      vertex 41.4348 3.25603 20.7
    endloop
  endfacet
  facet normal 0.555615 0.83144 0
    outer loop
      vertex 41.288 3.35413 20.7
      vertex 41.4348 3.25603 18.4
      vertex 41.288 3.35413 18.4
    endloop
  endfacet
  facet normal -0.751917 0.659258 0
    outer loop
      vertex 39.542 3.00683 18.4
      vertex 39.6584 3.13959 20.7
      vertex 39.6584 3.13959 18.4
    endloop
  endfacet
  facet normal -0.751917 0.659258 0
    outer loop
      vertex 39.6584 3.13959 20.7
      vertex 39.542 3.00683 18.4
      vertex 39.542 3.00683 20.7
    endloop
  endfacet
  facet normal -0.980733 0.195354 0
    outer loop
      vertex 39.2745 2.36121 18.4
      vertex 39.309 2.53441 20.7
      vertex 39.309 2.53441 18.4
    endloop
  endfacet
  facet normal -0.980733 0.195354 0
    outer loop
      vertex 39.309 2.53441 20.7
      vertex 39.2745 2.36121 18.4
      vertex 39.2745 2.36121 20.7
    endloop
  endfacet
  facet normal -0.555615 0.83144 0
    outer loop
      vertex 39.938 3.35413 18.4
      vertex 39.7912 3.25603 20.7
      vertex 39.938 3.35413 20.7
    endloop
  endfacet
  facet normal -0.555615 0.83144 0
    outer loop
      vertex 39.7912 3.25603 20.7
      vertex 39.938 3.35413 18.4
      vertex 39.7912 3.25603 18.4
    endloop
  endfacet
  facet normal -0.0654101 0.997858 0
    outer loop
      vertex 40.613 3.535 18.4
      vertex 40.4368 3.52345 20.7
      vertex 40.613 3.535 20.7
    endloop
  endfacet
  facet normal -0.0654101 0.997858 0
    outer loop
      vertex 40.4368 3.52345 20.7
      vertex 40.613 3.535 18.4
      vertex 40.4368 3.52345 18.4
    endloop
  endfacet
  facet normal 0.0654101 -0.997858 0
    outer loop
      vertex 40.613 0.834999 18.4
      vertex 40.7892 0.846549 20.7
      vertex 40.613 0.834999 20.7
    endloop
  endfacet
  facet normal 0.0654101 -0.997858 0
    outer loop
      vertex 40.7892 0.846549 20.7
      vertex 40.613 0.834999 18.4
      vertex 40.7892 0.846549 18.4
    endloop
  endfacet
  facet normal 0.321466 -0.946921 0
    outer loop
      vertex 40.9624 0.881 18.4
      vertex 41.1296 0.937762 20.7
      vertex 40.9624 0.881 20.7
    endloop
  endfacet
  facet normal 0.321466 -0.946921 0
    outer loop
      vertex 41.1296 0.937762 20.7
      vertex 40.9624 0.881 18.4
      vertex 41.1296 0.937762 18.4
    endloop
  endfacet
  facet normal 0.44226 -0.896887 0
    outer loop
      vertex 41.1296 0.937762 18.4
      vertex 41.288 1.01587 20.7
      vertex 41.1296 0.937762 20.7
    endloop
  endfacet
  facet normal 0.44226 -0.896887 0
    outer loop
      vertex 41.288 1.01587 20.7
      vertex 41.1296 0.937762 18.4
      vertex 41.288 1.01587 18.4
    endloop
  endfacet
  facet normal 0.659274 -0.751903 0
    outer loop
      vertex 41.4348 1.11397 18.4
      vertex 41.5676 1.23041 20.7
      vertex 41.4348 1.11397 20.7
    endloop
  endfacet
  facet normal 0.659274 -0.751903 0
    outer loop
      vertex 41.5676 1.23041 20.7
      vertex 41.4348 1.11397 18.4
      vertex 41.5676 1.23041 18.4
    endloop
  endfacet
  facet normal 0.997877 -0.0651245 0
    outer loop
      vertex 41.9515 2.00879 20.7
      vertex 41.963 2.185 18.4
      vertex 41.963 2.185 20.7
    endloop
  endfacet
  facet normal 0.997877 -0.0651245 0
    outer loop
      vertex 41.963 2.185 18.4
      vertex 41.9515 2.00879 20.7
      vertex 41.9515 2.00879 18.4
    endloop
  endfacet
  facet normal -0.659274 -0.751903 0
    outer loop
      vertex 39.6584 1.23041 18.4
      vertex 39.7912 1.11397 20.7
      vertex 39.6584 1.23041 20.7
    endloop
  endfacet
  facet normal -0.659274 -0.751903 -0
    outer loop
      vertex 39.7912 1.11397 20.7
      vertex 39.6584 1.23041 18.4
      vertex 39.7912 1.11397 18.4
    endloop
  endfacet
  facet normal -0.555615 -0.83144 0
    outer loop
      vertex 39.7912 1.11397 18.4
      vertex 39.938 1.01587 20.7
      vertex 39.7912 1.11397 20.7
    endloop
  endfacet
  facet normal -0.555615 -0.83144 -0
    outer loop
      vertex 39.938 1.01587 20.7
      vertex 39.7912 1.11397 18.4
      vertex 39.938 1.01587 18.4
    endloop
  endfacet
  facet normal -0.195087 -0.980786 0
    outer loop
      vertex 40.2636 0.881 18.4
      vertex 40.4368 0.846549 20.7
      vertex 40.2636 0.881 20.7
    endloop
  endfacet
  facet normal -0.195087 -0.980786 -0
    outer loop
      vertex 40.4368 0.846549 20.7
      vertex 40.2636 0.881 18.4
      vertex 40.4368 0.846549 18.4
    endloop
  endfacet
  facet normal -0.751917 -0.659258 0
    outer loop
      vertex 39.6584 1.23041 18.4
      vertex 39.542 1.36317 20.7
      vertex 39.542 1.36317 18.4
    endloop
  endfacet
  facet normal -0.751917 -0.659258 0
    outer loop
      vertex 39.542 1.36317 20.7
      vertex 39.6584 1.23041 18.4
      vertex 39.6584 1.23041 20.7
    endloop
  endfacet
  facet normal -0.946861 0.321642 0
    outer loop
      vertex 39.309 2.53441 18.4
      vertex 39.3658 2.70162 20.7
      vertex 39.3658 2.70162 18.4
    endloop
  endfacet
  facet normal -0.946861 0.321642 0
    outer loop
      vertex 39.3658 2.70162 20.7
      vertex 39.309 2.53441 18.4
      vertex 39.309 2.53441 20.7
    endloop
  endfacet
  facet normal 0.195087 -0.980786 0
    outer loop
      vertex 40.7892 0.846549 18.4
      vertex 40.9624 0.881 20.7
      vertex 40.7892 0.846549 20.7
    endloop
  endfacet
  facet normal 0.195087 -0.980786 0
    outer loop
      vertex 40.9624 0.881 20.7
      vertex 40.7892 0.846549 18.4
      vertex 40.9624 0.881 18.4
    endloop
  endfacet
  facet normal 0.555615 -0.83144 0
    outer loop
      vertex 41.288 1.01587 18.4
      vertex 41.4348 1.11397 20.7
      vertex 41.288 1.01587 20.7
    endloop
  endfacet
  facet normal 0.555615 -0.83144 0
    outer loop
      vertex 41.4348 1.11397 20.7
      vertex 41.288 1.01587 18.4
      vertex 41.4348 1.11397 18.4
    endloop
  endfacet
  facet normal 0.946861 -0.321642 0
    outer loop
      vertex 41.8602 1.66838 20.7
      vertex 41.917 1.83559 18.4
      vertex 41.917 1.83559 20.7
    endloop
  endfacet
  facet normal 0.946861 -0.321642 0
    outer loop
      vertex 41.917 1.83559 18.4
      vertex 41.8602 1.66838 20.7
      vertex 41.8602 1.66838 18.4
    endloop
  endfacet
  facet normal -0.0654101 -0.997858 0
    outer loop
      vertex 40.4368 0.846549 18.4
      vertex 40.613 0.834999 20.7
      vertex 40.4368 0.846549 20.7
    endloop
  endfacet
  facet normal -0.0654101 -0.997858 -0
    outer loop
      vertex 40.613 0.834999 20.7
      vertex 40.4368 0.846549 18.4
      vertex 40.613 0.834999 18.4
    endloop
  endfacet
  facet normal -0.946861 -0.321642 0
    outer loop
      vertex 39.3658 1.66838 18.4
      vertex 39.309 1.83559 20.7
      vertex 39.309 1.83559 18.4
    endloop
  endfacet
  facet normal -0.946861 -0.321642 0
    outer loop
      vertex 39.309 1.83559 20.7
      vertex 39.3658 1.66838 18.4
      vertex 39.3658 1.66838 20.7
    endloop
  endfacet
  facet normal -1 0 0
    outer loop
      vertex 38.8 15.3 2.4
      vertex 38.8 18.3 9.4
      vertex 38.8 18.3 2.4
    endloop
  endfacet
  facet normal -1 -0 0
    outer loop
      vertex 38.8 18.3 9.4
      vertex 38.8 15.3 2.4
      vertex 38.8 15.3 9.4
    endloop
  endfacet
  facet normal 0 0 1
    outer loop
      vertex 44.6 18.3 9.4
      vertex 38.8 18.3 9.4
      vertex 44.6 18.1 9.4
    endloop
  endfacet
  facet normal -0 0 1
    outer loop
      vertex 44.6 18.1 9.4
      vertex 45.6 15.3 9.4
      vertex 45.6 18.1 9.4
    endloop
  endfacet
  facet normal 0 0 1
    outer loop
      vertex 38.8 15.3 9.4
      vertex 44.6 18.1 9.4
      vertex 38.8 18.3 9.4
    endloop
  endfacet
  facet normal 0 0 1
    outer loop
      vertex 44.6 18.1 9.4
      vertex 38.8 15.3 9.4
      vertex 45.6 15.3 9.4
    endloop
  endfacet
  facet normal 0 -1 0
    outer loop
      vertex 38.8 15.3 2.4
      vertex 45.6 15.3 9.4
      vertex 38.8 15.3 9.4
    endloop
  endfacet
  facet normal 0 -1 -0
    outer loop
      vertex 45.6 15.3 9.4
      vertex 38.8 15.3 2.4
      vertex 45.6 15.3 2.4
    endloop
  endfacet
  facet normal 0 1 0
    outer loop
      vertex 45.6 18.3 8.1
      vertex 45.6 18.3 2.4
      vertex 44.6 18.3 8.1
    endloop
  endfacet
  facet normal 0 1 -0
    outer loop
      vertex 44.6 18.3 8.1
      vertex 38.8 18.3 9.4
      vertex 44.6 18.3 9.4
    endloop
  endfacet
  facet normal 0 1 0
    outer loop
      vertex 38.8 18.3 2.4
      vertex 44.6 18.3 8.1
      vertex 45.6 18.3 2.4
    endloop
  endfacet
  facet normal 0 1 0
    outer loop
      vertex 44.6 18.3 8.1
      vertex 38.8 18.3 2.4
      vertex 38.8 18.3 9.4
    endloop
  endfacet
  facet normal -1 0 0
    outer loop
      vertex 38.8 25.7 2.4
      vertex 38.8 28.7 9.4
      vertex 38.8 28.7 2.4
    endloop
  endfacet
  facet normal -1 -0 0
    outer loop
      vertex 38.8 28.7 9.4
      vertex 38.8 25.7 2.4
      vertex 38.8 25.7 9.4
    endloop
  endfacet
  facet normal 0 0 1
    outer loop
      vertex 43.8523 28.3893 9.4
      vertex 45.6 27.5 9.4
      vertex 45.5778 27.8394 9.4
    endloop
  endfacet
  facet normal 0 0 1
    outer loop
      vertex 43.9899 28.51 9.4
      vertex 45.5778 27.8394 9.4
      vertex 45.5114 28.1729 9.4
    endloop
  endfacet
  facet normal 0 0 1
    outer loop
      vertex 44.1107 28.6477 9.4
      vertex 45.5114 28.1729 9.4
      vertex 45.4021 28.495 9.4
    endloop
  endfacet
  facet normal -0 0 1
    outer loop
      vertex 44.1456 28.7 9.4
      vertex 45.4021 28.495 9.4
      vertex 45.301 28.7 9.4
    endloop
  endfacet
  facet normal 0 0 1
    outer loop
      vertex 45.6 27.5 9.4
      vertex 44.6 25.9 9.4
      vertex 45.6 25.9 9.4
    endloop
  endfacet
  facet normal 0 0 1
    outer loop
      vertex 45.4021 28.495 9.4
      vertex 44.1456 28.7 9.4
      vertex 44.1107 28.6477 9.4
    endloop
  endfacet
  facet normal 0 0 1
    outer loop
      vertex 45.5114 28.1729 9.4
      vertex 44.1107 28.6477 9.4
      vertex 43.9899 28.51 9.4
    endloop
  endfacet
  facet normal 0 0 1
    outer loop
      vertex 45.5778 27.8394 9.4
      vertex 43.9899 28.51 9.4
      vertex 43.8523 28.3893 9.4
    endloop
  endfacet
  facet normal 0 0 1
    outer loop
      vertex 45.6 27.5 9.4
      vertex 43.8523 28.3893 9.4
      vertex 43.7 28.2876 9.4
    endloop
  endfacet
  facet normal 0 0 1
    outer loop
      vertex 45.6 27.5 9.4
      vertex 43.7 28.2876 9.4
      vertex 44.6 25.9 9.4
    endloop
  endfacet
  facet normal -0 0 1
    outer loop
      vertex 43.5358 28.2066 9.4
      vertex 44.6 25.9 9.4
      vertex 43.7 28.2876 9.4
    endloop
  endfacet
  facet normal -0 0 1
    outer loop
      vertex 43.3623 28.1477 9.4
      vertex 44.6 25.9 9.4
      vertex 43.5358 28.2066 9.4
    endloop
  endfacet
  facet normal -0 0 1
    outer loop
      vertex 43.1827 28.112 9.4
      vertex 44.6 25.9 9.4
      vertex 43.3623 28.1477 9.4
    endloop
  endfacet
  facet normal -0 0 1
    outer loop
      vertex 43 28.1 9.4
      vertex 44.6 25.9 9.4
      vertex 43.1827 28.112 9.4
    endloop
  endfacet
  facet normal 0 0 1
    outer loop
      vertex 42.8173 28.112 9.4
      vertex 44.6 25.9 9.4
      vertex 43 28.1 9.4
    endloop
  endfacet
  facet normal 0 0 1
    outer loop
      vertex 42.6377 28.1477 9.4
      vertex 44.6 25.9 9.4
      vertex 42.8173 28.112 9.4
    endloop
  endfacet
  facet normal 0 0 1
    outer loop
      vertex 44.6 25.9 9.4
      vertex 42.6377 28.1477 9.4
      vertex 44.6 25.7 9.4
    endloop
  endfacet
  facet normal 0 0 1
    outer loop
      vertex 38.8 25.7 9.4
      vertex 42.6377 28.1477 9.4
      vertex 42.4642 28.2066 9.4
    endloop
  endfacet
  facet normal 0 0 1
    outer loop
      vertex 38.8 25.7 9.4
      vertex 42.4642 28.2066 9.4
      vertex 42.3 28.2876 9.4
    endloop
  endfacet
  facet normal 0 0 1
    outer loop
      vertex 38.8 25.7 9.4
      vertex 42.3 28.2876 9.4
      vertex 42.1477 28.3893 9.4
    endloop
  endfacet
  facet normal 0 0 1
    outer loop
      vertex 38.8 25.7 9.4
      vertex 42.1477 28.3893 9.4
      vertex 42.01 28.51 9.4
    endloop
  endfacet
  facet normal -0 0 1
    outer loop
      vertex 38.8 28.7 9.4
      vertex 41.8893 28.6477 9.4
      vertex 41.8544 28.7 9.4
    endloop
  endfacet
  facet normal 0 0 1
    outer loop
      vertex 38.8 25.7 9.4
      vertex 41.8893 28.6477 9.4
      vertex 38.8 28.7 9.4
    endloop
  endfacet
  facet normal 0 0 1
    outer loop
      vertex 41.8893 28.6477 9.4
      vertex 38.8 25.7 9.4
      vertex 42.01 28.51 9.4
    endloop
  endfacet
  facet normal 0 0 1
    outer loop
      vertex 42.6377 28.1477 9.4
      vertex 38.8 25.7 9.4
      vertex 44.6 25.7 9.4
    endloop
  endfacet
  facet normal 0 1 -0
    outer loop
      vertex 41.8544 28.7 2.4
      vertex 38.8 28.7 9.4
      vertex 41.8544 28.7 9.4
    endloop
  endfacet
  facet normal 0 1 0
    outer loop
      vertex 38.8 28.7 9.4
      vertex 41.8544 28.7 2.4
      vertex 38.8 28.7 2.4
    endloop
  endfacet
  facet normal 0 1 -0
    outer loop
      vertex 45.301 28.7 2.4
      vertex 44.1456 28.7 9.4
      vertex 45.301 28.7 9.4
    endloop
  endfacet
  facet normal 0 1 0
    outer loop
      vertex 44.1456 28.7 9.4
      vertex 45.301 28.7 2.4
      vertex 44.1456 28.7 2.4
    endloop
  endfacet
  facet normal 0 -1 0
    outer loop
      vertex 38.8 25.7 9.4
      vertex 44.6 25.7 8.1
      vertex 44.6 25.7 9.4
    endloop
  endfacet
  facet normal 0 -1 0
    outer loop
      vertex 38.8 25.7 2.4
      vertex 44.6 25.7 8.1
      vertex 38.8 25.7 9.4
    endloop
  endfacet
  facet normal 0 -1 0
    outer loop
      vertex 45.6 25.7 2.4
      vertex 44.6 25.7 8.1
      vertex 38.8 25.7 2.4
    endloop
  endfacet
  facet normal 0 -1 0
    outer loop
      vertex 44.6 25.7 8.1
      vertex 45.6 25.7 2.4
      vertex 45.6 25.7 8.1
    endloop
  endfacet
  facet normal -1 0 0
    outer loop
      vertex 34.6 21 2.4
      vertex 34.6 23 9.4
      vertex 34.6 23 2.4
    endloop
  endfacet
  facet normal -1 -0 0
    outer loop
      vertex 34.6 23 9.4
      vertex 34.6 21 2.4
      vertex 34.6 21 9.4
    endloop
  endfacet
  facet normal -0 0 1
    outer loop
      vertex 34.6 23 9.4
      vertex 38.6 21 9.4
      vertex 38.6 23 9.4
    endloop
  endfacet
  facet normal 0 0 1
    outer loop
      vertex 38.6 21 9.4
      vertex 34.6 23 9.4
      vertex 34.6 21 9.4
    endloop
  endfacet
  facet normal 1 -0 0
    outer loop
      vertex 38.6 21 9.4
      vertex 38.6 23 2.4
      vertex 38.6 23 9.4
    endloop
  endfacet
  facet normal 1 0 0
    outer loop
      vertex 38.6 23 2.4
      vertex 38.6 21 9.4
      vertex 38.6 21 2.4
    endloop
  endfacet
  facet normal 0 -1 0
    outer loop
      vertex 34.6 21 2.4
      vertex 38.6 21 9.4
      vertex 34.6 21 9.4
    endloop
  endfacet
  facet normal 0 -1 -0
    outer loop
      vertex 38.6 21 9.4
      vertex 34.6 21 2.4
      vertex 38.6 21 2.4
    endloop
  endfacet
  facet normal 0 1 -0
    outer loop
      vertex 38.6 23 2.4
      vertex 34.6 23 9.4
      vertex 38.6 23 9.4
    endloop
  endfacet
  facet normal 0 1 0
    outer loop
      vertex 34.6 23 9.4
      vertex 38.6 23 2.4
      vertex 34.6 23 2.4
    endloop
  endfacet
  facet normal -1 0 0
    outer loop
      vertex -38.35 17.563 2.4
      vertex -38.35 22.963 20
      vertex -38.35 22.963 2.4
    endloop
  endfacet
  facet normal -1 -0 0
    outer loop
      vertex -38.35 22.963 20
      vertex -38.35 17.563 2.4
      vertex -38.35 17.563 20
    endloop
  endfacet
  facet normal -0 0 1
    outer loop
      vertex -38.35 22.963 20
      vertex -36.725 17.563 20
      vertex -36.725 22.963 20
    endloop
  endfacet
  facet normal 0 0 1
    outer loop
      vertex -36.725 17.563 20
      vertex -38.35 22.963 20
      vertex -38.35 17.563 20
    endloop
  endfacet
  facet normal 1 0 0
    outer loop
      vertex -36.725 22.963 20
      vertex -36.725 21.6703 18.4
      vertex -36.725 22.963 2.4
    endloop
  endfacet
  facet normal 1 0 0
    outer loop
      vertex -36.725 22.963 20
      vertex -36.725 18.8557 18.4
      vertex -36.725 21.6703 18.4
    endloop
  endfacet
  facet normal 1 0 0
    outer loop
      vertex -36.725 17.563 2.4
      vertex -36.725 18.8557 18.4
      vertex -36.725 17.563 20
    endloop
  endfacet
  facet normal 1 -0 0
    outer loop
      vertex -36.725 17.563 20
      vertex -36.725 18.8557 18.4
      vertex -36.725 22.963 20
    endloop
  endfacet
  facet normal 1 0 0
    outer loop
      vertex -36.725 21.6703 2.4
      vertex -36.725 22.963 2.4
      vertex -36.725 21.6703 18.4
    endloop
  endfacet
  facet normal 0 0 0
    outer loop
      vertex -36.725 18.8557 2.4
      vertex -36.725 22.963 2.4
      vertex -36.725 21.6703 2.4
    endloop
  endfacet
  facet normal -0 0 0
    outer loop
      vertex -36.725 18.8557 2.4
      vertex -36.725 17.563 2.4
      vertex -36.725 22.963 2.4
    endloop
  endfacet
  facet normal 1 0 0
    outer loop
      vertex -36.725 18.8557 18.4
      vertex -36.725 17.563 2.4
      vertex -36.725 18.8557 2.4
    endloop
  endfacet
  facet normal 0 1 -0
    outer loop
      vertex -36.725 22.963 2.4
      vertex -38.35 22.963 20
      vertex -36.725 22.963 20
    endloop
  endfacet
  facet normal 0 1 0
    outer loop
      vertex -38.35 22.963 20
      vertex -36.725 22.963 2.4
      vertex -38.35 22.963 2.4
    endloop
  endfacet
  facet normal 0 -1 0
    outer loop
      vertex -38.35 17.563 2.4
      vertex -36.725 17.563 20
      vertex -38.35 17.563 20
    endloop
  endfacet
  facet normal 0 -1 -0
    outer loop
      vertex -36.725 17.563 20
      vertex -38.35 17.563 2.4
      vertex -36.725 17.563 2.4
    endloop
  endfacet
  facet normal -1 0 0
    outer loop
      vertex -38.35 -20.638 2.4
      vertex -38.35 -15.238 20
      vertex -38.35 -15.238 2.4
    endloop
  endfacet
  facet normal -1 -0 0
    outer loop
      vertex -38.35 -15.238 20
      vertex -38.35 -20.638 2.4
      vertex -38.35 -20.638 20
    endloop
  endfacet
  facet normal -0 0 1
    outer loop
      vertex -38.35 -15.238 20
      vertex -36.725 -20.638 20
      vertex -36.725 -15.238 20
    endloop
  endfacet
  facet normal 0 0 1
    outer loop
      vertex -36.725 -20.638 20
      vertex -38.35 -15.238 20
      vertex -38.35 -20.638 20
    endloop
  endfacet
  facet normal 1 0 0
    outer loop
      vertex -36.725 -15.238 20
      vertex -36.725 -16.5307 18.4
      vertex -36.725 -15.238 2.4
    endloop
  endfacet
  facet normal 1 0 0
    outer loop
      vertex -36.725 -15.238 20
      vertex -36.725 -19.3453 18.4
      vertex -36.725 -16.5307 18.4
    endloop
  endfacet
  facet normal 1 0 0
    outer loop
      vertex -36.725 -20.638 2.4
      vertex -36.725 -19.3453 18.4
      vertex -36.725 -20.638 20
    endloop
  endfacet
  facet normal 1 -0 0
    outer loop
      vertex -36.725 -20.638 20
      vertex -36.725 -19.3453 18.4
      vertex -36.725 -15.238 20
    endloop
  endfacet
  facet normal 1 0 0
    outer loop
      vertex -36.725 -16.5307 2.4
      vertex -36.725 -15.238 2.4
      vertex -36.725 -16.5307 18.4
    endloop
  endfacet
  facet normal 0 0 0
    outer loop
      vertex -36.725 -19.3453 2.4
      vertex -36.725 -15.238 2.4
      vertex -36.725 -16.5307 2.4
    endloop
  endfacet
  facet normal -0 0 0
    outer loop
      vertex -36.725 -19.3453 2.4
      vertex -36.725 -20.638 2.4
      vertex -36.725 -15.238 2.4
    endloop
  endfacet
  facet normal 1 0 0
    outer loop
      vertex -36.725 -19.3453 18.4
      vertex -36.725 -20.638 2.4
      vertex -36.725 -19.3453 2.4
    endloop
  endfacet
  facet normal 0 1 -0
    outer loop
      vertex -36.725 -15.238 2.4
      vertex -38.35 -15.238 20
      vertex -36.725 -15.238 20
    endloop
  endfacet
  facet normal 0 1 0
    outer loop
      vertex -38.35 -15.238 20
      vertex -36.725 -15.238 2.4
      vertex -38.35 -15.238 2.4
    endloop
  endfacet
  facet normal 0 -1 0
    outer loop
      vertex -38.35 -20.638 2.4
      vertex -36.725 -20.638 20
      vertex -38.35 -20.638 20
    endloop
  endfacet
  facet normal 0 -1 -0
    outer loop
      vertex -36.725 -20.638 20
      vertex -38.35 -20.638 2.4
      vertex -36.725 -20.638 2.4
    endloop
  endfacet
  facet normal 0 -0.065389 -0.99786
    outer loop
      vertex -48 -10.8375 6.1
      vertex -45.6 -10.6939 6.09059
      vertex -45.6 -10.8375 6.1
    endloop
  endfacet
  facet normal -0 -0.065389 -0.99786
    outer loop
      vertex -45.6 -10.6939 6.09059
      vertex -48 -10.8375 6.1
      vertex -48 -10.6939 6.09059
    endloop
  endfacet
  facet normal 0 -0.751775 -0.659419
    outer loop
      vertex -48 -9.96481 5.66964
      vertex -45.6 -10.0597 5.77782
      vertex -48 -10.0597 5.77782
    endloop
  endfacet
  facet normal 0 -0.751775 -0.659419
    outer loop
      vertex -45.6 -10.0597 5.77782
      vertex -48 -9.96481 5.66964
      vertex -45.6 -9.96481 5.66964
    endloop
  endfacet
  facet normal 0 -0.946931 0.321435
    outer loop
      vertex -48 -9.82123 4.57905
      vertex -45.6 -9.77498 4.7153
      vertex -48 -9.77498 4.7153
    endloop
  endfacet
  facet normal 0 -0.946931 0.321435
    outer loop
      vertex -45.6 -9.77498 4.7153
      vertex -48 -9.82123 4.57905
      vertex -45.6 -9.82123 4.57905
    endloop
  endfacet
  facet normal 0 -0.442424 0.896806
    outer loop
      vertex -48 -10.2875 4.04737
      vertex -45.6 -10.4165 3.98373
      vertex -45.6 -10.2875 4.04737
    endloop
  endfacet
  facet normal 0 -0.442424 0.896806
    outer loop
      vertex -45.6 -10.4165 3.98373
      vertex -48 -10.2875 4.04737
      vertex -48 -10.4165 3.98373
    endloop
  endfacet
  facet normal 0 -0.32133 -0.946967
    outer loop
      vertex -48 -10.5528 6.06252
      vertex -45.6 -10.4165 6.01627
      vertex -45.6 -10.5528 6.06252
    endloop
  endfacet
  facet normal -0 -0.32133 -0.946967
    outer loop
      vertex -45.6 -10.4165 6.01627
      vertex -48 -10.5528 6.06252
      vertex -48 -10.4165 6.01627
    endloop
  endfacet
  facet normal 0 -0.195113 -0.980781
    outer loop
      vertex -48 -10.6939 6.09059
      vertex -45.6 -10.5528 6.06252
      vertex -45.6 -10.6939 6.09059
    endloop
  endfacet
  facet normal -0 -0.195113 -0.980781
    outer loop
      vertex -45.6 -10.5528 6.06252
      vertex -48 -10.6939 6.09059
      vertex -48 -10.5528 6.06252
    endloop
  endfacet
  facet normal 0 0.997864 0.0653289
    outer loop
      vertex -45.6 -11.9281 4.85642
      vertex -48 -11.9375 5
      vertex -45.6 -11.9375 5
    endloop
  endfacet
  facet normal 0 0.997864 0.0653289
    outer loop
      vertex -48 -11.9375 5
      vertex -45.6 -11.9281 4.85642
      vertex -48 -11.9281 4.85642
    endloop
  endfacet
  facet normal 0 0.947037 0.321124
    outer loop
      vertex -45.6 -11.8538 4.57905
      vertex -48 -11.9 4.7153
      vertex -45.6 -11.9 4.7153
    endloop
  endfacet
  facet normal 0 0.947037 0.321124
    outer loop
      vertex -48 -11.9 4.7153
      vertex -45.6 -11.8538 4.57905
      vertex -48 -11.8538 4.57905
    endloop
  endfacet
  facet normal 0 0.896708 0.442622
    outer loop
      vertex -45.6 -11.7901 4.45
      vertex -48 -11.8538 4.57905
      vertex -45.6 -11.8538 4.57905
    endloop
  endfacet
  facet normal 0 0.896708 0.442622
    outer loop
      vertex -48 -11.8538 4.57905
      vertex -45.6 -11.7901 4.45
      vertex -48 -11.7901 4.45
    endloop
  endfacet
  facet normal -0 0.32133 0.946967
    outer loop
      vertex -48 -11.1222 3.93748
      vertex -45.6 -11.2585 3.98373
      vertex -45.6 -11.1222 3.93748
    endloop
  endfacet
  facet normal 0 0.32133 0.946967
    outer loop
      vertex -45.6 -11.2585 3.98373
      vertex -48 -11.1222 3.93748
      vertex -48 -11.2585 3.98373
    endloop
  endfacet
  facet normal -0 0.659272 0.751905
    outer loop
      vertex -48 -11.5071 4.12731
      vertex -45.6 -11.6153 4.22218
      vertex -45.6 -11.5071 4.12731
    endloop
  endfacet
  facet normal 0 0.659272 0.751905
    outer loop
      vertex -45.6 -11.6153 4.22218
      vertex -48 -11.5071 4.12731
      vertex -48 -11.6153 4.22218
    endloop
  endfacet
  facet normal -0 0.442424 0.896806
    outer loop
      vertex -48 -11.2585 3.98373
      vertex -45.6 -11.3875 4.04737
      vertex -45.6 -11.2585 3.98373
    endloop
  endfacet
  facet normal 0 0.442424 0.896806
    outer loop
      vertex -45.6 -11.3875 4.04737
      vertex -48 -11.2585 3.98373
      vertex -48 -11.3875 4.04737
    endloop
  endfacet
  facet normal 0 -0.659272 -0.751905
    outer loop
      vertex -48 -10.1679 5.87269
      vertex -45.6 -10.0597 5.77782
      vertex -45.6 -10.1679 5.87269
    endloop
  endfacet
  facet normal -0 -0.659272 -0.751905
    outer loop
      vertex -45.6 -10.0597 5.77782
      vertex -48 -10.1679 5.87269
      vertex -48 -10.0597 5.77782
    endloop
  endfacet
  facet normal 0 -0.896874 -0.442286
    outer loop
      vertex -48 -9.82123 5.42095
      vertex -45.6 -9.88487 5.55
      vertex -48 -9.88487 5.55
    endloop
  endfacet
  facet normal 0 -0.896874 -0.442286
    outer loop
      vertex -45.6 -9.88487 5.55
      vertex -48 -9.82123 5.42095
      vertex -45.6 -9.82123 5.42095
    endloop
  endfacet
  facet normal 0 -0.831472 -0.555566
    outer loop
      vertex -48 -9.88487 5.55
      vertex -45.6 -9.96481 5.66964
      vertex -48 -9.96481 5.66964
    endloop
  endfacet
  facet normal 0 -0.831472 -0.555566
    outer loop
      vertex -45.6 -9.96481 5.66964
      vertex -48 -9.88487 5.55
      vertex -45.6 -9.88487 5.55
    endloop
  endfacet
  facet normal 0 -0.997859 -0.0653981
    outer loop
      vertex -48 -9.7375 5
      vertex -45.6 -9.74691 5.14358
      vertex -48 -9.74691 5.14358
    endloop
  endfacet
  facet normal 0 -0.997859 -0.0653981
    outer loop
      vertex -45.6 -9.74691 5.14358
      vertex -48 -9.7375 5
      vertex -45.6 -9.7375 5
    endloop
  endfacet
  facet normal 0 -0.980786 -0.195087
    outer loop
      vertex -48 -9.74691 5.14358
      vertex -45.6 -9.77498 5.2847
      vertex -48 -9.77498 5.2847
    endloop
  endfacet
  facet normal 0 -0.980786 -0.195087
    outer loop
      vertex -45.6 -9.77498 5.2847
      vertex -48 -9.74691 5.14358
      vertex -45.6 -9.74691 5.14358
    endloop
  endfacet
  facet normal 0 -0.065389 0.99786
    outer loop
      vertex -48 -10.6939 3.90941
      vertex -45.6 -10.8375 3.9
      vertex -45.6 -10.6939 3.90941
    endloop
  endfacet
  facet normal 0 -0.065389 0.99786
    outer loop
      vertex -45.6 -10.8375 3.9
      vertex -48 -10.6939 3.90941
      vertex -48 -10.8375 3.9
    endloop
  endfacet
  facet normal 0 -0.32133 0.946967
    outer loop
      vertex -48 -10.4165 3.98373
      vertex -45.6 -10.5528 3.93748
      vertex -45.6 -10.4165 3.98373
    endloop
  endfacet
  facet normal 0 -0.32133 0.946967
    outer loop
      vertex -45.6 -10.5528 3.93748
      vertex -48 -10.4165 3.98373
      vertex -48 -10.5528 3.93748
    endloop
  endfacet
  facet normal 0 -0.659272 0.751905
    outer loop
      vertex -48 -10.0597 4.22218
      vertex -45.6 -10.1679 4.12731
      vertex -45.6 -10.0597 4.22218
    endloop
  endfacet
  facet normal 0 -0.659272 0.751905
    outer loop
      vertex -45.6 -10.1679 4.12731
      vertex -48 -10.0597 4.22218
      vertex -48 -10.1679 4.12731
    endloop
  endfacet
  facet normal 0 -0.997859 0.0653981
    outer loop
      vertex -48 -9.74691 4.85642
      vertex -45.6 -9.7375 5
      vertex -48 -9.7375 5
    endloop
  endfacet
  facet normal 0 -0.997859 0.0653981
    outer loop
      vertex -45.6 -9.7375 5
      vertex -48 -9.74691 4.85642
      vertex -45.6 -9.74691 4.85642
    endloop
  endfacet
  facet normal 0 -0.896874 0.442286
    outer loop
      vertex -48 -9.88487 4.45
      vertex -45.6 -9.82123 4.57905
      vertex -48 -9.82123 4.57905
    endloop
  endfacet
  facet normal 0 -0.896874 0.442286
    outer loop
      vertex -45.6 -9.82123 4.57905
      vertex -48 -9.88487 4.45
      vertex -45.6 -9.88487 4.45
    endloop
  endfacet
  facet normal 0 -0.751775 0.659419
    outer loop
      vertex -48 -10.0597 4.22218
      vertex -45.6 -9.96481 4.33036
      vertex -48 -9.96481 4.33036
    endloop
  endfacet
  facet normal 0 -0.751775 0.659419
    outer loop
      vertex -45.6 -9.96481 4.33036
      vertex -48 -10.0597 4.22218
      vertex -45.6 -10.0597 4.22218
    endloop
  endfacet
  facet normal 0 -0.831472 0.555566
    outer loop
      vertex -48 -9.96481 4.33036
      vertex -45.6 -9.88487 4.45
      vertex -48 -9.88487 4.45
    endloop
  endfacet
  facet normal 0 -0.831472 0.555566
    outer loop
      vertex -45.6 -9.88487 4.45
      vertex -48 -9.96481 4.33036
      vertex -45.6 -9.96481 4.33036
    endloop
  endfacet
  facet normal 0 0.065389 -0.99786
    outer loop
      vertex -48 -10.9811 6.09059
      vertex -45.6 -10.8375 6.1
      vertex -45.6 -10.9811 6.09059
    endloop
  endfacet
  facet normal 0 0.065389 -0.99786
    outer loop
      vertex -45.6 -10.8375 6.1
      vertex -48 -10.9811 6.09059
      vertex -48 -10.8375 6.1
    endloop
  endfacet
  facet normal 0 0.195113 -0.980781
    outer loop
      vertex -48 -11.1222 6.06252
      vertex -45.6 -10.9811 6.09059
      vertex -45.6 -11.1222 6.06252
    endloop
  endfacet
  facet normal 0 0.195113 -0.980781
    outer loop
      vertex -45.6 -10.9811 6.09059
      vertex -48 -11.1222 6.06252
      vertex -48 -10.9811 6.09059
    endloop
  endfacet
  facet normal 0 0.997864 -0.0653289
    outer loop
      vertex -45.6 -11.9375 5
      vertex -48 -11.9281 5.14358
      vertex -45.6 -11.9281 5.14358
    endloop
  endfacet
  facet normal 0 0.997864 -0.0653289
    outer loop
      vertex -48 -11.9281 5.14358
      vertex -45.6 -11.9375 5
      vertex -48 -11.9375 5
    endloop
  endfacet
  facet normal 0 0.980746 -0.195287
    outer loop
      vertex -45.6 -11.9281 5.14358
      vertex -48 -11.9 5.2847
      vertex -45.6 -11.9 5.2847
    endloop
  endfacet
  facet normal 0 0.980746 -0.195287
    outer loop
      vertex -48 -11.9 5.2847
      vertex -45.6 -11.9281 5.14358
      vertex -48 -11.9281 5.14358
    endloop
  endfacet
  facet normal 0 0.947037 -0.321124
    outer loop
      vertex -45.6 -11.9 5.2847
      vertex -48 -11.8538 5.42095
      vertex -45.6 -11.8538 5.42095
    endloop
  endfacet
  facet normal 0 0.947037 -0.321124
    outer loop
      vertex -48 -11.8538 5.42095
      vertex -45.6 -11.9 5.2847
      vertex -48 -11.9 5.2847
    endloop
  endfacet
  facet normal 0 0.659272 -0.751905
    outer loop
      vertex -48 -11.6153 5.77782
      vertex -45.6 -11.5071 5.87269
      vertex -45.6 -11.6153 5.77782
    endloop
  endfacet
  facet normal 0 0.659272 -0.751905
    outer loop
      vertex -45.6 -11.5071 5.87269
      vertex -48 -11.6153 5.77782
      vertex -48 -11.5071 5.87269
    endloop
  endfacet
  facet normal 0 0.32133 -0.946967
    outer loop
      vertex -48 -11.2585 6.01627
      vertex -45.6 -11.1222 6.06252
      vertex -45.6 -11.2585 6.01627
    endloop
  endfacet
  facet normal 0 0.32133 -0.946967
    outer loop
      vertex -45.6 -11.1222 6.06252
      vertex -48 -11.2585 6.01627
      vertex -48 -11.1222 6.06252
    endloop
  endfacet
  facet normal 0 0.980746 0.195287
    outer loop
      vertex -45.6 -11.9 4.7153
      vertex -48 -11.9281 4.85642
      vertex -45.6 -11.9281 4.85642
    endloop
  endfacet
  facet normal 0 0.980746 0.195287
    outer loop
      vertex -48 -11.9281 4.85642
      vertex -45.6 -11.9 4.7153
      vertex -48 -11.9 4.7153
    endloop
  endfacet
  facet normal -0 0.555694 0.831387
    outer loop
      vertex -48 -11.3875 4.04737
      vertex -45.6 -11.5071 4.12731
      vertex -45.6 -11.3875 4.04737
    endloop
  endfacet
  facet normal 0 0.555694 0.831387
    outer loop
      vertex -45.6 -11.5071 4.12731
      vertex -48 -11.3875 4.04737
      vertex -48 -11.5071 4.12731
    endloop
  endfacet
  facet normal 0 -0.442424 -0.896806
    outer loop
      vertex -48 -10.4165 6.01627
      vertex -45.6 -10.2875 5.95263
      vertex -45.6 -10.4165 6.01627
    endloop
  endfacet
  facet normal -0 -0.442424 -0.896806
    outer loop
      vertex -45.6 -10.2875 5.95263
      vertex -48 -10.4165 6.01627
      vertex -48 -10.2875 5.95263
    endloop
  endfacet
  facet normal 0 -0.555694 -0.831387
    outer loop
      vertex -48 -10.2875 5.95263
      vertex -45.6 -10.1679 5.87269
      vertex -45.6 -10.2875 5.95263
    endloop
  endfacet
  facet normal -0 -0.555694 -0.831387
    outer loop
      vertex -45.6 -10.1679 5.87269
      vertex -48 -10.2875 5.95263
      vertex -48 -10.1679 5.87269
    endloop
  endfacet
  facet normal 0 -0.946931 -0.321435
    outer loop
      vertex -48 -9.77498 5.2847
      vertex -45.6 -9.82123 5.42095
      vertex -48 -9.82123 5.42095
    endloop
  endfacet
  facet normal 0 -0.946931 -0.321435
    outer loop
      vertex -45.6 -9.82123 5.42095
      vertex -48 -9.77498 5.2847
      vertex -45.6 -9.77498 5.2847
    endloop
  endfacet
  facet normal 0 -0.195113 0.980781
    outer loop
      vertex -48 -10.5528 3.93748
      vertex -45.6 -10.6939 3.90941
      vertex -45.6 -10.5528 3.93748
    endloop
  endfacet
  facet normal 0 -0.195113 0.980781
    outer loop
      vertex -45.6 -10.6939 3.90941
      vertex -48 -10.5528 3.93748
      vertex -48 -10.6939 3.90941
    endloop
  endfacet
  facet normal 0 -0.555694 0.831387
    outer loop
      vertex -48 -10.1679 4.12731
      vertex -45.6 -10.2875 4.04737
      vertex -45.6 -10.1679 4.12731
    endloop
  endfacet
  facet normal 0 -0.555694 0.831387
    outer loop
      vertex -45.6 -10.2875 4.04737
      vertex -48 -10.1679 4.12731
      vertex -48 -10.2875 4.04737
    endloop
  endfacet
  facet normal 0 -0.980786 0.195087
    outer loop
      vertex -48 -9.77498 4.7153
      vertex -45.6 -9.74691 4.85642
      vertex -48 -9.74691 4.85642
    endloop
  endfacet
  facet normal 0 -0.980786 0.195087
    outer loop
      vertex -45.6 -9.74691 4.85642
      vertex -48 -9.77498 4.7153
      vertex -45.6 -9.77498 4.7153
    endloop
  endfacet
  facet normal 0 0.896708 -0.442622
    outer loop
      vertex -45.6 -11.8538 5.42095
      vertex -48 -11.7901 5.55
      vertex -45.6 -11.7901 5.55
    endloop
  endfacet
  facet normal 0 0.896708 -0.442622
    outer loop
      vertex -48 -11.7901 5.55
      vertex -45.6 -11.8538 5.42095
      vertex -48 -11.8538 5.42095
    endloop
  endfacet
  facet normal 0 0.831601 -0.555374
    outer loop
      vertex -45.6 -11.7901 5.55
      vertex -48 -11.7102 5.66964
      vertex -45.6 -11.7102 5.66964
    endloop
  endfacet
  facet normal 0 0.831601 -0.555374
    outer loop
      vertex -48 -11.7102 5.66964
      vertex -45.6 -11.7901 5.55
      vertex -48 -11.7901 5.55
    endloop
  endfacet
  facet normal 0 0.751741 -0.659458
    outer loop
      vertex -45.6 -11.7102 5.66964
      vertex -48 -11.6153 5.77782
      vertex -45.6 -11.6153 5.77782
    endloop
  endfacet
  facet normal 0 0.751741 -0.659458
    outer loop
      vertex -48 -11.6153 5.77782
      vertex -45.6 -11.7102 5.66964
      vertex -48 -11.7102 5.66964
    endloop
  endfacet
  facet normal 0 0.555694 -0.831387
    outer loop
      vertex -48 -11.5071 5.87269
      vertex -45.6 -11.3875 5.95263
      vertex -45.6 -11.5071 5.87269
    endloop
  endfacet
  facet normal 0 0.555694 -0.831387
    outer loop
      vertex -45.6 -11.3875 5.95263
      vertex -48 -11.5071 5.87269
      vertex -48 -11.3875 5.95263
    endloop
  endfacet
  facet normal 0 0.442424 -0.896806
    outer loop
      vertex -48 -11.3875 5.95263
      vertex -45.6 -11.2585 6.01627
      vertex -45.6 -11.3875 5.95263
    endloop
  endfacet
  facet normal 0 0.442424 -0.896806
    outer loop
      vertex -45.6 -11.2585 6.01627
      vertex -48 -11.3875 5.95263
      vertex -48 -11.2585 6.01627
    endloop
  endfacet
  facet normal 0 0.751741 0.659458
    outer loop
      vertex -45.6 -11.6153 4.22218
      vertex -48 -11.7102 4.33036
      vertex -45.6 -11.7102 4.33036
    endloop
  endfacet
  facet normal 0 0.751741 0.659458
    outer loop
      vertex -48 -11.7102 4.33036
      vertex -45.6 -11.6153 4.22218
      vertex -48 -11.6153 4.22218
    endloop
  endfacet
  facet normal 0 0.831601 0.555374
    outer loop
      vertex -45.6 -11.7102 4.33036
      vertex -48 -11.7901 4.45
      vertex -45.6 -11.7901 4.45
    endloop
  endfacet
  facet normal 0 0.831601 0.555374
    outer loop
      vertex -48 -11.7901 4.45
      vertex -45.6 -11.7102 4.33036
      vertex -48 -11.7102 4.33036
    endloop
  endfacet
  facet normal -0 0.065389 0.99786
    outer loop
      vertex -48 -10.8375 3.9
      vertex -45.6 -10.9811 3.90941
      vertex -45.6 -10.8375 3.9
    endloop
  endfacet
  facet normal 0 0.065389 0.99786
    outer loop
      vertex -45.6 -10.9811 3.90941
      vertex -48 -10.8375 3.9
      vertex -48 -10.9811 3.90941
    endloop
  endfacet
  facet normal -0 0.195113 0.980781
    outer loop
      vertex -48 -10.9811 3.90941
      vertex -45.6 -11.1222 3.93748
      vertex -45.6 -10.9811 3.90941
    endloop
  endfacet
  facet normal 0 0.195113 0.980781
    outer loop
      vertex -45.6 -11.1222 3.93748
      vertex -48 -10.9811 3.90941
      vertex -48 -11.1222 3.93748
    endloop
  endfacet
  facet normal 0 -0.0653198 -0.997864
    outer loop
      vertex -48 -10.8375 11.1
      vertex -45.6 -10.6939 11.0906
      vertex -45.6 -10.8375 11.1
    endloop
  endfacet
  facet normal -0 -0.0653198 -0.997864
    outer loop
      vertex -45.6 -10.6939 11.0906
      vertex -48 -10.8375 11.1
      vertex -48 -10.6939 11.0906
    endloop
  endfacet
  facet normal 0 -0.751836 -0.65935
    outer loop
      vertex -48 -9.96481 10.6696
      vertex -45.6 -10.0597 10.7778
      vertex -48 -10.0597 10.7778
    endloop
  endfacet
  facet normal 0 -0.751836 -0.65935
    outer loop
      vertex -45.6 -10.0597 10.7778
      vertex -48 -9.96481 10.6696
      vertex -45.6 -9.96481 10.6696
    endloop
  endfacet
  facet normal -0 0.32133 0.946967
    outer loop
      vertex -48 -11.1222 8.93748
      vertex -45.6 -11.2585 8.98373
      vertex -45.6 -11.1222 8.93748
    endloop
  endfacet
  facet normal 0 0.32133 0.946967
    outer loop
      vertex -45.6 -11.2585 8.98373
      vertex -48 -11.1222 8.93748
      vertex -48 -11.2585 8.98373
    endloop
  endfacet
  facet normal 0 0.896708 0.442622
    outer loop
      vertex -45.6 -11.7901 9.45
      vertex -48 -11.8538 9.57905
      vertex -45.6 -11.8538 9.57905
    endloop
  endfacet
  facet normal 0 0.896708 0.442622
    outer loop
      vertex -48 -11.8538 9.57905
      vertex -45.6 -11.7901 9.45
      vertex -48 -11.7901 9.45
    endloop
  endfacet
  facet normal 0 -0.321018 -0.947073
    outer loop
      vertex -48 -10.5528 11.0625
      vertex -45.6 -10.4165 11.0163
      vertex -45.6 -10.5528 11.0625
    endloop
  endfacet
  facet normal -0 -0.321018 -0.947073
    outer loop
      vertex -45.6 -10.4165 11.0163
      vertex -48 -10.5528 11.0625
      vertex -48 -10.4165 11.0163
    endloop
  endfacet
  facet normal 0 -0.195314 -0.980741
    outer loop
      vertex -48 -10.6939 11.0906
      vertex -45.6 -10.5528 11.0625
      vertex -45.6 -10.6939 11.0906
    endloop
  endfacet
  facet normal -0 -0.195314 -0.980741
    outer loop
      vertex -45.6 -10.5528 11.0625
      vertex -48 -10.6939 11.0906
      vertex -48 -10.5528 11.0625
    endloop
  endfacet
  facet normal 0 -0.99786 -0.065389
    outer loop
      vertex -48 -9.7375 10
      vertex -45.6 -9.74691 10.1436
      vertex -48 -9.74691 10.1436
    endloop
  endfacet
  facet normal 0 -0.99786 -0.065389
    outer loop
      vertex -45.6 -9.74691 10.1436
      vertex -48 -9.7375 10
      vertex -45.6 -9.7375 10
    endloop
  endfacet
  facet normal 0 -0.659272 0.751905
    outer loop
      vertex -48 -10.0597 9.22218
      vertex -45.6 -10.1679 9.12731
      vertex -45.6 -10.0597 9.22218
    endloop
  endfacet
  facet normal 0 -0.659272 0.751905
    outer loop
      vertex -45.6 -10.1679 9.12731
      vertex -48 -10.0597 9.22218
      vertex -48 -10.1679 9.12731
    endloop
  endfacet
  facet normal 0 0.997864 0.0653289
    outer loop
      vertex -45.6 -11.9281 9.85642
      vertex -48 -11.9375 10
      vertex -45.6 -11.9375 10
    endloop
  endfacet
  facet normal 0 0.997864 0.0653289
    outer loop
      vertex -48 -11.9375 10
      vertex -45.6 -11.9281 9.85642
      vertex -48 -11.9281 9.85642
    endloop
  endfacet
  facet normal -0 0.659272 0.751905
    outer loop
      vertex -48 -11.5071 9.12731
      vertex -45.6 -11.6153 9.22218
      vertex -45.6 -11.5071 9.12731
    endloop
  endfacet
  facet normal 0 0.659272 0.751905
    outer loop
      vertex -45.6 -11.6153 9.22218
      vertex -48 -11.5071 9.12731
      vertex -48 -11.6153 9.22218
    endloop
  endfacet
  facet normal 0 -0.65939 -0.751801
    outer loop
      vertex -48 -10.1679 10.8727
      vertex -45.6 -10.0597 10.7778
      vertex -45.6 -10.1679 10.8727
    endloop
  endfacet
  facet normal -0 -0.65939 -0.751801
    outer loop
      vertex -45.6 -10.0597 10.7778
      vertex -48 -10.1679 10.8727
      vertex -48 -10.0597 10.7778
    endloop
  endfacet
  facet normal 0 -0.44276 -0.89664
    outer loop
      vertex -48 -10.4165 11.0163
      vertex -45.6 -10.2875 10.9526
      vertex -45.6 -10.4165 11.0163
    endloop
  endfacet
  facet normal -0 -0.44276 -0.89664
    outer loop
      vertex -45.6 -10.2875 10.9526
      vertex -48 -10.4165 11.0163
      vertex -48 -10.2875 10.9526
    endloop
  endfacet
  facet normal 0 -0.896806 -0.442424
    outer loop
      vertex -48 -9.82123 10.421
      vertex -45.6 -9.88487 10.55
      vertex -48 -9.88487 10.55
    endloop
  endfacet
  facet normal 0 -0.896806 -0.442424
    outer loop
      vertex -45.6 -9.88487 10.55
      vertex -48 -9.82123 10.421
      vertex -45.6 -9.82123 10.421
    endloop
  endfacet
  facet normal 0 -0.946967 -0.32133
    outer loop
      vertex -48 -9.77498 10.2847
      vertex -45.6 -9.82123 10.421
      vertex -48 -9.82123 10.421
    endloop
  endfacet
  facet normal 0 -0.946967 -0.32133
    outer loop
      vertex -45.6 -9.82123 10.421
      vertex -48 -9.77498 10.2847
      vertex -45.6 -9.77498 10.2847
    endloop
  endfacet
  facet normal 0 -0.065389 0.99786
    outer loop
      vertex -48 -10.6939 8.90941
      vertex -45.6 -10.8375 8.9
      vertex -45.6 -10.6939 8.90941
    endloop
  endfacet
  facet normal 0 -0.065389 0.99786
    outer loop
      vertex -45.6 -10.8375 8.9
      vertex -48 -10.6939 8.90941
      vertex -48 -10.8375 8.9
    endloop
  endfacet
  facet normal 0 -0.32133 0.946967
    outer loop
      vertex -48 -10.4165 8.98373
      vertex -45.6 -10.5528 8.93748
      vertex -45.6 -10.4165 8.98373
    endloop
  endfacet
  facet normal 0 -0.32133 0.946967
    outer loop
      vertex -45.6 -10.5528 8.93748
      vertex -48 -10.4165 8.98373
      vertex -48 -10.5528 8.93748
    endloop
  endfacet
  facet normal 0 -0.997859 0.0653981
    outer loop
      vertex -48 -9.74691 9.85642
      vertex -45.6 -9.7375 10
      vertex -48 -9.7375 10
    endloop
  endfacet
  facet normal 0 -0.997859 0.0653981
    outer loop
      vertex -45.6 -9.7375 10
      vertex -48 -9.74691 9.85642
      vertex -45.6 -9.74691 9.85642
    endloop
  endfacet
  facet normal 0 -0.896874 0.442286
    outer loop
      vertex -48 -9.88487 9.45
      vertex -45.6 -9.82123 9.57905
      vertex -48 -9.82123 9.57905
    endloop
  endfacet
  facet normal 0 -0.896874 0.442286
    outer loop
      vertex -45.6 -9.82123 9.57905
      vertex -48 -9.88487 9.45
      vertex -45.6 -9.88487 9.45
    endloop
  endfacet
  facet normal 0 0.195314 -0.980741
    outer loop
      vertex -48 -11.1222 11.0625
      vertex -45.6 -10.9811 11.0906
      vertex -45.6 -11.1222 11.0625
    endloop
  endfacet
  facet normal 0 0.195314 -0.980741
    outer loop
      vertex -45.6 -10.9811 11.0906
      vertex -48 -11.1222 11.0625
      vertex -48 -10.9811 11.0906
    endloop
  endfacet
  facet normal 0 0.997864 -0.0653198
    outer loop
      vertex -45.6 -11.9375 10
      vertex -48 -11.9281 10.1436
      vertex -45.6 -11.9281 10.1436
    endloop
  endfacet
  facet normal 0 0.997864 -0.0653198
    outer loop
      vertex -48 -11.9281 10.1436
      vertex -45.6 -11.9375 10
      vertex -48 -11.9375 10
    endloop
  endfacet
  facet normal 0 0.980741 -0.195314
    outer loop
      vertex -45.6 -11.9281 10.1436
      vertex -48 -11.9 10.2847
      vertex -45.6 -11.9 10.2847
    endloop
  endfacet
  facet normal 0 0.980741 -0.195314
    outer loop
      vertex -48 -11.9 10.2847
      vertex -45.6 -11.9281 10.1436
      vertex -48 -11.9281 10.1436
    endloop
  endfacet
  facet normal 0 0.65939 -0.751801
    outer loop
      vertex -48 -11.6153 10.7778
      vertex -45.6 -11.5071 10.8727
      vertex -45.6 -11.6153 10.7778
    endloop
  endfacet
  facet normal 0 0.65939 -0.751801
    outer loop
      vertex -45.6 -11.5071 10.8727
      vertex -48 -11.6153 10.7778
      vertex -48 -11.5071 10.8727
    endloop
  endfacet
  facet normal 0 0.831515 -0.555502
    outer loop
      vertex -45.6 -11.7901 10.55
      vertex -48 -11.7102 10.6696
      vertex -45.6 -11.7102 10.6696
    endloop
  endfacet
  facet normal 0 0.831515 -0.555502
    outer loop
      vertex -48 -11.7102 10.6696
      vertex -45.6 -11.7901 10.55
      vertex -48 -11.7901 10.55
    endloop
  endfacet
  facet normal 0 0.321018 -0.947073
    outer loop
      vertex -48 -11.2585 11.0163
      vertex -45.6 -11.1222 11.0625
      vertex -45.6 -11.2585 11.0163
    endloop
  endfacet
  facet normal 0 0.321018 -0.947073
    outer loop
      vertex -45.6 -11.1222 11.0625
      vertex -48 -11.2585 11.0163
      vertex -48 -11.1222 11.0625
    endloop
  endfacet
  facet normal 0 0.555502 -0.831515
    outer loop
      vertex -48 -11.5071 10.8727
      vertex -45.6 -11.3875 10.9526
      vertex -45.6 -11.5071 10.8727
    endloop
  endfacet
  facet normal 0 0.555502 -0.831515
    outer loop
      vertex -45.6 -11.3875 10.9526
      vertex -48 -11.5071 10.8727
      vertex -48 -11.3875 10.9526
    endloop
  endfacet
  facet normal 0 0.947037 0.321124
    outer loop
      vertex -45.6 -11.8538 9.57905
      vertex -48 -11.9 9.7153
      vertex -45.6 -11.9 9.7153
    endloop
  endfacet
  facet normal 0 0.947037 0.321124
    outer loop
      vertex -48 -11.9 9.7153
      vertex -45.6 -11.8538 9.57905
      vertex -48 -11.8538 9.57905
    endloop
  endfacet
  facet normal 0 0.980746 0.195287
    outer loop
      vertex -45.6 -11.9 9.7153
      vertex -48 -11.9281 9.85642
      vertex -45.6 -11.9281 9.85642
    endloop
  endfacet
  facet normal 0 0.980746 0.195287
    outer loop
      vertex -48 -11.9281 9.85642
      vertex -45.6 -11.9 9.7153
      vertex -48 -11.9 9.7153
    endloop
  endfacet
  facet normal 0 0.831601 0.555374
    outer loop
      vertex -45.6 -11.7102 9.33036
      vertex -48 -11.7901 9.45
      vertex -45.6 -11.7901 9.45
    endloop
  endfacet
  facet normal 0 0.831601 0.555374
    outer loop
      vertex -48 -11.7901 9.45
      vertex -45.6 -11.7102 9.33036
      vertex -48 -11.7102 9.33036
    endloop
  endfacet
  facet normal 0 0.751741 0.659458
    outer loop
      vertex -45.6 -11.6153 9.22218
      vertex -48 -11.7102 9.33036
      vertex -45.6 -11.7102 9.33036
    endloop
  endfacet
  facet normal 0 0.751741 0.659458
    outer loop
      vertex -48 -11.7102 9.33036
      vertex -45.6 -11.6153 9.22218
      vertex -48 -11.6153 9.22218
    endloop
  endfacet
  facet normal -0 0.555694 0.831387
    outer loop
      vertex -48 -11.3875 9.04737
      vertex -45.6 -11.5071 9.12731
      vertex -45.6 -11.3875 9.04737
    endloop
  endfacet
  facet normal 0 0.555694 0.831387
    outer loop
      vertex -45.6 -11.5071 9.12731
      vertex -48 -11.3875 9.04737
      vertex -48 -11.5071 9.12731
    endloop
  endfacet
  facet normal -0 0.442424 0.896806
    outer loop
      vertex -48 -11.2585 8.98373
      vertex -45.6 -11.3875 9.04737
      vertex -45.6 -11.2585 8.98373
    endloop
  endfacet
  facet normal 0 0.442424 0.896806
    outer loop
      vertex -45.6 -11.3875 9.04737
      vertex -48 -11.2585 8.98373
      vertex -48 -11.3875 9.04737
    endloop
  endfacet
  facet normal 0 -0.555502 -0.831515
    outer loop
      vertex -48 -10.2875 10.9526
      vertex -45.6 -10.1679 10.8727
      vertex -45.6 -10.2875 10.9526
    endloop
  endfacet
  facet normal -0 -0.555502 -0.831515
    outer loop
      vertex -45.6 -10.1679 10.8727
      vertex -48 -10.2875 10.9526
      vertex -48 -10.1679 10.8727
    endloop
  endfacet
  facet normal 0 -0.831387 -0.555694
    outer loop
      vertex -48 -9.88487 10.55
      vertex -45.6 -9.96481 10.6696
      vertex -48 -9.96481 10.6696
    endloop
  endfacet
  facet normal 0 -0.831387 -0.555694
    outer loop
      vertex -45.6 -9.96481 10.6696
      vertex -48 -9.88487 10.55
      vertex -45.6 -9.88487 10.55
    endloop
  endfacet
  facet normal 0 -0.980781 -0.195113
    outer loop
      vertex -48 -9.74691 10.1436
      vertex -45.6 -9.77498 10.2847
      vertex -48 -9.77498 10.2847
    endloop
  endfacet
  facet normal 0 -0.980781 -0.195113
    outer loop
      vertex -45.6 -9.77498 10.2847
      vertex -48 -9.74691 10.1436
      vertex -45.6 -9.74691 10.1436
    endloop
  endfacet
  facet normal 0 -0.195113 0.980781
    outer loop
      vertex -48 -10.5528 8.93748
      vertex -45.6 -10.6939 8.90941
      vertex -45.6 -10.5528 8.93748
    endloop
  endfacet
  facet normal 0 -0.195113 0.980781
    outer loop
      vertex -45.6 -10.6939 8.90941
      vertex -48 -10.5528 8.93748
      vertex -48 -10.6939 8.90941
    endloop
  endfacet
  facet normal 0 -0.555694 0.831387
    outer loop
      vertex -48 -10.1679 9.12731
      vertex -45.6 -10.2875 9.04737
      vertex -45.6 -10.1679 9.12731
    endloop
  endfacet
  facet normal 0 -0.555694 0.831387
    outer loop
      vertex -45.6 -10.2875 9.04737
      vertex -48 -10.1679 9.12731
      vertex -48 -10.2875 9.04737
    endloop
  endfacet
  facet normal 0 -0.442424 0.896806
    outer loop
      vertex -48 -10.2875 9.04737
      vertex -45.6 -10.4165 8.98373
      vertex -45.6 -10.2875 9.04737
    endloop
  endfacet
  facet normal 0 -0.442424 0.896806
    outer loop
      vertex -45.6 -10.4165 8.98373
      vertex -48 -10.2875 9.04737
      vertex -48 -10.4165 8.98373
    endloop
  endfacet
  facet normal 0 -0.980786 0.195087
    outer loop
      vertex -48 -9.77498 9.7153
      vertex -45.6 -9.74691 9.85642
      vertex -48 -9.74691 9.85642
    endloop
  endfacet
  facet normal 0 -0.980786 0.195087
    outer loop
      vertex -45.6 -9.74691 9.85642
      vertex -48 -9.77498 9.7153
      vertex -45.6 -9.77498 9.7153
    endloop
  endfacet
  facet normal 0 -0.946931 0.321435
    outer loop
      vertex -48 -9.82123 9.57905
      vertex -45.6 -9.77498 9.7153
      vertex -48 -9.77498 9.7153
    endloop
  endfacet
  facet normal 0 -0.946931 0.321435
    outer loop
      vertex -45.6 -9.77498 9.7153
      vertex -48 -9.82123 9.57905
      vertex -45.6 -9.82123 9.57905
    endloop
  endfacet
  facet normal 0 -0.831472 0.555566
    outer loop
      vertex -48 -9.96481 9.33036
      vertex -45.6 -9.88487 9.45
      vertex -48 -9.88487 9.45
    endloop
  endfacet
  facet normal 0 -0.831472 0.555566
    outer loop
      vertex -45.6 -9.88487 9.45
      vertex -48 -9.96481 9.33036
      vertex -45.6 -9.96481 9.33036
    endloop
  endfacet
  facet normal 0 -0.751775 0.659419
    outer loop
      vertex -48 -10.0597 9.22218
      vertex -45.6 -9.96481 9.33036
      vertex -48 -9.96481 9.33036
    endloop
  endfacet
  facet normal 0 -0.751775 0.659419
    outer loop
      vertex -45.6 -9.96481 9.33036
      vertex -48 -10.0597 9.22218
      vertex -45.6 -10.0597 9.22218
    endloop
  endfacet
  facet normal 0 0.0653198 -0.997864
    outer loop
      vertex -48 -10.9811 11.0906
      vertex -45.6 -10.8375 11.1
      vertex -45.6 -10.9811 11.0906
    endloop
  endfacet
  facet normal 0 0.0653198 -0.997864
    outer loop
      vertex -45.6 -10.8375 11.1
      vertex -48 -10.9811 11.0906
      vertex -48 -10.8375 11.1
    endloop
  endfacet
  facet normal 0 0.947073 -0.321018
    outer loop
      vertex -45.6 -11.9 10.2847
      vertex -48 -11.8538 10.421
      vertex -45.6 -11.8538 10.421
    endloop
  endfacet
  facet normal 0 0.947073 -0.321018
    outer loop
      vertex -48 -11.8538 10.421
      vertex -45.6 -11.9 10.2847
      vertex -48 -11.9 10.2847
    endloop
  endfacet
  facet normal 0 0.89664 -0.44276
    outer loop
      vertex -45.6 -11.8538 10.421
      vertex -48 -11.7901 10.55
      vertex -45.6 -11.7901 10.55
    endloop
  endfacet
  facet normal 0 0.89664 -0.44276
    outer loop
      vertex -48 -11.7901 10.55
      vertex -45.6 -11.8538 10.421
      vertex -48 -11.8538 10.421
    endloop
  endfacet
  facet normal 0 0.751801 -0.65939
    outer loop
      vertex -45.6 -11.7102 10.6696
      vertex -48 -11.6153 10.7778
      vertex -45.6 -11.6153 10.7778
    endloop
  endfacet
  facet normal 0 0.751801 -0.65939
    outer loop
      vertex -48 -11.6153 10.7778
      vertex -45.6 -11.7102 10.6696
      vertex -48 -11.7102 10.6696
    endloop
  endfacet
  facet normal 0 0.44276 -0.89664
    outer loop
      vertex -48 -11.3875 10.9526
      vertex -45.6 -11.2585 11.0163
      vertex -45.6 -11.3875 10.9526
    endloop
  endfacet
  facet normal 0 0.44276 -0.89664
    outer loop
      vertex -45.6 -11.2585 11.0163
      vertex -48 -11.3875 10.9526
      vertex -48 -11.2585 11.0163
    endloop
  endfacet
  facet normal -0 0.065389 0.99786
    outer loop
      vertex -48 -10.8375 8.9
      vertex -45.6 -10.9811 8.90941
      vertex -45.6 -10.8375 8.9
    endloop
  endfacet
  facet normal 0 0.065389 0.99786
    outer loop
      vertex -45.6 -10.9811 8.90941
      vertex -48 -10.8375 8.9
      vertex -48 -10.9811 8.90941
    endloop
  endfacet
  facet normal -0 0.195113 0.980781
    outer loop
      vertex -48 -10.9811 8.90941
      vertex -45.6 -11.1222 8.93748
      vertex -45.6 -10.9811 8.90941
    endloop
  endfacet
  facet normal 0 0.195113 0.980781
    outer loop
      vertex -45.6 -11.1222 8.93748
      vertex -48 -10.9811 8.90941
      vertex -48 -11.1222 8.93748
    endloop
  endfacet
  facet normal 0 -0.0653198 -0.997864
    outer loop
      vertex -48 -10.8375 16.1
      vertex -45.6 -10.6939 16.0906
      vertex -45.6 -10.8375 16.1
    endloop
  endfacet
  facet normal -0 -0.0653198 -0.997864
    outer loop
      vertex -45.6 -10.6939 16.0906
      vertex -48 -10.8375 16.1
      vertex -48 -10.6939 16.0906
    endloop
  endfacet
  facet normal 0 -0.195314 -0.980741
    outer loop
      vertex -48 -10.6939 16.0906
      vertex -45.6 -10.5528 16.0625
      vertex -45.6 -10.6939 16.0906
    endloop
  endfacet
  facet normal -0 -0.195314 -0.980741
    outer loop
      vertex -45.6 -10.5528 16.0625
      vertex -48 -10.6939 16.0906
      vertex -48 -10.5528 16.0625
    endloop
  endfacet
  facet normal 0 -0.0653198 0.997864
    outer loop
      vertex -48 -10.6939 13.9094
      vertex -45.6 -10.8375 13.9
      vertex -45.6 -10.6939 13.9094
    endloop
  endfacet
  facet normal 0 -0.0653198 0.997864
    outer loop
      vertex -45.6 -10.8375 13.9
      vertex -48 -10.6939 13.9094
      vertex -48 -10.8375 13.9
    endloop
  endfacet
  facet normal 0 0.997864 0.0653198
    outer loop
      vertex -45.6 -11.9281 14.8564
      vertex -48 -11.9375 15
      vertex -45.6 -11.9375 15
    endloop
  endfacet
  facet normal 0 0.997864 0.0653198
    outer loop
      vertex -48 -11.9375 15
      vertex -45.6 -11.9281 14.8564
      vertex -48 -11.9281 14.8564
    endloop
  endfacet
  facet normal -0 0.65939 0.751801
    outer loop
      vertex -48 -11.5071 14.1273
      vertex -45.6 -11.6153 14.2222
      vertex -45.6 -11.5071 14.1273
    endloop
  endfacet
  facet normal 0 0.65939 0.751801
    outer loop
      vertex -45.6 -11.6153 14.2222
      vertex -48 -11.5071 14.1273
      vertex -48 -11.6153 14.2222
    endloop
  endfacet
  facet normal 0 -0.751836 0.65935
    outer loop
      vertex -48 -10.0597 14.2222
      vertex -45.6 -9.96481 14.3304
      vertex -48 -9.96481 14.3304
    endloop
  endfacet
  facet normal 0 -0.751836 0.65935
    outer loop
      vertex -45.6 -9.96481 14.3304
      vertex -48 -10.0597 14.2222
      vertex -45.6 -10.0597 14.2222
    endloop
  endfacet
  facet normal 0 -0.946967 0.32133
    outer loop
      vertex -48 -9.82123 14.579
      vertex -45.6 -9.77498 14.7153
      vertex -48 -9.77498 14.7153
    endloop
  endfacet
  facet normal 0 -0.946967 0.32133
    outer loop
      vertex -45.6 -9.77498 14.7153
      vertex -48 -9.82123 14.579
      vertex -45.6 -9.82123 14.579
    endloop
  endfacet
  facet normal 0 0.89664 0.44276
    outer loop
      vertex -45.6 -11.7901 14.45
      vertex -48 -11.8538 14.579
      vertex -45.6 -11.8538 14.579
    endloop
  endfacet
  facet normal 0 0.89664 0.44276
    outer loop
      vertex -48 -11.8538 14.579
      vertex -45.6 -11.7901 14.45
      vertex -48 -11.7901 14.45
    endloop
  endfacet
  facet normal 0 -0.65939 0.751801
    outer loop
      vertex -48 -10.0597 14.2222
      vertex -45.6 -10.1679 14.1273
      vertex -45.6 -10.0597 14.2222
    endloop
  endfacet
  facet normal 0 -0.65939 0.751801
    outer loop
      vertex -45.6 -10.1679 14.1273
      vertex -48 -10.0597 14.2222
      vertex -48 -10.1679 14.1273
    endloop
  endfacet
  facet normal 0 0.0653198 -0.997864
    outer loop
      vertex -48 -10.9811 16.0906
      vertex -45.6 -10.8375 16.1
      vertex -45.6 -10.9811 16.0906
    endloop
  endfacet
  facet normal 0 0.0653198 -0.997864
    outer loop
      vertex -45.6 -10.8375 16.1
      vertex -48 -10.9811 16.0906
      vertex -48 -10.8375 16.1
    endloop
  endfacet
  facet normal 0 0.947073 0.321018
    outer loop
      vertex -45.6 -11.8538 14.579
      vertex -48 -11.9 14.7153
      vertex -45.6 -11.9 14.7153
    endloop
  endfacet
  facet normal 0 0.947073 0.321018
    outer loop
      vertex -48 -11.9 14.7153
      vertex -45.6 -11.8538 14.579
      vertex -48 -11.8538 14.579
    endloop
  endfacet
  facet normal -0 0.195314 0.980741
    outer loop
      vertex -48 -10.9811 13.9094
      vertex -45.6 -11.1222 13.9375
      vertex -45.6 -10.9811 13.9094
    endloop
  endfacet
  facet normal 0 0.195314 0.980741
    outer loop
      vertex -45.6 -11.1222 13.9375
      vertex -48 -10.9811 13.9094
      vertex -48 -11.1222 13.9375
    endloop
  endfacet
  facet normal -0 0.555502 0.831515
    outer loop
      vertex -48 -11.3875 14.0474
      vertex -45.6 -11.5071 14.1273
      vertex -45.6 -11.3875 14.0474
    endloop
  endfacet
  facet normal 0 0.555502 0.831515
    outer loop
      vertex -45.6 -11.5071 14.1273
      vertex -48 -11.3875 14.0474
      vertex -48 -11.5071 14.1273
    endloop
  endfacet
  facet normal -0 0.321018 0.947073
    outer loop
      vertex -48 -11.1222 13.9375
      vertex -45.6 -11.2585 13.9837
      vertex -45.6 -11.1222 13.9375
    endloop
  endfacet
  facet normal 0 0.321018 0.947073
    outer loop
      vertex -45.6 -11.2585 13.9837
      vertex -48 -11.1222 13.9375
      vertex -48 -11.2585 13.9837
    endloop
  endfacet
  facet normal 0 -0.321018 -0.947073
    outer loop
      vertex -48 -10.5528 16.0625
      vertex -45.6 -10.4165 16.0163
      vertex -45.6 -10.5528 16.0625
    endloop
  endfacet
  facet normal -0 -0.321018 -0.947073
    outer loop
      vertex -45.6 -10.4165 16.0163
      vertex -48 -10.5528 16.0625
      vertex -48 -10.4165 16.0163
    endloop
  endfacet
  facet normal 0 -0.65939 -0.751801
    outer loop
      vertex -48 -10.1679 15.8727
      vertex -45.6 -10.0597 15.7778
      vertex -45.6 -10.1679 15.8727
    endloop
  endfacet
  facet normal -0 -0.65939 -0.751801
    outer loop
      vertex -45.6 -10.0597 15.7778
      vertex -48 -10.1679 15.8727
      vertex -48 -10.0597 15.7778
    endloop
  endfacet
  facet normal 0 -0.99786 -0.065389
    outer loop
      vertex -48 -9.7375 15
      vertex -45.6 -9.74691 15.1436
      vertex -48 -9.74691 15.1436
    endloop
  endfacet
  facet normal 0 -0.99786 -0.065389
    outer loop
      vertex -45.6 -9.74691 15.1436
      vertex -48 -9.7375 15
      vertex -45.6 -9.7375 15
    endloop
  endfacet
  facet normal 0 -0.980781 -0.195113
    outer loop
      vertex -48 -9.74691 15.1436
      vertex -45.6 -9.77498 15.2847
      vertex -48 -9.77498 15.2847
    endloop
  endfacet
  facet normal 0 -0.980781 -0.195113
    outer loop
      vertex -45.6 -9.77498 15.2847
      vertex -48 -9.74691 15.1436
      vertex -45.6 -9.74691 15.1436
    endloop
  endfacet
  facet normal 0 -0.896806 -0.442424
    outer loop
      vertex -48 -9.82123 15.421
      vertex -45.6 -9.88487 15.55
      vertex -48 -9.88487 15.55
    endloop
  endfacet
  facet normal 0 -0.896806 -0.442424
    outer loop
      vertex -45.6 -9.88487 15.55
      vertex -48 -9.82123 15.421
      vertex -45.6 -9.82123 15.421
    endloop
  endfacet
  facet normal 0 -0.44276 0.89664
    outer loop
      vertex -48 -10.2875 14.0474
      vertex -45.6 -10.4165 13.9837
      vertex -45.6 -10.2875 14.0474
    endloop
  endfacet
  facet normal 0 -0.44276 0.89664
    outer loop
      vertex -45.6 -10.4165 13.9837
      vertex -48 -10.2875 14.0474
      vertex -48 -10.4165 13.9837
    endloop
  endfacet
  facet normal 0 -0.555502 0.831515
    outer loop
      vertex -48 -10.1679 14.1273
      vertex -45.6 -10.2875 14.0474
      vertex -45.6 -10.1679 14.1273
    endloop
  endfacet
  facet normal 0 -0.555502 0.831515
    outer loop
      vertex -45.6 -10.2875 14.0474
      vertex -48 -10.1679 14.1273
      vertex -48 -10.2875 14.0474
    endloop
  endfacet
  facet normal 0 -0.321018 0.947073
    outer loop
      vertex -48 -10.4165 13.9837
      vertex -45.6 -10.5528 13.9375
      vertex -45.6 -10.4165 13.9837
    endloop
  endfacet
  facet normal 0 -0.321018 0.947073
    outer loop
      vertex -45.6 -10.5528 13.9375
      vertex -48 -10.4165 13.9837
      vertex -48 -10.5528 13.9375
    endloop
  endfacet
  facet normal 0 -0.896806 0.442424
    outer loop
      vertex -48 -9.88487 14.45
      vertex -45.6 -9.82123 14.579
      vertex -48 -9.82123 14.579
    endloop
  endfacet
  facet normal 0 -0.896806 0.442424
    outer loop
      vertex -45.6 -9.82123 14.579
      vertex -48 -9.88487 14.45
      vertex -45.6 -9.88487 14.45
    endloop
  endfacet
  facet normal 0 -0.99786 0.065389
    outer loop
      vertex -48 -9.74691 14.8564
      vertex -45.6 -9.7375 15
      vertex -48 -9.7375 15
    endloop
  endfacet
  facet normal 0 -0.99786 0.065389
    outer loop
      vertex -45.6 -9.7375 15
      vertex -48 -9.74691 14.8564
      vertex -45.6 -9.74691 14.8564
    endloop
  endfacet
  facet normal 0 0.980741 -0.195314
    outer loop
      vertex -45.6 -11.9281 15.1436
      vertex -48 -11.9 15.2847
      vertex -45.6 -11.9 15.2847
    endloop
  endfacet
  facet normal 0 0.980741 -0.195314
    outer loop
      vertex -48 -11.9 15.2847
      vertex -45.6 -11.9281 15.1436
      vertex -48 -11.9281 15.1436
    endloop
  endfacet
  facet normal 0 0.947073 -0.321018
    outer loop
      vertex -45.6 -11.9 15.2847
      vertex -48 -11.8538 15.421
      vertex -45.6 -11.8538 15.421
    endloop
  endfacet
  facet normal 0 0.947073 -0.321018
    outer loop
      vertex -48 -11.8538 15.421
      vertex -45.6 -11.9 15.2847
      vertex -48 -11.9 15.2847
    endloop
  endfacet
  facet normal 0 0.65939 -0.751801
    outer loop
      vertex -48 -11.6153 15.7778
      vertex -45.6 -11.5071 15.8727
      vertex -45.6 -11.6153 15.7778
    endloop
  endfacet
  facet normal 0 0.65939 -0.751801
    outer loop
      vertex -45.6 -11.5071 15.8727
      vertex -48 -11.6153 15.7778
      vertex -48 -11.5071 15.8727
    endloop
  endfacet
  facet normal 0 0.321018 -0.947073
    outer loop
      vertex -48 -11.2585 16.0163
      vertex -45.6 -11.1222 16.0625
      vertex -45.6 -11.2585 16.0163
    endloop
  endfacet
  facet normal 0 0.321018 -0.947073
    outer loop
      vertex -45.6 -11.1222 16.0625
      vertex -48 -11.2585 16.0163
      vertex -48 -11.1222 16.0625
    endloop
  endfacet
  facet normal 0 0.44276 -0.89664
    outer loop
      vertex -48 -11.3875 15.9526
      vertex -45.6 -11.2585 16.0163
      vertex -45.6 -11.3875 15.9526
    endloop
  endfacet
  facet normal 0 0.44276 -0.89664
    outer loop
      vertex -45.6 -11.2585 16.0163
      vertex -48 -11.3875 15.9526
      vertex -48 -11.2585 16.0163
    endloop
  endfacet
  facet normal 0 0.980741 0.195314
    outer loop
      vertex -45.6 -11.9 14.7153
      vertex -48 -11.9281 14.8564
      vertex -45.6 -11.9281 14.8564
    endloop
  endfacet
  facet normal 0 0.980741 0.195314
    outer loop
      vertex -48 -11.9281 14.8564
      vertex -45.6 -11.9 14.7153
      vertex -48 -11.9 14.7153
    endloop
  endfacet
  facet normal 0 0.831515 0.555502
    outer loop
      vertex -45.6 -11.7102 14.3304
      vertex -48 -11.7901 14.45
      vertex -45.6 -11.7901 14.45
    endloop
  endfacet
  facet normal 0 0.831515 0.555502
    outer loop
      vertex -48 -11.7901 14.45
      vertex -45.6 -11.7102 14.3304
      vertex -48 -11.7102 14.3304
    endloop
  endfacet
  facet normal -0 0.44276 0.89664
    outer loop
      vertex -48 -11.2585 13.9837
      vertex -45.6 -11.3875 14.0474
      vertex -45.6 -11.2585 13.9837
    endloop
  endfacet
  facet normal 0 0.44276 0.89664
    outer loop
      vertex -45.6 -11.3875 14.0474
      vertex -48 -11.2585 13.9837
      vertex -48 -11.3875 14.0474
    endloop
  endfacet
  facet normal 0 -0.44276 -0.89664
    outer loop
      vertex -48 -10.4165 16.0163
      vertex -45.6 -10.2875 15.9526
      vertex -45.6 -10.4165 16.0163
    endloop
  endfacet
  facet normal -0 -0.44276 -0.89664
    outer loop
      vertex -45.6 -10.2875 15.9526
      vertex -48 -10.4165 16.0163
      vertex -48 -10.2875 15.9526
    endloop
  endfacet
  facet normal 0 -0.555502 -0.831515
    outer loop
      vertex -48 -10.2875 15.9526
      vertex -45.6 -10.1679 15.8727
      vertex -45.6 -10.2875 15.9526
    endloop
  endfacet
  facet normal -0 -0.555502 -0.831515
    outer loop
      vertex -45.6 -10.1679 15.8727
      vertex -48 -10.2875 15.9526
      vertex -48 -10.1679 15.8727
    endloop
  endfacet
  facet normal 0 -0.946967 -0.32133
    outer loop
      vertex -48 -9.77498 15.2847
      vertex -45.6 -9.82123 15.421
      vertex -48 -9.82123 15.421
    endloop
  endfacet
  facet normal 0 -0.946967 -0.32133
    outer loop
      vertex -45.6 -9.82123 15.421
      vertex -48 -9.77498 15.2847
      vertex -45.6 -9.77498 15.2847
    endloop
  endfacet
  facet normal 0 -0.751836 -0.65935
    outer loop
      vertex -48 -9.96481 15.6696
      vertex -45.6 -10.0597 15.7778
      vertex -48 -10.0597 15.7778
    endloop
  endfacet
  facet normal 0 -0.751836 -0.65935
    outer loop
      vertex -45.6 -10.0597 15.7778
      vertex -48 -9.96481 15.6696
      vertex -45.6 -9.96481 15.6696
    endloop
  endfacet
  facet normal 0 -0.831387 -0.555694
    outer loop
      vertex -48 -9.88487 15.55
      vertex -45.6 -9.96481 15.6696
      vertex -48 -9.96481 15.6696
    endloop
  endfacet
  facet normal 0 -0.831387 -0.555694
    outer loop
      vertex -45.6 -9.96481 15.6696
      vertex -48 -9.88487 15.55
      vertex -45.6 -9.88487 15.55
    endloop
  endfacet
  facet normal 0 -0.195314 0.980741
    outer loop
      vertex -48 -10.5528 13.9375
      vertex -45.6 -10.6939 13.9094
      vertex -45.6 -10.5528 13.9375
    endloop
  endfacet
  facet normal 0 -0.195314 0.980741
    outer loop
      vertex -45.6 -10.6939 13.9094
      vertex -48 -10.5528 13.9375
      vertex -48 -10.6939 13.9094
    endloop
  endfacet
  facet normal 0 -0.831387 0.555694
    outer loop
      vertex -48 -9.96481 14.3304
      vertex -45.6 -9.88487 14.45
      vertex -48 -9.88487 14.45
    endloop
  endfacet
  facet normal 0 -0.831387 0.555694
    outer loop
      vertex -45.6 -9.88487 14.45
      vertex -48 -9.96481 14.3304
      vertex -45.6 -9.96481 14.3304
    endloop
  endfacet
  facet normal 0 -0.980781 0.195113
    outer loop
      vertex -48 -9.77498 14.7153
      vertex -45.6 -9.74691 14.8564
      vertex -48 -9.74691 14.8564
    endloop
  endfacet
  facet normal 0 -0.980781 0.195113
    outer loop
      vertex -45.6 -9.74691 14.8564
      vertex -48 -9.77498 14.7153
      vertex -45.6 -9.77498 14.7153
    endloop
  endfacet
  facet normal 0 0.195314 -0.980741
    outer loop
      vertex -48 -11.1222 16.0625
      vertex -45.6 -10.9811 16.0906
      vertex -45.6 -11.1222 16.0625
    endloop
  endfacet
  facet normal 0 0.195314 -0.980741
    outer loop
      vertex -45.6 -10.9811 16.0906
      vertex -48 -11.1222 16.0625
      vertex -48 -10.9811 16.0906
    endloop
  endfacet
  facet normal 0 0.997864 -0.0653198
    outer loop
      vertex -45.6 -11.9375 15
      vertex -48 -11.9281 15.1436
      vertex -45.6 -11.9281 15.1436
    endloop
  endfacet
  facet normal 0 0.997864 -0.0653198
    outer loop
      vertex -48 -11.9281 15.1436
      vertex -45.6 -11.9375 15
      vertex -48 -11.9375 15
    endloop
  endfacet
  facet normal 0 0.89664 -0.44276
    outer loop
      vertex -45.6 -11.8538 15.421
      vertex -48 -11.7901 15.55
      vertex -45.6 -11.7901 15.55
    endloop
  endfacet
  facet normal 0 0.89664 -0.44276
    outer loop
      vertex -48 -11.7901 15.55
      vertex -45.6 -11.8538 15.421
      vertex -48 -11.8538 15.421
    endloop
  endfacet
  facet normal 0 0.831515 -0.555502
    outer loop
      vertex -45.6 -11.7901 15.55
      vertex -48 -11.7102 15.6696
      vertex -45.6 -11.7102 15.6696
    endloop
  endfacet
  facet normal 0 0.831515 -0.555502
    outer loop
      vertex -48 -11.7102 15.6696
      vertex -45.6 -11.7901 15.55
      vertex -48 -11.7901 15.55
    endloop
  endfacet
  facet normal 0 0.751801 -0.65939
    outer loop
      vertex -45.6 -11.7102 15.6696
      vertex -48 -11.6153 15.7778
      vertex -45.6 -11.6153 15.7778
    endloop
  endfacet
  facet normal 0 0.751801 -0.65939
    outer loop
      vertex -48 -11.6153 15.7778
      vertex -45.6 -11.7102 15.6696
      vertex -48 -11.7102 15.6696
    endloop
  endfacet
  facet normal 0 0.555502 -0.831515
    outer loop
      vertex -48 -11.5071 15.8727
      vertex -45.6 -11.3875 15.9526
      vertex -45.6 -11.5071 15.8727
    endloop
  endfacet
  facet normal 0 0.555502 -0.831515
    outer loop
      vertex -45.6 -11.3875 15.9526
      vertex -48 -11.5071 15.8727
      vertex -48 -11.3875 15.9526
    endloop
  endfacet
  facet normal 0 0.751801 0.65939
    outer loop
      vertex -45.6 -11.6153 14.2222
      vertex -48 -11.7102 14.3304
      vertex -45.6 -11.7102 14.3304
    endloop
  endfacet
  facet normal 0 0.751801 0.65939
    outer loop
      vertex -48 -11.7102 14.3304
      vertex -45.6 -11.6153 14.2222
      vertex -48 -11.6153 14.2222
    endloop
  endfacet
  facet normal -0 0.0653198 0.997864
    outer loop
      vertex -48 -10.8375 13.9
      vertex -45.6 -10.9811 13.9094
      vertex -45.6 -10.8375 13.9
    endloop
  endfacet
  facet normal 0 0.0653198 0.997864
    outer loop
      vertex -45.6 -10.9811 13.9094
      vertex -48 -10.8375 13.9
      vertex -48 -10.9811 13.9094
    endloop
  endfacet
  facet normal 0 -0.0653981 -0.997859
    outer loop
      vertex -48 -4.8375 6.1
      vertex -45.6 -4.69392 6.09059
      vertex -45.6 -4.8375 6.1
    endloop
  endfacet
  facet normal -0 -0.0653981 -0.997859
    outer loop
      vertex -45.6 -4.69392 6.09059
      vertex -48 -4.8375 6.1
      vertex -48 -4.69392 6.09059
    endloop
  endfacet
  facet normal 0 -0.946931 0.321435
    outer loop
      vertex -48 -3.82123 4.57905
      vertex -45.6 -3.77498 4.7153
      vertex -48 -3.77498 4.7153
    endloop
  endfacet
  facet normal 0 -0.946931 0.321435
    outer loop
      vertex -45.6 -3.77498 4.7153
      vertex -48 -3.82123 4.57905
      vertex -45.6 -3.82123 4.57905
    endloop
  endfacet
  facet normal 0 -0.442286 0.896874
    outer loop
      vertex -48 -4.2875 4.04737
      vertex -45.6 -4.41655 3.98373
      vertex -45.6 -4.2875 4.04737
    endloop
  endfacet
  facet normal 0 -0.442286 0.896874
    outer loop
      vertex -45.6 -4.41655 3.98373
      vertex -48 -4.2875 4.04737
      vertex -48 -4.41655 3.98373
    endloop
  endfacet
  facet normal 0 -0.321435 -0.946931
    outer loop
      vertex -48 -4.5528 6.06252
      vertex -45.6 -4.41655 6.01627
      vertex -45.6 -4.5528 6.06252
    endloop
  endfacet
  facet normal -0 -0.321435 -0.946931
    outer loop
      vertex -45.6 -4.41655 6.01627
      vertex -48 -4.5528 6.06252
      vertex -48 -4.41655 6.01627
    endloop
  endfacet
  facet normal 0 -0.195087 -0.980786
    outer loop
      vertex -48 -4.69392 6.09059
      vertex -45.6 -4.5528 6.06252
      vertex -45.6 -4.69392 6.09059
    endloop
  endfacet
  facet normal -0 -0.195087 -0.980786
    outer loop
      vertex -45.6 -4.5528 6.06252
      vertex -48 -4.69392 6.09059
      vertex -48 -4.5528 6.06252
    endloop
  endfacet
  facet normal 0 0.997859 0.0653981
    outer loop
      vertex -45.6 -5.92809 4.85642
      vertex -48 -5.9375 5
      vertex -45.6 -5.9375 5
    endloop
  endfacet
  facet normal 0 0.997859 0.0653981
    outer loop
      vertex -48 -5.9375 5
      vertex -45.6 -5.92809 4.85642
      vertex -48 -5.92809 4.85642
    endloop
  endfacet
  facet normal 0 0.946931 0.321435
    outer loop
      vertex -45.6 -5.85377 4.57905
      vertex -48 -5.90002 4.7153
      vertex -45.6 -5.90002 4.7153
    endloop
  endfacet
  facet normal 0 0.946931 0.321435
    outer loop
      vertex -48 -5.90002 4.7153
      vertex -45.6 -5.85377 4.57905
      vertex -48 -5.85377 4.57905
    endloop
  endfacet
  facet normal 0 0.831472 0.555566
    outer loop
      vertex -45.6 -5.71019 4.33036
      vertex -48 -5.79013 4.45
      vertex -45.6 -5.79013 4.45
    endloop
  endfacet
  facet normal 0 0.831472 0.555566
    outer loop
      vertex -48 -5.79013 4.45
      vertex -45.6 -5.71019 4.33036
      vertex -48 -5.71019 4.33036
    endloop
  endfacet
  facet normal 0 0.896874 0.442286
    outer loop
      vertex -45.6 -5.79013 4.45
      vertex -48 -5.85377 4.57905
      vertex -45.6 -5.85377 4.57905
    endloop
  endfacet
  facet normal 0 0.896874 0.442286
    outer loop
      vertex -48 -5.85377 4.57905
      vertex -45.6 -5.79013 4.45
      vertex -48 -5.79013 4.45
    endloop
  endfacet
  facet normal -0 0.195087 0.980786
    outer loop
      vertex -48 -4.98108 3.90941
      vertex -45.6 -5.1222 3.93748
      vertex -45.6 -4.98108 3.90941
    endloop
  endfacet
  facet normal 0 0.195087 0.980786
    outer loop
      vertex -45.6 -5.1222 3.93748
      vertex -48 -4.98108 3.90941
      vertex -48 -5.1222 3.93748
    endloop
  endfacet
  facet normal -0 0.321435 0.946931
    outer loop
      vertex -48 -5.1222 3.93748
      vertex -45.6 -5.25845 3.98373
      vertex -45.6 -5.1222 3.93748
    endloop
  endfacet
  facet normal 0 0.321435 0.946931
    outer loop
      vertex -45.6 -5.25845 3.98373
      vertex -48 -5.1222 3.93748
      vertex -48 -5.25845 3.98373
    endloop
  endfacet
  facet normal -0 0.659341 0.751844
    outer loop
      vertex -48 -5.50714 4.12731
      vertex -45.6 -5.61532 4.22218
      vertex -45.6 -5.50714 4.12731
    endloop
  endfacet
  facet normal 0 0.659341 0.751844
    outer loop
      vertex -45.6 -5.61532 4.22218
      vertex -48 -5.50714 4.12731
      vertex -48 -5.61532 4.22218
    endloop
  endfacet
  facet normal -0 0.442286 0.896874
    outer loop
      vertex -48 -5.25845 3.98373
      vertex -45.6 -5.3875 4.04737
      vertex -45.6 -5.25845 3.98373
    endloop
  endfacet
  facet normal 0 0.442286 0.896874
    outer loop
      vertex -45.6 -5.3875 4.04737
      vertex -48 -5.25845 3.98373
      vertex -48 -5.3875 4.04737
    endloop
  endfacet
  facet normal 0 -0.659341 -0.751844
    outer loop
      vertex -48 -4.16786 5.87269
      vertex -45.6 -4.05968 5.77782
      vertex -45.6 -4.16786 5.87269
    endloop
  endfacet
  facet normal -0 -0.659341 -0.751844
    outer loop
      vertex -45.6 -4.05968 5.77782
      vertex -48 -4.16786 5.87269
      vertex -48 -4.05968 5.77782
    endloop
  endfacet
  facet normal 0 -0.896874 -0.442286
    outer loop
      vertex -48 -3.82123 5.42095
      vertex -45.6 -3.88487 5.55
      vertex -48 -3.88487 5.55
    endloop
  endfacet
  facet normal 0 -0.896874 -0.442286
    outer loop
      vertex -45.6 -3.88487 5.55
      vertex -48 -3.82123 5.42095
      vertex -45.6 -3.82123 5.42095
    endloop
  endfacet
  facet normal 0 -0.831472 -0.555566
    outer loop
      vertex -48 -3.88487 5.55
      vertex -45.6 -3.96481 5.66964
      vertex -48 -3.96481 5.66964
    endloop
  endfacet
  facet normal 0 -0.831472 -0.555566
    outer loop
      vertex -45.6 -3.96481 5.66964
      vertex -48 -3.88487 5.55
      vertex -45.6 -3.88487 5.55
    endloop
  endfacet
  facet normal 0 -0.997859 -0.0653981
    outer loop
      vertex -48 -3.7375 5
      vertex -45.6 -3.74691 5.14358
      vertex -48 -3.74691 5.14358
    endloop
  endfacet
  facet normal 0 -0.997859 -0.0653981
    outer loop
      vertex -45.6 -3.74691 5.14358
      vertex -48 -3.7375 5
      vertex -45.6 -3.7375 5
    endloop
  endfacet
  facet normal 0 -0.980786 -0.195087
    outer loop
      vertex -48 -3.74691 5.14358
      vertex -45.6 -3.77498 5.2847
      vertex -48 -3.77498 5.2847
    endloop
  endfacet
  facet normal 0 -0.980786 -0.195087
    outer loop
      vertex -45.6 -3.77498 5.2847
      vertex -48 -3.74691 5.14358
      vertex -45.6 -3.74691 5.14358
    endloop
  endfacet
  facet normal 0 -0.0653981 0.997859
    outer loop
      vertex -48 -4.69392 3.90941
      vertex -45.6 -4.8375 3.9
      vertex -45.6 -4.69392 3.90941
    endloop
  endfacet
  facet normal 0 -0.0653981 0.997859
    outer loop
      vertex -45.6 -4.8375 3.9
      vertex -48 -4.69392 3.90941
      vertex -48 -4.8375 3.9
    endloop
  endfacet
  facet normal 0 -0.321435 0.946931
    outer loop
      vertex -48 -4.41655 3.98373
      vertex -45.6 -4.5528 3.93748
      vertex -45.6 -4.41655 3.98373
    endloop
  endfacet
  facet normal 0 -0.321435 0.946931
    outer loop
      vertex -45.6 -4.5528 3.93748
      vertex -48 -4.41655 3.98373
      vertex -48 -4.5528 3.93748
    endloop
  endfacet
  facet normal 0 -0.659341 0.751844
    outer loop
      vertex -48 -4.05968 4.22218
      vertex -45.6 -4.16786 4.12731
      vertex -45.6 -4.05968 4.22218
    endloop
  endfacet
  facet normal 0 -0.659341 0.751844
    outer loop
      vertex -45.6 -4.16786 4.12731
      vertex -48 -4.05968 4.22218
      vertex -48 -4.16786 4.12731
    endloop
  endfacet
  facet normal 0 -0.997859 0.0653981
    outer loop
      vertex -48 -3.74691 4.85642
      vertex -45.6 -3.7375 5
      vertex -48 -3.7375 5
    endloop
  endfacet
  facet normal 0 -0.997859 0.0653981
    outer loop
      vertex -45.6 -3.7375 5
      vertex -48 -3.74691 4.85642
      vertex -45.6 -3.74691 4.85642
    endloop
  endfacet
  facet normal 0 -0.896874 0.442286
    outer loop
      vertex -48 -3.88487 4.45
      vertex -45.6 -3.82123 4.57905
      vertex -48 -3.82123 4.57905
    endloop
  endfacet
  facet normal 0 -0.896874 0.442286
    outer loop
      vertex -45.6 -3.82123 4.57905
      vertex -48 -3.88487 4.45
      vertex -45.6 -3.88487 4.45
    endloop
  endfacet
  facet normal 0 -0.751844 0.659341
    outer loop
      vertex -48 -4.05968 4.22218
      vertex -45.6 -3.96481 4.33036
      vertex -48 -3.96481 4.33036
    endloop
  endfacet
  facet normal 0 -0.751844 0.659341
    outer loop
      vertex -45.6 -3.96481 4.33036
      vertex -48 -4.05968 4.22218
      vertex -45.6 -4.05968 4.22218
    endloop
  endfacet
  facet normal 0 -0.831472 0.555566
    outer loop
      vertex -48 -3.96481 4.33036
      vertex -45.6 -3.88487 4.45
      vertex -48 -3.88487 4.45
    endloop
  endfacet
  facet normal 0 -0.831472 0.555566
    outer loop
      vertex -45.6 -3.88487 4.45
      vertex -48 -3.96481 4.33036
      vertex -45.6 -3.96481 4.33036
    endloop
  endfacet
  facet normal 0 0.0653981 -0.997859
    outer loop
      vertex -48 -4.98108 6.09059
      vertex -45.6 -4.8375 6.1
      vertex -45.6 -4.98108 6.09059
    endloop
  endfacet
  facet normal 0 0.0653981 -0.997859
    outer loop
      vertex -45.6 -4.8375 6.1
      vertex -48 -4.98108 6.09059
      vertex -48 -4.8375 6.1
    endloop
  endfacet
  facet normal 0 0.997859 -0.0653981
    outer loop
      vertex -45.6 -5.9375 5
      vertex -48 -5.92809 5.14358
      vertex -45.6 -5.92809 5.14358
    endloop
  endfacet
  facet normal 0 0.997859 -0.0653981
    outer loop
      vertex -48 -5.92809 5.14358
      vertex -45.6 -5.9375 5
      vertex -48 -5.9375 5
    endloop
  endfacet
  facet normal 0 0.980786 -0.195087
    outer loop
      vertex -45.6 -5.92809 5.14358
      vertex -48 -5.90002 5.2847
      vertex -45.6 -5.90002 5.2847
    endloop
  endfacet
  facet normal 0 0.980786 -0.195087
    outer loop
      vertex -48 -5.90002 5.2847
      vertex -45.6 -5.92809 5.14358
      vertex -48 -5.92809 5.14358
    endloop
  endfacet
  facet normal 0 0.946931 -0.321435
    outer loop
      vertex -45.6 -5.90002 5.2847
      vertex -48 -5.85377 5.42095
      vertex -45.6 -5.85377 5.42095
    endloop
  endfacet
  facet normal 0 0.946931 -0.321435
    outer loop
      vertex -48 -5.85377 5.42095
      vertex -45.6 -5.90002 5.2847
      vertex -48 -5.90002 5.2847
    endloop
  endfacet
  facet normal 0 0.659341 -0.751844
    outer loop
      vertex -48 -5.61532 5.77782
      vertex -45.6 -5.50714 5.87269
      vertex -45.6 -5.61532 5.77782
    endloop
  endfacet
  facet normal 0 0.659341 -0.751844
    outer loop
      vertex -45.6 -5.50714 5.87269
      vertex -48 -5.61532 5.77782
      vertex -48 -5.50714 5.87269
    endloop
  endfacet
  facet normal 0 0.321435 -0.946931
    outer loop
      vertex -48 -5.25845 6.01627
      vertex -45.6 -5.1222 6.06252
      vertex -45.6 -5.25845 6.01627
    endloop
  endfacet
  facet normal 0 0.321435 -0.946931
    outer loop
      vertex -45.6 -5.1222 6.06252
      vertex -48 -5.25845 6.01627
      vertex -48 -5.1222 6.06252
    endloop
  endfacet
  facet normal 0 0.980786 0.195087
    outer loop
      vertex -45.6 -5.90002 4.7153
      vertex -48 -5.92809 4.85642
      vertex -45.6 -5.92809 4.85642
    endloop
  endfacet
  facet normal 0 0.980786 0.195087
    outer loop
      vertex -48 -5.92809 4.85642
      vertex -45.6 -5.90002 4.7153
      vertex -48 -5.90002 4.7153
    endloop
  endfacet
  facet normal -0 0.555566 0.831472
    outer loop
      vertex -48 -5.3875 4.04737
      vertex -45.6 -5.50714 4.12731
      vertex -45.6 -5.3875 4.04737
    endloop
  endfacet
  facet normal 0 0.555566 0.831472
    outer loop
      vertex -45.6 -5.50714 4.12731
      vertex -48 -5.3875 4.04737
      vertex -48 -5.50714 4.12731
    endloop
  endfacet
  facet normal 0 -0.442286 -0.896874
    outer loop
      vertex -48 -4.41655 6.01627
      vertex -45.6 -4.2875 5.95263
      vertex -45.6 -4.41655 6.01627
    endloop
  endfacet
  facet normal -0 -0.442286 -0.896874
    outer loop
      vertex -45.6 -4.2875 5.95263
      vertex -48 -4.41655 6.01627
      vertex -48 -4.2875 5.95263
    endloop
  endfacet
  facet normal 0 -0.555566 -0.831472
    outer loop
      vertex -48 -4.2875 5.95263
      vertex -45.6 -4.16786 5.87269
      vertex -45.6 -4.2875 5.95263
    endloop
  endfacet
  facet normal -0 -0.555566 -0.831472
    outer loop
      vertex -45.6 -4.16786 5.87269
      vertex -48 -4.2875 5.95263
      vertex -48 -4.16786 5.87269
    endloop
  endfacet
  facet normal 0 -0.751844 -0.659341
    outer loop
      vertex -48 -3.96481 5.66964
      vertex -45.6 -4.05968 5.77782
      vertex -48 -4.05968 5.77782
    endloop
  endfacet
  facet normal 0 -0.751844 -0.659341
    outer loop
      vertex -45.6 -4.05968 5.77782
      vertex -48 -3.96481 5.66964
      vertex -45.6 -3.96481 5.66964
    endloop
  endfacet
  facet normal 0 -0.946931 -0.321435
    outer loop
      vertex -48 -3.77498 5.2847
      vertex -45.6 -3.82123 5.42095
      vertex -48 -3.82123 5.42095
    endloop
  endfacet
  facet normal 0 -0.946931 -0.321435
    outer loop
      vertex -45.6 -3.82123 5.42095
      vertex -48 -3.77498 5.2847
      vertex -45.6 -3.77498 5.2847
    endloop
  endfacet
  facet normal 0 -0.195087 0.980786
    outer loop
      vertex -48 -4.5528 3.93748
      vertex -45.6 -4.69392 3.90941
      vertex -45.6 -4.5528 3.93748
    endloop
  endfacet
  facet normal 0 -0.195087 0.980786
    outer loop
      vertex -45.6 -4.69392 3.90941
      vertex -48 -4.5528 3.93748
      vertex -48 -4.69392 3.90941
    endloop
  endfacet
  facet normal 0 -0.555566 0.831472
    outer loop
      vertex -48 -4.16786 4.12731
      vertex -45.6 -4.2875 4.04737
      vertex -45.6 -4.16786 4.12731
    endloop
  endfacet
  facet normal 0 -0.555566 0.831472
    outer loop
      vertex -45.6 -4.2875 4.04737
      vertex -48 -4.16786 4.12731
      vertex -48 -4.2875 4.04737
    endloop
  endfacet
  facet normal 0 -0.980786 0.195087
    outer loop
      vertex -48 -3.77498 4.7153
      vertex -45.6 -3.74691 4.85642
      vertex -48 -3.74691 4.85642
    endloop
  endfacet
  facet normal 0 -0.980786 0.195087
    outer loop
      vertex -45.6 -3.74691 4.85642
      vertex -48 -3.77498 4.7153
      vertex -45.6 -3.77498 4.7153
    endloop
  endfacet
  facet normal 0 0.195087 -0.980786
    outer loop
      vertex -48 -5.1222 6.06252
      vertex -45.6 -4.98108 6.09059
      vertex -45.6 -5.1222 6.06252
    endloop
  endfacet
  facet normal 0 0.195087 -0.980786
    outer loop
      vertex -45.6 -4.98108 6.09059
      vertex -48 -5.1222 6.06252
      vertex -48 -4.98108 6.09059
    endloop
  endfacet
  facet normal 0 0.896874 -0.442286
    outer loop
      vertex -45.6 -5.85377 5.42095
      vertex -48 -5.79013 5.55
      vertex -45.6 -5.79013 5.55
    endloop
  endfacet
  facet normal 0 0.896874 -0.442286
    outer loop
      vertex -48 -5.79013 5.55
      vertex -45.6 -5.85377 5.42095
      vertex -48 -5.85377 5.42095
    endloop
  endfacet
  facet normal 0 0.831472 -0.555566
    outer loop
      vertex -45.6 -5.79013 5.55
      vertex -48 -5.71019 5.66964
      vertex -45.6 -5.71019 5.66964
    endloop
  endfacet
  facet normal 0 0.831472 -0.555566
    outer loop
      vertex -48 -5.71019 5.66964
      vertex -45.6 -5.79013 5.55
      vertex -48 -5.79013 5.55
    endloop
  endfacet
  facet normal 0 0.751844 -0.659341
    outer loop
      vertex -45.6 -5.71019 5.66964
      vertex -48 -5.61532 5.77782
      vertex -45.6 -5.61532 5.77782
    endloop
  endfacet
  facet normal 0 0.751844 -0.659341
    outer loop
      vertex -48 -5.61532 5.77782
      vertex -45.6 -5.71019 5.66964
      vertex -48 -5.71019 5.66964
    endloop
  endfacet
  facet normal 0 0.555566 -0.831472
    outer loop
      vertex -48 -5.50714 5.87269
      vertex -45.6 -5.3875 5.95263
      vertex -45.6 -5.50714 5.87269
    endloop
  endfacet
  facet normal 0 0.555566 -0.831472
    outer loop
      vertex -45.6 -5.3875 5.95263
      vertex -48 -5.50714 5.87269
      vertex -48 -5.3875 5.95263
    endloop
  endfacet
  facet normal 0 0.442286 -0.896874
    outer loop
      vertex -48 -5.3875 5.95263
      vertex -45.6 -5.25845 6.01627
      vertex -45.6 -5.3875 5.95263
    endloop
  endfacet
  facet normal 0 0.442286 -0.896874
    outer loop
      vertex -45.6 -5.25845 6.01627
      vertex -48 -5.3875 5.95263
      vertex -48 -5.25845 6.01627
    endloop
  endfacet
  facet normal 0 0.751844 0.659341
    outer loop
      vertex -45.6 -5.61532 4.22218
      vertex -48 -5.71019 4.33036
      vertex -45.6 -5.71019 4.33036
    endloop
  endfacet
  facet normal 0 0.751844 0.659341
    outer loop
      vertex -48 -5.71019 4.33036
      vertex -45.6 -5.61532 4.22218
      vertex -48 -5.61532 4.22218
    endloop
  endfacet
  facet normal -0 0.0653981 0.997859
    outer loop
      vertex -48 -4.8375 3.9
      vertex -45.6 -4.98108 3.90941
      vertex -45.6 -4.8375 3.9
    endloop
  endfacet
  facet normal 0 0.0653981 0.997859
    outer loop
      vertex -45.6 -4.98108 3.90941
      vertex -48 -4.8375 3.9
      vertex -48 -4.98108 3.90941
    endloop
  endfacet
  facet normal 0 -0.0653289 -0.997864
    outer loop
      vertex -48 -4.8375 11.1
      vertex -45.6 -4.69392 11.0906
      vertex -45.6 -4.8375 11.1
    endloop
  endfacet
  facet normal -0 -0.0653289 -0.997864
    outer loop
      vertex -45.6 -4.69392 11.0906
      vertex -48 -4.8375 11.1
      vertex -48 -4.69392 11.0906
    endloop
  endfacet
  facet normal 0 -0.946931 0.321435
    outer loop
      vertex -48 -3.82123 9.57905
      vertex -45.6 -3.77498 9.7153
      vertex -48 -3.77498 9.7153
    endloop
  endfacet
  facet normal 0 -0.946931 0.321435
    outer loop
      vertex -45.6 -3.77498 9.7153
      vertex -48 -3.82123 9.57905
      vertex -45.6 -3.82123 9.57905
    endloop
  endfacet
  facet normal 0 -0.442286 0.896874
    outer loop
      vertex -48 -4.2875 9.04737
      vertex -45.6 -4.41655 8.98373
      vertex -45.6 -4.2875 9.04737
    endloop
  endfacet
  facet normal 0 -0.442286 0.896874
    outer loop
      vertex -45.6 -4.41655 8.98373
      vertex -48 -4.2875 9.04737
      vertex -48 -4.41655 8.98373
    endloop
  endfacet
  facet normal 0 -0.321124 -0.947037
    outer loop
      vertex -48 -4.5528 11.0625
      vertex -45.6 -4.41655 11.0163
      vertex -45.6 -4.5528 11.0625
    endloop
  endfacet
  facet normal -0 -0.321124 -0.947037
    outer loop
      vertex -45.6 -4.41655 11.0163
      vertex -48 -4.5528 11.0625
      vertex -48 -4.41655 11.0163
    endloop
  endfacet
  facet normal 0 0.997859 0.0653981
    outer loop
      vertex -45.6 -5.92809 9.85642
      vertex -48 -5.9375 10
      vertex -45.6 -5.9375 10
    endloop
  endfacet
  facet normal 0 0.997859 0.0653981
    outer loop
      vertex -48 -5.9375 10
      vertex -45.6 -5.92809 9.85642
      vertex -48 -5.92809 9.85642
    endloop
  endfacet
  facet normal 0 0.946931 0.321435
    outer loop
      vertex -45.6 -5.85377 9.57905
      vertex -48 -5.90002 9.7153
      vertex -45.6 -5.90002 9.7153
    endloop
  endfacet
  facet normal 0 0.946931 0.321435
    outer loop
      vertex -48 -5.90002 9.7153
      vertex -45.6 -5.85377 9.57905
      vertex -48 -5.85377 9.57905
    endloop
  endfacet
  facet normal 0 0.896874 0.442286
    outer loop
      vertex -45.6 -5.79013 9.45
      vertex -48 -5.85377 9.57905
      vertex -45.6 -5.85377 9.57905
    endloop
  endfacet
  facet normal 0 0.896874 0.442286
    outer loop
      vertex -48 -5.85377 9.57905
      vertex -45.6 -5.79013 9.45
      vertex -48 -5.79013 9.45
    endloop
  endfacet
  facet normal -0 0.321435 0.946931
    outer loop
      vertex -48 -5.1222 8.93748
      vertex -45.6 -5.25845 8.98373
      vertex -45.6 -5.1222 8.93748
    endloop
  endfacet
  facet normal 0 0.321435 0.946931
    outer loop
      vertex -45.6 -5.25845 8.98373
      vertex -48 -5.1222 8.93748
      vertex -48 -5.25845 8.98373
    endloop
  endfacet
  facet normal -0 0.659341 0.751844
    outer loop
      vertex -48 -5.50714 9.12731
      vertex -45.6 -5.61532 9.22218
      vertex -45.6 -5.50714 9.12731
    endloop
  endfacet
  facet normal 0 0.659341 0.751844
    outer loop
      vertex -45.6 -5.61532 9.22218
      vertex -48 -5.50714 9.12731
      vertex -48 -5.61532 9.22218
    endloop
  endfacet
  facet normal -0 0.442286 0.896874
    outer loop
      vertex -48 -5.25845 8.98373
      vertex -45.6 -5.3875 9.04737
      vertex -45.6 -5.25845 8.98373
    endloop
  endfacet
  facet normal 0 0.442286 0.896874
    outer loop
      vertex -45.6 -5.3875 9.04737
      vertex -48 -5.25845 8.98373
      vertex -48 -5.3875 9.04737
    endloop
  endfacet
  facet normal 0 -0.195287 -0.980746
    outer loop
      vertex -48 -4.69392 11.0906
      vertex -45.6 -4.5528 11.0625
      vertex -45.6 -4.69392 11.0906
    endloop
  endfacet
  facet normal -0 -0.195287 -0.980746
    outer loop
      vertex -45.6 -4.5528 11.0625
      vertex -48 -4.69392 11.0906
      vertex -48 -4.5528 11.0625
    endloop
  endfacet
  facet normal 0 -0.659458 -0.751741
    outer loop
      vertex -48 -4.16786 10.8727
      vertex -45.6 -4.05968 10.7778
      vertex -45.6 -4.16786 10.8727
    endloop
  endfacet
  facet normal -0 -0.659458 -0.751741
    outer loop
      vertex -45.6 -4.05968 10.7778
      vertex -48 -4.16786 10.8727
      vertex -48 -4.05968 10.7778
    endloop
  endfacet
  facet normal 0 -0.896806 -0.442424
    outer loop
      vertex -48 -3.82123 10.421
      vertex -45.6 -3.88487 10.55
      vertex -48 -3.88487 10.55
    endloop
  endfacet
  facet normal 0 -0.896806 -0.442424
    outer loop
      vertex -45.6 -3.88487 10.55
      vertex -48 -3.82123 10.421
      vertex -45.6 -3.82123 10.421
    endloop
  endfacet
  facet normal 0 -0.831387 -0.555694
    outer loop
      vertex -48 -3.88487 10.55
      vertex -45.6 -3.96481 10.6696
      vertex -48 -3.96481 10.6696
    endloop
  endfacet
  facet normal 0 -0.831387 -0.555694
    outer loop
      vertex -45.6 -3.96481 10.6696
      vertex -48 -3.88487 10.55
      vertex -45.6 -3.88487 10.55
    endloop
  endfacet
  facet normal 0 -0.99786 -0.065389
    outer loop
      vertex -48 -3.7375 10
      vertex -45.6 -3.74691 10.1436
      vertex -48 -3.74691 10.1436
    endloop
  endfacet
  facet normal 0 -0.99786 -0.065389
    outer loop
      vertex -45.6 -3.74691 10.1436
      vertex -48 -3.7375 10
      vertex -45.6 -3.7375 10
    endloop
  endfacet
  facet normal 0 -0.946967 -0.32133
    outer loop
      vertex -48 -3.77498 10.2847
      vertex -45.6 -3.82123 10.421
      vertex -48 -3.82123 10.421
    endloop
  endfacet
  facet normal 0 -0.946967 -0.32133
    outer loop
      vertex -45.6 -3.82123 10.421
      vertex -48 -3.77498 10.2847
      vertex -45.6 -3.77498 10.2847
    endloop
  endfacet
  facet normal 0 -0.980781 -0.195113
    outer loop
      vertex -48 -3.74691 10.1436
      vertex -45.6 -3.77498 10.2847
      vertex -48 -3.77498 10.2847
    endloop
  endfacet
  facet normal 0 -0.980781 -0.195113
    outer loop
      vertex -45.6 -3.77498 10.2847
      vertex -48 -3.74691 10.1436
      vertex -45.6 -3.74691 10.1436
    endloop
  endfacet
  facet normal 0 -0.0653981 0.997859
    outer loop
      vertex -48 -4.69392 8.90941
      vertex -45.6 -4.8375 8.9
      vertex -45.6 -4.69392 8.90941
    endloop
  endfacet
  facet normal 0 -0.0653981 0.997859
    outer loop
      vertex -45.6 -4.8375 8.9
      vertex -48 -4.69392 8.90941
      vertex -48 -4.8375 8.9
    endloop
  endfacet
  facet normal 0 -0.321435 0.946931
    outer loop
      vertex -48 -4.41655 8.98373
      vertex -45.6 -4.5528 8.93748
      vertex -45.6 -4.41655 8.98373
    endloop
  endfacet
  facet normal 0 -0.321435 0.946931
    outer loop
      vertex -45.6 -4.5528 8.93748
      vertex -48 -4.41655 8.98373
      vertex -48 -4.5528 8.93748
    endloop
  endfacet
  facet normal 0 -0.659341 0.751844
    outer loop
      vertex -48 -4.05968 9.22218
      vertex -45.6 -4.16786 9.12731
      vertex -45.6 -4.05968 9.22218
    endloop
  endfacet
  facet normal 0 -0.659341 0.751844
    outer loop
      vertex -45.6 -4.16786 9.12731
      vertex -48 -4.05968 9.22218
      vertex -48 -4.16786 9.12731
    endloop
  endfacet
  facet normal 0 -0.997859 0.0653981
    outer loop
      vertex -48 -3.74691 9.85642
      vertex -45.6 -3.7375 10
      vertex -48 -3.7375 10
    endloop
  endfacet
  facet normal 0 -0.997859 0.0653981
    outer loop
      vertex -45.6 -3.7375 10
      vertex -48 -3.74691 9.85642
      vertex -45.6 -3.74691 9.85642
    endloop
  endfacet
  facet normal 0 -0.896874 0.442286
    outer loop
      vertex -48 -3.88487 9.45
      vertex -45.6 -3.82123 9.57905
      vertex -48 -3.82123 9.57905
    endloop
  endfacet
  facet normal 0 -0.896874 0.442286
    outer loop
      vertex -45.6 -3.82123 9.57905
      vertex -48 -3.88487 9.45
      vertex -45.6 -3.88487 9.45
    endloop
  endfacet
  facet normal 0 -0.751844 0.659341
    outer loop
      vertex -48 -4.05968 9.22218
      vertex -45.6 -3.96481 9.33036
      vertex -48 -3.96481 9.33036
    endloop
  endfacet
  facet normal 0 -0.751844 0.659341
    outer loop
      vertex -45.6 -3.96481 9.33036
      vertex -48 -4.05968 9.22218
      vertex -45.6 -4.05968 9.22218
    endloop
  endfacet
  facet normal 0 -0.831472 0.555566
    outer loop
      vertex -48 -3.96481 9.33036
      vertex -45.6 -3.88487 9.45
      vertex -48 -3.88487 9.45
    endloop
  endfacet
  facet normal 0 -0.831472 0.555566
    outer loop
      vertex -45.6 -3.88487 9.45
      vertex -48 -3.96481 9.33036
      vertex -45.6 -3.96481 9.33036
    endloop
  endfacet
  facet normal 0 0.0653289 -0.997864
    outer loop
      vertex -48 -4.98108 11.0906
      vertex -45.6 -4.8375 11.1
      vertex -45.6 -4.98108 11.0906
    endloop
  endfacet
  facet normal 0 0.0653289 -0.997864
    outer loop
      vertex -45.6 -4.8375 11.1
      vertex -48 -4.98108 11.0906
      vertex -48 -4.8375 11.1
    endloop
  endfacet
  facet normal 0 0.195287 -0.980746
    outer loop
      vertex -48 -5.1222 11.0625
      vertex -45.6 -4.98108 11.0906
      vertex -45.6 -5.1222 11.0625
    endloop
  endfacet
  facet normal 0 0.195287 -0.980746
    outer loop
      vertex -45.6 -4.98108 11.0906
      vertex -48 -5.1222 11.0625
      vertex -48 -4.98108 11.0906
    endloop
  endfacet
  facet normal 0 0.99786 -0.065389
    outer loop
      vertex -45.6 -5.9375 10
      vertex -48 -5.92809 10.1436
      vertex -45.6 -5.92809 10.1436
    endloop
  endfacet
  facet normal 0 0.99786 -0.065389
    outer loop
      vertex -48 -5.92809 10.1436
      vertex -45.6 -5.9375 10
      vertex -48 -5.9375 10
    endloop
  endfacet
  facet normal 0 0.980781 -0.195113
    outer loop
      vertex -45.6 -5.92809 10.1436
      vertex -48 -5.90002 10.2847
      vertex -45.6 -5.90002 10.2847
    endloop
  endfacet
  facet normal 0 0.980781 -0.195113
    outer loop
      vertex -48 -5.90002 10.2847
      vertex -45.6 -5.92809 10.1436
      vertex -48 -5.92809 10.1436
    endloop
  endfacet
  facet normal 0 0.946967 -0.32133
    outer loop
      vertex -45.6 -5.90002 10.2847
      vertex -48 -5.85377 10.421
      vertex -45.6 -5.85377 10.421
    endloop
  endfacet
  facet normal 0 0.946967 -0.32133
    outer loop
      vertex -48 -5.85377 10.421
      vertex -45.6 -5.90002 10.2847
      vertex -48 -5.90002 10.2847
    endloop
  endfacet
  facet normal 0 0.659458 -0.751741
    outer loop
      vertex -48 -5.61532 10.7778
      vertex -45.6 -5.50714 10.8727
      vertex -45.6 -5.61532 10.7778
    endloop
  endfacet
  facet normal 0 0.659458 -0.751741
    outer loop
      vertex -45.6 -5.50714 10.8727
      vertex -48 -5.61532 10.7778
      vertex -48 -5.50714 10.8727
    endloop
  endfacet
  facet normal 0 0.321124 -0.947037
    outer loop
      vertex -48 -5.25845 11.0163
      vertex -45.6 -5.1222 11.0625
      vertex -45.6 -5.25845 11.0163
    endloop
  endfacet
  facet normal 0 0.321124 -0.947037
    outer loop
      vertex -45.6 -5.1222 11.0625
      vertex -48 -5.25845 11.0163
      vertex -48 -5.1222 11.0625
    endloop
  endfacet
  facet normal 0 0.980786 0.195087
    outer loop
      vertex -45.6 -5.90002 9.7153
      vertex -48 -5.92809 9.85642
      vertex -45.6 -5.92809 9.85642
    endloop
  endfacet
  facet normal 0 0.980786 0.195087
    outer loop
      vertex -48 -5.92809 9.85642
      vertex -45.6 -5.90002 9.7153
      vertex -48 -5.90002 9.7153
    endloop
  endfacet
  facet normal -0 0.555566 0.831472
    outer loop
      vertex -48 -5.3875 9.04737
      vertex -45.6 -5.50714 9.12731
      vertex -45.6 -5.3875 9.04737
    endloop
  endfacet
  facet normal 0 0.555566 0.831472
    outer loop
      vertex -45.6 -5.50714 9.12731
      vertex -48 -5.3875 9.04737
      vertex -48 -5.50714 9.12731
    endloop
  endfacet
  facet normal 0 -0.442622 -0.896708
    outer loop
      vertex -48 -4.41655 11.0163
      vertex -45.6 -4.2875 10.9526
      vertex -45.6 -4.41655 11.0163
    endloop
  endfacet
  facet normal -0 -0.442622 -0.896708
    outer loop
      vertex -45.6 -4.2875 10.9526
      vertex -48 -4.41655 11.0163
      vertex -48 -4.2875 10.9526
    endloop
  endfacet
  facet normal 0 -0.555374 -0.831601
    outer loop
      vertex -48 -4.2875 10.9526
      vertex -45.6 -4.16786 10.8727
      vertex -45.6 -4.2875 10.9526
    endloop
  endfacet
  facet normal -0 -0.555374 -0.831601
    outer loop
      vertex -45.6 -4.16786 10.8727
      vertex -48 -4.2875 10.9526
      vertex -48 -4.16786 10.8727
    endloop
  endfacet
  facet normal 0 -0.751905 -0.659272
    outer loop
      vertex -48 -3.96481 10.6696
      vertex -45.6 -4.05968 10.7778
      vertex -48 -4.05968 10.7778
    endloop
  endfacet
  facet normal 0 -0.751905 -0.659272
    outer loop
      vertex -45.6 -4.05968 10.7778
      vertex -48 -3.96481 10.6696
      vertex -45.6 -3.96481 10.6696
    endloop
  endfacet
  facet normal 0 -0.195087 0.980786
    outer loop
      vertex -48 -4.5528 8.93748
      vertex -45.6 -4.69392 8.90941
      vertex -45.6 -4.5528 8.93748
    endloop
  endfacet
  facet normal 0 -0.195087 0.980786
    outer loop
      vertex -45.6 -4.69392 8.90941
      vertex -48 -4.5528 8.93748
      vertex -48 -4.69392 8.90941
    endloop
  endfacet
  facet normal 0 -0.555566 0.831472
    outer loop
      vertex -48 -4.16786 9.12731
      vertex -45.6 -4.2875 9.04737
      vertex -45.6 -4.16786 9.12731
    endloop
  endfacet
  facet normal 0 -0.555566 0.831472
    outer loop
      vertex -45.6 -4.2875 9.04737
      vertex -48 -4.16786 9.12731
      vertex -48 -4.2875 9.04737
    endloop
  endfacet
  facet normal 0 -0.980786 0.195087
    outer loop
      vertex -48 -3.77498 9.7153
      vertex -45.6 -3.74691 9.85642
      vertex -48 -3.74691 9.85642
    endloop
  endfacet
  facet normal 0 -0.980786 0.195087
    outer loop
      vertex -45.6 -3.74691 9.85642
      vertex -48 -3.77498 9.7153
      vertex -45.6 -3.77498 9.7153
    endloop
  endfacet
  facet normal 0 0.896806 -0.442424
    outer loop
      vertex -45.6 -5.85377 10.421
      vertex -48 -5.79013 10.55
      vertex -45.6 -5.79013 10.55
    endloop
  endfacet
  facet normal 0 0.896806 -0.442424
    outer loop
      vertex -48 -5.79013 10.55
      vertex -45.6 -5.85377 10.421
      vertex -48 -5.85377 10.421
    endloop
  endfacet
  facet normal 0 0.831387 -0.555694
    outer loop
      vertex -45.6 -5.79013 10.55
      vertex -48 -5.71019 10.6696
      vertex -45.6 -5.71019 10.6696
    endloop
  endfacet
  facet normal 0 0.831387 -0.555694
    outer loop
      vertex -48 -5.71019 10.6696
      vertex -45.6 -5.79013 10.55
      vertex -48 -5.79013 10.55
    endloop
  endfacet
  facet normal 0 0.751905 -0.659272
    outer loop
      vertex -45.6 -5.71019 10.6696
      vertex -48 -5.61532 10.7778
      vertex -45.6 -5.61532 10.7778
    endloop
  endfacet
  facet normal 0 0.751905 -0.659272
    outer loop
      vertex -48 -5.61532 10.7778
      vertex -45.6 -5.71019 10.6696
      vertex -48 -5.71019 10.6696
    endloop
  endfacet
  facet normal 0 0.555374 -0.831601
    outer loop
      vertex -48 -5.50714 10.8727
      vertex -45.6 -5.3875 10.9526
      vertex -45.6 -5.50714 10.8727
    endloop
  endfacet
  facet normal 0 0.555374 -0.831601
    outer loop
      vertex -45.6 -5.3875 10.9526
      vertex -48 -5.50714 10.8727
      vertex -48 -5.3875 10.9526
    endloop
  endfacet
  facet normal 0 0.442622 -0.896708
    outer loop
      vertex -48 -5.3875 10.9526
      vertex -45.6 -5.25845 11.0163
      vertex -45.6 -5.3875 10.9526
    endloop
  endfacet
  facet normal 0 0.442622 -0.896708
    outer loop
      vertex -45.6 -5.25845 11.0163
      vertex -48 -5.3875 10.9526
      vertex -48 -5.25845 11.0163
    endloop
  endfacet
  facet normal 0 0.751844 0.659341
    outer loop
      vertex -45.6 -5.61532 9.22218
      vertex -48 -5.71019 9.33036
      vertex -45.6 -5.71019 9.33036
    endloop
  endfacet
  facet normal 0 0.751844 0.659341
    outer loop
      vertex -48 -5.71019 9.33036
      vertex -45.6 -5.61532 9.22218
      vertex -48 -5.61532 9.22218
    endloop
  endfacet
  facet normal 0 0.831472 0.555566
    outer loop
      vertex -45.6 -5.71019 9.33036
      vertex -48 -5.79013 9.45
      vertex -45.6 -5.79013 9.45
    endloop
  endfacet
  facet normal 0 0.831472 0.555566
    outer loop
      vertex -48 -5.79013 9.45
      vertex -45.6 -5.71019 9.33036
      vertex -48 -5.71019 9.33036
    endloop
  endfacet
  facet normal -0 0.0653981 0.997859
    outer loop
      vertex -48 -4.8375 8.9
      vertex -45.6 -4.98108 8.90941
      vertex -45.6 -4.8375 8.9
    endloop
  endfacet
  facet normal 0 0.0653981 0.997859
    outer loop
      vertex -45.6 -4.98108 8.90941
      vertex -48 -4.8375 8.9
      vertex -48 -4.98108 8.90941
    endloop
  endfacet
  facet normal -0 0.195087 0.980786
    outer loop
      vertex -48 -4.98108 8.90941
      vertex -45.6 -5.1222 8.93748
      vertex -45.6 -4.98108 8.90941
    endloop
  endfacet
  facet normal 0 0.195087 0.980786
    outer loop
      vertex -45.6 -5.1222 8.93748
      vertex -48 -4.98108 8.90941
      vertex -48 -5.1222 8.93748
    endloop
  endfacet
  facet normal 0 -0.0653289 -0.997864
    outer loop
      vertex -48 -4.8375 16.1
      vertex -45.6 -4.69392 16.0906
      vertex -45.6 -4.8375 16.1
    endloop
  endfacet
  facet normal -0 -0.0653289 -0.997864
    outer loop
      vertex -45.6 -4.69392 16.0906
      vertex -48 -4.8375 16.1
      vertex -48 -4.69392 16.0906
    endloop
  endfacet
  facet normal 0 -0.751905 -0.659272
    outer loop
      vertex -48 -3.96481 15.6696
      vertex -45.6 -4.05968 15.7778
      vertex -48 -4.05968 15.7778
    endloop
  endfacet
  facet normal 0 -0.751905 -0.659272
    outer loop
      vertex -45.6 -4.05968 15.7778
      vertex -48 -3.96481 15.6696
      vertex -45.6 -3.96481 15.6696
    endloop
  endfacet
  facet normal 0 -0.946967 0.32133
    outer loop
      vertex -48 -3.82123 14.579
      vertex -45.6 -3.77498 14.7153
      vertex -48 -3.77498 14.7153
    endloop
  endfacet
  facet normal 0 -0.946967 0.32133
    outer loop
      vertex -45.6 -3.77498 14.7153
      vertex -48 -3.82123 14.579
      vertex -45.6 -3.82123 14.579
    endloop
  endfacet
  facet normal 0 -0.442622 0.896708
    outer loop
      vertex -48 -4.2875 14.0474
      vertex -45.6 -4.41655 13.9837
      vertex -45.6 -4.2875 14.0474
    endloop
  endfacet
  facet normal 0 -0.442622 0.896708
    outer loop
      vertex -45.6 -4.41655 13.9837
      vertex -48 -4.2875 14.0474
      vertex -48 -4.41655 13.9837
    endloop
  endfacet
  facet normal -0 0.321124 0.947037
    outer loop
      vertex -48 -5.1222 13.9375
      vertex -45.6 -5.25845 13.9837
      vertex -45.6 -5.1222 13.9375
    endloop
  endfacet
  facet normal 0 0.321124 0.947037
    outer loop
      vertex -45.6 -5.25845 13.9837
      vertex -48 -5.1222 13.9375
      vertex -48 -5.25845 13.9837
    endloop
  endfacet
  facet normal 0 0.896806 0.442424
    outer loop
      vertex -45.6 -5.79013 14.45
      vertex -48 -5.85377 14.579
      vertex -45.6 -5.85377 14.579
    endloop
  endfacet
  facet normal 0 0.896806 0.442424
    outer loop
      vertex -48 -5.85377 14.579
      vertex -45.6 -5.79013 14.45
      vertex -48 -5.79013 14.45
    endloop
  endfacet
  facet normal 0 -0.321124 -0.947037
    outer loop
      vertex -48 -4.5528 16.0625
      vertex -45.6 -4.41655 16.0163
      vertex -45.6 -4.5528 16.0625
    endloop
  endfacet
  facet normal -0 -0.321124 -0.947037
    outer loop
      vertex -45.6 -4.41655 16.0163
      vertex -48 -4.5528 16.0625
      vertex -48 -4.41655 16.0163
    endloop
  endfacet
  facet normal 0 -0.195287 -0.980746
    outer loop
      vertex -48 -4.69392 16.0906
      vertex -45.6 -4.5528 16.0625
      vertex -45.6 -4.69392 16.0906
    endloop
  endfacet
  facet normal -0 -0.195287 -0.980746
    outer loop
      vertex -45.6 -4.5528 16.0625
      vertex -48 -4.69392 16.0906
      vertex -48 -4.5528 16.0625
    endloop
  endfacet
  facet normal 0 -0.99786 -0.065389
    outer loop
      vertex -48 -3.7375 15
      vertex -45.6 -3.74691 15.1436
      vertex -48 -3.74691 15.1436
    endloop
  endfacet
  facet normal 0 -0.99786 -0.065389
    outer loop
      vertex -45.6 -3.74691 15.1436
      vertex -48 -3.7375 15
      vertex -45.6 -3.7375 15
    endloop
  endfacet
  facet normal 0 -0.659458 0.751741
    outer loop
      vertex -48 -4.05968 14.2222
      vertex -45.6 -4.16786 14.1273
      vertex -45.6 -4.05968 14.2222
    endloop
  endfacet
  facet normal 0 -0.659458 0.751741
    outer loop
      vertex -45.6 -4.16786 14.1273
      vertex -48 -4.05968 14.2222
      vertex -48 -4.16786 14.1273
    endloop
  endfacet
  facet normal 0 0.99786 0.065389
    outer loop
      vertex -45.6 -5.92809 14.8564
      vertex -48 -5.9375 15
      vertex -45.6 -5.9375 15
    endloop
  endfacet
  facet normal 0 0.99786 0.065389
    outer loop
      vertex -48 -5.9375 15
      vertex -45.6 -5.92809 14.8564
      vertex -48 -5.92809 14.8564
    endloop
  endfacet
  facet normal -0 0.195287 0.980746
    outer loop
      vertex -48 -4.98108 13.9094
      vertex -45.6 -5.1222 13.9375
      vertex -45.6 -4.98108 13.9094
    endloop
  endfacet
  facet normal 0 0.195287 0.980746
    outer loop
      vertex -45.6 -5.1222 13.9375
      vertex -48 -4.98108 13.9094
      vertex -48 -5.1222 13.9375
    endloop
  endfacet
  facet normal -0 0.659458 0.751741
    outer loop
      vertex -48 -5.50714 14.1273
      vertex -45.6 -5.61532 14.2222
      vertex -45.6 -5.50714 14.1273
    endloop
  endfacet
  facet normal 0 0.659458 0.751741
    outer loop
      vertex -45.6 -5.61532 14.2222
      vertex -48 -5.50714 14.1273
      vertex -48 -5.61532 14.2222
    endloop
  endfacet
  facet normal 0 -0.659458 -0.751741
    outer loop
      vertex -48 -4.16786 15.8727
      vertex -45.6 -4.05968 15.7778
      vertex -45.6 -4.16786 15.8727
    endloop
  endfacet
  facet normal -0 -0.659458 -0.751741
    outer loop
      vertex -45.6 -4.05968 15.7778
      vertex -48 -4.16786 15.8727
      vertex -48 -4.05968 15.7778
    endloop
  endfacet
  facet normal 0 -0.442622 -0.896708
    outer loop
      vertex -48 -4.41655 16.0163
      vertex -45.6 -4.2875 15.9526
      vertex -45.6 -4.41655 16.0163
    endloop
  endfacet
  facet normal -0 -0.442622 -0.896708
    outer loop
      vertex -45.6 -4.2875 15.9526
      vertex -48 -4.41655 16.0163
      vertex -48 -4.2875 15.9526
    endloop
  endfacet
  facet normal 0 -0.896806 -0.442424
    outer loop
      vertex -48 -3.82123 15.421
      vertex -45.6 -3.88487 15.55
      vertex -48 -3.88487 15.55
    endloop
  endfacet
  facet normal 0 -0.896806 -0.442424
    outer loop
      vertex -45.6 -3.88487 15.55
      vertex -48 -3.82123 15.421
      vertex -45.6 -3.82123 15.421
    endloop
  endfacet
  facet normal 0 -0.946967 -0.32133
    outer loop
      vertex -48 -3.77498 15.2847
      vertex -45.6 -3.82123 15.421
      vertex -48 -3.82123 15.421
    endloop
  endfacet
  facet normal 0 -0.946967 -0.32133
    outer loop
      vertex -45.6 -3.82123 15.421
      vertex -48 -3.77498 15.2847
      vertex -45.6 -3.77498 15.2847
    endloop
  endfacet
  facet normal 0 -0.0653289 0.997864
    outer loop
      vertex -48 -4.69392 13.9094
      vertex -45.6 -4.8375 13.9
      vertex -45.6 -4.69392 13.9094
    endloop
  endfacet
  facet normal 0 -0.0653289 0.997864
    outer loop
      vertex -45.6 -4.8375 13.9
      vertex -48 -4.69392 13.9094
      vertex -48 -4.8375 13.9
    endloop
  endfacet
  facet normal 0 -0.321124 0.947037
    outer loop
      vertex -48 -4.41655 13.9837
      vertex -45.6 -4.5528 13.9375
      vertex -45.6 -4.41655 13.9837
    endloop
  endfacet
  facet normal 0 -0.321124 0.947037
    outer loop
      vertex -45.6 -4.5528 13.9375
      vertex -48 -4.41655 13.9837
      vertex -48 -4.5528 13.9375
    endloop
  endfacet
  facet normal 0 -0.99786 0.065389
    outer loop
      vertex -48 -3.74691 14.8564
      vertex -45.6 -3.7375 15
      vertex -48 -3.7375 15
    endloop
  endfacet
  facet normal 0 -0.99786 0.065389
    outer loop
      vertex -45.6 -3.7375 15
      vertex -48 -3.74691 14.8564
      vertex -45.6 -3.74691 14.8564
    endloop
  endfacet
  facet normal 0 -0.896806 0.442424
    outer loop
      vertex -48 -3.88487 14.45
      vertex -45.6 -3.82123 14.579
      vertex -48 -3.82123 14.579
    endloop
  endfacet
  facet normal 0 -0.896806 0.442424
    outer loop
      vertex -45.6 -3.82123 14.579
      vertex -48 -3.88487 14.45
      vertex -45.6 -3.88487 14.45
    endloop
  endfacet
  facet normal 0 -0.751905 0.659272
    outer loop
      vertex -48 -4.05968 14.2222
      vertex -45.6 -3.96481 14.3304
      vertex -48 -3.96481 14.3304
    endloop
  endfacet
  facet normal 0 -0.751905 0.659272
    outer loop
      vertex -45.6 -3.96481 14.3304
      vertex -48 -4.05968 14.2222
      vertex -45.6 -4.05968 14.2222
    endloop
  endfacet
  facet normal 0 0.195287 -0.980746
    outer loop
      vertex -48 -5.1222 16.0625
      vertex -45.6 -4.98108 16.0906
      vertex -45.6 -5.1222 16.0625
    endloop
  endfacet
  facet normal 0 0.195287 -0.980746
    outer loop
      vertex -45.6 -4.98108 16.0906
      vertex -48 -5.1222 16.0625
      vertex -48 -4.98108 16.0906
    endloop
  endfacet
  facet normal 0 0.99786 -0.065389
    outer loop
      vertex -45.6 -5.9375 15
      vertex -48 -5.92809 15.1436
      vertex -45.6 -5.92809 15.1436
    endloop
  endfacet
  facet normal 0 0.99786 -0.065389
    outer loop
      vertex -48 -5.92809 15.1436
      vertex -45.6 -5.9375 15
      vertex -48 -5.9375 15
    endloop
  endfacet
  facet normal 0 0.659458 -0.751741
    outer loop
      vertex -48 -5.61532 15.7778
      vertex -45.6 -5.50714 15.8727
      vertex -45.6 -5.61532 15.7778
    endloop
  endfacet
  facet normal 0 0.659458 -0.751741
    outer loop
      vertex -45.6 -5.50714 15.8727
      vertex -48 -5.61532 15.7778
      vertex -48 -5.50714 15.8727
    endloop
  endfacet
  facet normal 0 0.831387 -0.555694
    outer loop
      vertex -45.6 -5.79013 15.55
      vertex -48 -5.71019 15.6696
      vertex -45.6 -5.71019 15.6696
    endloop
  endfacet
  facet normal 0 0.831387 -0.555694
    outer loop
      vertex -48 -5.71019 15.6696
      vertex -45.6 -5.79013 15.55
      vertex -48 -5.79013 15.55
    endloop
  endfacet
  facet normal 0 0.321124 -0.947037
    outer loop
      vertex -48 -5.25845 16.0163
      vertex -45.6 -5.1222 16.0625
      vertex -45.6 -5.25845 16.0163
    endloop
  endfacet
  facet normal 0 0.321124 -0.947037
    outer loop
      vertex -45.6 -5.1222 16.0625
      vertex -48 -5.25845 16.0163
      vertex -48 -5.1222 16.0625
    endloop
  endfacet
  facet normal 0 0.555374 -0.831601
    outer loop
      vertex -48 -5.50714 15.8727
      vertex -45.6 -5.3875 15.9526
      vertex -45.6 -5.50714 15.8727
    endloop
  endfacet
  facet normal 0 0.555374 -0.831601
    outer loop
      vertex -45.6 -5.3875 15.9526
      vertex -48 -5.50714 15.8727
      vertex -48 -5.3875 15.9526
    endloop
  endfacet
  facet normal 0 0.946967 0.32133
    outer loop
      vertex -45.6 -5.85377 14.579
      vertex -48 -5.90002 14.7153
      vertex -45.6 -5.90002 14.7153
    endloop
  endfacet
  facet normal 0 0.946967 0.32133
    outer loop
      vertex -48 -5.90002 14.7153
      vertex -45.6 -5.85377 14.579
      vertex -48 -5.85377 14.579
    endloop
  endfacet
  facet normal 0 0.980781 0.195113
    outer loop
      vertex -45.6 -5.90002 14.7153
      vertex -48 -5.92809 14.8564
      vertex -45.6 -5.92809 14.8564
    endloop
  endfacet
  facet normal 0 0.980781 0.195113
    outer loop
      vertex -48 -5.92809 14.8564
      vertex -45.6 -5.90002 14.7153
      vertex -48 -5.90002 14.7153
    endloop
  endfacet
  facet normal 0 0.831387 0.555694
    outer loop
      vertex -45.6 -5.71019 14.3304
      vertex -48 -5.79013 14.45
      vertex -45.6 -5.79013 14.45
    endloop
  endfacet
  facet normal 0 0.831387 0.555694
    outer loop
      vertex -48 -5.79013 14.45
      vertex -45.6 -5.71019 14.3304
      vertex -48 -5.71019 14.3304
    endloop
  endfacet
  facet normal 0 0.751905 0.659272
    outer loop
      vertex -45.6 -5.61532 14.2222
      vertex -48 -5.71019 14.3304
      vertex -45.6 -5.71019 14.3304
    endloop
  endfacet
  facet normal 0 0.751905 0.659272
    outer loop
      vertex -48 -5.71019 14.3304
      vertex -45.6 -5.61532 14.2222
      vertex -48 -5.61532 14.2222
    endloop
  endfacet
  facet normal -0 0.0653289 0.997864
    outer loop
      vertex -48 -4.8375 13.9
      vertex -45.6 -4.98108 13.9094
      vertex -45.6 -4.8375 13.9
    endloop
  endfacet
  facet normal 0 0.0653289 0.997864
    outer loop
      vertex -45.6 -4.98108 13.9094
      vertex -48 -4.8375 13.9
      vertex -48 -4.98108 13.9094
    endloop
  endfacet
  facet normal -0 0.555374 0.831601
    outer loop
      vertex -48 -5.3875 14.0474
      vertex -45.6 -5.50714 14.1273
      vertex -45.6 -5.3875 14.0474
    endloop
  endfacet
  facet normal 0 0.555374 0.831601
    outer loop
      vertex -45.6 -5.50714 14.1273
      vertex -48 -5.3875 14.0474
      vertex -48 -5.50714 14.1273
    endloop
  endfacet
  facet normal -0 0.442622 0.896708
    outer loop
      vertex -48 -5.25845 13.9837
      vertex -45.6 -5.3875 14.0474
      vertex -45.6 -5.25845 13.9837
    endloop
  endfacet
  facet normal 0 0.442622 0.896708
    outer loop
      vertex -45.6 -5.3875 14.0474
      vertex -48 -5.25845 13.9837
      vertex -48 -5.3875 14.0474
    endloop
  endfacet
  facet normal 0 -0.555374 -0.831601
    outer loop
      vertex -48 -4.2875 15.9526
      vertex -45.6 -4.16786 15.8727
      vertex -45.6 -4.2875 15.9526
    endloop
  endfacet
  facet normal -0 -0.555374 -0.831601
    outer loop
      vertex -45.6 -4.16786 15.8727
      vertex -48 -4.2875 15.9526
      vertex -48 -4.16786 15.8727
    endloop
  endfacet
  facet normal 0 -0.831387 -0.555694
    outer loop
      vertex -48 -3.88487 15.55
      vertex -45.6 -3.96481 15.6696
      vertex -48 -3.96481 15.6696
    endloop
  endfacet
  facet normal 0 -0.831387 -0.555694
    outer loop
      vertex -45.6 -3.96481 15.6696
      vertex -48 -3.88487 15.55
      vertex -45.6 -3.88487 15.55
    endloop
  endfacet
  facet normal 0 -0.980781 -0.195113
    outer loop
      vertex -48 -3.74691 15.1436
      vertex -45.6 -3.77498 15.2847
      vertex -48 -3.77498 15.2847
    endloop
  endfacet
  facet normal 0 -0.980781 -0.195113
    outer loop
      vertex -45.6 -3.77498 15.2847
      vertex -48 -3.74691 15.1436
      vertex -45.6 -3.74691 15.1436
    endloop
  endfacet
  facet normal 0 -0.195287 0.980746
    outer loop
      vertex -48 -4.5528 13.9375
      vertex -45.6 -4.69392 13.9094
      vertex -45.6 -4.5528 13.9375
    endloop
  endfacet
  facet normal 0 -0.195287 0.980746
    outer loop
      vertex -45.6 -4.69392 13.9094
      vertex -48 -4.5528 13.9375
      vertex -48 -4.69392 13.9094
    endloop
  endfacet
  facet normal 0 -0.555374 0.831601
    outer loop
      vertex -48 -4.16786 14.1273
      vertex -45.6 -4.2875 14.0474
      vertex -45.6 -4.16786 14.1273
    endloop
  endfacet
  facet normal 0 -0.555374 0.831601
    outer loop
      vertex -45.6 -4.2875 14.0474
      vertex -48 -4.16786 14.1273
      vertex -48 -4.2875 14.0474
    endloop
  endfacet
  facet normal 0 -0.980781 0.195113
    outer loop
      vertex -48 -3.77498 14.7153
      vertex -45.6 -3.74691 14.8564
      vertex -48 -3.74691 14.8564
    endloop
  endfacet
  facet normal 0 -0.980781 0.195113
    outer loop
      vertex -45.6 -3.74691 14.8564
      vertex -48 -3.77498 14.7153
      vertex -45.6 -3.77498 14.7153
    endloop
  endfacet
  facet normal 0 -0.831387 0.555694
    outer loop
      vertex -48 -3.96481 14.3304
      vertex -45.6 -3.88487 14.45
      vertex -48 -3.88487 14.45
    endloop
  endfacet
  facet normal 0 -0.831387 0.555694
    outer loop
      vertex -45.6 -3.88487 14.45
      vertex -48 -3.96481 14.3304
      vertex -45.6 -3.96481 14.3304
    endloop
  endfacet
  facet normal 0 0.0653289 -0.997864
    outer loop
      vertex -48 -4.98108 16.0906
      vertex -45.6 -4.8375 16.1
      vertex -45.6 -4.98108 16.0906
    endloop
  endfacet
  facet normal 0 0.0653289 -0.997864
    outer loop
      vertex -45.6 -4.8375 16.1
      vertex -48 -4.98108 16.0906
      vertex -48 -4.8375 16.1
    endloop
  endfacet
  facet normal 0 0.980781 -0.195113
    outer loop
      vertex -45.6 -5.92809 15.1436
      vertex -48 -5.90002 15.2847
      vertex -45.6 -5.90002 15.2847
    endloop
  endfacet
  facet normal 0 0.980781 -0.195113
    outer loop
      vertex -48 -5.90002 15.2847
      vertex -45.6 -5.92809 15.1436
      vertex -48 -5.92809 15.1436
    endloop
  endfacet
  facet normal 0 0.946967 -0.32133
    outer loop
      vertex -45.6 -5.90002 15.2847
      vertex -48 -5.85377 15.421
      vertex -45.6 -5.85377 15.421
    endloop
  endfacet
  facet normal 0 0.946967 -0.32133
    outer loop
      vertex -48 -5.85377 15.421
      vertex -45.6 -5.90002 15.2847
      vertex -48 -5.90002 15.2847
    endloop
  endfacet
  facet normal 0 0.896806 -0.442424
    outer loop
      vertex -45.6 -5.85377 15.421
      vertex -48 -5.79013 15.55
      vertex -45.6 -5.79013 15.55
    endloop
  endfacet
  facet normal 0 0.896806 -0.442424
    outer loop
      vertex -48 -5.79013 15.55
      vertex -45.6 -5.85377 15.421
      vertex -48 -5.85377 15.421
    endloop
  endfacet
  facet normal 0 0.751905 -0.659272
    outer loop
      vertex -45.6 -5.71019 15.6696
      vertex -48 -5.61532 15.7778
      vertex -45.6 -5.61532 15.7778
    endloop
  endfacet
  facet normal 0 0.751905 -0.659272
    outer loop
      vertex -48 -5.61532 15.7778
      vertex -45.6 -5.71019 15.6696
      vertex -48 -5.71019 15.6696
    endloop
  endfacet
  facet normal 0 0.442622 -0.896708
    outer loop
      vertex -48 -5.3875 15.9526
      vertex -45.6 -5.25845 16.0163
      vertex -45.6 -5.3875 15.9526
    endloop
  endfacet
  facet normal 0 0.442622 -0.896708
    outer loop
      vertex -45.6 -5.25845 16.0163
      vertex -48 -5.3875 15.9526
      vertex -48 -5.25845 16.0163
    endloop
  endfacet
  facet normal 0 -0.0653981 -0.997859
    outer loop
      vertex -48 1.1625 6.1
      vertex -45.6 1.30608 6.09059
      vertex -45.6 1.1625 6.1
    endloop
  endfacet
  facet normal -0 -0.0653981 -0.997859
    outer loop
      vertex -45.6 1.30608 6.09059
      vertex -48 1.1625 6.1
      vertex -48 1.30608 6.09059
    endloop
  endfacet
  facet normal 0 -0.195087 -0.980786
    outer loop
      vertex -48 1.30608 6.09059
      vertex -45.6 1.4472 6.06252
      vertex -45.6 1.30608 6.09059
    endloop
  endfacet
  facet normal -0 -0.195087 -0.980786
    outer loop
      vertex -45.6 1.4472 6.06252
      vertex -48 1.30608 6.09059
      vertex -48 1.4472 6.06252
    endloop
  endfacet
  facet normal 0 -0.321435 -0.946931
    outer loop
      vertex -48 1.4472 6.06252
      vertex -45.6 1.58345 6.01627
      vertex -45.6 1.4472 6.06252
    endloop
  endfacet
  facet normal -0 -0.321435 -0.946931
    outer loop
      vertex -45.6 1.58345 6.01627
      vertex -48 1.4472 6.06252
      vertex -48 1.58345 6.01627
    endloop
  endfacet
  facet normal 0 -0.442286 -0.896874
    outer loop
      vertex -48 1.58345 6.01627
      vertex -45.6 1.7125 5.95263
      vertex -45.6 1.58345 6.01627
    endloop
  endfacet
  facet normal -0 -0.442286 -0.896874
    outer loop
      vertex -45.6 1.7125 5.95263
      vertex -48 1.58345 6.01627
      vertex -48 1.7125 5.95263
    endloop
  endfacet
  facet normal 0 -0.997859 -0.0653981
    outer loop
      vertex -48 2.2625 5
      vertex -45.6 2.25309 5.14358
      vertex -48 2.25309 5.14358
    endloop
  endfacet
  facet normal 0 -0.997859 -0.0653981
    outer loop
      vertex -45.6 2.25309 5.14358
      vertex -48 2.2625 5
      vertex -45.6 2.2625 5
    endloop
  endfacet
  facet normal 0 -0.659341 0.751844
    outer loop
      vertex -48 1.94032 4.22218
      vertex -45.6 1.83214 4.12731
      vertex -45.6 1.94032 4.22218
    endloop
  endfacet
  facet normal 0 -0.659341 0.751844
    outer loop
      vertex -45.6 1.83214 4.12731
      vertex -48 1.94032 4.22218
      vertex -48 1.83214 4.12731
    endloop
  endfacet
  facet normal -0 0.442289 0.896873
    outer loop
      vertex -48 0.741548 3.98373
      vertex -45.6 0.612499 4.04737
      vertex -45.6 0.741548 3.98373
    endloop
  endfacet
  facet normal 0 0.442289 0.896873
    outer loop
      vertex -45.6 0.612499 4.04737
      vertex -48 0.741548 3.98373
      vertex -48 0.612499 4.04737
    endloop
  endfacet
  facet normal 0 -0.659341 -0.751844
    outer loop
      vertex -48 1.83214 5.87269
      vertex -45.6 1.94032 5.77782
      vertex -45.6 1.83214 5.87269
    endloop
  endfacet
  facet normal -0 -0.659341 -0.751844
    outer loop
      vertex -45.6 1.94032 5.77782
      vertex -48 1.83214 5.87269
      vertex -48 1.94032 5.77782
    endloop
  endfacet
  facet normal 0 -0.946931 -0.321435
    outer loop
      vertex -48 2.22502 5.2847
      vertex -45.6 2.17877 5.42095
      vertex -48 2.17877 5.42095
    endloop
  endfacet
  facet normal 0 -0.946931 -0.321435
    outer loop
      vertex -45.6 2.17877 5.42095
      vertex -48 2.22502 5.2847
      vertex -45.6 2.22502 5.2847
    endloop
  endfacet
  facet normal 0 -0.751844 -0.659341
    outer loop
      vertex -48 2.03519 5.66964
      vertex -45.6 1.94032 5.77782
      vertex -48 1.94032 5.77782
    endloop
  endfacet
  facet normal 0 -0.751844 -0.659341
    outer loop
      vertex -45.6 1.94032 5.77782
      vertex -48 2.03519 5.66964
      vertex -45.6 2.03519 5.66964
    endloop
  endfacet
  facet normal 0 -0.896874 -0.442286
    outer loop
      vertex -48 2.17877 5.42095
      vertex -45.6 2.11513 5.55
      vertex -48 2.11513 5.55
    endloop
  endfacet
  facet normal 0 -0.896874 -0.442286
    outer loop
      vertex -45.6 2.11513 5.55
      vertex -48 2.17877 5.42095
      vertex -45.6 2.17877 5.42095
    endloop
  endfacet
  facet normal 0 -0.0653981 0.997859
    outer loop
      vertex -48 1.30608 3.90941
      vertex -45.6 1.1625 3.9
      vertex -45.6 1.30608 3.90941
    endloop
  endfacet
  facet normal 0 -0.0653981 0.997859
    outer loop
      vertex -45.6 1.1625 3.9
      vertex -48 1.30608 3.90941
      vertex -48 1.1625 3.9
    endloop
  endfacet
  facet normal 0 -0.321435 0.946931
    outer loop
      vertex -48 1.58345 3.98373
      vertex -45.6 1.4472 3.93748
      vertex -45.6 1.58345 3.98373
    endloop
  endfacet
  facet normal 0 -0.321435 0.946931
    outer loop
      vertex -45.6 1.4472 3.93748
      vertex -48 1.58345 3.98373
      vertex -48 1.4472 3.93748
    endloop
  endfacet
  facet normal 0 -0.997859 0.0653981
    outer loop
      vertex -48 2.25309 4.85642
      vertex -45.6 2.2625 5
      vertex -48 2.2625 5
    endloop
  endfacet
  facet normal 0 -0.997859 0.0653981
    outer loop
      vertex -45.6 2.2625 5
      vertex -48 2.25309 4.85642
      vertex -45.6 2.25309 4.85642
    endloop
  endfacet
  facet normal 0 -0.896874 0.442286
    outer loop
      vertex -48 2.11513 4.45
      vertex -45.6 2.17877 4.57905
      vertex -48 2.17877 4.57905
    endloop
  endfacet
  facet normal 0 -0.896874 0.442286
    outer loop
      vertex -45.6 2.17877 4.57905
      vertex -48 2.11513 4.45
      vertex -45.6 2.11513 4.45
    endloop
  endfacet
  facet normal 0 0.321433 -0.946932
    outer loop
      vertex -48 0.741548 6.01627
      vertex -45.6 0.877799 6.06252
      vertex -45.6 0.741548 6.01627
    endloop
  endfacet
  facet normal 0 0.321433 -0.946932
    outer loop
      vertex -45.6 0.877799 6.06252
      vertex -48 0.741548 6.01627
      vertex -48 0.877799 6.06252
    endloop
  endfacet
  facet normal 0 0.555576 -0.831466
    outer loop
      vertex -48 0.492862 5.87269
      vertex -45.6 0.612499 5.95263
      vertex -45.6 0.492862 5.87269
    endloop
  endfacet
  facet normal 0 0.555576 -0.831466
    outer loop
      vertex -45.6 0.612499 5.95263
      vertex -48 0.492862 5.87269
      vertex -48 0.612499 5.95263
    endloop
  endfacet
  facet normal 0 0.751841 0.659345
    outer loop
      vertex -45.6 0.384682 4.22218
      vertex -48 0.289811 4.33036
      vertex -45.6 0.289811 4.33036
    endloop
  endfacet
  facet normal 0 0.751841 0.659345
    outer loop
      vertex -48 0.289811 4.33036
      vertex -45.6 0.384682 4.22218
      vertex -48 0.384682 4.22218
    endloop
  endfacet
  facet normal -0 0.321433 0.946932
    outer loop
      vertex -48 0.877799 3.93748
      vertex -45.6 0.741548 3.98373
      vertex -45.6 0.877799 3.93748
    endloop
  endfacet
  facet normal 0 0.321433 0.946932
    outer loop
      vertex -45.6 0.741548 3.98373
      vertex -48 0.877799 3.93748
      vertex -48 0.741548 3.98373
    endloop
  endfacet
  facet normal -0 0.659341 0.751844
    outer loop
      vertex -48 0.492862 4.12731
      vertex -45.6 0.384682 4.22218
      vertex -45.6 0.492862 4.12731
    endloop
  endfacet
  facet normal 0 0.659341 0.751844
    outer loop
      vertex -45.6 0.384682 4.22218
      vertex -48 0.492862 4.12731
      vertex -48 0.384682 4.22218
    endloop
  endfacet
  facet normal 0 0.997859 -0.0653974
    outer loop
      vertex -45.6 0.0625 5
      vertex -48 0.0719099 5.14358
      vertex -45.6 0.0719099 5.14358
    endloop
  endfacet
  facet normal 0 0.997859 -0.0653974
    outer loop
      vertex -48 0.0719099 5.14358
      vertex -45.6 0.0625 5
      vertex -48 0.0625 5
    endloop
  endfacet
  facet normal 0 0.980784 -0.195096
    outer loop
      vertex -45.6 0.0719099 5.14358
      vertex -48 0.0999813 5.2847
      vertex -45.6 0.0999813 5.2847
    endloop
  endfacet
  facet normal 0 0.980784 -0.195096
    outer loop
      vertex -48 0.0999813 5.2847
      vertex -45.6 0.0719099 5.14358
      vertex -48 0.0719099 5.14358
    endloop
  endfacet
  facet normal 0 0.831472 -0.555566
    outer loop
      vertex -45.6 0.209871 5.55
      vertex -48 0.289811 5.66964
      vertex -45.6 0.289811 5.66964
    endloop
  endfacet
  facet normal 0 0.831472 -0.555566
    outer loop
      vertex -48 0.289811 5.66964
      vertex -45.6 0.209871 5.55
      vertex -48 0.209871 5.55
    endloop
  endfacet
  facet normal 0 -0.555566 -0.831472
    outer loop
      vertex -48 1.7125 5.95263
      vertex -45.6 1.83214 5.87269
      vertex -45.6 1.7125 5.95263
    endloop
  endfacet
  facet normal -0 -0.555566 -0.831472
    outer loop
      vertex -45.6 1.83214 5.87269
      vertex -48 1.7125 5.95263
      vertex -48 1.83214 5.87269
    endloop
  endfacet
  facet normal 0 -0.980786 -0.195087
    outer loop
      vertex -48 2.25309 5.14358
      vertex -45.6 2.22502 5.2847
      vertex -48 2.22502 5.2847
    endloop
  endfacet
  facet normal 0 -0.980786 -0.195087
    outer loop
      vertex -45.6 2.22502 5.2847
      vertex -48 2.25309 5.14358
      vertex -45.6 2.25309 5.14358
    endloop
  endfacet
  facet normal 0 -0.831472 -0.555566
    outer loop
      vertex -48 2.11513 5.55
      vertex -45.6 2.03519 5.66964
      vertex -48 2.03519 5.66964
    endloop
  endfacet
  facet normal 0 -0.831472 -0.555566
    outer loop
      vertex -45.6 2.03519 5.66964
      vertex -48 2.11513 5.55
      vertex -45.6 2.11513 5.55
    endloop
  endfacet
  facet normal 0 -0.195087 0.980786
    outer loop
      vertex -48 1.4472 3.93748
      vertex -45.6 1.30608 3.90941
      vertex -45.6 1.4472 3.93748
    endloop
  endfacet
  facet normal 0 -0.195087 0.980786
    outer loop
      vertex -45.6 1.30608 3.90941
      vertex -48 1.4472 3.93748
      vertex -48 1.30608 3.90941
    endloop
  endfacet
  facet normal 0 -0.555566 0.831472
    outer loop
      vertex -48 1.83214 4.12731
      vertex -45.6 1.7125 4.04737
      vertex -45.6 1.83214 4.12731
    endloop
  endfacet
  facet normal 0 -0.555566 0.831472
    outer loop
      vertex -45.6 1.7125 4.04737
      vertex -48 1.83214 4.12731
      vertex -48 1.7125 4.04737
    endloop
  endfacet
  facet normal 0 -0.442286 0.896874
    outer loop
      vertex -48 1.7125 4.04737
      vertex -45.6 1.58345 3.98373
      vertex -45.6 1.7125 4.04737
    endloop
  endfacet
  facet normal 0 -0.442286 0.896874
    outer loop
      vertex -45.6 1.58345 3.98373
      vertex -48 1.7125 4.04737
      vertex -48 1.58345 3.98373
    endloop
  endfacet
  facet normal 0 -0.980786 0.195087
    outer loop
      vertex -48 2.22502 4.7153
      vertex -45.6 2.25309 4.85642
      vertex -48 2.25309 4.85642
    endloop
  endfacet
  facet normal 0 -0.980786 0.195087
    outer loop
      vertex -45.6 2.25309 4.85642
      vertex -48 2.22502 4.7153
      vertex -45.6 2.22502 4.7153
    endloop
  endfacet
  facet normal 0 -0.946931 0.321435
    outer loop
      vertex -48 2.17877 4.57905
      vertex -45.6 2.22502 4.7153
      vertex -48 2.22502 4.7153
    endloop
  endfacet
  facet normal 0 -0.946931 0.321435
    outer loop
      vertex -45.6 2.22502 4.7153
      vertex -48 2.17877 4.57905
      vertex -45.6 2.17877 4.57905
    endloop
  endfacet
  facet normal 0 -0.831472 0.555566
    outer loop
      vertex -48 2.03519 4.33036
      vertex -45.6 2.11513 4.45
      vertex -48 2.11513 4.45
    endloop
  endfacet
  facet normal 0 -0.831472 0.555566
    outer loop
      vertex -45.6 2.11513 4.45
      vertex -48 2.03519 4.33036
      vertex -45.6 2.03519 4.33036
    endloop
  endfacet
  facet normal 0 -0.751844 0.659341
    outer loop
      vertex -48 1.94032 4.22218
      vertex -45.6 2.03519 4.33036
      vertex -48 2.03519 4.33036
    endloop
  endfacet
  facet normal 0 -0.751844 0.659341
    outer loop
      vertex -45.6 2.03519 4.33036
      vertex -48 1.94032 4.22218
      vertex -45.6 1.94032 4.22218
    endloop
  endfacet
  facet normal 0 0.195086 -0.980786
    outer loop
      vertex -48 0.877799 6.06252
      vertex -45.6 1.01892 6.09059
      vertex -45.6 0.877799 6.06252
    endloop
  endfacet
  facet normal 0 0.195086 -0.980786
    outer loop
      vertex -45.6 1.01892 6.09059
      vertex -48 0.877799 6.06252
      vertex -48 1.01892 6.09059
    endloop
  endfacet
  facet normal 0 0.0653981 -0.997859
    outer loop
      vertex -48 1.01892 6.09059
      vertex -45.6 1.1625 6.1
      vertex -45.6 1.01892 6.09059
    endloop
  endfacet
  facet normal 0 0.0653981 -0.997859
    outer loop
      vertex -45.6 1.1625 6.1
      vertex -48 1.01892 6.09059
      vertex -48 1.1625 6.1
    endloop
  endfacet
  facet normal 0 0.442289 -0.896873
    outer loop
      vertex -48 0.612499 5.95263
      vertex -45.6 0.741548 6.01627
      vertex -45.6 0.612499 5.95263
    endloop
  endfacet
  facet normal 0 0.442289 -0.896873
    outer loop
      vertex -45.6 0.741548 6.01627
      vertex -48 0.612499 5.95263
      vertex -48 0.741548 6.01627
    endloop
  endfacet
  facet normal 0 0.896877 0.442281
    outer loop
      vertex -45.6 0.209871 4.45
      vertex -48 0.146232 4.57905
      vertex -45.6 0.146232 4.57905
    endloop
  endfacet
  facet normal 0 0.896877 0.442281
    outer loop
      vertex -48 0.146232 4.57905
      vertex -45.6 0.209871 4.45
      vertex -48 0.209871 4.45
    endloop
  endfacet
  facet normal -0 0.0653981 0.997859
    outer loop
      vertex -48 1.1625 3.9
      vertex -45.6 1.01892 3.90941
      vertex -45.6 1.1625 3.9
    endloop
  endfacet
  facet normal 0 0.0653981 0.997859
    outer loop
      vertex -45.6 1.01892 3.90941
      vertex -48 1.1625 3.9
      vertex -48 1.01892 3.90941
    endloop
  endfacet
  facet normal -0 0.195086 0.980786
    outer loop
      vertex -48 1.01892 3.90941
      vertex -45.6 0.877799 3.93748
      vertex -45.6 1.01892 3.90941
    endloop
  endfacet
  facet normal 0 0.195086 0.980786
    outer loop
      vertex -45.6 0.877799 3.93748
      vertex -48 1.01892 3.90941
      vertex -48 0.877799 3.93748
    endloop
  endfacet
  facet normal -0 0.555576 0.831466
    outer loop
      vertex -48 0.612499 4.04737
      vertex -45.6 0.492862 4.12731
      vertex -45.6 0.612499 4.04737
    endloop
  endfacet
  facet normal 0 0.555576 0.831466
    outer loop
      vertex -45.6 0.492862 4.12731
      vertex -48 0.612499 4.04737
      vertex -48 0.492862 4.12731
    endloop
  endfacet
  facet normal 0 0.896877 -0.442281
    outer loop
      vertex -45.6 0.146232 5.42095
      vertex -48 0.209871 5.55
      vertex -45.6 0.209871 5.55
    endloop
  endfacet
  facet normal 0 0.896877 -0.442281
    outer loop
      vertex -48 0.209871 5.55
      vertex -45.6 0.146232 5.42095
      vertex -48 0.146232 5.42095
    endloop
  endfacet
  facet normal 0 0.94693 -0.32144
    outer loop
      vertex -45.6 0.0999813 5.2847
      vertex -48 0.146232 5.42095
      vertex -45.6 0.146232 5.42095
    endloop
  endfacet
  facet normal 0 0.94693 -0.32144
    outer loop
      vertex -48 0.146232 5.42095
      vertex -45.6 0.0999813 5.2847
      vertex -48 0.0999813 5.2847
    endloop
  endfacet
  facet normal 0 0.659341 -0.751844
    outer loop
      vertex -48 0.384682 5.77782
      vertex -45.6 0.492862 5.87269
      vertex -45.6 0.384682 5.77782
    endloop
  endfacet
  facet normal 0 0.659341 -0.751844
    outer loop
      vertex -45.6 0.492862 5.87269
      vertex -48 0.384682 5.77782
      vertex -48 0.492862 5.87269
    endloop
  endfacet
  facet normal 0 0.831472 0.555566
    outer loop
      vertex -45.6 0.289811 4.33036
      vertex -48 0.209871 4.45
      vertex -45.6 0.209871 4.45
    endloop
  endfacet
  facet normal 0 0.831472 0.555566
    outer loop
      vertex -48 0.209871 4.45
      vertex -45.6 0.289811 4.33036
      vertex -48 0.289811 4.33036
    endloop
  endfacet
  facet normal 0 0.997859 0.0653974
    outer loop
      vertex -45.6 0.0719099 4.85642
      vertex -48 0.0625 5
      vertex -45.6 0.0625 5
    endloop
  endfacet
  facet normal 0 0.997859 0.0653974
    outer loop
      vertex -48 0.0625 5
      vertex -45.6 0.0719099 4.85642
      vertex -48 0.0719099 4.85642
    endloop
  endfacet
  facet normal 0 0.751841 -0.659345
    outer loop
      vertex -45.6 0.289811 5.66964
      vertex -48 0.384682 5.77782
      vertex -45.6 0.384682 5.77782
    endloop
  endfacet
  facet normal 0 0.751841 -0.659345
    outer loop
      vertex -48 0.384682 5.77782
      vertex -45.6 0.289811 5.66964
      vertex -48 0.289811 5.66964
    endloop
  endfacet
  facet normal 0 0.94693 0.32144
    outer loop
      vertex -45.6 0.146232 4.57905
      vertex -48 0.0999813 4.7153
      vertex -45.6 0.0999813 4.7153
    endloop
  endfacet
  facet normal 0 0.94693 0.32144
    outer loop
      vertex -48 0.0999813 4.7153
      vertex -45.6 0.146232 4.57905
      vertex -48 0.146232 4.57905
    endloop
  endfacet
  facet normal 0 0.980784 0.195096
    outer loop
      vertex -45.6 0.0999813 4.7153
      vertex -48 0.0719099 4.85642
      vertex -45.6 0.0719099 4.85642
    endloop
  endfacet
  facet normal 0 0.980784 0.195096
    outer loop
      vertex -48 0.0719099 4.85642
      vertex -45.6 0.0999813 4.7153
      vertex -48 0.0999813 4.7153
    endloop
  endfacet
  facet normal 0 -0.0653289 -0.997864
    outer loop
      vertex -48 1.1625 11.1
      vertex -45.6 1.30608 11.0906
      vertex -45.6 1.1625 11.1
    endloop
  endfacet
  facet normal -0 -0.0653289 -0.997864
    outer loop
      vertex -45.6 1.30608 11.0906
      vertex -48 1.1625 11.1
      vertex -48 1.30608 11.0906
    endloop
  endfacet
  facet normal 0 -0.195287 -0.980746
    outer loop
      vertex -48 1.30608 11.0906
      vertex -45.6 1.4472 11.0625
      vertex -45.6 1.30608 11.0906
    endloop
  endfacet
  facet normal -0 -0.195287 -0.980746
    outer loop
      vertex -45.6 1.4472 11.0625
      vertex -48 1.30608 11.0906
      vertex -48 1.4472 11.0625
    endloop
  endfacet
  facet normal 0 -0.0653981 0.997859
    outer loop
      vertex -48 1.30608 8.90941
      vertex -45.6 1.1625 8.9
      vertex -45.6 1.30608 8.90941
    endloop
  endfacet
  facet normal 0 -0.0653981 0.997859
    outer loop
      vertex -45.6 1.1625 8.9
      vertex -48 1.30608 8.90941
      vertex -48 1.1625 8.9
    endloop
  endfacet
  facet normal 0 -0.659341 0.751844
    outer loop
      vertex -48 1.94032 9.22218
      vertex -45.6 1.83214 9.12731
      vertex -45.6 1.94032 9.22218
    endloop
  endfacet
  facet normal 0 -0.659341 0.751844
    outer loop
      vertex -45.6 1.83214 9.12731
      vertex -48 1.94032 9.22218
      vertex -48 1.83214 9.12731
    endloop
  endfacet
  facet normal 0 -0.997859 0.0653981
    outer loop
      vertex -48 2.25309 9.85642
      vertex -45.6 2.2625 10
      vertex -48 2.2625 10
    endloop
  endfacet
  facet normal 0 -0.997859 0.0653981
    outer loop
      vertex -45.6 2.2625 10
      vertex -48 2.25309 9.85642
      vertex -45.6 2.25309 9.85642
    endloop
  endfacet
  facet normal 0 0.321122 -0.947038
    outer loop
      vertex -48 0.741548 11.0163
      vertex -45.6 0.877799 11.0625
      vertex -45.6 0.741548 11.0163
    endloop
  endfacet
  facet normal 0 0.321122 -0.947038
    outer loop
      vertex -45.6 0.877799 11.0625
      vertex -48 0.741548 11.0163
      vertex -48 0.877799 11.0625
    endloop
  endfacet
  facet normal 0 0.980779 -0.195123
    outer loop
      vertex -45.6 0.0719099 10.1436
      vertex -48 0.0999813 10.2847
      vertex -45.6 0.0999813 10.2847
    endloop
  endfacet
  facet normal 0 0.980779 -0.195123
    outer loop
      vertex -48 0.0999813 10.2847
      vertex -45.6 0.0719099 10.1436
      vertex -48 0.0719099 10.1436
    endloop
  endfacet
  facet normal 0 -0.321124 -0.947037
    outer loop
      vertex -48 1.4472 11.0625
      vertex -45.6 1.58345 11.0163
      vertex -45.6 1.4472 11.0625
    endloop
  endfacet
  facet normal -0 -0.321124 -0.947037
    outer loop
      vertex -45.6 1.58345 11.0163
      vertex -48 1.4472 11.0625
      vertex -48 1.58345 11.0163
    endloop
  endfacet
  facet normal 0 -0.659458 -0.751741
    outer loop
      vertex -48 1.83214 10.8727
      vertex -45.6 1.94032 10.7778
      vertex -45.6 1.83214 10.8727
    endloop
  endfacet
  facet normal -0 -0.659458 -0.751741
    outer loop
      vertex -45.6 1.94032 10.7778
      vertex -48 1.83214 10.8727
      vertex -48 1.94032 10.7778
    endloop
  endfacet
  facet normal 0 -0.442622 -0.896708
    outer loop
      vertex -48 1.58345 11.0163
      vertex -45.6 1.7125 10.9526
      vertex -45.6 1.58345 11.0163
    endloop
  endfacet
  facet normal -0 -0.442622 -0.896708
    outer loop
      vertex -45.6 1.7125 10.9526
      vertex -48 1.58345 11.0163
      vertex -48 1.7125 10.9526
    endloop
  endfacet
  facet normal 0 -0.946967 -0.32133
    outer loop
      vertex -48 2.22502 10.2847
      vertex -45.6 2.17877 10.421
      vertex -48 2.17877 10.421
    endloop
  endfacet
  facet normal 0 -0.946967 -0.32133
    outer loop
      vertex -45.6 2.17877 10.421
      vertex -48 2.22502 10.2847
      vertex -45.6 2.22502 10.2847
    endloop
  endfacet
  facet normal 0 -0.99786 -0.065389
    outer loop
      vertex -48 2.2625 10
      vertex -45.6 2.25309 10.1436
      vertex -48 2.25309 10.1436
    endloop
  endfacet
  facet normal 0 -0.99786 -0.065389
    outer loop
      vertex -45.6 2.25309 10.1436
      vertex -48 2.2625 10
      vertex -45.6 2.2625 10
    endloop
  endfacet
  facet normal 0 -0.896806 -0.442424
    outer loop
      vertex -48 2.17877 10.421
      vertex -45.6 2.11513 10.55
      vertex -48 2.11513 10.55
    endloop
  endfacet
  facet normal 0 -0.896806 -0.442424
    outer loop
      vertex -45.6 2.11513 10.55
      vertex -48 2.17877 10.421
      vertex -45.6 2.17877 10.421
    endloop
  endfacet
  facet normal 0 -0.751905 -0.659272
    outer loop
      vertex -48 2.03519 10.6696
      vertex -45.6 1.94032 10.7778
      vertex -48 1.94032 10.7778
    endloop
  endfacet
  facet normal 0 -0.751905 -0.659272
    outer loop
      vertex -45.6 1.94032 10.7778
      vertex -48 2.03519 10.6696
      vertex -45.6 2.03519 10.6696
    endloop
  endfacet
  facet normal 0 -0.321435 0.946931
    outer loop
      vertex -48 1.58345 8.98373
      vertex -45.6 1.4472 8.93748
      vertex -45.6 1.58345 8.98373
    endloop
  endfacet
  facet normal 0 -0.321435 0.946931
    outer loop
      vertex -45.6 1.4472 8.93748
      vertex -48 1.58345 8.98373
      vertex -48 1.4472 8.93748
    endloop
  endfacet
  facet normal 0 -0.896874 0.442286
    outer loop
      vertex -48 2.11513 9.45
      vertex -45.6 2.17877 9.57905
      vertex -48 2.17877 9.57905
    endloop
  endfacet
  facet normal 0 -0.896874 0.442286
    outer loop
      vertex -45.6 2.17877 9.57905
      vertex -48 2.11513 9.45
      vertex -45.6 2.11513 9.45
    endloop
  endfacet
  facet normal 0 0.442624 -0.896707
    outer loop
      vertex -48 0.612499 10.9526
      vertex -45.6 0.741548 11.0163
      vertex -45.6 0.612499 10.9526
    endloop
  endfacet
  facet normal 0 0.442624 -0.896707
    outer loop
      vertex -45.6 0.741548 11.0163
      vertex -48 0.612499 10.9526
      vertex -48 0.741548 11.0163
    endloop
  endfacet
  facet normal -0 0.442289 0.896873
    outer loop
      vertex -48 0.741548 8.98373
      vertex -45.6 0.612499 9.04737
      vertex -45.6 0.741548 8.98373
    endloop
  endfacet
  facet normal 0 0.442289 0.896873
    outer loop
      vertex -45.6 0.612499 9.04737
      vertex -48 0.741548 8.98373
      vertex -48 0.612499 9.04737
    endloop
  endfacet
  facet normal -0 0.321433 0.946932
    outer loop
      vertex -48 0.877799 8.93748
      vertex -45.6 0.741548 8.98373
      vertex -45.6 0.877799 8.93748
    endloop
  endfacet
  facet normal 0 0.321433 0.946932
    outer loop
      vertex -45.6 0.741548 8.98373
      vertex -48 0.877799 8.93748
      vertex -48 0.741548 8.98373
    endloop
  endfacet
  facet normal -0 0.659341 0.751844
    outer loop
      vertex -48 0.492862 9.12731
      vertex -45.6 0.384682 9.22218
      vertex -45.6 0.492862 9.12731
    endloop
  endfacet
  facet normal 0 0.659341 0.751844
    outer loop
      vertex -45.6 0.384682 9.22218
      vertex -48 0.492862 9.12731
      vertex -48 0.384682 9.22218
    endloop
  endfacet
  facet normal 0 0.99786 -0.0653883
    outer loop
      vertex -45.6 0.0625 10
      vertex -48 0.0719099 10.1436
      vertex -45.6 0.0719099 10.1436
    endloop
  endfacet
  facet normal 0 0.99786 -0.0653883
    outer loop
      vertex -48 0.0719099 10.1436
      vertex -45.6 0.0625 10
      vertex -48 0.0625 10
    endloop
  endfacet
  facet normal 0 -0.555374 -0.831601
    outer loop
      vertex -48 1.7125 10.9526
      vertex -45.6 1.83214 10.8727
      vertex -45.6 1.7125 10.9526
    endloop
  endfacet
  facet normal -0 -0.555374 -0.831601
    outer loop
      vertex -45.6 1.83214 10.8727
      vertex -48 1.7125 10.9526
      vertex -48 1.83214 10.8727
    endloop
  endfacet
  facet normal 0 -0.980781 -0.195113
    outer loop
      vertex -48 2.25309 10.1436
      vertex -45.6 2.22502 10.2847
      vertex -48 2.22502 10.2847
    endloop
  endfacet
  facet normal 0 -0.980781 -0.195113
    outer loop
      vertex -45.6 2.22502 10.2847
      vertex -48 2.25309 10.1436
      vertex -45.6 2.25309 10.1436
    endloop
  endfacet
  facet normal 0 -0.831387 -0.555694
    outer loop
      vertex -48 2.11513 10.55
      vertex -45.6 2.03519 10.6696
      vertex -48 2.03519 10.6696
    endloop
  endfacet
  facet normal 0 -0.831387 -0.555694
    outer loop
      vertex -45.6 2.03519 10.6696
      vertex -48 2.11513 10.55
      vertex -45.6 2.11513 10.55
    endloop
  endfacet
  facet normal 0 -0.555566 0.831472
    outer loop
      vertex -48 1.83214 9.12731
      vertex -45.6 1.7125 9.04737
      vertex -45.6 1.83214 9.12731
    endloop
  endfacet
  facet normal 0 -0.555566 0.831472
    outer loop
      vertex -45.6 1.7125 9.04737
      vertex -48 1.83214 9.12731
      vertex -48 1.7125 9.04737
    endloop
  endfacet
  facet normal 0 -0.442286 0.896874
    outer loop
      vertex -48 1.7125 9.04737
      vertex -45.6 1.58345 8.98373
      vertex -45.6 1.7125 9.04737
    endloop
  endfacet
  facet normal 0 -0.442286 0.896874
    outer loop
      vertex -45.6 1.58345 8.98373
      vertex -48 1.7125 9.04737
      vertex -48 1.58345 8.98373
    endloop
  endfacet
  facet normal 0 -0.195087 0.980786
    outer loop
      vertex -48 1.4472 8.93748
      vertex -45.6 1.30608 8.90941
      vertex -45.6 1.4472 8.93748
    endloop
  endfacet
  facet normal 0 -0.195087 0.980786
    outer loop
      vertex -45.6 1.30608 8.90941
      vertex -48 1.4472 8.93748
      vertex -48 1.30608 8.90941
    endloop
  endfacet
  facet normal 0 -0.831472 0.555566
    outer loop
      vertex -48 2.03519 9.33036
      vertex -45.6 2.11513 9.45
      vertex -48 2.11513 9.45
    endloop
  endfacet
  facet normal 0 -0.831472 0.555566
    outer loop
      vertex -45.6 2.11513 9.45
      vertex -48 2.03519 9.33036
      vertex -45.6 2.03519 9.33036
    endloop
  endfacet
  facet normal 0 -0.751844 0.659341
    outer loop
      vertex -48 1.94032 9.22218
      vertex -45.6 2.03519 9.33036
      vertex -48 2.03519 9.33036
    endloop
  endfacet
  facet normal 0 -0.751844 0.659341
    outer loop
      vertex -45.6 2.03519 9.33036
      vertex -48 1.94032 9.22218
      vertex -45.6 1.94032 9.22218
    endloop
  endfacet
  facet normal 0 -0.980786 0.195087
    outer loop
      vertex -48 2.22502 9.7153
      vertex -45.6 2.25309 9.85642
      vertex -48 2.25309 9.85642
    endloop
  endfacet
  facet normal 0 -0.980786 0.195087
    outer loop
      vertex -45.6 2.25309 9.85642
      vertex -48 2.22502 9.7153
      vertex -45.6 2.22502 9.7153
    endloop
  endfacet
  facet normal 0 -0.946931 0.321435
    outer loop
      vertex -48 2.17877 9.57905
      vertex -45.6 2.22502 9.7153
      vertex -48 2.22502 9.7153
    endloop
  endfacet
  facet normal 0 -0.946931 0.321435
    outer loop
      vertex -45.6 2.22502 9.7153
      vertex -48 2.17877 9.57905
      vertex -45.6 2.17877 9.57905
    endloop
  endfacet
  facet normal 0 0.555383 -0.831594
    outer loop
      vertex -48 0.492862 10.8727
      vertex -45.6 0.612499 10.9526
      vertex -45.6 0.492862 10.8727
    endloop
  endfacet
  facet normal 0 0.555383 -0.831594
    outer loop
      vertex -45.6 0.612499 10.9526
      vertex -48 0.492862 10.8727
      vertex -48 0.612499 10.9526
    endloop
  endfacet
  facet normal 0 0.195286 -0.980746
    outer loop
      vertex -48 0.877799 11.0625
      vertex -45.6 1.01892 11.0906
      vertex -45.6 0.877799 11.0625
    endloop
  endfacet
  facet normal 0 0.195286 -0.980746
    outer loop
      vertex -45.6 1.01892 11.0906
      vertex -48 0.877799 11.0625
      vertex -48 1.01892 11.0906
    endloop
  endfacet
  facet normal 0 0.0653289 -0.997864
    outer loop
      vertex -48 1.01892 11.0906
      vertex -45.6 1.1625 11.1
      vertex -45.6 1.01892 11.0906
    endloop
  endfacet
  facet normal 0 0.0653289 -0.997864
    outer loop
      vertex -45.6 1.1625 11.1
      vertex -48 1.01892 11.0906
      vertex -48 1.1625 11.1
    endloop
  endfacet
  facet normal 0 0.896877 0.442281
    outer loop
      vertex -45.6 0.209871 9.45
      vertex -48 0.146232 9.57905
      vertex -45.6 0.146232 9.57905
    endloop
  endfacet
  facet normal 0 0.896877 0.442281
    outer loop
      vertex -48 0.146232 9.57905
      vertex -45.6 0.209871 9.45
      vertex -48 0.209871 9.45
    endloop
  endfacet
  facet normal -0 0.555576 0.831466
    outer loop
      vertex -48 0.612499 9.04737
      vertex -45.6 0.492862 9.12731
      vertex -45.6 0.612499 9.04737
    endloop
  endfacet
  facet normal 0 0.555576 0.831466
    outer loop
      vertex -45.6 0.492862 9.12731
      vertex -48 0.612499 9.04737
      vertex -48 0.492862 9.12731
    endloop
  endfacet
  facet normal -0 0.195086 0.980786
    outer loop
      vertex -48 1.01892 8.90941
      vertex -45.6 0.877799 8.93748
      vertex -45.6 1.01892 8.90941
    endloop
  endfacet
  facet normal 0 0.195086 0.980786
    outer loop
      vertex -45.6 0.877799 8.93748
      vertex -48 1.01892 8.90941
      vertex -48 0.877799 8.93748
    endloop
  endfacet
  facet normal -0 0.0653981 0.997859
    outer loop
      vertex -48 1.1625 8.9
      vertex -45.6 1.01892 8.90941
      vertex -45.6 1.1625 8.9
    endloop
  endfacet
  facet normal 0 0.0653981 0.997859
    outer loop
      vertex -45.6 1.01892 8.90941
      vertex -48 1.1625 8.9
      vertex -48 1.01892 8.90941
    endloop
  endfacet
  facet normal 0 0.659458 -0.751741
    outer loop
      vertex -48 0.384682 10.7778
      vertex -45.6 0.492862 10.8727
      vertex -45.6 0.384682 10.7778
    endloop
  endfacet
  facet normal 0 0.659458 -0.751741
    outer loop
      vertex -45.6 0.492862 10.8727
      vertex -48 0.384682 10.7778
      vertex -48 0.492862 10.8727
    endloop
  endfacet
  facet normal 0 0.831387 -0.555694
    outer loop
      vertex -45.6 0.209871 10.55
      vertex -48 0.289811 10.6696
      vertex -45.6 0.289811 10.6696
    endloop
  endfacet
  facet normal 0 0.831387 -0.555694
    outer loop
      vertex -48 0.289811 10.6696
      vertex -45.6 0.209871 10.55
      vertex -48 0.209871 10.55
    endloop
  endfacet
  facet normal 0 0.946966 -0.321334
    outer loop
      vertex -45.6 0.0999813 10.2847
      vertex -48 0.146232 10.421
      vertex -45.6 0.146232 10.421
    endloop
  endfacet
  facet normal 0 0.946966 -0.321334
    outer loop
      vertex -48 0.146232 10.421
      vertex -45.6 0.0999813 10.2847
      vertex -48 0.0999813 10.2847
    endloop
  endfacet
  facet normal 0 0.896809 -0.442419
    outer loop
      vertex -45.6 0.146232 10.421
      vertex -48 0.209871 10.55
      vertex -45.6 0.209871 10.55
    endloop
  endfacet
  facet normal 0 0.896809 -0.442419
    outer loop
      vertex -48 0.209871 10.55
      vertex -45.6 0.146232 10.421
      vertex -48 0.146232 10.421
    endloop
  endfacet
  facet normal 0 0.94693 0.32144
    outer loop
      vertex -45.6 0.146232 9.57905
      vertex -48 0.0999813 9.7153
      vertex -45.6 0.0999813 9.7153
    endloop
  endfacet
  facet normal 0 0.94693 0.32144
    outer loop
      vertex -48 0.0999813 9.7153
      vertex -45.6 0.146232 9.57905
      vertex -48 0.146232 9.57905
    endloop
  endfacet
  facet normal 0 0.980784 0.195096
    outer loop
      vertex -45.6 0.0999813 9.7153
      vertex -48 0.0719099 9.85642
      vertex -45.6 0.0719099 9.85642
    endloop
  endfacet
  facet normal 0 0.980784 0.195096
    outer loop
      vertex -48 0.0719099 9.85642
      vertex -45.6 0.0999813 9.7153
      vertex -48 0.0999813 9.7153
    endloop
  endfacet
  facet normal 0 0.997859 0.0653974
    outer loop
      vertex -45.6 0.0719099 9.85642
      vertex -48 0.0625 10
      vertex -45.6 0.0625 10
    endloop
  endfacet
  facet normal 0 0.997859 0.0653974
    outer loop
      vertex -48 0.0625 10
      vertex -45.6 0.0719099 9.85642
      vertex -48 0.0719099 9.85642
    endloop
  endfacet
  facet normal 0 0.831472 0.555566
    outer loop
      vertex -45.6 0.289811 9.33036
      vertex -48 0.209871 9.45
      vertex -45.6 0.209871 9.45
    endloop
  endfacet
  facet normal 0 0.831472 0.555566
    outer loop
      vertex -48 0.209871 9.45
      vertex -45.6 0.289811 9.33036
      vertex -48 0.289811 9.33036
    endloop
  endfacet
  facet normal 0 0.751901 -0.659276
    outer loop
      vertex -45.6 0.289811 10.6696
      vertex -48 0.384682 10.7778
      vertex -45.6 0.384682 10.7778
    endloop
  endfacet
  facet normal 0 0.751901 -0.659276
    outer loop
      vertex -48 0.384682 10.7778
      vertex -45.6 0.289811 10.6696
      vertex -48 0.289811 10.6696
    endloop
  endfacet
  facet normal 0 0.751841 0.659345
    outer loop
      vertex -45.6 0.384682 9.22218
      vertex -48 0.289811 9.33036
      vertex -45.6 0.289811 9.33036
    endloop
  endfacet
  facet normal 0 0.751841 0.659345
    outer loop
      vertex -48 0.289811 9.33036
      vertex -45.6 0.384682 9.22218
      vertex -48 0.384682 9.22218
    endloop
  endfacet
  facet normal 0 -0.0653289 -0.997864
    outer loop
      vertex -48 1.1625 16.1
      vertex -45.6 1.30608 16.0906
      vertex -45.6 1.1625 16.1
    endloop
  endfacet
  facet normal -0 -0.0653289 -0.997864
    outer loop
      vertex -45.6 1.30608 16.0906
      vertex -48 1.1625 16.1
      vertex -48 1.30608 16.0906
    endloop
  endfacet
  facet normal 0 -0.195287 -0.980746
    outer loop
      vertex -48 1.30608 16.0906
      vertex -45.6 1.4472 16.0625
      vertex -45.6 1.30608 16.0906
    endloop
  endfacet
  facet normal -0 -0.195287 -0.980746
    outer loop
      vertex -45.6 1.4472 16.0625
      vertex -48 1.30608 16.0906
      vertex -48 1.4472 16.0625
    endloop
  endfacet
  facet normal 0 -0.0653289 0.997864
    outer loop
      vertex -48 1.30608 13.9094
      vertex -45.6 1.1625 13.9
      vertex -45.6 1.30608 13.9094
    endloop
  endfacet
  facet normal 0 -0.0653289 0.997864
    outer loop
      vertex -45.6 1.1625 13.9
      vertex -48 1.30608 13.9094
      vertex -48 1.1625 13.9
    endloop
  endfacet
  facet normal 0 -0.659458 0.751741
    outer loop
      vertex -48 1.94032 14.2222
      vertex -45.6 1.83214 14.1273
      vertex -45.6 1.94032 14.2222
    endloop
  endfacet
  facet normal 0 -0.659458 0.751741
    outer loop
      vertex -45.6 1.83214 14.1273
      vertex -48 1.94032 14.2222
      vertex -48 1.83214 14.1273
    endloop
  endfacet
  facet normal 0 -0.99786 0.065389
    outer loop
      vertex -48 2.25309 14.8564
      vertex -45.6 2.2625 15
      vertex -48 2.2625 15
    endloop
  endfacet
  facet normal 0 -0.99786 0.065389
    outer loop
      vertex -45.6 2.2625 15
      vertex -48 2.25309 14.8564
      vertex -45.6 2.25309 14.8564
    endloop
  endfacet
  facet normal 0 0.321122 -0.947038
    outer loop
      vertex -48 0.741548 16.0163
      vertex -45.6 0.877799 16.0625
      vertex -45.6 0.741548 16.0163
    endloop
  endfacet
  facet normal 0 0.321122 -0.947038
    outer loop
      vertex -45.6 0.877799 16.0625
      vertex -48 0.741548 16.0163
      vertex -48 0.877799 16.0625
    endloop
  endfacet
  facet normal 0 0.980779 -0.195123
    outer loop
      vertex -45.6 0.0719099 15.1436
      vertex -48 0.0999813 15.2847
      vertex -45.6 0.0999813 15.2847
    endloop
  endfacet
  facet normal 0 0.980779 -0.195123
    outer loop
      vertex -48 0.0999813 15.2847
      vertex -45.6 0.0719099 15.1436
      vertex -48 0.0719099 15.1436
    endloop
  endfacet
  facet normal 0 -0.321124 -0.947037
    outer loop
      vertex -48 1.4472 16.0625
      vertex -45.6 1.58345 16.0163
      vertex -45.6 1.4472 16.0625
    endloop
  endfacet
  facet normal -0 -0.321124 -0.947037
    outer loop
      vertex -45.6 1.58345 16.0163
      vertex -48 1.4472 16.0625
      vertex -48 1.58345 16.0163
    endloop
  endfacet
  facet normal 0 -0.659458 -0.751741
    outer loop
      vertex -48 1.83214 15.8727
      vertex -45.6 1.94032 15.7778
      vertex -45.6 1.83214 15.8727
    endloop
  endfacet
  facet normal -0 -0.659458 -0.751741
    outer loop
      vertex -45.6 1.94032 15.7778
      vertex -48 1.83214 15.8727
      vertex -48 1.94032 15.7778
    endloop
  endfacet
  facet normal 0 -0.442622 -0.896708
    outer loop
      vertex -48 1.58345 16.0163
      vertex -45.6 1.7125 15.9526
      vertex -45.6 1.58345 16.0163
    endloop
  endfacet
  facet normal -0 -0.442622 -0.896708
    outer loop
      vertex -45.6 1.7125 15.9526
      vertex -48 1.58345 16.0163
      vertex -48 1.7125 15.9526
    endloop
  endfacet
  facet normal 0 -0.946967 -0.32133
    outer loop
      vertex -48 2.22502 15.2847
      vertex -45.6 2.17877 15.421
      vertex -48 2.17877 15.421
    endloop
  endfacet
  facet normal 0 -0.946967 -0.32133
    outer loop
      vertex -45.6 2.17877 15.421
      vertex -48 2.22502 15.2847
      vertex -45.6 2.22502 15.2847
    endloop
  endfacet
  facet normal 0 -0.99786 -0.065389
    outer loop
      vertex -48 2.2625 15
      vertex -45.6 2.25309 15.1436
      vertex -48 2.25309 15.1436
    endloop
  endfacet
  facet normal 0 -0.99786 -0.065389
    outer loop
      vertex -45.6 2.25309 15.1436
      vertex -48 2.2625 15
      vertex -45.6 2.2625 15
    endloop
  endfacet
  facet normal 0 -0.896806 -0.442424
    outer loop
      vertex -48 2.17877 15.421
      vertex -45.6 2.11513 15.55
      vertex -48 2.11513 15.55
    endloop
  endfacet
  facet normal 0 -0.896806 -0.442424
    outer loop
      vertex -45.6 2.11513 15.55
      vertex -48 2.17877 15.421
      vertex -45.6 2.17877 15.421
    endloop
  endfacet
  facet normal 0 -0.751905 -0.659272
    outer loop
      vertex -48 2.03519 15.6696
      vertex -45.6 1.94032 15.7778
      vertex -48 1.94032 15.7778
    endloop
  endfacet
  facet normal 0 -0.751905 -0.659272
    outer loop
      vertex -45.6 1.94032 15.7778
      vertex -48 2.03519 15.6696
      vertex -45.6 2.03519 15.6696
    endloop
  endfacet
  facet normal 0 -0.321124 0.947037
    outer loop
      vertex -48 1.58345 13.9837
      vertex -45.6 1.4472 13.9375
      vertex -45.6 1.58345 13.9837
    endloop
  endfacet
  facet normal 0 -0.321124 0.947037
    outer loop
      vertex -45.6 1.4472 13.9375
      vertex -48 1.58345 13.9837
      vertex -48 1.4472 13.9375
    endloop
  endfacet
  facet normal 0 -0.896806 0.442424
    outer loop
      vertex -48 2.11513 14.45
      vertex -45.6 2.17877 14.579
      vertex -48 2.17877 14.579
    endloop
  endfacet
  facet normal 0 -0.896806 0.442424
    outer loop
      vertex -45.6 2.17877 14.579
      vertex -48 2.11513 14.45
      vertex -45.6 2.11513 14.45
    endloop
  endfacet
  facet normal 0 0.442624 -0.896707
    outer loop
      vertex -48 0.612499 15.9526
      vertex -45.6 0.741548 16.0163
      vertex -45.6 0.612499 15.9526
    endloop
  endfacet
  facet normal 0 0.442624 -0.896707
    outer loop
      vertex -45.6 0.741548 16.0163
      vertex -48 0.612499 15.9526
      vertex -48 0.741548 16.0163
    endloop
  endfacet
  facet normal -0 0.442624 0.896707
    outer loop
      vertex -48 0.741548 13.9837
      vertex -45.6 0.612499 14.0474
      vertex -45.6 0.741548 13.9837
    endloop
  endfacet
  facet normal 0 0.442624 0.896707
    outer loop
      vertex -45.6 0.612499 14.0474
      vertex -48 0.741548 13.9837
      vertex -48 0.612499 14.0474
    endloop
  endfacet
  facet normal -0 0.321122 0.947038
    outer loop
      vertex -48 0.877799 13.9375
      vertex -45.6 0.741548 13.9837
      vertex -45.6 0.877799 13.9375
    endloop
  endfacet
  facet normal 0 0.321122 0.947038
    outer loop
      vertex -45.6 0.741548 13.9837
      vertex -48 0.877799 13.9375
      vertex -48 0.741548 13.9837
    endloop
  endfacet
  facet normal -0 0.659458 0.751741
    outer loop
      vertex -48 0.492862 14.1273
      vertex -45.6 0.384682 14.2222
      vertex -45.6 0.492862 14.1273
    endloop
  endfacet
  facet normal 0 0.659458 0.751741
    outer loop
      vertex -45.6 0.384682 14.2222
      vertex -48 0.492862 14.1273
      vertex -48 0.384682 14.2222
    endloop
  endfacet
  facet normal 0 0.99786 -0.0653883
    outer loop
      vertex -45.6 0.0625 15
      vertex -48 0.0719099 15.1436
      vertex -45.6 0.0719099 15.1436
    endloop
  endfacet
  facet normal 0 0.99786 -0.0653883
    outer loop
      vertex -48 0.0719099 15.1436
      vertex -45.6 0.0625 15
      vertex -48 0.0625 15
    endloop
  endfacet
  facet normal 0 -0.555374 -0.831601
    outer loop
      vertex -48 1.7125 15.9526
      vertex -45.6 1.83214 15.8727
      vertex -45.6 1.7125 15.9526
    endloop
  endfacet
  facet normal -0 -0.555374 -0.831601
    outer loop
      vertex -45.6 1.83214 15.8727
      vertex -48 1.7125 15.9526
      vertex -48 1.83214 15.8727
    endloop
  endfacet
  facet normal 0 -0.980781 -0.195113
    outer loop
      vertex -48 2.25309 15.1436
      vertex -45.6 2.22502 15.2847
      vertex -48 2.22502 15.2847
    endloop
  endfacet
  facet normal 0 -0.980781 -0.195113
    outer loop
      vertex -45.6 2.22502 15.2847
      vertex -48 2.25309 15.1436
      vertex -45.6 2.25309 15.1436
    endloop
  endfacet
  facet normal 0 -0.831387 -0.555694
    outer loop
      vertex -48 2.11513 15.55
      vertex -45.6 2.03519 15.6696
      vertex -48 2.03519 15.6696
    endloop
  endfacet
  facet normal 0 -0.831387 -0.555694
    outer loop
      vertex -45.6 2.03519 15.6696
      vertex -48 2.11513 15.55
      vertex -45.6 2.11513 15.55
    endloop
  endfacet
  facet normal 0 -0.555374 0.831601
    outer loop
      vertex -48 1.83214 14.1273
      vertex -45.6 1.7125 14.0474
      vertex -45.6 1.83214 14.1273
    endloop
  endfacet
  facet normal 0 -0.555374 0.831601
    outer loop
      vertex -45.6 1.7125 14.0474
      vertex -48 1.83214 14.1273
      vertex -48 1.7125 14.0474
    endloop
  endfacet
  facet normal 0 -0.442622 0.896708
    outer loop
      vertex -48 1.7125 14.0474
      vertex -45.6 1.58345 13.9837
      vertex -45.6 1.7125 14.0474
    endloop
  endfacet
  facet normal 0 -0.442622 0.896708
    outer loop
      vertex -45.6 1.58345 13.9837
      vertex -48 1.7125 14.0474
      vertex -48 1.58345 13.9837
    endloop
  endfacet
  facet normal 0 -0.195287 0.980746
    outer loop
      vertex -48 1.4472 13.9375
      vertex -45.6 1.30608 13.9094
      vertex -45.6 1.4472 13.9375
    endloop
  endfacet
  facet normal 0 -0.195287 0.980746
    outer loop
      vertex -45.6 1.30608 13.9094
      vertex -48 1.4472 13.9375
      vertex -48 1.30608 13.9094
    endloop
  endfacet
  facet normal 0 -0.831387 0.555694
    outer loop
      vertex -48 2.03519 14.3304
      vertex -45.6 2.11513 14.45
      vertex -48 2.11513 14.45
    endloop
  endfacet
  facet normal 0 -0.831387 0.555694
    outer loop
      vertex -45.6 2.11513 14.45
      vertex -48 2.03519 14.3304
      vertex -45.6 2.03519 14.3304
    endloop
  endfacet
  facet normal 0 -0.751905 0.659272
    outer loop
      vertex -48 1.94032 14.2222
      vertex -45.6 2.03519 14.3304
      vertex -48 2.03519 14.3304
    endloop
  endfacet
  facet normal 0 -0.751905 0.659272
    outer loop
      vertex -45.6 2.03519 14.3304
      vertex -48 1.94032 14.2222
      vertex -45.6 1.94032 14.2222
    endloop
  endfacet
  facet normal 0 -0.980781 0.195113
    outer loop
      vertex -48 2.22502 14.7153
      vertex -45.6 2.25309 14.8564
      vertex -48 2.25309 14.8564
    endloop
  endfacet
  facet normal 0 -0.980781 0.195113
    outer loop
      vertex -45.6 2.25309 14.8564
      vertex -48 2.22502 14.7153
      vertex -45.6 2.22502 14.7153
    endloop
  endfacet
  facet normal 0 -0.946967 0.32133
    outer loop
      vertex -48 2.17877 14.579
      vertex -45.6 2.22502 14.7153
      vertex -48 2.22502 14.7153
    endloop
  endfacet
  facet normal 0 -0.946967 0.32133
    outer loop
      vertex -45.6 2.22502 14.7153
      vertex -48 2.17877 14.579
      vertex -45.6 2.17877 14.579
    endloop
  endfacet
  facet normal 0 0.555383 -0.831594
    outer loop
      vertex -48 0.492862 15.8727
      vertex -45.6 0.612499 15.9526
      vertex -45.6 0.492862 15.8727
    endloop
  endfacet
  facet normal 0 0.555383 -0.831594
    outer loop
      vertex -45.6 0.612499 15.9526
      vertex -48 0.492862 15.8727
      vertex -48 0.612499 15.9526
    endloop
  endfacet
  facet normal 0 0.195286 -0.980746
    outer loop
      vertex -48 0.877799 16.0625
      vertex -45.6 1.01892 16.0906
      vertex -45.6 0.877799 16.0625
    endloop
  endfacet
  facet normal 0 0.195286 -0.980746
    outer loop
      vertex -45.6 1.01892 16.0906
      vertex -48 0.877799 16.0625
      vertex -48 1.01892 16.0906
    endloop
  endfacet
  facet normal 0 0.0653289 -0.997864
    outer loop
      vertex -48 1.01892 16.0906
      vertex -45.6 1.1625 16.1
      vertex -45.6 1.01892 16.0906
    endloop
  endfacet
  facet normal 0 0.0653289 -0.997864
    outer loop
      vertex -45.6 1.1625 16.1
      vertex -48 1.01892 16.0906
      vertex -48 1.1625 16.1
    endloop
  endfacet
  facet normal 0 0.896809 0.442419
    outer loop
      vertex -45.6 0.209871 14.45
      vertex -48 0.146232 14.579
      vertex -45.6 0.146232 14.579
    endloop
  endfacet
  facet normal 0 0.896809 0.442419
    outer loop
      vertex -48 0.146232 14.579
      vertex -45.6 0.209871 14.45
      vertex -48 0.209871 14.45
    endloop
  endfacet
  facet normal -0 0.555383 0.831594
    outer loop
      vertex -48 0.612499 14.0474
      vertex -45.6 0.492862 14.1273
      vertex -45.6 0.612499 14.0474
    endloop
  endfacet
  facet normal 0 0.555383 0.831594
    outer loop
      vertex -45.6 0.492862 14.1273
      vertex -48 0.612499 14.0474
      vertex -48 0.492862 14.1273
    endloop
  endfacet
  facet normal -0 0.195286 0.980746
    outer loop
      vertex -48 1.01892 13.9094
      vertex -45.6 0.877799 13.9375
      vertex -45.6 1.01892 13.9094
    endloop
  endfacet
  facet normal 0 0.195286 0.980746
    outer loop
      vertex -45.6 0.877799 13.9375
      vertex -48 1.01892 13.9094
      vertex -48 0.877799 13.9375
    endloop
  endfacet
  facet normal -0 0.0653289 0.997864
    outer loop
      vertex -48 1.1625 13.9
      vertex -45.6 1.01892 13.9094
      vertex -45.6 1.1625 13.9
    endloop
  endfacet
  facet normal 0 0.0653289 0.997864
    outer loop
      vertex -45.6 1.01892 13.9094
      vertex -48 1.1625 13.9
      vertex -48 1.01892 13.9094
    endloop
  endfacet
  facet normal 0 0.659458 -0.751741
    outer loop
      vertex -48 0.384682 15.7778
      vertex -45.6 0.492862 15.8727
      vertex -45.6 0.384682 15.7778
    endloop
  endfacet
  facet normal 0 0.659458 -0.751741
    outer loop
      vertex -45.6 0.492862 15.8727
      vertex -48 0.384682 15.7778
      vertex -48 0.492862 15.8727
    endloop
  endfacet
  facet normal 0 0.831387 -0.555694
    outer loop
      vertex -45.6 0.209871 15.55
      vertex -48 0.289811 15.6696
      vertex -45.6 0.289811 15.6696
    endloop
  endfacet
  facet normal 0 0.831387 -0.555694
    outer loop
      vertex -48 0.289811 15.6696
      vertex -45.6 0.209871 15.55
      vertex -48 0.209871 15.55
    endloop
  endfacet
  facet normal 0 0.946966 -0.321334
    outer loop
      vertex -45.6 0.0999813 15.2847
      vertex -48 0.146232 15.421
      vertex -45.6 0.146232 15.421
    endloop
  endfacet
  facet normal 0 0.946966 -0.321334
    outer loop
      vertex -48 0.146232 15.421
      vertex -45.6 0.0999813 15.2847
      vertex -48 0.0999813 15.2847
    endloop
  endfacet
  facet normal 0 0.896809 -0.442419
    outer loop
      vertex -45.6 0.146232 15.421
      vertex -48 0.209871 15.55
      vertex -45.6 0.209871 15.55
    endloop
  endfacet
  facet normal 0 0.896809 -0.442419
    outer loop
      vertex -48 0.209871 15.55
      vertex -45.6 0.146232 15.421
      vertex -48 0.146232 15.421
    endloop
  endfacet
  facet normal 0 0.946966 0.321334
    outer loop
      vertex -45.6 0.146232 14.579
      vertex -48 0.0999813 14.7153
      vertex -45.6 0.0999813 14.7153
    endloop
  endfacet
  facet normal 0 0.946966 0.321334
    outer loop
      vertex -48 0.0999813 14.7153
      vertex -45.6 0.146232 14.579
      vertex -48 0.146232 14.579
    endloop
  endfacet
  facet normal 0 0.980779 0.195123
    outer loop
      vertex -45.6 0.0999813 14.7153
      vertex -48 0.0719099 14.8564
      vertex -45.6 0.0719099 14.8564
    endloop
  endfacet
  facet normal 0 0.980779 0.195123
    outer loop
      vertex -48 0.0719099 14.8564
      vertex -45.6 0.0999813 14.7153
      vertex -48 0.0999813 14.7153
    endloop
  endfacet
  facet normal 0 0.99786 0.0653883
    outer loop
      vertex -45.6 0.0719099 14.8564
      vertex -48 0.0625 15
      vertex -45.6 0.0625 15
    endloop
  endfacet
  facet normal 0 0.99786 0.0653883
    outer loop
      vertex -48 0.0625 15
      vertex -45.6 0.0719099 14.8564
      vertex -48 0.0719099 14.8564
    endloop
  endfacet
  facet normal 0 0.831387 0.555694
    outer loop
      vertex -45.6 0.289811 14.3304
      vertex -48 0.209871 14.45
      vertex -45.6 0.209871 14.45
    endloop
  endfacet
  facet normal 0 0.831387 0.555694
    outer loop
      vertex -48 0.209871 14.45
      vertex -45.6 0.289811 14.3304
      vertex -48 0.289811 14.3304
    endloop
  endfacet
  facet normal 0 0.751901 -0.659276
    outer loop
      vertex -45.6 0.289811 15.6696
      vertex -48 0.384682 15.7778
      vertex -45.6 0.384682 15.7778
    endloop
  endfacet
  facet normal 0 0.751901 -0.659276
    outer loop
      vertex -48 0.384682 15.7778
      vertex -45.6 0.289811 15.6696
      vertex -48 0.289811 15.6696
    endloop
  endfacet
  facet normal 0 0.751901 0.659276
    outer loop
      vertex -45.6 0.384682 14.2222
      vertex -48 0.289811 14.3304
      vertex -45.6 0.289811 14.3304
    endloop
  endfacet
  facet normal 0 0.751901 0.659276
    outer loop
      vertex -48 0.289811 14.3304
      vertex -45.6 0.384682 14.2222
      vertex -48 0.384682 14.2222
    endloop
  endfacet
  facet normal 0 -0.0653981 -0.997859
    outer loop
      vertex -48 7.1625 6.1
      vertex -45.6 7.30608 6.09059
      vertex -45.6 7.1625 6.1
    endloop
  endfacet
  facet normal -0 -0.0653981 -0.997859
    outer loop
      vertex -45.6 7.30608 6.09059
      vertex -48 7.1625 6.1
      vertex -48 7.30608 6.09059
    endloop
  endfacet
  facet normal 0 -0.195087 -0.980786
    outer loop
      vertex -48 7.30608 6.09059
      vertex -45.6 7.4472 6.06252
      vertex -45.6 7.30608 6.09059
    endloop
  endfacet
  facet normal -0 -0.195087 -0.980786
    outer loop
      vertex -45.6 7.4472 6.06252
      vertex -48 7.30608 6.09059
      vertex -48 7.4472 6.06252
    endloop
  endfacet
  facet normal 0 -0.0653981 0.997859
    outer loop
      vertex -48 7.30608 3.90941
      vertex -45.6 7.1625 3.9
      vertex -45.6 7.30608 3.90941
    endloop
  endfacet
  facet normal 0 -0.0653981 0.997859
    outer loop
      vertex -45.6 7.1625 3.9
      vertex -48 7.30608 3.90941
      vertex -48 7.1625 3.9
    endloop
  endfacet
  facet normal 0 -0.659341 0.751844
    outer loop
      vertex -48 7.94032 4.22218
      vertex -45.6 7.83214 4.12731
      vertex -45.6 7.94032 4.22218
    endloop
  endfacet
  facet normal 0 -0.659341 0.751844
    outer loop
      vertex -45.6 7.83214 4.12731
      vertex -48 7.94032 4.22218
      vertex -48 7.83214 4.12731
    endloop
  endfacet
  facet normal 0 -0.997859 0.0653981
    outer loop
      vertex -48 8.25309 4.85642
      vertex -45.6 8.2625 5
      vertex -48 8.2625 5
    endloop
  endfacet
  facet normal 0 -0.997859 0.0653981
    outer loop
      vertex -45.6 8.2625 5
      vertex -48 8.25309 4.85642
      vertex -45.6 8.25309 4.85642
    endloop
  endfacet
  facet normal 0 0.321435 -0.946931
    outer loop
      vertex -48 6.74155 6.01627
      vertex -45.6 6.8778 6.06252
      vertex -45.6 6.74155 6.01627
    endloop
  endfacet
  facet normal 0 0.321435 -0.946931
    outer loop
      vertex -45.6 6.8778 6.06252
      vertex -48 6.74155 6.01627
      vertex -48 6.8778 6.06252
    endloop
  endfacet
  facet normal 0 0.980786 -0.195087
    outer loop
      vertex -45.6 6.07191 5.14358
      vertex -48 6.09998 5.2847
      vertex -45.6 6.09998 5.2847
    endloop
  endfacet
  facet normal 0 0.980786 -0.195087
    outer loop
      vertex -48 6.09998 5.2847
      vertex -45.6 6.07191 5.14358
      vertex -48 6.07191 5.14358
    endloop
  endfacet
  facet normal 0 -0.321435 -0.946931
    outer loop
      vertex -48 7.4472 6.06252
      vertex -45.6 7.58345 6.01627
      vertex -45.6 7.4472 6.06252
    endloop
  endfacet
  facet normal -0 -0.321435 -0.946931
    outer loop
      vertex -45.6 7.58345 6.01627
      vertex -48 7.4472 6.06252
      vertex -48 7.58345 6.01627
    endloop
  endfacet
  facet normal 0 -0.659341 -0.751844
    outer loop
      vertex -48 7.83214 5.87269
      vertex -45.6 7.94032 5.77782
      vertex -45.6 7.83214 5.87269
    endloop
  endfacet
  facet normal -0 -0.659341 -0.751844
    outer loop
      vertex -45.6 7.94032 5.77782
      vertex -48 7.83214 5.87269
      vertex -48 7.94032 5.77782
    endloop
  endfacet
  facet normal 0 -0.442286 -0.896874
    outer loop
      vertex -48 7.58345 6.01627
      vertex -45.6 7.7125 5.95263
      vertex -45.6 7.58345 6.01627
    endloop
  endfacet
  facet normal -0 -0.442286 -0.896874
    outer loop
      vertex -45.6 7.7125 5.95263
      vertex -48 7.58345 6.01627
      vertex -48 7.7125 5.95263
    endloop
  endfacet
  facet normal 0 -0.946931 -0.321435
    outer loop
      vertex -48 8.22502 5.2847
      vertex -45.6 8.17877 5.42095
      vertex -48 8.17877 5.42095
    endloop
  endfacet
  facet normal 0 -0.946931 -0.321435
    outer loop
      vertex -45.6 8.17877 5.42095
      vertex -48 8.22502 5.2847
      vertex -45.6 8.22502 5.2847
    endloop
  endfacet
  facet normal 0 -0.997859 -0.0653981
    outer loop
      vertex -48 8.2625 5
      vertex -45.6 8.25309 5.14358
      vertex -48 8.25309 5.14358
    endloop
  endfacet
  facet normal 0 -0.997859 -0.0653981
    outer loop
      vertex -45.6 8.25309 5.14358
      vertex -48 8.2625 5
      vertex -45.6 8.2625 5
    endloop
  endfacet
  facet normal 0 -0.896874 -0.442286
    outer loop
      vertex -48 8.17877 5.42095
      vertex -45.6 8.11513 5.55
      vertex -48 8.11513 5.55
    endloop
  endfacet
  facet normal 0 -0.896874 -0.442286
    outer loop
      vertex -45.6 8.11513 5.55
      vertex -48 8.17877 5.42095
      vertex -45.6 8.17877 5.42095
    endloop
  endfacet
  facet normal 0 -0.751844 -0.659341
    outer loop
      vertex -48 8.03519 5.66964
      vertex -45.6 7.94032 5.77782
      vertex -48 7.94032 5.77782
    endloop
  endfacet
  facet normal 0 -0.751844 -0.659341
    outer loop
      vertex -45.6 7.94032 5.77782
      vertex -48 8.03519 5.66964
      vertex -45.6 8.03519 5.66964
    endloop
  endfacet
  facet normal 0 -0.321435 0.946931
    outer loop
      vertex -48 7.58345 3.98373
      vertex -45.6 7.4472 3.93748
      vertex -45.6 7.58345 3.98373
    endloop
  endfacet
  facet normal 0 -0.321435 0.946931
    outer loop
      vertex -45.6 7.4472 3.93748
      vertex -48 7.58345 3.98373
      vertex -48 7.4472 3.93748
    endloop
  endfacet
  facet normal 0 -0.896874 0.442286
    outer loop
      vertex -48 8.11513 4.45
      vertex -45.6 8.17877 4.57905
      vertex -48 8.17877 4.57905
    endloop
  endfacet
  facet normal 0 -0.896874 0.442286
    outer loop
      vertex -45.6 8.17877 4.57905
      vertex -48 8.11513 4.45
      vertex -45.6 8.11513 4.45
    endloop
  endfacet
  facet normal 0 0.442286 -0.896874
    outer loop
      vertex -48 6.6125 5.95263
      vertex -45.6 6.74155 6.01627
      vertex -45.6 6.6125 5.95263
    endloop
  endfacet
  facet normal 0 0.442286 -0.896874
    outer loop
      vertex -45.6 6.74155 6.01627
      vertex -48 6.6125 5.95263
      vertex -48 6.74155 6.01627
    endloop
  endfacet
  facet normal -0 0.442286 0.896874
    outer loop
      vertex -48 6.74155 3.98373
      vertex -45.6 6.6125 4.04737
      vertex -45.6 6.74155 3.98373
    endloop
  endfacet
  facet normal 0 0.442286 0.896874
    outer loop
      vertex -45.6 6.6125 4.04737
      vertex -48 6.74155 3.98373
      vertex -48 6.6125 4.04737
    endloop
  endfacet
  facet normal -0 0.321435 0.946931
    outer loop
      vertex -48 6.8778 3.93748
      vertex -45.6 6.74155 3.98373
      vertex -45.6 6.8778 3.93748
    endloop
  endfacet
  facet normal 0 0.321435 0.946931
    outer loop
      vertex -45.6 6.74155 3.98373
      vertex -48 6.8778 3.93748
      vertex -48 6.74155 3.98373
    endloop
  endfacet
  facet normal -0 0.659341 0.751844
    outer loop
      vertex -48 6.49286 4.12731
      vertex -45.6 6.38468 4.22218
      vertex -45.6 6.49286 4.12731
    endloop
  endfacet
  facet normal 0 0.659341 0.751844
    outer loop
      vertex -45.6 6.38468 4.22218
      vertex -48 6.49286 4.12731
      vertex -48 6.38468 4.22218
    endloop
  endfacet
  facet normal 0 0.997859 -0.0653981
    outer loop
      vertex -45.6 6.0625 5
      vertex -48 6.07191 5.14358
      vertex -45.6 6.07191 5.14358
    endloop
  endfacet
  facet normal 0 0.997859 -0.0653981
    outer loop
      vertex -48 6.07191 5.14358
      vertex -45.6 6.0625 5
      vertex -48 6.0625 5
    endloop
  endfacet
  facet normal 0 -0.555566 -0.831472
    outer loop
      vertex -48 7.7125 5.95263
      vertex -45.6 7.83214 5.87269
      vertex -45.6 7.7125 5.95263
    endloop
  endfacet
  facet normal -0 -0.555566 -0.831472
    outer loop
      vertex -45.6 7.83214 5.87269
      vertex -48 7.7125 5.95263
      vertex -48 7.83214 5.87269
    endloop
  endfacet
  facet normal 0 -0.980786 -0.195087
    outer loop
      vertex -48 8.25309 5.14358
      vertex -45.6 8.22502 5.2847
      vertex -48 8.22502 5.2847
    endloop
  endfacet
  facet normal 0 -0.980786 -0.195087
    outer loop
      vertex -45.6 8.22502 5.2847
      vertex -48 8.25309 5.14358
      vertex -45.6 8.25309 5.14358
    endloop
  endfacet
  facet normal 0 -0.831472 -0.555566
    outer loop
      vertex -48 8.11513 5.55
      vertex -45.6 8.03519 5.66964
      vertex -48 8.03519 5.66964
    endloop
  endfacet
  facet normal 0 -0.831472 -0.555566
    outer loop
      vertex -45.6 8.03519 5.66964
      vertex -48 8.11513 5.55
      vertex -45.6 8.11513 5.55
    endloop
  endfacet
  facet normal 0 -0.555566 0.831472
    outer loop
      vertex -48 7.83214 4.12731
      vertex -45.6 7.7125 4.04737
      vertex -45.6 7.83214 4.12731
    endloop
  endfacet
  facet normal 0 -0.555566 0.831472
    outer loop
      vertex -45.6 7.7125 4.04737
      vertex -48 7.83214 4.12731
      vertex -48 7.7125 4.04737
    endloop
  endfacet
  facet normal 0 -0.442286 0.896874
    outer loop
      vertex -48 7.7125 4.04737
      vertex -45.6 7.58345 3.98373
      vertex -45.6 7.7125 4.04737
    endloop
  endfacet
  facet normal 0 -0.442286 0.896874
    outer loop
      vertex -45.6 7.58345 3.98373
      vertex -48 7.7125 4.04737
      vertex -48 7.58345 3.98373
    endloop
  endfacet
  facet normal 0 -0.195087 0.980786
    outer loop
      vertex -48 7.4472 3.93748
      vertex -45.6 7.30608 3.90941
      vertex -45.6 7.4472 3.93748
    endloop
  endfacet
  facet normal 0 -0.195087 0.980786
    outer loop
      vertex -45.6 7.30608 3.90941
      vertex -48 7.4472 3.93748
      vertex -48 7.30608 3.90941
    endloop
  endfacet
  facet normal 0 -0.831472 0.555566
    outer loop
      vertex -48 8.03519 4.33036
      vertex -45.6 8.11513 4.45
      vertex -48 8.11513 4.45
    endloop
  endfacet
  facet normal 0 -0.831472 0.555566
    outer loop
      vertex -45.6 8.11513 4.45
      vertex -48 8.03519 4.33036
      vertex -45.6 8.03519 4.33036
    endloop
  endfacet
  facet normal 0 -0.751844 0.659341
    outer loop
      vertex -48 7.94032 4.22218
      vertex -45.6 8.03519 4.33036
      vertex -48 8.03519 4.33036
    endloop
  endfacet
  facet normal 0 -0.751844 0.659341
    outer loop
      vertex -45.6 8.03519 4.33036
      vertex -48 7.94032 4.22218
      vertex -45.6 7.94032 4.22218
    endloop
  endfacet
  facet normal 0 -0.980786 0.195087
    outer loop
      vertex -48 8.22502 4.7153
      vertex -45.6 8.25309 4.85642
      vertex -48 8.25309 4.85642
    endloop
  endfacet
  facet normal 0 -0.980786 0.195087
    outer loop
      vertex -45.6 8.25309 4.85642
      vertex -48 8.22502 4.7153
      vertex -45.6 8.22502 4.7153
    endloop
  endfacet
  facet normal 0 -0.946931 0.321435
    outer loop
      vertex -48 8.17877 4.57905
      vertex -45.6 8.22502 4.7153
      vertex -48 8.22502 4.7153
    endloop
  endfacet
  facet normal 0 -0.946931 0.321435
    outer loop
      vertex -45.6 8.22502 4.7153
      vertex -48 8.17877 4.57905
      vertex -45.6 8.17877 4.57905
    endloop
  endfacet
  facet normal 0 0.555566 -0.831472
    outer loop
      vertex -48 6.49286 5.87269
      vertex -45.6 6.6125 5.95263
      vertex -45.6 6.49286 5.87269
    endloop
  endfacet
  facet normal 0 0.555566 -0.831472
    outer loop
      vertex -45.6 6.6125 5.95263
      vertex -48 6.49286 5.87269
      vertex -48 6.6125 5.95263
    endloop
  endfacet
  facet normal 0 0.195087 -0.980786
    outer loop
      vertex -48 6.8778 6.06252
      vertex -45.6 7.01892 6.09059
      vertex -45.6 6.8778 6.06252
    endloop
  endfacet
  facet normal 0 0.195087 -0.980786
    outer loop
      vertex -45.6 7.01892 6.09059
      vertex -48 6.8778 6.06252
      vertex -48 7.01892 6.09059
    endloop
  endfacet
  facet normal 0 0.0653981 -0.997859
    outer loop
      vertex -48 7.01892 6.09059
      vertex -45.6 7.1625 6.1
      vertex -45.6 7.01892 6.09059
    endloop
  endfacet
  facet normal 0 0.0653981 -0.997859
    outer loop
      vertex -45.6 7.1625 6.1
      vertex -48 7.01892 6.09059
      vertex -48 7.1625 6.1
    endloop
  endfacet
  facet normal 0 0.896874 0.442286
    outer loop
      vertex -45.6 6.20987 4.45
      vertex -48 6.14623 4.57905
      vertex -45.6 6.14623 4.57905
    endloop
  endfacet
  facet normal 0 0.896874 0.442286
    outer loop
      vertex -48 6.14623 4.57905
      vertex -45.6 6.20987 4.45
      vertex -48 6.20987 4.45
    endloop
  endfacet
  facet normal -0 0.555566 0.831472
    outer loop
      vertex -48 6.6125 4.04737
      vertex -45.6 6.49286 4.12731
      vertex -45.6 6.6125 4.04737
    endloop
  endfacet
  facet normal 0 0.555566 0.831472
    outer loop
      vertex -45.6 6.49286 4.12731
      vertex -48 6.6125 4.04737
      vertex -48 6.49286 4.12731
    endloop
  endfacet
  facet normal -0 0.195087 0.980786
    outer loop
      vertex -48 7.01892 3.90941
      vertex -45.6 6.8778 3.93748
      vertex -45.6 7.01892 3.90941
    endloop
  endfacet
  facet normal 0 0.195087 0.980786
    outer loop
      vertex -45.6 6.8778 3.93748
      vertex -48 7.01892 3.90941
      vertex -48 6.8778 3.93748
    endloop
  endfacet
  facet normal -0 0.0653981 0.997859
    outer loop
      vertex -48 7.1625 3.9
      vertex -45.6 7.01892 3.90941
      vertex -45.6 7.1625 3.9
    endloop
  endfacet
  facet normal 0 0.0653981 0.997859
    outer loop
      vertex -45.6 7.01892 3.90941
      vertex -48 7.1625 3.9
      vertex -48 7.01892 3.90941
    endloop
  endfacet
  facet normal 0 0.659341 -0.751844
    outer loop
      vertex -48 6.38468 5.77782
      vertex -45.6 6.49286 5.87269
      vertex -45.6 6.38468 5.77782
    endloop
  endfacet
  facet normal 0 0.659341 -0.751844
    outer loop
      vertex -45.6 6.49286 5.87269
      vertex -48 6.38468 5.77782
      vertex -48 6.49286 5.87269
    endloop
  endfacet
  facet normal 0 0.831472 -0.555566
    outer loop
      vertex -45.6 6.20987 5.55
      vertex -48 6.28981 5.66964
      vertex -45.6 6.28981 5.66964
    endloop
  endfacet
  facet normal 0 0.831472 -0.555566
    outer loop
      vertex -48 6.28981 5.66964
      vertex -45.6 6.20987 5.55
      vertex -48 6.20987 5.55
    endloop
  endfacet
  facet normal 0 0.946931 -0.321435
    outer loop
      vertex -45.6 6.09998 5.2847
      vertex -48 6.14623 5.42095
      vertex -45.6 6.14623 5.42095
    endloop
  endfacet
  facet normal 0 0.946931 -0.321435
    outer loop
      vertex -48 6.14623 5.42095
      vertex -45.6 6.09998 5.2847
      vertex -48 6.09998 5.2847
    endloop
  endfacet
  facet normal 0 0.896874 -0.442286
    outer loop
      vertex -45.6 6.14623 5.42095
      vertex -48 6.20987 5.55
      vertex -45.6 6.20987 5.55
    endloop
  endfacet
  facet normal 0 0.896874 -0.442286
    outer loop
      vertex -48 6.20987 5.55
      vertex -45.6 6.14623 5.42095
      vertex -48 6.14623 5.42095
    endloop
  endfacet
  facet normal 0 0.946931 0.321435
    outer loop
      vertex -45.6 6.14623 4.57905
      vertex -48 6.09998 4.7153
      vertex -45.6 6.09998 4.7153
    endloop
  endfacet
  facet normal 0 0.946931 0.321435
    outer loop
      vertex -48 6.09998 4.7153
      vertex -45.6 6.14623 4.57905
      vertex -48 6.14623 4.57905
    endloop
  endfacet
  facet normal 0 0.980786 0.195087
    outer loop
      vertex -45.6 6.09998 4.7153
      vertex -48 6.07191 4.85642
      vertex -45.6 6.07191 4.85642
    endloop
  endfacet
  facet normal 0 0.980786 0.195087
    outer loop
      vertex -48 6.07191 4.85642
      vertex -45.6 6.09998 4.7153
      vertex -48 6.09998 4.7153
    endloop
  endfacet
  facet normal 0 0.997859 0.0653981
    outer loop
      vertex -45.6 6.07191 4.85642
      vertex -48 6.0625 5
      vertex -45.6 6.0625 5
    endloop
  endfacet
  facet normal 0 0.997859 0.0653981
    outer loop
      vertex -48 6.0625 5
      vertex -45.6 6.07191 4.85642
      vertex -48 6.07191 4.85642
    endloop
  endfacet
  facet normal 0 0.831472 0.555566
    outer loop
      vertex -45.6 6.28981 4.33036
      vertex -48 6.20987 4.45
      vertex -45.6 6.20987 4.45
    endloop
  endfacet
  facet normal 0 0.831472 0.555566
    outer loop
      vertex -48 6.20987 4.45
      vertex -45.6 6.28981 4.33036
      vertex -48 6.28981 4.33036
    endloop
  endfacet
  facet normal 0 0.751844 -0.659341
    outer loop
      vertex -45.6 6.28981 5.66964
      vertex -48 6.38468 5.77782
      vertex -45.6 6.38468 5.77782
    endloop
  endfacet
  facet normal 0 0.751844 -0.659341
    outer loop
      vertex -48 6.38468 5.77782
      vertex -45.6 6.28981 5.66964
      vertex -48 6.28981 5.66964
    endloop
  endfacet
  facet normal 0 0.751844 0.659341
    outer loop
      vertex -45.6 6.38468 4.22218
      vertex -48 6.28981 4.33036
      vertex -45.6 6.28981 4.33036
    endloop
  endfacet
  facet normal 0 0.751844 0.659341
    outer loop
      vertex -48 6.28981 4.33036
      vertex -45.6 6.38468 4.22218
      vertex -48 6.38468 4.22218
    endloop
  endfacet
  facet normal 0 -0.0653289 -0.997864
    outer loop
      vertex -48 7.1625 11.1
      vertex -45.6 7.30608 11.0906
      vertex -45.6 7.1625 11.1
    endloop
  endfacet
  facet normal -0 -0.0653289 -0.997864
    outer loop
      vertex -45.6 7.30608 11.0906
      vertex -48 7.1625 11.1
      vertex -48 7.30608 11.0906
    endloop
  endfacet
  facet normal 0 -0.946931 0.321435
    outer loop
      vertex -48 8.17877 9.57905
      vertex -45.6 8.22502 9.7153
      vertex -48 8.22502 9.7153
    endloop
  endfacet
  facet normal 0 -0.946931 0.321435
    outer loop
      vertex -45.6 8.22502 9.7153
      vertex -48 8.17877 9.57905
      vertex -45.6 8.17877 9.57905
    endloop
  endfacet
  facet normal 0 -0.442286 0.896874
    outer loop
      vertex -48 7.7125 9.04737
      vertex -45.6 7.58345 8.98373
      vertex -45.6 7.7125 9.04737
    endloop
  endfacet
  facet normal 0 -0.442286 0.896874
    outer loop
      vertex -45.6 7.58345 8.98373
      vertex -48 7.7125 9.04737
      vertex -48 7.58345 8.98373
    endloop
  endfacet
  facet normal 0 0.0653289 -0.997864
    outer loop
      vertex -48 7.01892 11.0906
      vertex -45.6 7.1625 11.1
      vertex -45.6 7.01892 11.0906
    endloop
  endfacet
  facet normal 0 0.0653289 -0.997864
    outer loop
      vertex -45.6 7.1625 11.1
      vertex -48 7.01892 11.0906
      vertex -48 7.1625 11.1
    endloop
  endfacet
  facet normal 0 0.896806 -0.442424
    outer loop
      vertex -45.6 6.14623 10.421
      vertex -48 6.20987 10.55
      vertex -45.6 6.20987 10.55
    endloop
  endfacet
  facet normal 0 0.896806 -0.442424
    outer loop
      vertex -48 6.20987 10.55
      vertex -45.6 6.14623 10.421
      vertex -48 6.14623 10.421
    endloop
  endfacet
  facet normal 0 -0.195287 -0.980746
    outer loop
      vertex -48 7.30608 11.0906
      vertex -45.6 7.4472 11.0625
      vertex -45.6 7.30608 11.0906
    endloop
  endfacet
  facet normal -0 -0.195287 -0.980746
    outer loop
      vertex -45.6 7.4472 11.0625
      vertex -48 7.30608 11.0906
      vertex -48 7.4472 11.0625
    endloop
  endfacet
  facet normal 0 -0.321124 -0.947037
    outer loop
      vertex -48 7.4472 11.0625
      vertex -45.6 7.58345 11.0163
      vertex -45.6 7.4472 11.0625
    endloop
  endfacet
  facet normal -0 -0.321124 -0.947037
    outer loop
      vertex -45.6 7.58345 11.0163
      vertex -48 7.4472 11.0625
      vertex -48 7.58345 11.0163
    endloop
  endfacet
  facet normal 0 -0.442622 -0.896708
    outer loop
      vertex -48 7.58345 11.0163
      vertex -45.6 7.7125 10.9526
      vertex -45.6 7.58345 11.0163
    endloop
  endfacet
  facet normal -0 -0.442622 -0.896708
    outer loop
      vertex -45.6 7.7125 10.9526
      vertex -48 7.58345 11.0163
      vertex -48 7.7125 10.9526
    endloop
  endfacet
  facet normal 0 -0.99786 -0.065389
    outer loop
      vertex -48 8.2625 10
      vertex -45.6 8.25309 10.1436
      vertex -48 8.25309 10.1436
    endloop
  endfacet
  facet normal 0 -0.99786 -0.065389
    outer loop
      vertex -45.6 8.25309 10.1436
      vertex -48 8.2625 10
      vertex -45.6 8.2625 10
    endloop
  endfacet
  facet normal -0 0.195087 0.980786
    outer loop
      vertex -48 7.01892 8.90941
      vertex -45.6 6.8778 8.93748
      vertex -45.6 7.01892 8.90941
    endloop
  endfacet
  facet normal 0 0.195087 0.980786
    outer loop
      vertex -45.6 6.8778 8.93748
      vertex -48 7.01892 8.90941
      vertex -48 6.8778 8.93748
    endloop
  endfacet
  facet normal 0 -0.659458 -0.751741
    outer loop
      vertex -48 7.83214 10.8727
      vertex -45.6 7.94032 10.7778
      vertex -45.6 7.83214 10.8727
    endloop
  endfacet
  facet normal -0 -0.659458 -0.751741
    outer loop
      vertex -45.6 7.94032 10.7778
      vertex -48 7.83214 10.8727
      vertex -48 7.94032 10.7778
    endloop
  endfacet
  facet normal 0 -0.946967 -0.32133
    outer loop
      vertex -48 8.22502 10.2847
      vertex -45.6 8.17877 10.421
      vertex -48 8.17877 10.421
    endloop
  endfacet
  facet normal 0 -0.946967 -0.32133
    outer loop
      vertex -45.6 8.17877 10.421
      vertex -48 8.22502 10.2847
      vertex -45.6 8.22502 10.2847
    endloop
  endfacet
  facet normal 0 -0.896806 -0.442424
    outer loop
      vertex -48 8.17877 10.421
      vertex -45.6 8.11513 10.55
      vertex -48 8.11513 10.55
    endloop
  endfacet
  facet normal 0 -0.896806 -0.442424
    outer loop
      vertex -45.6 8.11513 10.55
      vertex -48 8.17877 10.421
      vertex -45.6 8.17877 10.421
    endloop
  endfacet
  facet normal 0 -0.0653981 0.997859
    outer loop
      vertex -48 7.30608 8.90941
      vertex -45.6 7.1625 8.9
      vertex -45.6 7.30608 8.90941
    endloop
  endfacet
  facet normal 0 -0.0653981 0.997859
    outer loop
      vertex -45.6 7.1625 8.9
      vertex -48 7.30608 8.90941
      vertex -48 7.1625 8.9
    endloop
  endfacet
  facet normal 0 -0.321435 0.946931
    outer loop
      vertex -48 7.58345 8.98373
      vertex -45.6 7.4472 8.93748
      vertex -45.6 7.58345 8.98373
    endloop
  endfacet
  facet normal 0 -0.321435 0.946931
    outer loop
      vertex -45.6 7.4472 8.93748
      vertex -48 7.58345 8.98373
      vertex -48 7.4472 8.93748
    endloop
  endfacet
  facet normal 0 -0.659341 0.751844
    outer loop
      vertex -48 7.94032 9.22218
      vertex -45.6 7.83214 9.12731
      vertex -45.6 7.94032 9.22218
    endloop
  endfacet
  facet normal 0 -0.659341 0.751844
    outer loop
      vertex -45.6 7.83214 9.12731
      vertex -48 7.94032 9.22218
      vertex -48 7.83214 9.12731
    endloop
  endfacet
  facet normal 0 -0.997859 0.0653981
    outer loop
      vertex -48 8.25309 9.85642
      vertex -45.6 8.2625 10
      vertex -48 8.2625 10
    endloop
  endfacet
  facet normal 0 -0.997859 0.0653981
    outer loop
      vertex -45.6 8.2625 10
      vertex -48 8.25309 9.85642
      vertex -45.6 8.25309 9.85642
    endloop
  endfacet
  facet normal 0 -0.896874 0.442286
    outer loop
      vertex -48 8.11513 9.45
      vertex -45.6 8.17877 9.57905
      vertex -48 8.17877 9.57905
    endloop
  endfacet
  facet normal 0 -0.896874 0.442286
    outer loop
      vertex -45.6 8.17877 9.57905
      vertex -48 8.11513 9.45
      vertex -45.6 8.11513 9.45
    endloop
  endfacet
  facet normal 0 -0.751844 0.659341
    outer loop
      vertex -48 7.94032 9.22218
      vertex -45.6 8.03519 9.33036
      vertex -48 8.03519 9.33036
    endloop
  endfacet
  facet normal 0 -0.751844 0.659341
    outer loop
      vertex -45.6 8.03519 9.33036
      vertex -48 7.94032 9.22218
      vertex -45.6 7.94032 9.22218
    endloop
  endfacet
  facet normal 0 -0.831472 0.555566
    outer loop
      vertex -48 8.03519 9.33036
      vertex -45.6 8.11513 9.45
      vertex -48 8.11513 9.45
    endloop
  endfacet
  facet normal 0 -0.831472 0.555566
    outer loop
      vertex -45.6 8.11513 9.45
      vertex -48 8.03519 9.33036
      vertex -45.6 8.03519 9.33036
    endloop
  endfacet
  facet normal 0 0.321124 -0.947037
    outer loop
      vertex -48 6.74155 11.0163
      vertex -45.6 6.8778 11.0625
      vertex -45.6 6.74155 11.0163
    endloop
  endfacet
  facet normal 0 0.321124 -0.947037
    outer loop
      vertex -45.6 6.8778 11.0625
      vertex -48 6.74155 11.0163
      vertex -48 6.8778 11.0625
    endloop
  endfacet
  facet normal 0 0.195287 -0.980746
    outer loop
      vertex -48 6.8778 11.0625
      vertex -45.6 7.01892 11.0906
      vertex -45.6 6.8778 11.0625
    endloop
  endfacet
  facet normal 0 0.195287 -0.980746
    outer loop
      vertex -45.6 7.01892 11.0906
      vertex -48 6.8778 11.0625
      vertex -48 7.01892 11.0906
    endloop
  endfacet
  facet normal 0 0.555374 -0.831601
    outer loop
      vertex -48 6.49286 10.8727
      vertex -45.6 6.6125 10.9526
      vertex -45.6 6.49286 10.8727
    endloop
  endfacet
  facet normal 0 0.555374 -0.831601
    outer loop
      vertex -45.6 6.6125 10.9526
      vertex -48 6.49286 10.8727
      vertex -48 6.6125 10.9526
    endloop
  endfacet
  facet normal -0 0.659341 0.751844
    outer loop
      vertex -48 6.49286 9.12731
      vertex -45.6 6.38468 9.22218
      vertex -45.6 6.49286 9.12731
    endloop
  endfacet
  facet normal 0 0.659341 0.751844
    outer loop
      vertex -45.6 6.38468 9.22218
      vertex -48 6.49286 9.12731
      vertex -48 6.38468 9.22218
    endloop
  endfacet
  facet normal -0 0.321435 0.946931
    outer loop
      vertex -48 6.8778 8.93748
      vertex -45.6 6.74155 8.98373
      vertex -45.6 6.8778 8.93748
    endloop
  endfacet
  facet normal 0 0.321435 0.946931
    outer loop
      vertex -45.6 6.74155 8.98373
      vertex -48 6.8778 8.93748
      vertex -48 6.74155 8.98373
    endloop
  endfacet
  facet normal 0 0.99786 -0.065389
    outer loop
      vertex -45.6 6.0625 10
      vertex -48 6.07191 10.1436
      vertex -45.6 6.07191 10.1436
    endloop
  endfacet
  facet normal 0 0.99786 -0.065389
    outer loop
      vertex -48 6.07191 10.1436
      vertex -45.6 6.0625 10
      vertex -48 6.0625 10
    endloop
  endfacet
  facet normal 0 0.980781 -0.195113
    outer loop
      vertex -45.6 6.07191 10.1436
      vertex -48 6.09998 10.2847
      vertex -45.6 6.09998 10.2847
    endloop
  endfacet
  facet normal 0 0.980781 -0.195113
    outer loop
      vertex -48 6.09998 10.2847
      vertex -45.6 6.07191 10.1436
      vertex -48 6.07191 10.1436
    endloop
  endfacet
  facet normal 0 -0.555374 -0.831601
    outer loop
      vertex -48 7.7125 10.9526
      vertex -45.6 7.83214 10.8727
      vertex -45.6 7.7125 10.9526
    endloop
  endfacet
  facet normal -0 -0.555374 -0.831601
    outer loop
      vertex -45.6 7.83214 10.8727
      vertex -48 7.7125 10.9526
      vertex -48 7.83214 10.8727
    endloop
  endfacet
  facet normal 0 -0.980781 -0.195113
    outer loop
      vertex -48 8.25309 10.1436
      vertex -45.6 8.22502 10.2847
      vertex -48 8.22502 10.2847
    endloop
  endfacet
  facet normal 0 -0.980781 -0.195113
    outer loop
      vertex -45.6 8.22502 10.2847
      vertex -48 8.25309 10.1436
      vertex -45.6 8.25309 10.1436
    endloop
  endfacet
  facet normal 0 -0.751905 -0.659272
    outer loop
      vertex -48 8.03519 10.6696
      vertex -45.6 7.94032 10.7778
      vertex -48 7.94032 10.7778
    endloop
  endfacet
  facet normal 0 -0.751905 -0.659272
    outer loop
      vertex -45.6 7.94032 10.7778
      vertex -48 8.03519 10.6696
      vertex -45.6 8.03519 10.6696
    endloop
  endfacet
  facet normal 0 -0.831387 -0.555694
    outer loop
      vertex -48 8.11513 10.55
      vertex -45.6 8.03519 10.6696
      vertex -48 8.03519 10.6696
    endloop
  endfacet
  facet normal 0 -0.831387 -0.555694
    outer loop
      vertex -45.6 8.03519 10.6696
      vertex -48 8.11513 10.55
      vertex -45.6 8.11513 10.55
    endloop
  endfacet
  facet normal 0 -0.195087 0.980786
    outer loop
      vertex -48 7.4472 8.93748
      vertex -45.6 7.30608 8.90941
      vertex -45.6 7.4472 8.93748
    endloop
  endfacet
  facet normal 0 -0.195087 0.980786
    outer loop
      vertex -45.6 7.30608 8.90941
      vertex -48 7.4472 8.93748
      vertex -48 7.30608 8.90941
    endloop
  endfacet
  facet normal 0 -0.555566 0.831472
    outer loop
      vertex -48 7.83214 9.12731
      vertex -45.6 7.7125 9.04737
      vertex -45.6 7.83214 9.12731
    endloop
  endfacet
  facet normal 0 -0.555566 0.831472
    outer loop
      vertex -45.6 7.7125 9.04737
      vertex -48 7.83214 9.12731
      vertex -48 7.7125 9.04737
    endloop
  endfacet
  facet normal 0 -0.980786 0.195087
    outer loop
      vertex -48 8.22502 9.7153
      vertex -45.6 8.25309 9.85642
      vertex -48 8.25309 9.85642
    endloop
  endfacet
  facet normal 0 -0.980786 0.195087
    outer loop
      vertex -45.6 8.25309 9.85642
      vertex -48 8.22502 9.7153
      vertex -45.6 8.22502 9.7153
    endloop
  endfacet
  facet normal 0 0.442622 -0.896708
    outer loop
      vertex -48 6.6125 10.9526
      vertex -45.6 6.74155 11.0163
      vertex -45.6 6.6125 10.9526
    endloop
  endfacet
  facet normal 0 0.442622 -0.896708
    outer loop
      vertex -45.6 6.74155 11.0163
      vertex -48 6.6125 10.9526
      vertex -48 6.74155 11.0163
    endloop
  endfacet
  facet normal 0 0.896874 0.442286
    outer loop
      vertex -45.6 6.20987 9.45
      vertex -48 6.14623 9.57905
      vertex -45.6 6.14623 9.57905
    endloop
  endfacet
  facet normal 0 0.896874 0.442286
    outer loop
      vertex -48 6.14623 9.57905
      vertex -45.6 6.20987 9.45
      vertex -48 6.20987 9.45
    endloop
  endfacet
  facet normal -0 0.0653981 0.997859
    outer loop
      vertex -48 7.1625 8.9
      vertex -45.6 7.01892 8.90941
      vertex -45.6 7.1625 8.9
    endloop
  endfacet
  facet normal 0 0.0653981 0.997859
    outer loop
      vertex -45.6 7.01892 8.90941
      vertex -48 7.1625 8.9
      vertex -48 7.01892 8.90941
    endloop
  endfacet
  facet normal -0 0.555566 0.831472
    outer loop
      vertex -48 6.6125 9.04737
      vertex -45.6 6.49286 9.12731
      vertex -45.6 6.6125 9.04737
    endloop
  endfacet
  facet normal 0 0.555566 0.831472
    outer loop
      vertex -45.6 6.49286 9.12731
      vertex -48 6.6125 9.04737
      vertex -48 6.49286 9.12731
    endloop
  endfacet
  facet normal 0 0.946967 -0.32133
    outer loop
      vertex -45.6 6.09998 10.2847
      vertex -48 6.14623 10.421
      vertex -45.6 6.14623 10.421
    endloop
  endfacet
  facet normal 0 0.946967 -0.32133
    outer loop
      vertex -48 6.14623 10.421
      vertex -45.6 6.09998 10.2847
      vertex -48 6.09998 10.2847
    endloop
  endfacet
  facet normal 0 0.659458 -0.751741
    outer loop
      vertex -48 6.38468 10.7778
      vertex -45.6 6.49286 10.8727
      vertex -45.6 6.38468 10.7778
    endloop
  endfacet
  facet normal 0 0.659458 -0.751741
    outer loop
      vertex -45.6 6.49286 10.8727
      vertex -48 6.38468 10.7778
      vertex -48 6.49286 10.8727
    endloop
  endfacet
  facet normal 0 0.997859 0.0653981
    outer loop
      vertex -45.6 6.07191 9.85642
      vertex -48 6.0625 10
      vertex -45.6 6.0625 10
    endloop
  endfacet
  facet normal 0 0.997859 0.0653981
    outer loop
      vertex -48 6.0625 10
      vertex -45.6 6.07191 9.85642
      vertex -48 6.07191 9.85642
    endloop
  endfacet
  facet normal 0 0.946931 0.321435
    outer loop
      vertex -45.6 6.14623 9.57905
      vertex -48 6.09998 9.7153
      vertex -45.6 6.09998 9.7153
    endloop
  endfacet
  facet normal 0 0.946931 0.321435
    outer loop
      vertex -48 6.09998 9.7153
      vertex -45.6 6.14623 9.57905
      vertex -48 6.14623 9.57905
    endloop
  endfacet
  facet normal 0 0.980786 0.195087
    outer loop
      vertex -45.6 6.09998 9.7153
      vertex -48 6.07191 9.85642
      vertex -45.6 6.07191 9.85642
    endloop
  endfacet
  facet normal 0 0.980786 0.195087
    outer loop
      vertex -48 6.07191 9.85642
      vertex -45.6 6.09998 9.7153
      vertex -48 6.09998 9.7153
    endloop
  endfacet
  facet normal 0 0.831472 0.555566
    outer loop
      vertex -45.6 6.28981 9.33036
      vertex -48 6.20987 9.45
      vertex -45.6 6.20987 9.45
    endloop
  endfacet
  facet normal 0 0.831472 0.555566
    outer loop
      vertex -48 6.20987 9.45
      vertex -45.6 6.28981 9.33036
      vertex -48 6.28981 9.33036
    endloop
  endfacet
  facet normal -0 0.442286 0.896874
    outer loop
      vertex -48 6.74155 8.98373
      vertex -45.6 6.6125 9.04737
      vertex -45.6 6.74155 8.98373
    endloop
  endfacet
  facet normal 0 0.442286 0.896874
    outer loop
      vertex -45.6 6.6125 9.04737
      vertex -48 6.74155 8.98373
      vertex -48 6.6125 9.04737
    endloop
  endfacet
  facet normal 0 0.831387 -0.555694
    outer loop
      vertex -45.6 6.20987 10.55
      vertex -48 6.28981 10.6696
      vertex -45.6 6.28981 10.6696
    endloop
  endfacet
  facet normal 0 0.831387 -0.555694
    outer loop
      vertex -48 6.28981 10.6696
      vertex -45.6 6.20987 10.55
      vertex -48 6.20987 10.55
    endloop
  endfacet
  facet normal 0 0.751905 -0.659272
    outer loop
      vertex -45.6 6.28981 10.6696
      vertex -48 6.38468 10.7778
      vertex -45.6 6.38468 10.7778
    endloop
  endfacet
  facet normal 0 0.751905 -0.659272
    outer loop
      vertex -48 6.38468 10.7778
      vertex -45.6 6.28981 10.6696
      vertex -48 6.28981 10.6696
    endloop
  endfacet
  facet normal 0 0.751844 0.659341
    outer loop
      vertex -45.6 6.38468 9.22218
      vertex -48 6.28981 9.33036
      vertex -45.6 6.28981 9.33036
    endloop
  endfacet
  facet normal 0 0.751844 0.659341
    outer loop
      vertex -48 6.28981 9.33036
      vertex -45.6 6.38468 9.22218
      vertex -48 6.38468 9.22218
    endloop
  endfacet
  facet normal 0 -0.0653289 -0.997864
    outer loop
      vertex -48 7.1625 16.1
      vertex -45.6 7.30608 16.0906
      vertex -45.6 7.1625 16.1
    endloop
  endfacet
  facet normal -0 -0.0653289 -0.997864
    outer loop
      vertex -45.6 7.30608 16.0906
      vertex -48 7.1625 16.1
      vertex -48 7.30608 16.0906
    endloop
  endfacet
  facet normal 0 -0.195287 -0.980746
    outer loop
      vertex -48 7.30608 16.0906
      vertex -45.6 7.4472 16.0625
      vertex -45.6 7.30608 16.0906
    endloop
  endfacet
  facet normal -0 -0.195287 -0.980746
    outer loop
      vertex -45.6 7.4472 16.0625
      vertex -48 7.30608 16.0906
      vertex -48 7.4472 16.0625
    endloop
  endfacet
  facet normal 0 -0.321124 -0.947037
    outer loop
      vertex -48 7.4472 16.0625
      vertex -45.6 7.58345 16.0163
      vertex -45.6 7.4472 16.0625
    endloop
  endfacet
  facet normal -0 -0.321124 -0.947037
    outer loop
      vertex -45.6 7.58345 16.0163
      vertex -48 7.4472 16.0625
      vertex -48 7.58345 16.0163
    endloop
  endfacet
  facet normal 0 -0.442622 -0.896708
    outer loop
      vertex -48 7.58345 16.0163
      vertex -45.6 7.7125 15.9526
      vertex -45.6 7.58345 16.0163
    endloop
  endfacet
  facet normal -0 -0.442622 -0.896708
    outer loop
      vertex -45.6 7.7125 15.9526
      vertex -48 7.58345 16.0163
      vertex -48 7.7125 15.9526
    endloop
  endfacet
  facet normal 0 -0.99786 -0.065389
    outer loop
      vertex -48 8.2625 15
      vertex -45.6 8.25309 15.1436
      vertex -48 8.25309 15.1436
    endloop
  endfacet
  facet normal 0 -0.99786 -0.065389
    outer loop
      vertex -45.6 8.25309 15.1436
      vertex -48 8.2625 15
      vertex -45.6 8.2625 15
    endloop
  endfacet
  facet normal 0 -0.659458 0.751741
    outer loop
      vertex -48 7.94032 14.2222
      vertex -45.6 7.83214 14.1273
      vertex -45.6 7.94032 14.2222
    endloop
  endfacet
  facet normal 0 -0.659458 0.751741
    outer loop
      vertex -45.6 7.83214 14.1273
      vertex -48 7.94032 14.2222
      vertex -48 7.83214 14.1273
    endloop
  endfacet
  facet normal 0 -0.659458 -0.751741
    outer loop
      vertex -48 7.83214 15.8727
      vertex -45.6 7.94032 15.7778
      vertex -45.6 7.83214 15.8727
    endloop
  endfacet
  facet normal -0 -0.659458 -0.751741
    outer loop
      vertex -45.6 7.94032 15.7778
      vertex -48 7.83214 15.8727
      vertex -48 7.94032 15.7778
    endloop
  endfacet
  facet normal 0 -0.946967 -0.32133
    outer loop
      vertex -48 8.22502 15.2847
      vertex -45.6 8.17877 15.421
      vertex -48 8.17877 15.421
    endloop
  endfacet
  facet normal 0 -0.946967 -0.32133
    outer loop
      vertex -45.6 8.17877 15.421
      vertex -48 8.22502 15.2847
      vertex -45.6 8.22502 15.2847
    endloop
  endfacet
  facet normal 0 -0.751905 -0.659272
    outer loop
      vertex -48 8.03519 15.6696
      vertex -45.6 7.94032 15.7778
      vertex -48 7.94032 15.7778
    endloop
  endfacet
  facet normal 0 -0.751905 -0.659272
    outer loop
      vertex -45.6 7.94032 15.7778
      vertex -48 8.03519 15.6696
      vertex -45.6 8.03519 15.6696
    endloop
  endfacet
  facet normal 0 -0.896806 -0.442424
    outer loop
      vertex -48 8.17877 15.421
      vertex -45.6 8.11513 15.55
      vertex -48 8.11513 15.55
    endloop
  endfacet
  facet normal 0 -0.896806 -0.442424
    outer loop
      vertex -45.6 8.11513 15.55
      vertex -48 8.17877 15.421
      vertex -45.6 8.17877 15.421
    endloop
  endfacet
  facet normal 0 -0.0653289 0.997864
    outer loop
      vertex -48 7.30608 13.9094
      vertex -45.6 7.1625 13.9
      vertex -45.6 7.30608 13.9094
    endloop
  endfacet
  facet normal 0 -0.0653289 0.997864
    outer loop
      vertex -45.6 7.1625 13.9
      vertex -48 7.30608 13.9094
      vertex -48 7.1625 13.9
    endloop
  endfacet
  facet normal 0 -0.321124 0.947037
    outer loop
      vertex -48 7.58345 13.9837
      vertex -45.6 7.4472 13.9375
      vertex -45.6 7.58345 13.9837
    endloop
  endfacet
  facet normal 0 -0.321124 0.947037
    outer loop
      vertex -45.6 7.4472 13.9375
      vertex -48 7.58345 13.9837
      vertex -48 7.4472 13.9375
    endloop
  endfacet
  facet normal 0 -0.99786 0.065389
    outer loop
      vertex -48 8.25309 14.8564
      vertex -45.6 8.2625 15
      vertex -48 8.2625 15
    endloop
  endfacet
  facet normal 0 -0.99786 0.065389
    outer loop
      vertex -45.6 8.2625 15
      vertex -48 8.25309 14.8564
      vertex -45.6 8.25309 14.8564
    endloop
  endfacet
  facet normal 0 -0.896806 0.442424
    outer loop
      vertex -48 8.11513 14.45
      vertex -45.6 8.17877 14.579
      vertex -48 8.17877 14.579
    endloop
  endfacet
  facet normal 0 -0.896806 0.442424
    outer loop
      vertex -45.6 8.17877 14.579
      vertex -48 8.11513 14.45
      vertex -45.6 8.11513 14.45
    endloop
  endfacet
  facet normal 0 -0.751905 0.659272
    outer loop
      vertex -48 7.94032 14.2222
      vertex -45.6 8.03519 14.3304
      vertex -48 8.03519 14.3304
    endloop
  endfacet
  facet normal 0 -0.751905 0.659272
    outer loop
      vertex -45.6 8.03519 14.3304
      vertex -48 7.94032 14.2222
      vertex -45.6 7.94032 14.2222
    endloop
  endfacet
  facet normal 0 0.321124 -0.947037
    outer loop
      vertex -48 6.74155 16.0163
      vertex -45.6 6.8778 16.0625
      vertex -45.6 6.74155 16.0163
    endloop
  endfacet
  facet normal 0 0.321124 -0.947037
    outer loop
      vertex -45.6 6.8778 16.0625
      vertex -48 6.74155 16.0163
      vertex -48 6.8778 16.0625
    endloop
  endfacet
  facet normal 0 0.555374 -0.831601
    outer loop
      vertex -48 6.49286 15.8727
      vertex -45.6 6.6125 15.9526
      vertex -45.6 6.49286 15.8727
    endloop
  endfacet
  facet normal 0 0.555374 -0.831601
    outer loop
      vertex -45.6 6.6125 15.9526
      vertex -48 6.49286 15.8727
      vertex -48 6.6125 15.9526
    endloop
  endfacet
  facet normal 0 0.751905 0.659272
    outer loop
      vertex -45.6 6.38468 14.2222
      vertex -48 6.28981 14.3304
      vertex -45.6 6.28981 14.3304
    endloop
  endfacet
  facet normal 0 0.751905 0.659272
    outer loop
      vertex -48 6.28981 14.3304
      vertex -45.6 6.38468 14.2222
      vertex -48 6.38468 14.2222
    endloop
  endfacet
  facet normal -0 0.321124 0.947037
    outer loop
      vertex -48 6.8778 13.9375
      vertex -45.6 6.74155 13.9837
      vertex -45.6 6.8778 13.9375
    endloop
  endfacet
  facet normal 0 0.321124 0.947037
    outer loop
      vertex -45.6 6.74155 13.9837
      vertex -48 6.8778 13.9375
      vertex -48 6.74155 13.9837
    endloop
  endfacet
  facet normal -0 0.659458 0.751741
    outer loop
      vertex -48 6.49286 14.1273
      vertex -45.6 6.38468 14.2222
      vertex -45.6 6.49286 14.1273
    endloop
  endfacet
  facet normal 0 0.659458 0.751741
    outer loop
      vertex -45.6 6.38468 14.2222
      vertex -48 6.49286 14.1273
      vertex -48 6.38468 14.2222
    endloop
  endfacet
  facet normal 0 0.99786 -0.065389
    outer loop
      vertex -45.6 6.0625 15
      vertex -48 6.07191 15.1436
      vertex -45.6 6.07191 15.1436
    endloop
  endfacet
  facet normal 0 0.99786 -0.065389
    outer loop
      vertex -48 6.07191 15.1436
      vertex -45.6 6.0625 15
      vertex -48 6.0625 15
    endloop
  endfacet
  facet normal 0 0.980781 -0.195113
    outer loop
      vertex -45.6 6.07191 15.1436
      vertex -48 6.09998 15.2847
      vertex -45.6 6.09998 15.2847
    endloop
  endfacet
  facet normal 0 0.980781 -0.195113
    outer loop
      vertex -48 6.09998 15.2847
      vertex -45.6 6.07191 15.1436
      vertex -48 6.07191 15.1436
    endloop
  endfacet
  facet normal 0 0.831387 -0.555694
    outer loop
      vertex -45.6 6.20987 15.55
      vertex -48 6.28981 15.6696
      vertex -45.6 6.28981 15.6696
    endloop
  endfacet
  facet normal 0 0.831387 -0.555694
    outer loop
      vertex -48 6.28981 15.6696
      vertex -45.6 6.20987 15.55
      vertex -48 6.20987 15.55
    endloop
  endfacet
  facet normal 0 -0.555374 -0.831601
    outer loop
      vertex -48 7.7125 15.9526
      vertex -45.6 7.83214 15.8727
      vertex -45.6 7.7125 15.9526
    endloop
  endfacet
  facet normal -0 -0.555374 -0.831601
    outer loop
      vertex -45.6 7.83214 15.8727
      vertex -48 7.7125 15.9526
      vertex -48 7.83214 15.8727
    endloop
  endfacet
  facet normal 0 -0.980781 -0.195113
    outer loop
      vertex -48 8.25309 15.1436
      vertex -45.6 8.22502 15.2847
      vertex -48 8.22502 15.2847
    endloop
  endfacet
  facet normal 0 -0.980781 -0.195113
    outer loop
      vertex -45.6 8.22502 15.2847
      vertex -48 8.25309 15.1436
      vertex -45.6 8.25309 15.1436
    endloop
  endfacet
  facet normal 0 -0.831387 -0.555694
    outer loop
      vertex -48 8.11513 15.55
      vertex -45.6 8.03519 15.6696
      vertex -48 8.03519 15.6696
    endloop
  endfacet
  facet normal 0 -0.831387 -0.555694
    outer loop
      vertex -45.6 8.03519 15.6696
      vertex -48 8.11513 15.55
      vertex -45.6 8.11513 15.55
    endloop
  endfacet
  facet normal 0 -0.195287 0.980746
    outer loop
      vertex -48 7.4472 13.9375
      vertex -45.6 7.30608 13.9094
      vertex -45.6 7.4472 13.9375
    endloop
  endfacet
  facet normal 0 -0.195287 0.980746
    outer loop
      vertex -45.6 7.30608 13.9094
      vertex -48 7.4472 13.9375
      vertex -48 7.30608 13.9094
    endloop
  endfacet
  facet normal 0 -0.555374 0.831601
    outer loop
      vertex -48 7.83214 14.1273
      vertex -45.6 7.7125 14.0474
      vertex -45.6 7.83214 14.1273
    endloop
  endfacet
  facet normal 0 -0.555374 0.831601
    outer loop
      vertex -45.6 7.7125 14.0474
      vertex -48 7.83214 14.1273
      vertex -48 7.7125 14.0474
    endloop
  endfacet
  facet normal 0 -0.442622 0.896708
    outer loop
      vertex -48 7.7125 14.0474
      vertex -45.6 7.58345 13.9837
      vertex -45.6 7.7125 14.0474
    endloop
  endfacet
  facet normal 0 -0.442622 0.896708
    outer loop
      vertex -45.6 7.58345 13.9837
      vertex -48 7.7125 14.0474
      vertex -48 7.58345 13.9837
    endloop
  endfacet
  facet normal 0 -0.980781 0.195113
    outer loop
      vertex -48 8.22502 14.7153
      vertex -45.6 8.25309 14.8564
      vertex -48 8.25309 14.8564
    endloop
  endfacet
  facet normal 0 -0.980781 0.195113
    outer loop
      vertex -45.6 8.25309 14.8564
      vertex -48 8.22502 14.7153
      vertex -45.6 8.22502 14.7153
    endloop
  endfacet
  facet normal 0 -0.946967 0.32133
    outer loop
      vertex -48 8.17877 14.579
      vertex -45.6 8.22502 14.7153
      vertex -48 8.22502 14.7153
    endloop
  endfacet
  facet normal 0 -0.946967 0.32133
    outer loop
      vertex -45.6 8.22502 14.7153
      vertex -48 8.17877 14.579
      vertex -45.6 8.17877 14.579
    endloop
  endfacet
  facet normal 0 -0.831387 0.555694
    outer loop
      vertex -48 8.03519 14.3304
      vertex -45.6 8.11513 14.45
      vertex -48 8.11513 14.45
    endloop
  endfacet
  facet normal 0 -0.831387 0.555694
    outer loop
      vertex -45.6 8.11513 14.45
      vertex -48 8.03519 14.3304
      vertex -45.6 8.03519 14.3304
    endloop
  endfacet
  facet normal 0 0.195287 -0.980746
    outer loop
      vertex -48 6.8778 16.0625
      vertex -45.6 7.01892 16.0906
      vertex -45.6 6.8778 16.0625
    endloop
  endfacet
  facet normal 0 0.195287 -0.980746
    outer loop
      vertex -45.6 7.01892 16.0906
      vertex -48 6.8778 16.0625
      vertex -48 7.01892 16.0906
    endloop
  endfacet
  facet normal 0 0.0653289 -0.997864
    outer loop
      vertex -48 7.01892 16.0906
      vertex -45.6 7.1625 16.1
      vertex -45.6 7.01892 16.0906
    endloop
  endfacet
  facet normal 0 0.0653289 -0.997864
    outer loop
      vertex -45.6 7.1625 16.1
      vertex -48 7.01892 16.0906
      vertex -48 7.1625 16.1
    endloop
  endfacet
  facet normal 0 0.442622 -0.896708
    outer loop
      vertex -48 6.6125 15.9526
      vertex -45.6 6.74155 16.0163
      vertex -45.6 6.6125 15.9526
    endloop
  endfacet
  facet normal 0 0.442622 -0.896708
    outer loop
      vertex -45.6 6.74155 16.0163
      vertex -48 6.6125 15.9526
      vertex -48 6.74155 16.0163
    endloop
  endfacet
  facet normal 0 0.896806 0.442424
    outer loop
      vertex -45.6 6.20987 14.45
      vertex -48 6.14623 14.579
      vertex -45.6 6.14623 14.579
    endloop
  endfacet
  facet normal 0 0.896806 0.442424
    outer loop
      vertex -48 6.14623 14.579
      vertex -45.6 6.20987 14.45
      vertex -48 6.20987 14.45
    endloop
  endfacet
  facet normal -0 0.195287 0.980746
    outer loop
      vertex -48 7.01892 13.9094
      vertex -45.6 6.8778 13.9375
      vertex -45.6 7.01892 13.9094
    endloop
  endfacet
  facet normal 0 0.195287 0.980746
    outer loop
      vertex -45.6 6.8778 13.9375
      vertex -48 7.01892 13.9094
      vertex -48 6.8778 13.9375
    endloop
  endfacet
  facet normal -0 0.555374 0.831601
    outer loop
      vertex -48 6.6125 14.0474
      vertex -45.6 6.49286 14.1273
      vertex -45.6 6.6125 14.0474
    endloop
  endfacet
  facet normal 0 0.555374 0.831601
    outer loop
      vertex -45.6 6.49286 14.1273
      vertex -48 6.6125 14.0474
      vertex -48 6.49286 14.1273
    endloop
  endfacet
  facet normal 0 0.946967 -0.32133
    outer loop
      vertex -45.6 6.09998 15.2847
      vertex -48 6.14623 15.421
      vertex -45.6 6.14623 15.421
    endloop
  endfacet
  facet normal 0 0.946967 -0.32133
    outer loop
      vertex -48 6.14623 15.421
      vertex -45.6 6.09998 15.2847
      vertex -48 6.09998 15.2847
    endloop
  endfacet
  facet normal 0 0.896806 -0.442424
    outer loop
      vertex -45.6 6.14623 15.421
      vertex -48 6.20987 15.55
      vertex -45.6 6.20987 15.55
    endloop
  endfacet
  facet normal 0 0.896806 -0.442424
    outer loop
      vertex -48 6.20987 15.55
      vertex -45.6 6.14623 15.421
      vertex -48 6.14623 15.421
    endloop
  endfacet
  facet normal 0 0.659458 -0.751741
    outer loop
      vertex -48 6.38468 15.7778
      vertex -45.6 6.49286 15.8727
      vertex -45.6 6.38468 15.7778
    endloop
  endfacet
  facet normal 0 0.659458 -0.751741
    outer loop
      vertex -45.6 6.49286 15.8727
      vertex -48 6.38468 15.7778
      vertex -48 6.49286 15.8727
    endloop
  endfacet
  facet normal 0 0.831387 0.555694
    outer loop
      vertex -45.6 6.28981 14.3304
      vertex -48 6.20987 14.45
      vertex -45.6 6.20987 14.45
    endloop
  endfacet
  facet normal 0 0.831387 0.555694
    outer loop
      vertex -48 6.20987 14.45
      vertex -45.6 6.28981 14.3304
      vertex -48 6.28981 14.3304
    endloop
  endfacet
  facet normal 0 0.99786 0.065389
    outer loop
      vertex -45.6 6.07191 14.8564
      vertex -48 6.0625 15
      vertex -45.6 6.0625 15
    endloop
  endfacet
  facet normal 0 0.99786 0.065389
    outer loop
      vertex -48 6.0625 15
      vertex -45.6 6.07191 14.8564
      vertex -48 6.07191 14.8564
    endloop
  endfacet
  facet normal -0 0.0653289 0.997864
    outer loop
      vertex -48 7.1625 13.9
      vertex -45.6 7.01892 13.9094
      vertex -45.6 7.1625 13.9
    endloop
  endfacet
  facet normal 0 0.0653289 0.997864
    outer loop
      vertex -45.6 7.01892 13.9094
      vertex -48 7.1625 13.9
      vertex -48 7.01892 13.9094
    endloop
  endfacet
  facet normal -0 0.442622 0.896708
    outer loop
      vertex -48 6.74155 13.9837
      vertex -45.6 6.6125 14.0474
      vertex -45.6 6.74155 13.9837
    endloop
  endfacet
  facet normal 0 0.442622 0.896708
    outer loop
      vertex -45.6 6.6125 14.0474
      vertex -48 6.74155 13.9837
      vertex -48 6.6125 14.0474
    endloop
  endfacet
  facet normal 0 0.751905 -0.659272
    outer loop
      vertex -45.6 6.28981 15.6696
      vertex -48 6.38468 15.7778
      vertex -45.6 6.38468 15.7778
    endloop
  endfacet
  facet normal 0 0.751905 -0.659272
    outer loop
      vertex -48 6.38468 15.7778
      vertex -45.6 6.28981 15.6696
      vertex -48 6.28981 15.6696
    endloop
  endfacet
  facet normal 0 0.946967 0.32133
    outer loop
      vertex -45.6 6.14623 14.579
      vertex -48 6.09998 14.7153
      vertex -45.6 6.09998 14.7153
    endloop
  endfacet
  facet normal 0 0.946967 0.32133
    outer loop
      vertex -48 6.09998 14.7153
      vertex -45.6 6.14623 14.579
      vertex -48 6.14623 14.579
    endloop
  endfacet
  facet normal 0 0.980781 0.195113
    outer loop
      vertex -45.6 6.09998 14.7153
      vertex -48 6.07191 14.8564
      vertex -45.6 6.07191 14.8564
    endloop
  endfacet
  facet normal 0 0.980781 0.195113
    outer loop
      vertex -48 6.07191 14.8564
      vertex -45.6 6.09998 14.7153
      vertex -48 6.09998 14.7153
    endloop
  endfacet
  facet normal 0 -0.065389 -0.99786
    outer loop
      vertex -48 13.1625 6.1
      vertex -45.6 13.3061 6.09059
      vertex -45.6 13.1625 6.1
    endloop
  endfacet
  facet normal -0 -0.065389 -0.99786
    outer loop
      vertex -45.6 13.3061 6.09059
      vertex -48 13.1625 6.1
      vertex -48 13.3061 6.09059
    endloop
  endfacet
  facet normal 0 -0.195113 -0.980781
    outer loop
      vertex -48 13.3061 6.09059
      vertex -45.6 13.4472 6.06252
      vertex -45.6 13.3061 6.09059
    endloop
  endfacet
  facet normal -0 -0.195113 -0.980781
    outer loop
      vertex -45.6 13.4472 6.06252
      vertex -48 13.3061 6.09059
      vertex -48 13.4472 6.06252
    endloop
  endfacet
  facet normal 0 -0.32133 -0.946967
    outer loop
      vertex -48 13.4472 6.06252
      vertex -45.6 13.5835 6.01627
      vertex -45.6 13.4472 6.06252
    endloop
  endfacet
  facet normal -0 -0.32133 -0.946967
    outer loop
      vertex -45.6 13.5835 6.01627
      vertex -48 13.4472 6.06252
      vertex -48 13.5835 6.01627
    endloop
  endfacet
  facet normal 0 -0.442424 -0.896806
    outer loop
      vertex -48 13.5835 6.01627
      vertex -45.6 13.7125 5.95263
      vertex -45.6 13.5835 6.01627
    endloop
  endfacet
  facet normal -0 -0.442424 -0.896806
    outer loop
      vertex -45.6 13.7125 5.95263
      vertex -48 13.5835 6.01627
      vertex -48 13.7125 5.95263
    endloop
  endfacet
  facet normal 0 -0.997864 -0.0653289
    outer loop
      vertex -48 14.2625 5
      vertex -45.6 14.2531 5.14358
      vertex -48 14.2531 5.14358
    endloop
  endfacet
  facet normal 0 -0.997864 -0.0653289
    outer loop
      vertex -45.6 14.2531 5.14358
      vertex -48 14.2625 5
      vertex -45.6 14.2625 5
    endloop
  endfacet
  facet normal 0 -0.659272 0.751905
    outer loop
      vertex -48 13.9403 4.22218
      vertex -45.6 13.8321 4.12731
      vertex -45.6 13.9403 4.22218
    endloop
  endfacet
  facet normal 0 -0.659272 0.751905
    outer loop
      vertex -45.6 13.8321 4.12731
      vertex -48 13.9403 4.22218
      vertex -48 13.8321 4.12731
    endloop
  endfacet
  facet normal 0 -0.659272 -0.751905
    outer loop
      vertex -48 13.8321 5.87269
      vertex -45.6 13.9403 5.77782
      vertex -45.6 13.8321 5.87269
    endloop
  endfacet
  facet normal -0 -0.659272 -0.751905
    outer loop
      vertex -45.6 13.9403 5.77782
      vertex -48 13.8321 5.87269
      vertex -48 13.9403 5.77782
    endloop
  endfacet
  facet normal 0 -0.947037 -0.321124
    outer loop
      vertex -48 14.225 5.2847
      vertex -45.6 14.1788 5.42095
      vertex -48 14.1788 5.42095
    endloop
  endfacet
  facet normal 0 -0.947037 -0.321124
    outer loop
      vertex -45.6 14.1788 5.42095
      vertex -48 14.225 5.2847
      vertex -45.6 14.225 5.2847
    endloop
  endfacet
  facet normal 0 -0.751741 -0.659458
    outer loop
      vertex -48 14.0352 5.66964
      vertex -45.6 13.9403 5.77782
      vertex -48 13.9403 5.77782
    endloop
  endfacet
  facet normal 0 -0.751741 -0.659458
    outer loop
      vertex -45.6 13.9403 5.77782
      vertex -48 14.0352 5.66964
      vertex -45.6 14.0352 5.66964
    endloop
  endfacet
  facet normal 0 -0.896708 -0.442622
    outer loop
      vertex -48 14.1788 5.42095
      vertex -45.6 14.1151 5.55
      vertex -48 14.1151 5.55
    endloop
  endfacet
  facet normal 0 -0.896708 -0.442622
    outer loop
      vertex -45.6 14.1151 5.55
      vertex -48 14.1788 5.42095
      vertex -45.6 14.1788 5.42095
    endloop
  endfacet
  facet normal 0 -0.065389 0.99786
    outer loop
      vertex -48 13.3061 3.90941
      vertex -45.6 13.1625 3.9
      vertex -45.6 13.3061 3.90941
    endloop
  endfacet
  facet normal 0 -0.065389 0.99786
    outer loop
      vertex -45.6 13.1625 3.9
      vertex -48 13.3061 3.90941
      vertex -48 13.1625 3.9
    endloop
  endfacet
  facet normal 0 -0.32133 0.946967
    outer loop
      vertex -48 13.5835 3.98373
      vertex -45.6 13.4472 3.93748
      vertex -45.6 13.5835 3.98373
    endloop
  endfacet
  facet normal 0 -0.32133 0.946967
    outer loop
      vertex -45.6 13.4472 3.93748
      vertex -48 13.5835 3.98373
      vertex -48 13.4472 3.93748
    endloop
  endfacet
  facet normal 0 -0.997864 0.0653289
    outer loop
      vertex -48 14.2531 4.85642
      vertex -45.6 14.2625 5
      vertex -48 14.2625 5
    endloop
  endfacet
  facet normal 0 -0.997864 0.0653289
    outer loop
      vertex -45.6 14.2625 5
      vertex -48 14.2531 4.85642
      vertex -45.6 14.2531 4.85642
    endloop
  endfacet
  facet normal 0 -0.896708 0.442622
    outer loop
      vertex -48 14.1151 4.45
      vertex -45.6 14.1788 4.57905
      vertex -48 14.1788 4.57905
    endloop
  endfacet
  facet normal 0 -0.896708 0.442622
    outer loop
      vertex -45.6 14.1788 4.57905
      vertex -48 14.1151 4.45
      vertex -45.6 14.1151 4.45
    endloop
  endfacet
  facet normal 0 0.32133 -0.946967
    outer loop
      vertex -48 12.7415 6.01627
      vertex -45.6 12.8778 6.06252
      vertex -45.6 12.7415 6.01627
    endloop
  endfacet
  facet normal 0 0.32133 -0.946967
    outer loop
      vertex -45.6 12.8778 6.06252
      vertex -48 12.7415 6.01627
      vertex -48 12.8778 6.06252
    endloop
  endfacet
  facet normal 0 0.555694 -0.831387
    outer loop
      vertex -48 12.4929 5.87269
      vertex -45.6 12.6125 5.95263
      vertex -45.6 12.4929 5.87269
    endloop
  endfacet
  facet normal 0 0.555694 -0.831387
    outer loop
      vertex -45.6 12.6125 5.95263
      vertex -48 12.4929 5.87269
      vertex -48 12.6125 5.95263
    endloop
  endfacet
  facet normal 0 0.751741 0.659458
    outer loop
      vertex -45.6 12.3847 4.22218
      vertex -48 12.2898 4.33036
      vertex -45.6 12.2898 4.33036
    endloop
  endfacet
  facet normal 0 0.751741 0.659458
    outer loop
      vertex -48 12.2898 4.33036
      vertex -45.6 12.3847 4.22218
      vertex -48 12.3847 4.22218
    endloop
  endfacet
  facet normal -0 0.32133 0.946967
    outer loop
      vertex -48 12.8778 3.93748
      vertex -45.6 12.7415 3.98373
      vertex -45.6 12.8778 3.93748
    endloop
  endfacet
  facet normal 0 0.32133 0.946967
    outer loop
      vertex -45.6 12.7415 3.98373
      vertex -48 12.8778 3.93748
      vertex -48 12.7415 3.98373
    endloop
  endfacet
  facet normal -0 0.659272 0.751905
    outer loop
      vertex -48 12.4929 4.12731
      vertex -45.6 12.3847 4.22218
      vertex -45.6 12.4929 4.12731
    endloop
  endfacet
  facet normal 0 0.659272 0.751905
    outer loop
      vertex -45.6 12.3847 4.22218
      vertex -48 12.4929 4.12731
      vertex -48 12.3847 4.22218
    endloop
  endfacet
  facet normal 0 0.997864 -0.0653289
    outer loop
      vertex -45.6 12.0625 5
      vertex -48 12.0719 5.14358
      vertex -45.6 12.0719 5.14358
    endloop
  endfacet
  facet normal 0 0.997864 -0.0653289
    outer loop
      vertex -48 12.0719 5.14358
      vertex -45.6 12.0625 5
      vertex -48 12.0625 5
    endloop
  endfacet
  facet normal 0 0.980746 -0.195287
    outer loop
      vertex -45.6 12.0719 5.14358
      vertex -48 12.1 5.2847
      vertex -45.6 12.1 5.2847
    endloop
  endfacet
  facet normal 0 0.980746 -0.195287
    outer loop
      vertex -48 12.1 5.2847
      vertex -45.6 12.0719 5.14358
      vertex -48 12.0719 5.14358
    endloop
  endfacet
  facet normal 0 0.831601 -0.555374
    outer loop
      vertex -45.6 12.2099 5.55
      vertex -48 12.2898 5.66964
      vertex -45.6 12.2898 5.66964
    endloop
  endfacet
  facet normal 0 0.831601 -0.555374
    outer loop
      vertex -48 12.2898 5.66964
      vertex -45.6 12.2099 5.55
      vertex -48 12.2099 5.55
    endloop
  endfacet
  facet normal 0 -0.555694 -0.831387
    outer loop
      vertex -48 13.7125 5.95263
      vertex -45.6 13.8321 5.87269
      vertex -45.6 13.7125 5.95263
    endloop
  endfacet
  facet normal -0 -0.555694 -0.831387
    outer loop
      vertex -45.6 13.8321 5.87269
      vertex -48 13.7125 5.95263
      vertex -48 13.8321 5.87269
    endloop
  endfacet
  facet normal 0 -0.980746 -0.195287
    outer loop
      vertex -48 14.2531 5.14358
      vertex -45.6 14.225 5.2847
      vertex -48 14.225 5.2847
    endloop
  endfacet
  facet normal 0 -0.980746 -0.195287
    outer loop
      vertex -45.6 14.225 5.2847
      vertex -48 14.2531 5.14358
      vertex -45.6 14.2531 5.14358
    endloop
  endfacet
  facet normal 0 -0.831601 -0.555374
    outer loop
      vertex -48 14.1151 5.55
      vertex -45.6 14.0352 5.66964
      vertex -48 14.0352 5.66964
    endloop
  endfacet
  facet normal 0 -0.831601 -0.555374
    outer loop
      vertex -45.6 14.0352 5.66964
      vertex -48 14.1151 5.55
      vertex -45.6 14.1151 5.55
    endloop
  endfacet
  facet normal 0 -0.195113 0.980781
    outer loop
      vertex -48 13.4472 3.93748
      vertex -45.6 13.3061 3.90941
      vertex -45.6 13.4472 3.93748
    endloop
  endfacet
  facet normal 0 -0.195113 0.980781
    outer loop
      vertex -45.6 13.3061 3.90941
      vertex -48 13.4472 3.93748
      vertex -48 13.3061 3.90941
    endloop
  endfacet
  facet normal 0 -0.555694 0.831387
    outer loop
      vertex -48 13.8321 4.12731
      vertex -45.6 13.7125 4.04737
      vertex -45.6 13.8321 4.12731
    endloop
  endfacet
  facet normal 0 -0.555694 0.831387
    outer loop
      vertex -45.6 13.7125 4.04737
      vertex -48 13.8321 4.12731
      vertex -48 13.7125 4.04737
    endloop
  endfacet
  facet normal 0 -0.442424 0.896806
    outer loop
      vertex -48 13.7125 4.04737
      vertex -45.6 13.5835 3.98373
      vertex -45.6 13.7125 4.04737
    endloop
  endfacet
  facet normal 0 -0.442424 0.896806
    outer loop
      vertex -45.6 13.5835 3.98373
      vertex -48 13.7125 4.04737
      vertex -48 13.5835 3.98373
    endloop
  endfacet
  facet normal 0 -0.980746 0.195287
    outer loop
      vertex -48 14.225 4.7153
      vertex -45.6 14.2531 4.85642
      vertex -48 14.2531 4.85642
    endloop
  endfacet
  facet normal 0 -0.980746 0.195287
    outer loop
      vertex -45.6 14.2531 4.85642
      vertex -48 14.225 4.7153
      vertex -45.6 14.225 4.7153
    endloop
  endfacet
  facet normal 0 -0.947037 0.321124
    outer loop
      vertex -48 14.1788 4.57905
      vertex -45.6 14.225 4.7153
      vertex -48 14.225 4.7153
    endloop
  endfacet
  facet normal 0 -0.947037 0.321124
    outer loop
      vertex -45.6 14.225 4.7153
      vertex -48 14.1788 4.57905
      vertex -45.6 14.1788 4.57905
    endloop
  endfacet
  facet normal 0 -0.831601 0.555374
    outer loop
      vertex -48 14.0352 4.33036
      vertex -45.6 14.1151 4.45
      vertex -48 14.1151 4.45
    endloop
  endfacet
  facet normal 0 -0.831601 0.555374
    outer loop
      vertex -45.6 14.1151 4.45
      vertex -48 14.0352 4.33036
      vertex -45.6 14.0352 4.33036
    endloop
  endfacet
  facet normal 0 -0.751741 0.659458
    outer loop
      vertex -48 13.9403 4.22218
      vertex -45.6 14.0352 4.33036
      vertex -48 14.0352 4.33036
    endloop
  endfacet
  facet normal 0 -0.751741 0.659458
    outer loop
      vertex -45.6 14.0352 4.33036
      vertex -48 13.9403 4.22218
      vertex -45.6 13.9403 4.22218
    endloop
  endfacet
  facet normal 0 0.195113 -0.980781
    outer loop
      vertex -48 12.8778 6.06252
      vertex -45.6 13.0189 6.09059
      vertex -45.6 12.8778 6.06252
    endloop
  endfacet
  facet normal 0 0.195113 -0.980781
    outer loop
      vertex -45.6 13.0189 6.09059
      vertex -48 12.8778 6.06252
      vertex -48 13.0189 6.09059
    endloop
  endfacet
  facet normal 0 0.065389 -0.99786
    outer loop
      vertex -48 13.0189 6.09059
      vertex -45.6 13.1625 6.1
      vertex -45.6 13.0189 6.09059
    endloop
  endfacet
  facet normal 0 0.065389 -0.99786
    outer loop
      vertex -45.6 13.1625 6.1
      vertex -48 13.0189 6.09059
      vertex -48 13.1625 6.1
    endloop
  endfacet
  facet normal 0 0.442424 -0.896806
    outer loop
      vertex -48 12.6125 5.95263
      vertex -45.6 12.7415 6.01627
      vertex -45.6 12.6125 5.95263
    endloop
  endfacet
  facet normal 0 0.442424 -0.896806
    outer loop
      vertex -45.6 12.7415 6.01627
      vertex -48 12.6125 5.95263
      vertex -48 12.7415 6.01627
    endloop
  endfacet
  facet normal 0 0.896708 0.442622
    outer loop
      vertex -45.6 12.2099 4.45
      vertex -48 12.1462 4.57905
      vertex -45.6 12.1462 4.57905
    endloop
  endfacet
  facet normal 0 0.896708 0.442622
    outer loop
      vertex -48 12.1462 4.57905
      vertex -45.6 12.2099 4.45
      vertex -48 12.2099 4.45
    endloop
  endfacet
  facet normal -0 0.195113 0.980781
    outer loop
      vertex -48 13.0189 3.90941
      vertex -45.6 12.8778 3.93748
      vertex -45.6 13.0189 3.90941
    endloop
  endfacet
  facet normal 0 0.195113 0.980781
    outer loop
      vertex -45.6 12.8778 3.93748
      vertex -48 13.0189 3.90941
      vertex -48 12.8778 3.93748
    endloop
  endfacet
  facet normal -0 0.555694 0.831387
    outer loop
      vertex -48 12.6125 4.04737
      vertex -45.6 12.4929 4.12731
      vertex -45.6 12.6125 4.04737
    endloop
  endfacet
  facet normal 0 0.555694 0.831387
    outer loop
      vertex -45.6 12.4929 4.12731
      vertex -48 12.6125 4.04737
      vertex -48 12.4929 4.12731
    endloop
  endfacet
  facet normal 0 0.947037 -0.321124
    outer loop
      vertex -45.6 12.1 5.2847
      vertex -48 12.1462 5.42095
      vertex -45.6 12.1462 5.42095
    endloop
  endfacet
  facet normal 0 0.947037 -0.321124
    outer loop
      vertex -48 12.1462 5.42095
      vertex -45.6 12.1 5.2847
      vertex -48 12.1 5.2847
    endloop
  endfacet
  facet normal 0 0.896708 -0.442622
    outer loop
      vertex -45.6 12.1462 5.42095
      vertex -48 12.2099 5.55
      vertex -45.6 12.2099 5.55
    endloop
  endfacet
  facet normal 0 0.896708 -0.442622
    outer loop
      vertex -48 12.2099 5.55
      vertex -45.6 12.1462 5.42095
      vertex -48 12.1462 5.42095
    endloop
  endfacet
  facet normal 0 0.659272 -0.751905
    outer loop
      vertex -48 12.3847 5.77782
      vertex -45.6 12.4929 5.87269
      vertex -45.6 12.3847 5.77782
    endloop
  endfacet
  facet normal 0 0.659272 -0.751905
    outer loop
      vertex -45.6 12.4929 5.87269
      vertex -48 12.3847 5.77782
      vertex -48 12.4929 5.87269
    endloop
  endfacet
  facet normal 0 0.831601 0.555374
    outer loop
      vertex -45.6 12.2898 4.33036
      vertex -48 12.2099 4.45
      vertex -45.6 12.2099 4.45
    endloop
  endfacet
  facet normal 0 0.831601 0.555374
    outer loop
      vertex -48 12.2099 4.45
      vertex -45.6 12.2898 4.33036
      vertex -48 12.2898 4.33036
    endloop
  endfacet
  facet normal 0 0.997864 0.0653289
    outer loop
      vertex -45.6 12.0719 4.85642
      vertex -48 12.0625 5
      vertex -45.6 12.0625 5
    endloop
  endfacet
  facet normal 0 0.997864 0.0653289
    outer loop
      vertex -48 12.0625 5
      vertex -45.6 12.0719 4.85642
      vertex -48 12.0719 4.85642
    endloop
  endfacet
  facet normal 0 0.980746 0.195287
    outer loop
      vertex -45.6 12.1 4.7153
      vertex -48 12.0719 4.85642
      vertex -45.6 12.0719 4.85642
    endloop
  endfacet
  facet normal 0 0.980746 0.195287
    outer loop
      vertex -48 12.0719 4.85642
      vertex -45.6 12.1 4.7153
      vertex -48 12.1 4.7153
    endloop
  endfacet
  facet normal -0 0.065389 0.99786
    outer loop
      vertex -48 13.1625 3.9
      vertex -45.6 13.0189 3.90941
      vertex -45.6 13.1625 3.9
    endloop
  endfacet
  facet normal 0 0.065389 0.99786
    outer loop
      vertex -45.6 13.0189 3.90941
      vertex -48 13.1625 3.9
      vertex -48 13.0189 3.90941
    endloop
  endfacet
  facet normal -0 0.442424 0.896806
    outer loop
      vertex -48 12.7415 3.98373
      vertex -45.6 12.6125 4.04737
      vertex -45.6 12.7415 3.98373
    endloop
  endfacet
  facet normal 0 0.442424 0.896806
    outer loop
      vertex -45.6 12.6125 4.04737
      vertex -48 12.7415 3.98373
      vertex -48 12.6125 4.04737
    endloop
  endfacet
  facet normal 0 0.751741 -0.659458
    outer loop
      vertex -45.6 12.2898 5.66964
      vertex -48 12.3847 5.77782
      vertex -45.6 12.3847 5.77782
    endloop
  endfacet
  facet normal 0 0.751741 -0.659458
    outer loop
      vertex -48 12.3847 5.77782
      vertex -45.6 12.2898 5.66964
      vertex -48 12.2898 5.66964
    endloop
  endfacet
  facet normal 0 0.947037 0.321124
    outer loop
      vertex -45.6 12.1462 4.57905
      vertex -48 12.1 4.7153
      vertex -45.6 12.1 4.7153
    endloop
  endfacet
  facet normal 0 0.947037 0.321124
    outer loop
      vertex -48 12.1 4.7153
      vertex -45.6 12.1462 4.57905
      vertex -48 12.1462 4.57905
    endloop
  endfacet
  facet normal 0 -0.0653198 -0.997864
    outer loop
      vertex -48 13.1625 11.1
      vertex -45.6 13.3061 11.0906
      vertex -45.6 13.1625 11.1
    endloop
  endfacet
  facet normal -0 -0.0653198 -0.997864
    outer loop
      vertex -45.6 13.3061 11.0906
      vertex -48 13.1625 11.1
      vertex -48 13.3061 11.0906
    endloop
  endfacet
  facet normal 0 -0.195314 -0.980741
    outer loop
      vertex -48 13.3061 11.0906
      vertex -45.6 13.4472 11.0625
      vertex -45.6 13.3061 11.0906
    endloop
  endfacet
  facet normal -0 -0.195314 -0.980741
    outer loop
      vertex -45.6 13.4472 11.0625
      vertex -48 13.3061 11.0906
      vertex -48 13.4472 11.0625
    endloop
  endfacet
  facet normal 0 -0.065389 0.99786
    outer loop
      vertex -48 13.3061 8.90941
      vertex -45.6 13.1625 8.9
      vertex -45.6 13.3061 8.90941
    endloop
  endfacet
  facet normal 0 -0.065389 0.99786
    outer loop
      vertex -45.6 13.1625 8.9
      vertex -48 13.3061 8.90941
      vertex -48 13.1625 8.9
    endloop
  endfacet
  facet normal 0 -0.751741 0.659458
    outer loop
      vertex -48 13.9403 9.22218
      vertex -45.6 14.0352 9.33036
      vertex -48 14.0352 9.33036
    endloop
  endfacet
  facet normal 0 -0.751741 0.659458
    outer loop
      vertex -45.6 14.0352 9.33036
      vertex -48 13.9403 9.22218
      vertex -45.6 13.9403 9.22218
    endloop
  endfacet
  facet normal 0 -0.947037 0.321124
    outer loop
      vertex -48 14.1788 9.57905
      vertex -45.6 14.225 9.7153
      vertex -48 14.225 9.7153
    endloop
  endfacet
  facet normal 0 -0.947037 0.321124
    outer loop
      vertex -45.6 14.225 9.7153
      vertex -48 14.1788 9.57905
      vertex -45.6 14.1788 9.57905
    endloop
  endfacet
  facet normal 0 0.555502 -0.831515
    outer loop
      vertex -48 12.4929 10.8727
      vertex -45.6 12.6125 10.9526
      vertex -45.6 12.4929 10.8727
    endloop
  endfacet
  facet normal 0 0.555502 -0.831515
    outer loop
      vertex -45.6 12.6125 10.9526
      vertex -48 12.4929 10.8727
      vertex -48 12.6125 10.9526
    endloop
  endfacet
  facet normal 0 -0.659272 0.751905
    outer loop
      vertex -48 13.9403 9.22218
      vertex -45.6 13.8321 9.12731
      vertex -45.6 13.9403 9.22218
    endloop
  endfacet
  facet normal 0 -0.659272 0.751905
    outer loop
      vertex -45.6 13.8321 9.12731
      vertex -48 13.9403 9.22218
      vertex -48 13.8321 9.12731
    endloop
  endfacet
  facet normal 0 0.0653198 -0.997864
    outer loop
      vertex -48 13.0189 11.0906
      vertex -45.6 13.1625 11.1
      vertex -45.6 13.0189 11.0906
    endloop
  endfacet
  facet normal 0 0.0653198 -0.997864
    outer loop
      vertex -45.6 13.1625 11.1
      vertex -48 13.0189 11.0906
      vertex -48 13.1625 11.1
    endloop
  endfacet
  facet normal -0 0.32133 0.946967
    outer loop
      vertex -48 12.8778 8.93748
      vertex -45.6 12.7415 8.98373
      vertex -45.6 12.8778 8.93748
    endloop
  endfacet
  facet normal 0 0.32133 0.946967
    outer loop
      vertex -45.6 12.7415 8.98373
      vertex -48 12.8778 8.93748
      vertex -48 12.7415 8.98373
    endloop
  endfacet
  facet normal 0 0.980741 -0.195314
    outer loop
      vertex -45.6 12.0719 10.1436
      vertex -48 12.1 10.2847
      vertex -45.6 12.1 10.2847
    endloop
  endfacet
  facet normal 0 0.980741 -0.195314
    outer loop
      vertex -48 12.1 10.2847
      vertex -45.6 12.0719 10.1436
      vertex -48 12.0719 10.1436
    endloop
  endfacet
  facet normal 0 -0.321018 -0.947073
    outer loop
      vertex -48 13.4472 11.0625
      vertex -45.6 13.5835 11.0163
      vertex -45.6 13.4472 11.0625
    endloop
  endfacet
  facet normal -0 -0.321018 -0.947073
    outer loop
      vertex -45.6 13.5835 11.0163
      vertex -48 13.4472 11.0625
      vertex -48 13.5835 11.0163
    endloop
  endfacet
  facet normal 0 -0.65939 -0.751801
    outer loop
      vertex -48 13.8321 10.8727
      vertex -45.6 13.9403 10.7778
      vertex -45.6 13.8321 10.8727
    endloop
  endfacet
  facet normal -0 -0.65939 -0.751801
    outer loop
      vertex -45.6 13.9403 10.7778
      vertex -48 13.8321 10.8727
      vertex -48 13.9403 10.7778
    endloop
  endfacet
  facet normal 0 -0.44276 -0.89664
    outer loop
      vertex -48 13.5835 11.0163
      vertex -45.6 13.7125 10.9526
      vertex -45.6 13.5835 11.0163
    endloop
  endfacet
  facet normal -0 -0.44276 -0.89664
    outer loop
      vertex -45.6 13.7125 10.9526
      vertex -48 13.5835 11.0163
      vertex -48 13.7125 10.9526
    endloop
  endfacet
  facet normal 0 -0.947073 -0.321018
    outer loop
      vertex -48 14.225 10.2847
      vertex -45.6 14.1788 10.421
      vertex -48 14.1788 10.421
    endloop
  endfacet
  facet normal 0 -0.947073 -0.321018
    outer loop
      vertex -45.6 14.1788 10.421
      vertex -48 14.225 10.2847
      vertex -45.6 14.225 10.2847
    endloop
  endfacet
  facet normal 0 -0.997864 -0.0653198
    outer loop
      vertex -48 14.2625 10
      vertex -45.6 14.2531 10.1436
      vertex -48 14.2531 10.1436
    endloop
  endfacet
  facet normal 0 -0.997864 -0.0653198
    outer loop
      vertex -45.6 14.2531 10.1436
      vertex -48 14.2625 10
      vertex -45.6 14.2625 10
    endloop
  endfacet
  facet normal 0 -0.89664 -0.44276
    outer loop
      vertex -48 14.1788 10.421
      vertex -45.6 14.1151 10.55
      vertex -48 14.1151 10.55
    endloop
  endfacet
  facet normal 0 -0.89664 -0.44276
    outer loop
      vertex -45.6 14.1151 10.55
      vertex -48 14.1788 10.421
      vertex -45.6 14.1788 10.421
    endloop
  endfacet
  facet normal 0 -0.442424 0.896806
    outer loop
      vertex -48 13.7125 9.04737
      vertex -45.6 13.5835 8.98373
      vertex -45.6 13.7125 9.04737
    endloop
  endfacet
  facet normal 0 -0.442424 0.896806
    outer loop
      vertex -45.6 13.5835 8.98373
      vertex -48 13.7125 9.04737
      vertex -48 13.5835 8.98373
    endloop
  endfacet
  facet normal 0 -0.555694 0.831387
    outer loop
      vertex -48 13.8321 9.12731
      vertex -45.6 13.7125 9.04737
      vertex -45.6 13.8321 9.12731
    endloop
  endfacet
  facet normal 0 -0.555694 0.831387
    outer loop
      vertex -45.6 13.7125 9.04737
      vertex -48 13.8321 9.12731
      vertex -48 13.7125 9.04737
    endloop
  endfacet
  facet normal 0 -0.32133 0.946967
    outer loop
      vertex -48 13.5835 8.98373
      vertex -45.6 13.4472 8.93748
      vertex -45.6 13.5835 8.98373
    endloop
  endfacet
  facet normal 0 -0.32133 0.946967
    outer loop
      vertex -45.6 13.4472 8.93748
      vertex -48 13.5835 8.98373
      vertex -48 13.4472 8.93748
    endloop
  endfacet
  facet normal 0 -0.896708 0.442622
    outer loop
      vertex -48 14.1151 9.45
      vertex -45.6 14.1788 9.57905
      vertex -48 14.1788 9.57905
    endloop
  endfacet
  facet normal 0 -0.896708 0.442622
    outer loop
      vertex -45.6 14.1788 9.57905
      vertex -48 14.1151 9.45
      vertex -45.6 14.1151 9.45
    endloop
  endfacet
  facet normal 0 -0.997864 0.0653289
    outer loop
      vertex -48 14.2531 9.85642
      vertex -45.6 14.2625 10
      vertex -48 14.2625 10
    endloop
  endfacet
  facet normal 0 -0.997864 0.0653289
    outer loop
      vertex -45.6 14.2625 10
      vertex -48 14.2531 9.85642
      vertex -45.6 14.2531 9.85642
    endloop
  endfacet
  facet normal 0 0.321018 -0.947073
    outer loop
      vertex -48 12.7415 11.0163
      vertex -45.6 12.8778 11.0625
      vertex -45.6 12.7415 11.0163
    endloop
  endfacet
  facet normal 0 0.321018 -0.947073
    outer loop
      vertex -45.6 12.8778 11.0625
      vertex -48 12.7415 11.0163
      vertex -48 12.8778 11.0625
    endloop
  endfacet
  facet normal 0 0.195314 -0.980741
    outer loop
      vertex -48 12.8778 11.0625
      vertex -45.6 13.0189 11.0906
      vertex -45.6 12.8778 11.0625
    endloop
  endfacet
  facet normal 0 0.195314 -0.980741
    outer loop
      vertex -45.6 13.0189 11.0906
      vertex -48 12.8778 11.0625
      vertex -48 13.0189 11.0906
    endloop
  endfacet
  facet normal 0 0.896708 0.442622
    outer loop
      vertex -45.6 12.2099 9.45
      vertex -48 12.1462 9.57905
      vertex -45.6 12.1462 9.57905
    endloop
  endfacet
  facet normal 0 0.896708 0.442622
    outer loop
      vertex -48 12.1462 9.57905
      vertex -45.6 12.2099 9.45
      vertex -48 12.2099 9.45
    endloop
  endfacet
  facet normal -0 0.659272 0.751905
    outer loop
      vertex -48 12.4929 9.12731
      vertex -45.6 12.3847 9.22218
      vertex -45.6 12.4929 9.12731
    endloop
  endfacet
  facet normal 0 0.659272 0.751905
    outer loop
      vertex -45.6 12.3847 9.22218
      vertex -48 12.4929 9.12731
      vertex -48 12.3847 9.22218
    endloop
  endfacet
  facet normal 0 0.997864 -0.0653198
    outer loop
      vertex -45.6 12.0625 10
      vertex -48 12.0719 10.1436
      vertex -45.6 12.0719 10.1436
    endloop
  endfacet
  facet normal 0 0.997864 -0.0653198
    outer loop
      vertex -48 12.0719 10.1436
      vertex -45.6 12.0625 10
      vertex -48 12.0625 10
    endloop
  endfacet
  facet normal 0 0.89664 -0.44276
    outer loop
      vertex -45.6 12.1462 10.421
      vertex -48 12.2099 10.55
      vertex -45.6 12.2099 10.55
    endloop
  endfacet
  facet normal 0 0.89664 -0.44276
    outer loop
      vertex -48 12.2099 10.55
      vertex -45.6 12.1462 10.421
      vertex -48 12.1462 10.421
    endloop
  endfacet
  facet normal 0 -0.555502 -0.831515
    outer loop
      vertex -48 13.7125 10.9526
      vertex -45.6 13.8321 10.8727
      vertex -45.6 13.7125 10.9526
    endloop
  endfacet
  facet normal -0 -0.555502 -0.831515
    outer loop
      vertex -45.6 13.8321 10.8727
      vertex -48 13.7125 10.9526
      vertex -48 13.8321 10.8727
    endloop
  endfacet
  facet normal 0 -0.980741 -0.195314
    outer loop
      vertex -48 14.2531 10.1436
      vertex -45.6 14.225 10.2847
      vertex -48 14.225 10.2847
    endloop
  endfacet
  facet normal 0 -0.980741 -0.195314
    outer loop
      vertex -45.6 14.225 10.2847
      vertex -48 14.2531 10.1436
      vertex -45.6 14.2531 10.1436
    endloop
  endfacet
  facet normal 0 -0.751801 -0.65939
    outer loop
      vertex -48 14.0352 10.6696
      vertex -45.6 13.9403 10.7778
      vertex -48 13.9403 10.7778
    endloop
  endfacet
  facet normal 0 -0.751801 -0.65939
    outer loop
      vertex -45.6 13.9403 10.7778
      vertex -48 14.0352 10.6696
      vertex -45.6 14.0352 10.6696
    endloop
  endfacet
  facet normal 0 -0.831515 -0.555502
    outer loop
      vertex -48 14.1151 10.55
      vertex -45.6 14.0352 10.6696
      vertex -48 14.0352 10.6696
    endloop
  endfacet
  facet normal 0 -0.831515 -0.555502
    outer loop
      vertex -45.6 14.0352 10.6696
      vertex -48 14.1151 10.55
      vertex -45.6 14.1151 10.55
    endloop
  endfacet
  facet normal 0 -0.195113 0.980781
    outer loop
      vertex -48 13.4472 8.93748
      vertex -45.6 13.3061 8.90941
      vertex -45.6 13.4472 8.93748
    endloop
  endfacet
  facet normal 0 -0.195113 0.980781
    outer loop
      vertex -45.6 13.3061 8.90941
      vertex -48 13.4472 8.93748
      vertex -48 13.3061 8.90941
    endloop
  endfacet
  facet normal 0 -0.831601 0.555374
    outer loop
      vertex -48 14.0352 9.33036
      vertex -45.6 14.1151 9.45
      vertex -48 14.1151 9.45
    endloop
  endfacet
  facet normal 0 -0.831601 0.555374
    outer loop
      vertex -45.6 14.1151 9.45
      vertex -48 14.0352 9.33036
      vertex -45.6 14.0352 9.33036
    endloop
  endfacet
  facet normal 0 -0.980746 0.195287
    outer loop
      vertex -48 14.225 9.7153
      vertex -45.6 14.2531 9.85642
      vertex -48 14.2531 9.85642
    endloop
  endfacet
  facet normal 0 -0.980746 0.195287
    outer loop
      vertex -45.6 14.2531 9.85642
      vertex -48 14.225 9.7153
      vertex -45.6 14.225 9.7153
    endloop
  endfacet
  facet normal 0 0.44276 -0.89664
    outer loop
      vertex -48 12.6125 10.9526
      vertex -45.6 12.7415 11.0163
      vertex -45.6 12.6125 10.9526
    endloop
  endfacet
  facet normal 0 0.44276 -0.89664
    outer loop
      vertex -45.6 12.7415 11.0163
      vertex -48 12.6125 10.9526
      vertex -48 12.7415 11.0163
    endloop
  endfacet
  facet normal -0 0.555694 0.831387
    outer loop
      vertex -48 12.6125 9.04737
      vertex -45.6 12.4929 9.12731
      vertex -45.6 12.6125 9.04737
    endloop
  endfacet
  facet normal 0 0.555694 0.831387
    outer loop
      vertex -45.6 12.4929 9.12731
      vertex -48 12.6125 9.04737
      vertex -48 12.4929 9.12731
    endloop
  endfacet
  facet normal -0 0.442424 0.896806
    outer loop
      vertex -48 12.7415 8.98373
      vertex -45.6 12.6125 9.04737
      vertex -45.6 12.7415 8.98373
    endloop
  endfacet
  facet normal 0 0.442424 0.896806
    outer loop
      vertex -45.6 12.6125 9.04737
      vertex -48 12.7415 8.98373
      vertex -48 12.6125 9.04737
    endloop
  endfacet
  facet normal -0 0.195113 0.980781
    outer loop
      vertex -48 13.0189 8.90941
      vertex -45.6 12.8778 8.93748
      vertex -45.6 13.0189 8.90941
    endloop
  endfacet
  facet normal 0 0.195113 0.980781
    outer loop
      vertex -45.6 12.8778 8.93748
      vertex -48 13.0189 8.90941
      vertex -48 12.8778 8.93748
    endloop
  endfacet
  facet normal -0 0.065389 0.99786
    outer loop
      vertex -48 13.1625 8.9
      vertex -45.6 13.0189 8.90941
      vertex -45.6 13.1625 8.9
    endloop
  endfacet
  facet normal 0 0.065389 0.99786
    outer loop
      vertex -45.6 13.0189 8.90941
      vertex -48 13.1625 8.9
      vertex -48 13.0189 8.90941
    endloop
  endfacet
  facet normal 0 0.65939 -0.751801
    outer loop
      vertex -48 12.3847 10.7778
      vertex -45.6 12.4929 10.8727
      vertex -45.6 12.3847 10.7778
    endloop
  endfacet
  facet normal 0 0.65939 -0.751801
    outer loop
      vertex -45.6 12.4929 10.8727
      vertex -48 12.3847 10.7778
      vertex -48 12.4929 10.8727
    endloop
  endfacet
  facet normal 0 0.947073 -0.321018
    outer loop
      vertex -45.6 12.1 10.2847
      vertex -48 12.1462 10.421
      vertex -45.6 12.1462 10.421
    endloop
  endfacet
  facet normal 0 0.947073 -0.321018
    outer loop
      vertex -48 12.1462 10.421
      vertex -45.6 12.1 10.2847
      vertex -48 12.1 10.2847
    endloop
  endfacet
  facet normal 0 0.997864 0.0653289
    outer loop
      vertex -45.6 12.0719 9.85642
      vertex -48 12.0625 10
      vertex -45.6 12.0625 10
    endloop
  endfacet
  facet normal 0 0.997864 0.0653289
    outer loop
      vertex -48 12.0625 10
      vertex -45.6 12.0719 9.85642
      vertex -48 12.0719 9.85642
    endloop
  endfacet
  facet normal 0 0.947037 0.321124
    outer loop
      vertex -45.6 12.1462 9.57905
      vertex -48 12.1 9.7153
      vertex -45.6 12.1 9.7153
    endloop
  endfacet
  facet normal 0 0.947037 0.321124
    outer loop
      vertex -48 12.1 9.7153
      vertex -45.6 12.1462 9.57905
      vertex -48 12.1462 9.57905
    endloop
  endfacet
  facet normal 0 0.980746 0.195287
    outer loop
      vertex -45.6 12.1 9.7153
      vertex -48 12.0719 9.85642
      vertex -45.6 12.0719 9.85642
    endloop
  endfacet
  facet normal 0 0.980746 0.195287
    outer loop
      vertex -48 12.0719 9.85642
      vertex -45.6 12.1 9.7153
      vertex -48 12.1 9.7153
    endloop
  endfacet
  facet normal 0 0.831515 -0.555502
    outer loop
      vertex -45.6 12.2099 10.55
      vertex -48 12.2898 10.6696
      vertex -45.6 12.2898 10.6696
    endloop
  endfacet
  facet normal 0 0.831515 -0.555502
    outer loop
      vertex -48 12.2898 10.6696
      vertex -45.6 12.2099 10.55
      vertex -48 12.2099 10.55
    endloop
  endfacet
  facet normal 0 0.751801 -0.65939
    outer loop
      vertex -45.6 12.2898 10.6696
      vertex -48 12.3847 10.7778
      vertex -45.6 12.3847 10.7778
    endloop
  endfacet
  facet normal 0 0.751801 -0.65939
    outer loop
      vertex -48 12.3847 10.7778
      vertex -45.6 12.2898 10.6696
      vertex -48 12.2898 10.6696
    endloop
  endfacet
  facet normal 0 0.751741 0.659458
    outer loop
      vertex -45.6 12.3847 9.22218
      vertex -48 12.2898 9.33036
      vertex -45.6 12.2898 9.33036
    endloop
  endfacet
  facet normal 0 0.751741 0.659458
    outer loop
      vertex -48 12.2898 9.33036
      vertex -45.6 12.3847 9.22218
      vertex -48 12.3847 9.22218
    endloop
  endfacet
  facet normal 0 0.831601 0.555374
    outer loop
      vertex -45.6 12.2898 9.33036
      vertex -48 12.2099 9.45
      vertex -45.6 12.2099 9.45
    endloop
  endfacet
  facet normal 0 0.831601 0.555374
    outer loop
      vertex -48 12.2099 9.45
      vertex -45.6 12.2898 9.33036
      vertex -48 12.2898 9.33036
    endloop
  endfacet
  facet normal 0 -0.0653198 -0.997864
    outer loop
      vertex -48 13.1625 16.1
      vertex -45.6 13.3061 16.0906
      vertex -45.6 13.1625 16.1
    endloop
  endfacet
  facet normal -0 -0.0653198 -0.997864
    outer loop
      vertex -45.6 13.3061 16.0906
      vertex -48 13.1625 16.1
      vertex -48 13.3061 16.0906
    endloop
  endfacet
  facet normal 0 -0.947073 0.321018
    outer loop
      vertex -48 14.1788 14.579
      vertex -45.6 14.225 14.7153
      vertex -48 14.225 14.7153
    endloop
  endfacet
  facet normal 0 -0.947073 0.321018
    outer loop
      vertex -45.6 14.225 14.7153
      vertex -48 14.1788 14.579
      vertex -45.6 14.1788 14.579
    endloop
  endfacet
  facet normal 0 -0.44276 0.89664
    outer loop
      vertex -48 13.7125 14.0474
      vertex -45.6 13.5835 13.9837
      vertex -45.6 13.7125 14.0474
    endloop
  endfacet
  facet normal 0 -0.44276 0.89664
    outer loop
      vertex -45.6 13.5835 13.9837
      vertex -48 13.7125 14.0474
      vertex -48 13.5835 13.9837
    endloop
  endfacet
  facet normal 0 0.0653198 -0.997864
    outer loop
      vertex -48 13.0189 16.0906
      vertex -45.6 13.1625 16.1
      vertex -45.6 13.0189 16.0906
    endloop
  endfacet
  facet normal 0 0.0653198 -0.997864
    outer loop
      vertex -45.6 13.1625 16.1
      vertex -48 13.0189 16.0906
      vertex -48 13.1625 16.1
    endloop
  endfacet
  facet normal 0 0.89664 -0.44276
    outer loop
      vertex -45.6 12.1462 15.421
      vertex -48 12.2099 15.55
      vertex -45.6 12.2099 15.55
    endloop
  endfacet
  facet normal 0 0.89664 -0.44276
    outer loop
      vertex -48 12.2099 15.55
      vertex -45.6 12.1462 15.421
      vertex -48 12.1462 15.421
    endloop
  endfacet
  facet normal 0 -0.195314 -0.980741
    outer loop
      vertex -48 13.3061 16.0906
      vertex -45.6 13.4472 16.0625
      vertex -45.6 13.3061 16.0906
    endloop
  endfacet
  facet normal -0 -0.195314 -0.980741
    outer loop
      vertex -45.6 13.4472 16.0625
      vertex -48 13.3061 16.0906
      vertex -48 13.4472 16.0625
    endloop
  endfacet
  facet normal 0 -0.321018 -0.947073
    outer loop
      vertex -48 13.4472 16.0625
      vertex -45.6 13.5835 16.0163
      vertex -45.6 13.4472 16.0625
    endloop
  endfacet
  facet normal -0 -0.321018 -0.947073
    outer loop
      vertex -45.6 13.5835 16.0163
      vertex -48 13.4472 16.0625
      vertex -48 13.5835 16.0163
    endloop
  endfacet
  facet normal 0 -0.44276 -0.89664
    outer loop
      vertex -48 13.5835 16.0163
      vertex -45.6 13.7125 15.9526
      vertex -45.6 13.5835 16.0163
    endloop
  endfacet
  facet normal -0 -0.44276 -0.89664
    outer loop
      vertex -45.6 13.7125 15.9526
      vertex -48 13.5835 16.0163
      vertex -48 13.7125 15.9526
    endloop
  endfacet
  facet normal 0 -0.997864 -0.0653198
    outer loop
      vertex -48 14.2625 15
      vertex -45.6 14.2531 15.1436
      vertex -48 14.2531 15.1436
    endloop
  endfacet
  facet normal 0 -0.997864 -0.0653198
    outer loop
      vertex -45.6 14.2531 15.1436
      vertex -48 14.2625 15
      vertex -45.6 14.2625 15
    endloop
  endfacet
  facet normal -0 0.195314 0.980741
    outer loop
      vertex -48 13.0189 13.9094
      vertex -45.6 12.8778 13.9375
      vertex -45.6 13.0189 13.9094
    endloop
  endfacet
  facet normal 0 0.195314 0.980741
    outer loop
      vertex -45.6 12.8778 13.9375
      vertex -48 13.0189 13.9094
      vertex -48 12.8778 13.9375
    endloop
  endfacet
  facet normal 0 -0.65939 -0.751801
    outer loop
      vertex -48 13.8321 15.8727
      vertex -45.6 13.9403 15.7778
      vertex -45.6 13.8321 15.8727
    endloop
  endfacet
  facet normal -0 -0.65939 -0.751801
    outer loop
      vertex -45.6 13.9403 15.7778
      vertex -48 13.8321 15.8727
      vertex -48 13.9403 15.7778
    endloop
  endfacet
  facet normal 0 -0.947073 -0.321018
    outer loop
      vertex -48 14.225 15.2847
      vertex -45.6 14.1788 15.421
      vertex -48 14.1788 15.421
    endloop
  endfacet
  facet normal 0 -0.947073 -0.321018
    outer loop
      vertex -45.6 14.1788 15.421
      vertex -48 14.225 15.2847
      vertex -45.6 14.225 15.2847
    endloop
  endfacet
  facet normal 0 -0.89664 -0.44276
    outer loop
      vertex -48 14.1788 15.421
      vertex -45.6 14.1151 15.55
      vertex -48 14.1151 15.55
    endloop
  endfacet
  facet normal 0 -0.89664 -0.44276
    outer loop
      vertex -45.6 14.1151 15.55
      vertex -48 14.1788 15.421
      vertex -45.6 14.1788 15.421
    endloop
  endfacet
  facet normal 0 -0.0653198 0.997864
    outer loop
      vertex -48 13.3061 13.9094
      vertex -45.6 13.1625 13.9
      vertex -45.6 13.3061 13.9094
    endloop
  endfacet
  facet normal 0 -0.0653198 0.997864
    outer loop
      vertex -45.6 13.1625 13.9
      vertex -48 13.3061 13.9094
      vertex -48 13.1625 13.9
    endloop
  endfacet
  facet normal 0 -0.321018 0.947073
    outer loop
      vertex -48 13.5835 13.9837
      vertex -45.6 13.4472 13.9375
      vertex -45.6 13.5835 13.9837
    endloop
  endfacet
  facet normal 0 -0.321018 0.947073
    outer loop
      vertex -45.6 13.4472 13.9375
      vertex -48 13.5835 13.9837
      vertex -48 13.4472 13.9375
    endloop
  endfacet
  facet normal 0 -0.65939 0.751801
    outer loop
      vertex -48 13.9403 14.2222
      vertex -45.6 13.8321 14.1273
      vertex -45.6 13.9403 14.2222
    endloop
  endfacet
  facet normal 0 -0.65939 0.751801
    outer loop
      vertex -45.6 13.8321 14.1273
      vertex -48 13.9403 14.2222
      vertex -48 13.8321 14.1273
    endloop
  endfacet
  facet normal 0 -0.997864 0.0653198
    outer loop
      vertex -48 14.2531 14.8564
      vertex -45.6 14.2625 15
      vertex -48 14.2625 15
    endloop
  endfacet
  facet normal 0 -0.997864 0.0653198
    outer loop
      vertex -45.6 14.2625 15
      vertex -48 14.2531 14.8564
      vertex -45.6 14.2531 14.8564
    endloop
  endfacet
  facet normal 0 -0.89664 0.44276
    outer loop
      vertex -48 14.1151 14.45
      vertex -45.6 14.1788 14.579
      vertex -48 14.1788 14.579
    endloop
  endfacet
  facet normal 0 -0.89664 0.44276
    outer loop
      vertex -45.6 14.1788 14.579
      vertex -48 14.1151 14.45
      vertex -45.6 14.1151 14.45
    endloop
  endfacet
  facet normal 0 -0.751801 0.65939
    outer loop
      vertex -48 13.9403 14.2222
      vertex -45.6 14.0352 14.3304
      vertex -48 14.0352 14.3304
    endloop
  endfacet
  facet normal 0 -0.751801 0.65939
    outer loop
      vertex -45.6 14.0352 14.3304
      vertex -48 13.9403 14.2222
      vertex -45.6 13.9403 14.2222
    endloop
  endfacet
  facet normal 0 -0.831515 0.555502
    outer loop
      vertex -48 14.0352 14.3304
      vertex -45.6 14.1151 14.45
      vertex -48 14.1151 14.45
    endloop
  endfacet
  facet normal 0 -0.831515 0.555502
    outer loop
      vertex -45.6 14.1151 14.45
      vertex -48 14.0352 14.3304
      vertex -45.6 14.0352 14.3304
    endloop
  endfacet
  facet normal 0 0.321018 -0.947073
    outer loop
      vertex -48 12.7415 16.0163
      vertex -45.6 12.8778 16.0625
      vertex -45.6 12.7415 16.0163
    endloop
  endfacet
  facet normal 0 0.321018 -0.947073
    outer loop
      vertex -45.6 12.8778 16.0625
      vertex -48 12.7415 16.0163
      vertex -48 12.8778 16.0625
    endloop
  endfacet
  facet normal 0 0.195314 -0.980741
    outer loop
      vertex -48 12.8778 16.0625
      vertex -45.6 13.0189 16.0906
      vertex -45.6 12.8778 16.0625
    endloop
  endfacet
  facet normal 0 0.195314 -0.980741
    outer loop
      vertex -45.6 13.0189 16.0906
      vertex -48 12.8778 16.0625
      vertex -48 13.0189 16.0906
    endloop
  endfacet
  facet normal 0 0.555502 -0.831515
    outer loop
      vertex -48 12.4929 15.8727
      vertex -45.6 12.6125 15.9526
      vertex -45.6 12.4929 15.8727
    endloop
  endfacet
  facet normal 0 0.555502 -0.831515
    outer loop
      vertex -45.6 12.6125 15.9526
      vertex -48 12.4929 15.8727
      vertex -48 12.6125 15.9526
    endloop
  endfacet
  facet normal -0 0.65939 0.751801
    outer loop
      vertex -48 12.4929 14.1273
      vertex -45.6 12.3847 14.2222
      vertex -45.6 12.4929 14.1273
    endloop
  endfacet
  facet normal 0 0.65939 0.751801
    outer loop
      vertex -45.6 12.3847 14.2222
      vertex -48 12.4929 14.1273
      vertex -48 12.3847 14.2222
    endloop
  endfacet
  facet normal -0 0.321018 0.947073
    outer loop
      vertex -48 12.8778 13.9375
      vertex -45.6 12.7415 13.9837
      vertex -45.6 12.8778 13.9375
    endloop
  endfacet
  facet normal 0 0.321018 0.947073
    outer loop
      vertex -45.6 12.7415 13.9837
      vertex -48 12.8778 13.9375
      vertex -48 12.7415 13.9837
    endloop
  endfacet
  facet normal 0 0.997864 -0.0653198
    outer loop
      vertex -45.6 12.0625 15
      vertex -48 12.0719 15.1436
      vertex -45.6 12.0719 15.1436
    endloop
  endfacet
  facet normal 0 0.997864 -0.0653198
    outer loop
      vertex -48 12.0719 15.1436
      vertex -45.6 12.0625 15
      vertex -48 12.0625 15
    endloop
  endfacet
  facet normal 0 0.980741 -0.195314
    outer loop
      vertex -45.6 12.0719 15.1436
      vertex -48 12.1 15.2847
      vertex -45.6 12.1 15.2847
    endloop
  endfacet
  facet normal 0 0.980741 -0.195314
    outer loop
      vertex -48 12.1 15.2847
      vertex -45.6 12.0719 15.1436
      vertex -48 12.0719 15.1436
    endloop
  endfacet
  facet normal 0 -0.555502 -0.831515
    outer loop
      vertex -48 13.7125 15.9526
      vertex -45.6 13.8321 15.8727
      vertex -45.6 13.7125 15.9526
    endloop
  endfacet
  facet normal -0 -0.555502 -0.831515
    outer loop
      vertex -45.6 13.8321 15.8727
      vertex -48 13.7125 15.9526
      vertex -48 13.8321 15.8727
    endloop
  endfacet
  facet normal 0 -0.980741 -0.195314
    outer loop
      vertex -48 14.2531 15.1436
      vertex -45.6 14.225 15.2847
      vertex -48 14.225 15.2847
    endloop
  endfacet
  facet normal 0 -0.980741 -0.195314
    outer loop
      vertex -45.6 14.225 15.2847
      vertex -48 14.2531 15.1436
      vertex -45.6 14.2531 15.1436
    endloop
  endfacet
  facet normal 0 -0.751801 -0.65939
    outer loop
      vertex -48 14.0352 15.6696
      vertex -45.6 13.9403 15.7778
      vertex -48 13.9403 15.7778
    endloop
  endfacet
  facet normal 0 -0.751801 -0.65939
    outer loop
      vertex -45.6 13.9403 15.7778
      vertex -48 14.0352 15.6696
      vertex -45.6 14.0352 15.6696
    endloop
  endfacet
  facet normal 0 -0.831515 -0.555502
    outer loop
      vertex -48 14.1151 15.55
      vertex -45.6 14.0352 15.6696
      vertex -48 14.0352 15.6696
    endloop
  endfacet
  facet normal 0 -0.831515 -0.555502
    outer loop
      vertex -45.6 14.0352 15.6696
      vertex -48 14.1151 15.55
      vertex -45.6 14.1151 15.55
    endloop
  endfacet
  facet normal 0 -0.195314 0.980741
    outer loop
      vertex -48 13.4472 13.9375
      vertex -45.6 13.3061 13.9094
      vertex -45.6 13.4472 13.9375
    endloop
  endfacet
  facet normal 0 -0.195314 0.980741
    outer loop
      vertex -45.6 13.3061 13.9094
      vertex -48 13.4472 13.9375
      vertex -48 13.3061 13.9094
    endloop
  endfacet
  facet normal 0 -0.555502 0.831515
    outer loop
      vertex -48 13.8321 14.1273
      vertex -45.6 13.7125 14.0474
      vertex -45.6 13.8321 14.1273
    endloop
  endfacet
  facet normal 0 -0.555502 0.831515
    outer loop
      vertex -45.6 13.7125 14.0474
      vertex -48 13.8321 14.1273
      vertex -48 13.7125 14.0474
    endloop
  endfacet
  facet normal 0 -0.980741 0.195314
    outer loop
      vertex -48 14.225 14.7153
      vertex -45.6 14.2531 14.8564
      vertex -48 14.2531 14.8564
    endloop
  endfacet
  facet normal 0 -0.980741 0.195314
    outer loop
      vertex -45.6 14.2531 14.8564
      vertex -48 14.225 14.7153
      vertex -45.6 14.225 14.7153
    endloop
  endfacet
  facet normal 0 0.44276 -0.89664
    outer loop
      vertex -48 12.6125 15.9526
      vertex -45.6 12.7415 16.0163
      vertex -45.6 12.6125 15.9526
    endloop
  endfacet
  facet normal 0 0.44276 -0.89664
    outer loop
      vertex -45.6 12.7415 16.0163
      vertex -48 12.6125 15.9526
      vertex -48 12.7415 16.0163
    endloop
  endfacet
  facet normal 0 0.89664 0.44276
    outer loop
      vertex -45.6 12.2099 14.45
      vertex -48 12.1462 14.579
      vertex -45.6 12.1462 14.579
    endloop
  endfacet
  facet normal 0 0.89664 0.44276
    outer loop
      vertex -48 12.1462 14.579
      vertex -45.6 12.2099 14.45
      vertex -48 12.2099 14.45
    endloop
  endfacet
  facet normal -0 0.0653198 0.997864
    outer loop
      vertex -48 13.1625 13.9
      vertex -45.6 13.0189 13.9094
      vertex -45.6 13.1625 13.9
    endloop
  endfacet
  facet normal 0 0.0653198 0.997864
    outer loop
      vertex -45.6 13.0189 13.9094
      vertex -48 13.1625 13.9
      vertex -48 13.0189 13.9094
    endloop
  endfacet
  facet normal -0 0.555502 0.831515
    outer loop
      vertex -48 12.6125 14.0474
      vertex -45.6 12.4929 14.1273
      vertex -45.6 12.6125 14.0474
    endloop
  endfacet
  facet normal 0 0.555502 0.831515
    outer loop
      vertex -45.6 12.4929 14.1273
      vertex -48 12.6125 14.0474
      vertex -48 12.4929 14.1273
    endloop
  endfacet
  facet normal -0 0.44276 0.89664
    outer loop
      vertex -48 12.7415 13.9837
      vertex -45.6 12.6125 14.0474
      vertex -45.6 12.7415 13.9837
    endloop
  endfacet
  facet normal 0 0.44276 0.89664
    outer loop
      vertex -45.6 12.6125 14.0474
      vertex -48 12.7415 13.9837
      vertex -48 12.6125 14.0474
    endloop
  endfacet
  facet normal 0 0.947073 -0.321018
    outer loop
      vertex -45.6 12.1 15.2847
      vertex -48 12.1462 15.421
      vertex -45.6 12.1462 15.421
    endloop
  endfacet
  facet normal 0 0.947073 -0.321018
    outer loop
      vertex -48 12.1462 15.421
      vertex -45.6 12.1 15.2847
      vertex -48 12.1 15.2847
    endloop
  endfacet
  facet normal 0 0.65939 -0.751801
    outer loop
      vertex -48 12.3847 15.7778
      vertex -45.6 12.4929 15.8727
      vertex -45.6 12.3847 15.7778
    endloop
  endfacet
  facet normal 0 0.65939 -0.751801
    outer loop
      vertex -45.6 12.4929 15.8727
      vertex -48 12.3847 15.7778
      vertex -48 12.4929 15.8727
    endloop
  endfacet
  facet normal 0 0.997864 0.0653198
    outer loop
      vertex -45.6 12.0719 14.8564
      vertex -48 12.0625 15
      vertex -45.6 12.0625 15
    endloop
  endfacet
  facet normal 0 0.997864 0.0653198
    outer loop
      vertex -48 12.0625 15
      vertex -45.6 12.0719 14.8564
      vertex -48 12.0719 14.8564
    endloop
  endfacet
  facet normal 0 0.947073 0.321018
    outer loop
      vertex -45.6 12.1462 14.579
      vertex -48 12.1 14.7153
      vertex -45.6 12.1 14.7153
    endloop
  endfacet
  facet normal 0 0.947073 0.321018
    outer loop
      vertex -48 12.1 14.7153
      vertex -45.6 12.1462 14.579
      vertex -48 12.1462 14.579
    endloop
  endfacet
  facet normal 0 0.980741 0.195314
    outer loop
      vertex -45.6 12.1 14.7153
      vertex -48 12.0719 14.8564
      vertex -45.6 12.0719 14.8564
    endloop
  endfacet
  facet normal 0 0.980741 0.195314
    outer loop
      vertex -48 12.0719 14.8564
      vertex -45.6 12.1 14.7153
      vertex -48 12.1 14.7153
    endloop
  endfacet
  facet normal 0 0.831515 0.555502
    outer loop
      vertex -45.6 12.2898 14.3304
      vertex -48 12.2099 14.45
      vertex -45.6 12.2099 14.45
    endloop
  endfacet
  facet normal 0 0.831515 0.555502
    outer loop
      vertex -48 12.2099 14.45
      vertex -45.6 12.2898 14.3304
      vertex -48 12.2898 14.3304
    endloop
  endfacet
  facet normal 0 0.831515 -0.555502
    outer loop
      vertex -45.6 12.2099 15.55
      vertex -48 12.2898 15.6696
      vertex -45.6 12.2898 15.6696
    endloop
  endfacet
  facet normal 0 0.831515 -0.555502
    outer loop
      vertex -48 12.2898 15.6696
      vertex -45.6 12.2099 15.55
      vertex -48 12.2099 15.55
    endloop
  endfacet
  facet normal 0 0.751801 -0.65939
    outer loop
      vertex -45.6 12.2898 15.6696
      vertex -48 12.3847 15.7778
      vertex -45.6 12.3847 15.7778
    endloop
  endfacet
  facet normal 0 0.751801 -0.65939
    outer loop
      vertex -48 12.3847 15.7778
      vertex -45.6 12.2898 15.6696
      vertex -48 12.2898 15.6696
    endloop
  endfacet
  facet normal 0 0.751801 0.65939
    outer loop
      vertex -45.6 12.3847 14.2222
      vertex -48 12.2898 14.3304
      vertex -45.6 12.2898 14.3304
    endloop
  endfacet
  facet normal 0 0.751801 0.65939
    outer loop
      vertex -48 12.2898 14.3304
      vertex -45.6 12.3847 14.2222
      vertex -48 12.3847 14.2222
    endloop
  endfacet
  facet normal -0.896817 -0.442401 0
    outer loop
      vertex -41.7066 -28.9642 0
      vertex -41.7876 -28.8 2.4
      vertex -41.7876 -28.8 0
    endloop
  endfacet
  facet normal -0.896817 -0.442401 0
    outer loop
      vertex -41.7876 -28.8 2.4
      vertex -41.7066 -28.9642 0
      vertex -41.7066 -28.9642 2.4
    endloop
  endfacet
  facet normal 0.946922 -0.321462 0
    outer loop
      vertex -44.3523 -29.1377 2.4
      vertex -44.2934 -28.9642 0
      vertex -44.2934 -28.9642 2.4
    endloop
  endfacet
  facet normal 0.946922 -0.321462 0
    outer loop
      vertex -44.2934 -28.9642 0
      vertex -44.3523 -29.1377 2.4
      vertex -44.3523 -29.1377 0
    endloop
  endfacet
  facet normal -0.83163 -0.55533 0
    outer loop
      vertex -41.7876 -28.8 0
      vertex -41.8893 -28.6477 2.4
      vertex -41.8893 -28.6477 0
    endloop
  endfacet
  facet normal -0.83163 -0.55533 0
    outer loop
      vertex -41.8893 -28.6477 2.4
      vertex -41.7876 -28.8 0
      vertex -41.7876 -28.8 2.4
    endloop
  endfacet
  facet normal -0.321462 -0.946922 0
    outer loop
      vertex -42.6377 -28.1477 0
      vertex -42.4642 -28.2066 2.4
      vertex -42.6377 -28.1477 2.4
    endloop
  endfacet
  facet normal -0.321462 -0.946922 -0
    outer loop
      vertex -42.4642 -28.2066 2.4
      vertex -42.6377 -28.1477 0
      vertex -42.4642 -28.2066 0
    endloop
  endfacet
  facet normal 0.321462 -0.946922 0
    outer loop
      vertex -43.5358 -28.2066 0
      vertex -43.3623 -28.1477 2.4
      vertex -43.5358 -28.2066 2.4
    endloop
  endfacet
  facet normal 0.321462 -0.946922 0
    outer loop
      vertex -43.3623 -28.1477 2.4
      vertex -43.5358 -28.2066 0
      vertex -43.3623 -28.1477 0
    endloop
  endfacet
  facet normal 0.896817 -0.442401 0
    outer loop
      vertex -44.2934 -28.9642 2.4
      vertex -44.2124 -28.8 0
      vertex -44.2124 -28.8 2.4
    endloop
  endfacet
  facet normal 0.896817 -0.442401 0
    outer loop
      vertex -44.2124 -28.8 0
      vertex -44.2934 -28.9642 2.4
      vertex -44.2934 -28.9642 0
    endloop
  endfacet
  facet normal -0.980811 0.194961 0
    outer loop
      vertex -41.6477 -29.8623 0
      vertex -41.612 -29.6827 2.4
      vertex -41.612 -29.6827 0
    endloop
  endfacet
  facet normal -0.980811 0.194961 0
    outer loop
      vertex -41.612 -29.6827 2.4
      vertex -41.6477 -29.8623 0
      vertex -41.6477 -29.8623 2.4
    endloop
  endfacet
  facet normal -0.659162 -0.752001 0
    outer loop
      vertex -42.1477 -28.3893 0
      vertex -42.01 -28.51 2.4
      vertex -42.1477 -28.3893 2.4
    endloop
  endfacet
  facet normal -0.659162 -0.752001 -0
    outer loop
      vertex -42.01 -28.51 2.4
      vertex -42.1477 -28.3893 0
      vertex -42.01 -28.51 0
    endloop
  endfacet
  facet normal 0.0655402 -0.99785 0
    outer loop
      vertex -43.1827 -28.112 0
      vertex -43 -28.1 2.4
      vertex -43.1827 -28.112 2.4
    endloop
  endfacet
  facet normal 0.0655402 -0.99785 0
    outer loop
      vertex -43 -28.1 2.4
      vertex -43.1827 -28.112 0
      vertex -43 -28.1 0
    endloop
  endfacet
  facet normal -0.442401 -0.896817 0
    outer loop
      vertex -42.4642 -28.2066 0
      vertex -42.3 -28.2876 2.4
      vertex -42.4642 -28.2066 2.4
    endloop
  endfacet
  facet normal -0.442401 -0.896817 -0
    outer loop
      vertex -42.3 -28.2876 2.4
      vertex -42.4642 -28.2066 0
      vertex -42.3 -28.2876 0
    endloop
  endfacet
  facet normal 0.751731 -0.65947 0
    outer loop
      vertex -44.1107 -28.6477 2.4
      vertex -43.9899 -28.51 0
      vertex -43.9899 -28.51 2.4
    endloop
  endfacet
  facet normal 0.751731 -0.65947 0
    outer loop
      vertex -43.9899 -28.51 0
      vertex -44.1107 -28.6477 2.4
      vertex -44.1107 -28.6477 0
    endloop
  endfacet
  facet normal 0.442401 -0.896817 0
    outer loop
      vertex -43.7 -28.2876 0
      vertex -43.5358 -28.2066 2.4
      vertex -43.7 -28.2876 2.4
    endloop
  endfacet
  facet normal 0.442401 -0.896817 0
    outer loop
      vertex -43.5358 -28.2066 2.4
      vertex -43.7 -28.2876 0
      vertex -43.5358 -28.2066 0
    endloop
  endfacet
  facet normal 0.194961 -0.980811 0
    outer loop
      vertex -43.3623 -28.1477 0
      vertex -43.1827 -28.112 2.4
      vertex -43.3623 -28.1477 2.4
    endloop
  endfacet
  facet normal 0.194961 -0.980811 0
    outer loop
      vertex -43.1827 -28.112 2.4
      vertex -43.3623 -28.1477 0
      vertex -43.1827 -28.112 0
    endloop
  endfacet
  facet normal -0.99785 -0.0655402 0
    outer loop
      vertex -41.6 -29.5 0
      vertex -41.612 -29.3173 2.4
      vertex -41.612 -29.3173 0
    endloop
  endfacet
  facet normal -0.99785 -0.0655402 0
    outer loop
      vertex -41.612 -29.3173 2.4
      vertex -41.6 -29.5 0
      vertex -41.6 -29.5 2.4
    endloop
  endfacet
  facet normal -0.946922 0.321462 0
    outer loop
      vertex -41.7066 -30.0358 0
      vertex -41.6477 -29.8623 2.4
      vertex -41.6477 -29.8623 0
    endloop
  endfacet
  facet normal -0.946922 0.321462 0
    outer loop
      vertex -41.6477 -29.8623 2.4
      vertex -41.7066 -30.0358 0
      vertex -41.7066 -30.0358 2.4
    endloop
  endfacet
  facet normal 0.659741 0.751493 -0
    outer loop
      vertex -43.8523 -30.6107 0
      vertex -43.9899 -30.4899 20
      vertex -43.8523 -30.6107 20
    endloop
  endfacet
  facet normal 0.659741 0.751493 0
    outer loop
      vertex -43.9899 -30.4899 20
      vertex -43.8523 -30.6107 0
      vertex -43.9899 -30.4899 0
    endloop
  endfacet
  facet normal 0.896817 0.442401 0
    outer loop
      vertex -44.2124 -30.2 20
      vertex -44.2934 -30.0358 0
      vertex -44.2934 -30.0358 20
    endloop
  endfacet
  facet normal 0.896817 0.442401 0
    outer loop
      vertex -44.2934 -30.0358 0
      vertex -44.2124 -30.2 20
      vertex -44.2124 -30.2 0
    endloop
  endfacet
  facet normal -0.946922 -0.321462 0
    outer loop
      vertex -41.6477 -29.1377 0
      vertex -41.7066 -28.9642 2.4
      vertex -41.7066 -28.9642 0
    endloop
  endfacet
  facet normal -0.946922 -0.321462 0
    outer loop
      vertex -41.7066 -28.9642 2.4
      vertex -41.6477 -29.1377 0
      vertex -41.6477 -29.1377 2.4
    endloop
  endfacet
  facet normal -0.752001 -0.659162 0
    outer loop
      vertex -41.8893 -28.6477 0
      vertex -42.01 -28.51 2.4
      vertex -42.01 -28.51 0
    endloop
  endfacet
  facet normal -0.752001 -0.659162 0
    outer loop
      vertex -42.01 -28.51 2.4
      vertex -41.8893 -28.6477 0
      vertex -41.8893 -28.6477 2.4
    endloop
  endfacet
  facet normal -0.194961 -0.980811 0
    outer loop
      vertex -42.8173 -28.112 0
      vertex -42.6377 -28.1477 2.4
      vertex -42.8173 -28.112 2.4
    endloop
  endfacet
  facet normal -0.194961 -0.980811 -0
    outer loop
      vertex -42.6377 -28.1477 2.4
      vertex -42.8173 -28.112 0
      vertex -42.6377 -28.1477 0
    endloop
  endfacet
  facet normal -0.0655402 -0.99785 0
    outer loop
      vertex -43 -28.1 0
      vertex -42.8173 -28.112 2.4
      vertex -43 -28.1 2.4
    endloop
  endfacet
  facet normal -0.0655402 -0.99785 -0
    outer loop
      vertex -42.8173 -28.112 2.4
      vertex -43 -28.1 0
      vertex -42.8173 -28.112 0
    endloop
  endfacet
  facet normal -0.55533 -0.83163 0
    outer loop
      vertex -42.3 -28.2876 0
      vertex -42.1477 -28.3893 2.4
      vertex -42.3 -28.2876 2.4
    endloop
  endfacet
  facet normal -0.55533 -0.83163 -0
    outer loop
      vertex -42.1477 -28.3893 2.4
      vertex -42.3 -28.2876 0
      vertex -42.1477 -28.3893 0
    endloop
  endfacet
  facet normal 0.99785 -0.0655402 0
    outer loop
      vertex -44.4 -29.5 2.4
      vertex -44.388 -29.3173 0
      vertex -44.388 -29.3173 2.4
    endloop
  endfacet
  facet normal 0.99785 -0.0655402 0
    outer loop
      vertex -44.388 -29.3173 0
      vertex -44.4 -29.5 2.4
      vertex -44.4 -29.5 0
    endloop
  endfacet
  facet normal 0.83163 -0.55533 0
    outer loop
      vertex -44.2124 -28.8 2.4
      vertex -44.1107 -28.6477 0
      vertex -44.1107 -28.6477 2.4
    endloop
  endfacet
  facet normal 0.83163 -0.55533 0
    outer loop
      vertex -44.1107 -28.6477 0
      vertex -44.2124 -28.8 2.4
      vertex -44.2124 -28.8 0
    endloop
  endfacet
  facet normal 0.55533 -0.83163 0
    outer loop
      vertex -43.8523 -28.3893 0
      vertex -43.7 -28.2876 2.4
      vertex -43.8523 -28.3893 2.4
    endloop
  endfacet
  facet normal 0.55533 -0.83163 0
    outer loop
      vertex -43.7 -28.2876 2.4
      vertex -43.8523 -28.3893 0
      vertex -43.7 -28.2876 0
    endloop
  endfacet
  facet normal 0.659432 -0.751764 0
    outer loop
      vertex -43.9899 -28.51 0
      vertex -43.8523 -28.3893 2.4
      vertex -43.9899 -28.51 2.4
    endloop
  endfacet
  facet normal 0.659432 -0.751764 0
    outer loop
      vertex -43.8523 -28.3893 2.4
      vertex -43.9899 -28.51 0
      vertex -43.8523 -28.3893 0
    endloop
  endfacet
  facet normal -0.99785 0.0655402 0
    outer loop
      vertex -41.612 -29.6827 0
      vertex -41.6 -29.5 2.4
      vertex -41.6 -29.5 0
    endloop
  endfacet
  facet normal -0.99785 0.0655402 0
    outer loop
      vertex -41.6 -29.5 2.4
      vertex -41.612 -29.6827 0
      vertex -41.612 -29.6827 2.4
    endloop
  endfacet
  facet normal 0.83163 0.55533 0
    outer loop
      vertex -44.1107 -30.3523 20
      vertex -44.2124 -30.2 0
      vertex -44.2124 -30.2 20
    endloop
  endfacet
  facet normal 0.83163 0.55533 0
    outer loop
      vertex -44.2124 -30.2 0
      vertex -44.1107 -30.3523 20
      vertex -44.1107 -30.3523 0
    endloop
  endfacet
  facet normal -0.194961 0.980811 0
    outer loop
      vertex -42.6377 -30.8523 0
      vertex -42.8173 -30.888 20
      vertex -42.6377 -30.8523 20
    endloop
  endfacet
  facet normal -0.194961 0.980811 0
    outer loop
      vertex -42.8173 -30.888 20
      vertex -42.6377 -30.8523 0
      vertex -42.8173 -30.888 0
    endloop
  endfacet
  facet normal -0.442401 0.896817 0
    outer loop
      vertex -42.3 -30.7124 0
      vertex -42.4642 -30.7934 20
      vertex -42.3 -30.7124 20
    endloop
  endfacet
  facet normal -0.442401 0.896817 0
    outer loop
      vertex -42.4642 -30.7934 20
      vertex -42.3 -30.7124 0
      vertex -42.4642 -30.7934 0
    endloop
  endfacet
  facet normal -0.980811 -0.194961 0
    outer loop
      vertex -41.612 -29.3173 0
      vertex -41.6477 -29.1377 2.4
      vertex -41.6477 -29.1377 0
    endloop
  endfacet
  facet normal -0.980811 -0.194961 0
    outer loop
      vertex -41.6477 -29.1377 2.4
      vertex -41.612 -29.3173 0
      vertex -41.612 -29.3173 2.4
    endloop
  endfacet
  facet normal 0.980811 -0.194961 0
    outer loop
      vertex -44.388 -29.3173 2.4
      vertex -44.3523 -29.1377 0
      vertex -44.3523 -29.1377 2.4
    endloop
  endfacet
  facet normal 0.980811 -0.194961 0
    outer loop
      vertex -44.3523 -29.1377 0
      vertex -44.388 -29.3173 2.4
      vertex -44.388 -29.3173 0
    endloop
  endfacet
  facet normal -0.751764 0.659432 0
    outer loop
      vertex -42.01 -30.4899 0
      vertex -41.8893 -30.3523 20
      vertex -41.8893 -30.3523 0
    endloop
  endfacet
  facet normal -0.751764 0.659432 0
    outer loop
      vertex -41.8893 -30.3523 20
      vertex -42.01 -30.4899 0
      vertex -42.01 -30.4899 20
    endloop
  endfacet
  facet normal -0.896651 0.442739 0
    outer loop
      vertex -41.7066 -30.0358 0
      vertex -41.7383 -30.1 2.4
      vertex -41.7066 -30.0358 2.4
    endloop
  endfacet
  facet normal -0.896817 0.442401 -1.12421e-05
    outer loop
      vertex -41.7876 -30.2 0
      vertex -41.7383 -30.1 2.4
      vertex -41.7066 -30.0358 0
    endloop
  endfacet
  facet normal -0.896924 0.442184 0
    outer loop
      vertex -41.7876 -30.2 20
      vertex -41.7383 -30.1 2.4
      vertex -41.7876 -30.2 0
    endloop
  endfacet
  facet normal -0.896924 0.442184 0
    outer loop
      vertex -41.7383 -30.1 2.4
      vertex -41.7876 -30.2 20
      vertex -41.7383 -30.1 20
    endloop
  endfacet
  facet normal -0.0655402 0.99785 0
    outer loop
      vertex -42.8173 -30.888 0
      vertex -43 -30.9 20
      vertex -42.8173 -30.888 20
    endloop
  endfacet
  facet normal -0.0655402 0.99785 0
    outer loop
      vertex -43 -30.9 20
      vertex -42.8173 -30.888 0
      vertex -43 -30.9 0
    endloop
  endfacet
  facet normal 0.99785 0.0655402 0
    outer loop
      vertex -44.388 -29.6827 2.4
      vertex -44.4 -29.5 0
      vertex -44.4 -29.5 2.4
    endloop
  endfacet
  facet normal 0.99785 0.0655402 0
    outer loop
      vertex -44.4 -29.5 0
      vertex -44.388 -29.6827 2.4
      vertex -44.388 -29.6827 0
    endloop
  endfacet
  facet normal 0.946922 0.321462 0
    outer loop
      vertex -44.2934 -30.0358 20
      vertex -44.3523 -29.8623 0
      vertex -44.3523 -29.8623 20
    endloop
  endfacet
  facet normal 0.946922 0.321462 0
    outer loop
      vertex -44.3523 -29.8623 0
      vertex -44.2934 -30.0358 20
      vertex -44.2934 -30.0358 0
    endloop
  endfacet
  facet normal 0.751493 0.659741 0
    outer loop
      vertex -43.9899 -30.4899 20
      vertex -44.1107 -30.3523 0
      vertex -44.1107 -30.3523 20
    endloop
  endfacet
  facet normal 0.751493 0.659741 0
    outer loop
      vertex -44.1107 -30.3523 0
      vertex -43.9899 -30.4899 20
      vertex -43.9899 -30.4899 0
    endloop
  endfacet
  facet normal -0.321462 0.946922 0
    outer loop
      vertex -42.4642 -30.7934 0
      vertex -42.6377 -30.8523 20
      vertex -42.4642 -30.7934 20
    endloop
  endfacet
  facet normal -0.321462 0.946922 0
    outer loop
      vertex -42.6377 -30.8523 20
      vertex -42.4642 -30.7934 0
      vertex -42.6377 -30.8523 0
    endloop
  endfacet
  facet normal -0.65947 0.751731 0
    outer loop
      vertex -42.01 -30.4899 0
      vertex -42.1477 -30.6107 20
      vertex -42.01 -30.4899 20
    endloop
  endfacet
  facet normal -0.65947 0.751731 0
    outer loop
      vertex -42.1477 -30.6107 20
      vertex -42.01 -30.4899 0
      vertex -42.1477 -30.6107 0
    endloop
  endfacet
  facet normal -0.55533 0.83163 0
    outer loop
      vertex -42.1477 -30.6107 0
      vertex -42.3 -30.7124 20
      vertex -42.1477 -30.6107 20
    endloop
  endfacet
  facet normal -0.55533 0.83163 0
    outer loop
      vertex -42.3 -30.7124 20
      vertex -42.1477 -30.6107 0
      vertex -42.3 -30.7124 0
    endloop
  endfacet
  facet normal -0.83163 0.55533 0
    outer loop
      vertex -41.8893 -30.3523 0
      vertex -41.7876 -30.2 20
      vertex -41.7876 -30.2 0
    endloop
  endfacet
  facet normal -0.83163 0.55533 0
    outer loop
      vertex -41.7876 -30.2 20
      vertex -41.8893 -30.3523 0
      vertex -41.8893 -30.3523 20
    endloop
  endfacet
  facet normal 0.194961 0.980811 -0
    outer loop
      vertex -43.1827 -30.888 0
      vertex -43.3623 -30.8523 20
      vertex -43.1827 -30.888 20
    endloop
  endfacet
  facet normal 0.194961 0.980811 0
    outer loop
      vertex -43.3623 -30.8523 20
      vertex -43.1827 -30.888 0
      vertex -43.3623 -30.8523 0
    endloop
  endfacet
  facet normal 0.321462 0.946922 -0
    outer loop
      vertex -43.3623 -30.8523 0
      vertex -43.5358 -30.7934 20
      vertex -43.3623 -30.8523 20
    endloop
  endfacet
  facet normal 0.321462 0.946922 0
    outer loop
      vertex -43.5358 -30.7934 20
      vertex -43.3623 -30.8523 0
      vertex -43.5358 -30.7934 0
    endloop
  endfacet
  facet normal 0.442401 0.896817 -0
    outer loop
      vertex -43.5358 -30.7934 0
      vertex -43.7 -30.7124 20
      vertex -43.5358 -30.7934 20
    endloop
  endfacet
  facet normal 0.442401 0.896817 0
    outer loop
      vertex -43.7 -30.7124 20
      vertex -43.5358 -30.7934 0
      vertex -43.7 -30.7124 0
    endloop
  endfacet
  facet normal 0.980782 0.195105 0
    outer loop
      vertex -44.3857 -29.6944 20
      vertex -44.3523 -29.8623 20
      vertex -44.3857 -29.6944 2.4
    endloop
  endfacet
  facet normal 0.98122 0.192889 0
    outer loop
      vertex -44.3857 -29.6944 2.4
      vertex -44.388 -29.6827 0
      vertex -44.388 -29.6827 2.4
    endloop
  endfacet
  facet normal 0.980782 0.195105 -0
    outer loop
      vertex -44.3523 -29.8623 0
      vertex -44.3857 -29.6944 2.4
      vertex -44.3523 -29.8623 20
    endloop
  endfacet
  facet normal 0.980811 0.194961 1.04898e-05
    outer loop
      vertex -44.3857 -29.6944 2.4
      vertex -44.3523 -29.8623 0
      vertex -44.388 -29.6827 0
    endloop
  endfacet
  facet normal 0.0655402 0.99785 -0
    outer loop
      vertex -43 -30.9 0
      vertex -43.1827 -30.888 20
      vertex -43 -30.9 20
    endloop
  endfacet
  facet normal 0.0655402 0.99785 0
    outer loop
      vertex -43.1827 -30.888 20
      vertex -43 -30.9 0
      vertex -43.1827 -30.888 0
    endloop
  endfacet
  facet normal 0.55533 0.83163 -0
    outer loop
      vertex -43.7 -30.7124 0
      vertex -43.8523 -30.6107 20
      vertex -43.7 -30.7124 20
    endloop
  endfacet
  facet normal 0.55533 0.83163 0
    outer loop
      vertex -43.8523 -30.6107 20
      vertex -43.7 -30.7124 0
      vertex -43.8523 -30.6107 0
    endloop
  endfacet
  facet normal -0.55533 -0.83163 0
    outer loop
      vertex -42.3 30.7124 0
      vertex -42.1477 30.6107 20
      vertex -42.3 30.7124 20
    endloop
  endfacet
  facet normal -0.55533 -0.83163 -0
    outer loop
      vertex -42.1477 30.6107 20
      vertex -42.3 30.7124 0
      vertex -42.1477 30.6107 0
    endloop
  endfacet
  facet normal -0.980811 0.194961 0
    outer loop
      vertex -41.6477 29.1377 0
      vertex -41.612 29.3173 2.4
      vertex -41.612 29.3173 0
    endloop
  endfacet
  facet normal -0.980811 0.194961 0
    outer loop
      vertex -41.612 29.3173 2.4
      vertex -41.6477 29.1377 0
      vertex -41.6477 29.1377 2.4
    endloop
  endfacet
  facet normal 0.442401 -0.896817 0
    outer loop
      vertex -43.7 30.7124 0
      vertex -43.5358 30.7934 20
      vertex -43.7 30.7124 20
    endloop
  endfacet
  facet normal 0.442401 -0.896817 0
    outer loop
      vertex -43.5358 30.7934 20
      vertex -43.7 30.7124 0
      vertex -43.5358 30.7934 0
    endloop
  endfacet
  facet normal 0.946922 -0.321462 0
    outer loop
      vertex -44.3523 29.8623 20
      vertex -44.2934 30.0358 0
      vertex -44.2934 30.0358 20
    endloop
  endfacet
  facet normal 0.946922 -0.321462 0
    outer loop
      vertex -44.2934 30.0358 0
      vertex -44.3523 29.8623 20
      vertex -44.3523 29.8623 0
    endloop
  endfacet
  facet normal -0.752001 0.659162 0
    outer loop
      vertex -42.01 28.51 0
      vertex -41.8893 28.6477 2.4
      vertex -41.8893 28.6477 0
    endloop
  endfacet
  facet normal -0.752001 0.659162 0
    outer loop
      vertex -41.8893 28.6477 2.4
      vertex -42.01 28.51 0
      vertex -42.01 28.51 2.4
    endloop
  endfacet
  facet normal -0.896924 -0.442184 0
    outer loop
      vertex -41.7876 30.2 0
      vertex -41.7383 30.1 2.4
      vertex -41.7876 30.2 20
    endloop
  endfacet
  facet normal -0.896817 -0.442401 -1.12421e-05
    outer loop
      vertex -41.7066 30.0358 0
      vertex -41.7383 30.1 2.4
      vertex -41.7876 30.2 0
    endloop
  endfacet
  facet normal -0.896651 -0.442739 0
    outer loop
      vertex -41.7383 30.1 2.4
      vertex -41.7066 30.0358 0
      vertex -41.7066 30.0358 2.4
    endloop
  endfacet
  facet normal -0.896924 -0.442184 0
    outer loop
      vertex -41.7876 30.2 20
      vertex -41.7383 30.1 2.4
      vertex -41.7383 30.1 20
    endloop
  endfacet
  facet normal -0.83163 -0.55533 0
    outer loop
      vertex -41.7876 30.2 0
      vertex -41.8893 30.3523 20
      vertex -41.8893 30.3523 0
    endloop
  endfacet
  facet normal -0.83163 -0.55533 0
    outer loop
      vertex -41.8893 30.3523 20
      vertex -41.7876 30.2 0
      vertex -41.7876 30.2 20
    endloop
  endfacet
  facet normal -0.65947 -0.751731 0
    outer loop
      vertex -42.1477 30.6107 0
      vertex -42.01 30.4899 20
      vertex -42.1477 30.6107 20
    endloop
  endfacet
  facet normal -0.65947 -0.751731 -0
    outer loop
      vertex -42.01 30.4899 20
      vertex -42.1477 30.6107 0
      vertex -42.01 30.4899 0
    endloop
  endfacet
  facet normal -0.321462 -0.946922 0
    outer loop
      vertex -42.6377 30.8523 0
      vertex -42.4642 30.7934 20
      vertex -42.6377 30.8523 20
    endloop
  endfacet
  facet normal -0.321462 -0.946922 -0
    outer loop
      vertex -42.4642 30.7934 20
      vertex -42.6377 30.8523 0
      vertex -42.4642 30.7934 0
    endloop
  endfacet
  facet normal 0.0655402 -0.99785 0
    outer loop
      vertex -43.1827 30.888 0
      vertex -43 30.9 20
      vertex -43.1827 30.888 20
    endloop
  endfacet
  facet normal 0.0655402 -0.99785 0
    outer loop
      vertex -43 30.9 20
      vertex -43.1827 30.888 0
      vertex -43 30.9 0
    endloop
  endfacet
  facet normal 0.99785 0.0655402 0
    outer loop
      vertex -44.388 29.3173 2.4
      vertex -44.4 29.5 0
      vertex -44.4 29.5 2.4
    endloop
  endfacet
  facet normal 0.99785 0.0655402 0
    outer loop
      vertex -44.4 29.5 0
      vertex -44.388 29.3173 2.4
      vertex -44.388 29.3173 0
    endloop
  endfacet
  facet normal 0.83163 -0.55533 0
    outer loop
      vertex -44.2124 30.2 20
      vertex -44.1107 30.3523 0
      vertex -44.1107 30.3523 20
    endloop
  endfacet
  facet normal 0.83163 -0.55533 0
    outer loop
      vertex -44.1107 30.3523 0
      vertex -44.2124 30.2 20
      vertex -44.2124 30.2 0
    endloop
  endfacet
  facet normal 0.321462 -0.946922 0
    outer loop
      vertex -43.5358 30.7934 0
      vertex -43.3623 30.8523 20
      vertex -43.5358 30.7934 20
    endloop
  endfacet
  facet normal 0.321462 -0.946922 0
    outer loop
      vertex -43.3623 30.8523 20
      vertex -43.5358 30.7934 0
      vertex -43.3623 30.8523 0
    endloop
  endfacet
  facet normal 0.751493 -0.659741 0
    outer loop
      vertex -44.1107 30.3523 20
      vertex -43.9899 30.4899 0
      vertex -43.9899 30.4899 20
    endloop
  endfacet
  facet normal 0.751493 -0.659741 0
    outer loop
      vertex -43.9899 30.4899 0
      vertex -44.1107 30.3523 20
      vertex -44.1107 30.3523 0
    endloop
  endfacet
  facet normal -0.99785 -0.0655402 0
    outer loop
      vertex -41.6 29.5 0
      vertex -41.612 29.6827 2.4
      vertex -41.612 29.6827 0
    endloop
  endfacet
  facet normal -0.99785 -0.0655402 0
    outer loop
      vertex -41.612 29.6827 2.4
      vertex -41.6 29.5 0
      vertex -41.6 29.5 2.4
    endloop
  endfacet
  facet normal -0.83163 0.55533 0
    outer loop
      vertex -41.8893 28.6477 0
      vertex -41.7876 28.8 2.4
      vertex -41.7876 28.8 0
    endloop
  endfacet
  facet normal -0.83163 0.55533 0
    outer loop
      vertex -41.7876 28.8 2.4
      vertex -41.8893 28.6477 0
      vertex -41.8893 28.6477 2.4
    endloop
  endfacet
  facet normal -0.946922 0.321462 0
    outer loop
      vertex -41.7066 28.9642 0
      vertex -41.6477 29.1377 2.4
      vertex -41.6477 29.1377 0
    endloop
  endfacet
  facet normal -0.946922 0.321462 0
    outer loop
      vertex -41.6477 29.1377 2.4
      vertex -41.7066 28.9642 0
      vertex -41.7066 28.9642 2.4
    endloop
  endfacet
  facet normal -0.442401 0.896817 0
    outer loop
      vertex -42.3 28.2876 0
      vertex -42.4642 28.2066 2.4
      vertex -42.3 28.2876 2.4
    endloop
  endfacet
  facet normal -0.442401 0.896817 0
    outer loop
      vertex -42.4642 28.2066 2.4
      vertex -42.3 28.2876 0
      vertex -42.4642 28.2066 0
    endloop
  endfacet
  facet normal -0.0655402 0.99785 0
    outer loop
      vertex -42.8173 28.112 0
      vertex -43 28.1 2.4
      vertex -42.8173 28.112 2.4
    endloop
  endfacet
  facet normal -0.0655402 0.99785 0
    outer loop
      vertex -43 28.1 2.4
      vertex -42.8173 28.112 0
      vertex -43 28.1 0
    endloop
  endfacet
  facet normal 0.55533 0.83163 -0
    outer loop
      vertex -43.7 28.2876 0
      vertex -43.8523 28.3893 2.4
      vertex -43.7 28.2876 2.4
    endloop
  endfacet
  facet normal 0.55533 0.83163 0
    outer loop
      vertex -43.8523 28.3893 2.4
      vertex -43.7 28.2876 0
      vertex -43.8523 28.3893 0
    endloop
  endfacet
  facet normal 0.946922 0.321462 0
    outer loop
      vertex -44.2934 28.9642 2.4
      vertex -44.3523 29.1377 0
      vertex -44.3523 29.1377 2.4
    endloop
  endfacet
  facet normal 0.946922 0.321462 0
    outer loop
      vertex -44.3523 29.1377 0
      vertex -44.2934 28.9642 2.4
      vertex -44.2934 28.9642 0
    endloop
  endfacet
  facet normal -0.946922 -0.321462 0
    outer loop
      vertex -41.6477 29.8623 0
      vertex -41.7066 30.0358 2.4
      vertex -41.7066 30.0358 0
    endloop
  endfacet
  facet normal -0.946922 -0.321462 0
    outer loop
      vertex -41.7066 30.0358 2.4
      vertex -41.6477 29.8623 0
      vertex -41.6477 29.8623 2.4
    endloop
  endfacet
  facet normal -0.751764 -0.659432 0
    outer loop
      vertex -41.8893 30.3523 0
      vertex -42.01 30.4899 20
      vertex -42.01 30.4899 0
    endloop
  endfacet
  facet normal -0.751764 -0.659432 0
    outer loop
      vertex -42.01 30.4899 20
      vertex -41.8893 30.3523 0
      vertex -41.8893 30.3523 20
    endloop
  endfacet
  facet normal -0.442401 -0.896817 0
    outer loop
      vertex -42.4642 30.7934 0
      vertex -42.3 30.7124 20
      vertex -42.4642 30.7934 20
    endloop
  endfacet
  facet normal -0.442401 -0.896817 -0
    outer loop
      vertex -42.3 30.7124 20
      vertex -42.4642 30.7934 0
      vertex -42.3 30.7124 0
    endloop
  endfacet
  facet normal -0.194961 -0.980811 0
    outer loop
      vertex -42.8173 30.888 0
      vertex -42.6377 30.8523 20
      vertex -42.8173 30.888 20
    endloop
  endfacet
  facet normal -0.194961 -0.980811 -0
    outer loop
      vertex -42.6377 30.8523 20
      vertex -42.8173 30.888 0
      vertex -42.6377 30.8523 0
    endloop
  endfacet
  facet normal -0.0655402 -0.99785 0
    outer loop
      vertex -43 30.9 0
      vertex -42.8173 30.888 20
      vertex -43 30.9 20
    endloop
  endfacet
  facet normal -0.0655402 -0.99785 -0
    outer loop
      vertex -42.8173 30.888 20
      vertex -43 30.9 0
      vertex -42.8173 30.888 0
    endloop
  endfacet
  facet normal 0.980782 -0.195105 0
    outer loop
      vertex -44.3857 29.6944 2.4
      vertex -44.3523 29.8623 20
      vertex -44.3857 29.6944 20
    endloop
  endfacet
  facet normal 0.980782 -0.195105 0
    outer loop
      vertex -44.3523 29.8623 20
      vertex -44.3857 29.6944 2.4
      vertex -44.3523 29.8623 0
    endloop
  endfacet
  facet normal 0.98122 -0.192889 0
    outer loop
      vertex -44.388 29.6827 0
      vertex -44.3857 29.6944 2.4
      vertex -44.388 29.6827 2.4
    endloop
  endfacet
  facet normal 0.980811 -0.194961 1.04898e-05
    outer loop
      vertex -44.3857 29.6944 2.4
      vertex -44.388 29.6827 0
      vertex -44.3523 29.8623 0
    endloop
  endfacet
  facet normal 0.99785 -0.0655402 0
    outer loop
      vertex -44.4 29.5 2.4
      vertex -44.388 29.6827 0
      vertex -44.388 29.6827 2.4
    endloop
  endfacet
  facet normal 0.99785 -0.0655402 0
    outer loop
      vertex -44.388 29.6827 0
      vertex -44.4 29.5 2.4
      vertex -44.4 29.5 0
    endloop
  endfacet
  facet normal 0.896817 -0.442401 0
    outer loop
      vertex -44.2934 30.0358 20
      vertex -44.2124 30.2 0
      vertex -44.2124 30.2 20
    endloop
  endfacet
  facet normal 0.896817 -0.442401 0
    outer loop
      vertex -44.2124 30.2 0
      vertex -44.2934 30.0358 20
      vertex -44.2934 30.0358 0
    endloop
  endfacet
  facet normal 0.194961 -0.980811 0
    outer loop
      vertex -43.3623 30.8523 0
      vertex -43.1827 30.888 20
      vertex -43.3623 30.8523 20
    endloop
  endfacet
  facet normal 0.194961 -0.980811 0
    outer loop
      vertex -43.1827 30.888 20
      vertex -43.3623 30.8523 0
      vertex -43.1827 30.888 0
    endloop
  endfacet
  facet normal 0.659741 -0.751493 0
    outer loop
      vertex -43.9899 30.4899 0
      vertex -43.8523 30.6107 20
      vertex -43.9899 30.4899 20
    endloop
  endfacet
  facet normal 0.659741 -0.751493 0
    outer loop
      vertex -43.8523 30.6107 20
      vertex -43.9899 30.4899 0
      vertex -43.8523 30.6107 0
    endloop
  endfacet
  facet normal 0.55533 -0.83163 0
    outer loop
      vertex -43.8523 30.6107 0
      vertex -43.7 30.7124 20
      vertex -43.8523 30.6107 20
    endloop
  endfacet
  facet normal 0.55533 -0.83163 0
    outer loop
      vertex -43.7 30.7124 20
      vertex -43.8523 30.6107 0
      vertex -43.7 30.7124 0
    endloop
  endfacet
  facet normal -0.99785 0.0655402 0
    outer loop
      vertex -41.612 29.3173 0
      vertex -41.6 29.5 2.4
      vertex -41.6 29.5 0
    endloop
  endfacet
  facet normal -0.99785 0.0655402 0
    outer loop
      vertex -41.6 29.5 2.4
      vertex -41.612 29.3173 0
      vertex -41.612 29.3173 2.4
    endloop
  endfacet
  facet normal -0.194961 0.980811 0
    outer loop
      vertex -42.6377 28.1477 0
      vertex -42.8173 28.112 2.4
      vertex -42.6377 28.1477 2.4
    endloop
  endfacet
  facet normal -0.194961 0.980811 0
    outer loop
      vertex -42.8173 28.112 2.4
      vertex -42.6377 28.1477 0
      vertex -42.8173 28.112 0
    endloop
  endfacet
  facet normal -0.321462 0.946922 0
    outer loop
      vertex -42.4642 28.2066 0
      vertex -42.6377 28.1477 2.4
      vertex -42.4642 28.2066 2.4
    endloop
  endfacet
  facet normal -0.321462 0.946922 0
    outer loop
      vertex -42.6377 28.1477 2.4
      vertex -42.4642 28.2066 0
      vertex -42.6377 28.1477 0
    endloop
  endfacet
  facet normal -0.55533 0.83163 0
    outer loop
      vertex -42.1477 28.3893 0
      vertex -42.3 28.2876 2.4
      vertex -42.1477 28.3893 2.4
    endloop
  endfacet
  facet normal -0.55533 0.83163 0
    outer loop
      vertex -42.3 28.2876 2.4
      vertex -42.1477 28.3893 0
      vertex -42.3 28.2876 0
    endloop
  endfacet
  facet normal 0.194961 0.980811 -0
    outer loop
      vertex -43.1827 28.112 0
      vertex -43.3623 28.1477 2.4
      vertex -43.1827 28.112 2.4
    endloop
  endfacet
  facet normal 0.194961 0.980811 0
    outer loop
      vertex -43.3623 28.1477 2.4
      vertex -43.1827 28.112 0
      vertex -43.3623 28.1477 0
    endloop
  endfacet
  facet normal 0.321462 0.946922 -0
    outer loop
      vertex -43.3623 28.1477 0
      vertex -43.5358 28.2066 2.4
      vertex -43.3623 28.1477 2.4
    endloop
  endfacet
  facet normal 0.321462 0.946922 0
    outer loop
      vertex -43.5358 28.2066 2.4
      vertex -43.3623 28.1477 0
      vertex -43.5358 28.2066 0
    endloop
  endfacet
  facet normal 0.896817 0.442401 0
    outer loop
      vertex -44.2124 28.8 2.4
      vertex -44.2934 28.9642 0
      vertex -44.2934 28.9642 2.4
    endloop
  endfacet
  facet normal 0.896817 0.442401 0
    outer loop
      vertex -44.2934 28.9642 0
      vertex -44.2124 28.8 2.4
      vertex -44.2124 28.8 0
    endloop
  endfacet
  facet normal 0.980811 0.194961 0
    outer loop
      vertex -44.3523 29.1377 2.4
      vertex -44.388 29.3173 0
      vertex -44.388 29.3173 2.4
    endloop
  endfacet
  facet normal 0.980811 0.194961 0
    outer loop
      vertex -44.388 29.3173 0
      vertex -44.3523 29.1377 2.4
      vertex -44.3523 29.1377 0
    endloop
  endfacet
  facet normal 0.659432 0.751764 -0
    outer loop
      vertex -43.8523 28.3893 0
      vertex -43.9899 28.51 2.4
      vertex -43.8523 28.3893 2.4
    endloop
  endfacet
  facet normal 0.659432 0.751764 0
    outer loop
      vertex -43.9899 28.51 2.4
      vertex -43.8523 28.3893 0
      vertex -43.9899 28.51 0
    endloop
  endfacet
  facet normal 0.83163 0.55533 0
    outer loop
      vertex -44.1107 28.6477 2.4
      vertex -44.2124 28.8 0
      vertex -44.2124 28.8 2.4
    endloop
  endfacet
  facet normal 0.83163 0.55533 0
    outer loop
      vertex -44.2124 28.8 0
      vertex -44.1107 28.6477 2.4
      vertex -44.1107 28.6477 0
    endloop
  endfacet
  facet normal -0.980811 -0.194961 0
    outer loop
      vertex -41.612 29.6827 0
      vertex -41.6477 29.8623 2.4
      vertex -41.6477 29.8623 0
    endloop
  endfacet
  facet normal -0.980811 -0.194961 0
    outer loop
      vertex -41.6477 29.8623 2.4
      vertex -41.612 29.6827 0
      vertex -41.612 29.6827 2.4
    endloop
  endfacet
  facet normal -0.896817 0.442401 0
    outer loop
      vertex -41.7876 28.8 0
      vertex -41.7066 28.9642 2.4
      vertex -41.7066 28.9642 0
    endloop
  endfacet
  facet normal -0.896817 0.442401 0
    outer loop
      vertex -41.7066 28.9642 2.4
      vertex -41.7876 28.8 0
      vertex -41.7876 28.8 2.4
    endloop
  endfacet
  facet normal -0.659162 0.752001 0
    outer loop
      vertex -42.01 28.51 0
      vertex -42.1477 28.3893 2.4
      vertex -42.01 28.51 2.4
    endloop
  endfacet
  facet normal -0.659162 0.752001 0
    outer loop
      vertex -42.1477 28.3893 2.4
      vertex -42.01 28.51 0
      vertex -42.1477 28.3893 0
    endloop
  endfacet
  facet normal 0.0655402 0.99785 -0
    outer loop
      vertex -43 28.1 0
      vertex -43.1827 28.112 2.4
      vertex -43 28.1 2.4
    endloop
  endfacet
  facet normal 0.0655402 0.99785 0
    outer loop
      vertex -43.1827 28.112 2.4
      vertex -43 28.1 0
      vertex -43.1827 28.112 0
    endloop
  endfacet
  facet normal 0.442401 0.896817 -0
    outer loop
      vertex -43.5358 28.2066 0
      vertex -43.7 28.2876 2.4
      vertex -43.5358 28.2066 2.4
    endloop
  endfacet
  facet normal 0.442401 0.896817 0
    outer loop
      vertex -43.7 28.2876 2.4
      vertex -43.5358 28.2066 0
      vertex -43.7 28.2876 0
    endloop
  endfacet
  facet normal 0.751731 0.65947 0
    outer loop
      vertex -43.9899 28.51 2.4
      vertex -44.1107 28.6477 0
      vertex -44.1107 28.6477 2.4
    endloop
  endfacet
  facet normal 0.751731 0.65947 0
    outer loop
      vertex -44.1107 28.6477 0
      vertex -43.9899 28.51 2.4
      vertex -43.9899 28.51 0
    endloop
  endfacet
  facet normal -0.896817 -0.442401 0
    outer loop
      vertex 44.2934 -28.9642 0
      vertex 44.2124 -28.8 2.4
      vertex 44.2124 -28.8 0
    endloop
  endfacet
  facet normal -0.896817 -0.442401 0
    outer loop
      vertex 44.2124 -28.8 2.4
      vertex 44.2934 -28.9642 0
      vertex 44.2934 -28.9642 2.4
    endloop
  endfacet
  facet normal -0.83163 -0.55533 0
    outer loop
      vertex 44.2124 -28.8 0
      vertex 44.1107 -28.6477 2.4
      vertex 44.1107 -28.6477 0
    endloop
  endfacet
  facet normal -0.83163 -0.55533 0
    outer loop
      vertex 44.1107 -28.6477 2.4
      vertex 44.2124 -28.8 0
      vertex 44.2124 -28.8 2.4
    endloop
  endfacet
  facet normal -0.321462 -0.946922 0
    outer loop
      vertex 43.3623 -28.1477 0
      vertex 43.5358 -28.2066 2.4
      vertex 43.3623 -28.1477 2.4
    endloop
  endfacet
  facet normal -0.321462 -0.946922 -0
    outer loop
      vertex 43.5358 -28.2066 2.4
      vertex 43.3623 -28.1477 0
      vertex 43.5358 -28.2066 0
    endloop
  endfacet
  facet normal 0.321462 -0.946922 0
    outer loop
      vertex 42.4642 -28.2066 0
      vertex 42.6377 -28.1477 2.4
      vertex 42.4642 -28.2066 2.4
    endloop
  endfacet
  facet normal 0.321462 -0.946922 0
    outer loop
      vertex 42.6377 -28.1477 2.4
      vertex 42.4642 -28.2066 0
      vertex 42.6377 -28.1477 0
    endloop
  endfacet
  facet normal 0.896817 -0.442401 0
    outer loop
      vertex 41.7066 -28.9642 2.4
      vertex 41.7876 -28.8 0
      vertex 41.7876 -28.8 2.4
    endloop
  endfacet
  facet normal 0.896817 -0.442401 0
    outer loop
      vertex 41.7876 -28.8 0
      vertex 41.7066 -28.9642 2.4
      vertex 41.7066 -28.9642 0
    endloop
  endfacet
  facet normal -0.98122 0.192889 0
    outer loop
      vertex 44.388 -29.6827 0
      vertex 44.3857 -29.6944 2.4
      vertex 44.388 -29.6827 2.4
    endloop
  endfacet
  facet normal -0.980811 0.194961 1.04898e-05
    outer loop
      vertex 44.3523 -29.8623 0
      vertex 44.3857 -29.6944 2.4
      vertex 44.388 -29.6827 0
    endloop
  endfacet
  facet normal -0.980782 0.195105 0
    outer loop
      vertex 44.3523 -29.8623 20
      vertex 44.3857 -29.6944 2.4
      vertex 44.3523 -29.8623 0
    endloop
  endfacet
  facet normal -0.980782 0.195105 0
    outer loop
      vertex 44.3857 -29.6944 2.4
      vertex 44.3523 -29.8623 20
      vertex 44.3857 -29.6944 20
    endloop
  endfacet
  facet normal -0.659432 -0.751764 0
    outer loop
      vertex 43.8523 -28.3893 0
      vertex 43.9899 -28.51 2.4
      vertex 43.8523 -28.3893 2.4
    endloop
  endfacet
  facet normal -0.659432 -0.751764 -0
    outer loop
      vertex 43.9899 -28.51 2.4
      vertex 43.8523 -28.3893 0
      vertex 43.9899 -28.51 0
    endloop
  endfacet
  facet normal 0.0655402 -0.99785 0
    outer loop
      vertex 42.8173 -28.112 0
      vertex 43 -28.1 2.4
      vertex 42.8173 -28.112 2.4
    endloop
  endfacet
  facet normal 0.0655402 -0.99785 0
    outer loop
      vertex 43 -28.1 2.4
      vertex 42.8173 -28.112 0
      vertex 43 -28.1 0
    endloop
  endfacet
  facet normal -0.442401 -0.896817 0
    outer loop
      vertex 43.5358 -28.2066 0
      vertex 43.7 -28.2876 2.4
      vertex 43.5358 -28.2066 2.4
    endloop
  endfacet
  facet normal -0.442401 -0.896817 -0
    outer loop
      vertex 43.7 -28.2876 2.4
      vertex 43.5358 -28.2066 0
      vertex 43.7 -28.2876 0
    endloop
  endfacet
  facet normal 0.980811 -0.194961 0
    outer loop
      vertex 41.612 -29.3173 2.4
      vertex 41.6477 -29.1377 0
      vertex 41.6477 -29.1377 2.4
    endloop
  endfacet
  facet normal 0.980811 -0.194961 0
    outer loop
      vertex 41.6477 -29.1377 0
      vertex 41.612 -29.3173 2.4
      vertex 41.612 -29.3173 0
    endloop
  endfacet
  facet normal 0.752001 -0.659162 0
    outer loop
      vertex 41.8893 -28.6477 2.4
      vertex 42.01 -28.51 0
      vertex 42.01 -28.51 2.4
    endloop
  endfacet
  facet normal 0.752001 -0.659162 0
    outer loop
      vertex 42.01 -28.51 0
      vertex 41.8893 -28.6477 2.4
      vertex 41.8893 -28.6477 0
    endloop
  endfacet
  facet normal 0.442401 -0.896817 0
    outer loop
      vertex 42.3 -28.2876 0
      vertex 42.4642 -28.2066 2.4
      vertex 42.3 -28.2876 2.4
    endloop
  endfacet
  facet normal 0.442401 -0.896817 0
    outer loop
      vertex 42.4642 -28.2066 2.4
      vertex 42.3 -28.2876 0
      vertex 42.4642 -28.2066 0
    endloop
  endfacet
  facet normal 0.194961 -0.980811 0
    outer loop
      vertex 42.6377 -28.1477 0
      vertex 42.8173 -28.112 2.4
      vertex 42.6377 -28.1477 2.4
    endloop
  endfacet
  facet normal 0.194961 -0.980811 0
    outer loop
      vertex 42.8173 -28.112 2.4
      vertex 42.6377 -28.1477 0
      vertex 42.8173 -28.112 0
    endloop
  endfacet
  facet normal -0.99785 -0.0655402 0
    outer loop
      vertex 44.4 -29.5 0
      vertex 44.388 -29.3173 2.4
      vertex 44.388 -29.3173 0
    endloop
  endfacet
  facet normal -0.99785 -0.0655402 0
    outer loop
      vertex 44.388 -29.3173 2.4
      vertex 44.4 -29.5 0
      vertex 44.4 -29.5 2.4
    endloop
  endfacet
  facet normal -0.946922 0.321462 0
    outer loop
      vertex 44.2934 -30.0358 0
      vertex 44.3523 -29.8623 20
      vertex 44.3523 -29.8623 0
    endloop
  endfacet
  facet normal -0.946922 0.321462 0
    outer loop
      vertex 44.3523 -29.8623 20
      vertex 44.2934 -30.0358 0
      vertex 44.2934 -30.0358 20
    endloop
  endfacet
  facet normal 0.65947 0.751731 -0
    outer loop
      vertex 42.1477 -30.6107 0
      vertex 42.01 -30.4899 20
      vertex 42.1477 -30.6107 20
    endloop
  endfacet
  facet normal 0.65947 0.751731 0
    outer loop
      vertex 42.01 -30.4899 20
      vertex 42.1477 -30.6107 0
      vertex 42.01 -30.4899 0
    endloop
  endfacet
  facet normal 0.896924 0.442184 0
    outer loop
      vertex 41.7383 -30.1 20
      vertex 41.7876 -30.2 20
      vertex 41.7383 -30.1 2.4
    endloop
  endfacet
  facet normal 0.896651 0.442739 0
    outer loop
      vertex 41.7383 -30.1 2.4
      vertex 41.7066 -30.0358 0
      vertex 41.7066 -30.0358 2.4
    endloop
  endfacet
  facet normal 0.896817 0.442401 -1.12421e-05
    outer loop
      vertex 41.7383 -30.1 2.4
      vertex 41.7876 -30.2 0
      vertex 41.7066 -30.0358 0
    endloop
  endfacet
  facet normal 0.896924 0.442184 -0
    outer loop
      vertex 41.7876 -30.2 0
      vertex 41.7383 -30.1 2.4
      vertex 41.7876 -30.2 20
    endloop
  endfacet
  facet normal -0.980811 -0.194961 0
    outer loop
      vertex 44.388 -29.3173 0
      vertex 44.3523 -29.1377 2.4
      vertex 44.3523 -29.1377 0
    endloop
  endfacet
  facet normal -0.980811 -0.194961 0
    outer loop
      vertex 44.3523 -29.1377 2.4
      vertex 44.388 -29.3173 0
      vertex 44.388 -29.3173 2.4
    endloop
  endfacet
  facet normal -0.946922 -0.321462 0
    outer loop
      vertex 44.3523 -29.1377 0
      vertex 44.2934 -28.9642 2.4
      vertex 44.2934 -28.9642 0
    endloop
  endfacet
  facet normal -0.946922 -0.321462 0
    outer loop
      vertex 44.2934 -28.9642 2.4
      vertex 44.3523 -29.1377 0
      vertex 44.3523 -29.1377 2.4
    endloop
  endfacet
  facet normal -0.751731 -0.65947 0
    outer loop
      vertex 44.1107 -28.6477 0
      vertex 43.9899 -28.51 2.4
      vertex 43.9899 -28.51 0
    endloop
  endfacet
  facet normal -0.751731 -0.65947 0
    outer loop
      vertex 43.9899 -28.51 2.4
      vertex 44.1107 -28.6477 0
      vertex 44.1107 -28.6477 2.4
    endloop
  endfacet
  facet normal -0.194961 -0.980811 0
    outer loop
      vertex 43.1827 -28.112 0
      vertex 43.3623 -28.1477 2.4
      vertex 43.1827 -28.112 2.4
    endloop
  endfacet
  facet normal -0.194961 -0.980811 -0
    outer loop
      vertex 43.3623 -28.1477 2.4
      vertex 43.1827 -28.112 0
      vertex 43.3623 -28.1477 0
    endloop
  endfacet
  facet normal -0.0655402 -0.99785 0
    outer loop
      vertex 43 -28.1 0
      vertex 43.1827 -28.112 2.4
      vertex 43 -28.1 2.4
    endloop
  endfacet
  facet normal -0.0655402 -0.99785 -0
    outer loop
      vertex 43.1827 -28.112 2.4
      vertex 43 -28.1 0
      vertex 43.1827 -28.112 0
    endloop
  endfacet
  facet normal -0.55533 -0.83163 0
    outer loop
      vertex 43.7 -28.2876 0
      vertex 43.8523 -28.3893 2.4
      vertex 43.7 -28.2876 2.4
    endloop
  endfacet
  facet normal -0.55533 -0.83163 -0
    outer loop
      vertex 43.8523 -28.3893 2.4
      vertex 43.7 -28.2876 0
      vertex 43.8523 -28.3893 0
    endloop
  endfacet
  facet normal 0.99785 -0.0655402 0
    outer loop
      vertex 41.6 -29.5 2.4
      vertex 41.612 -29.3173 0
      vertex 41.612 -29.3173 2.4
    endloop
  endfacet
  facet normal 0.99785 -0.0655402 0
    outer loop
      vertex 41.612 -29.3173 0
      vertex 41.6 -29.5 2.4
      vertex 41.6 -29.5 0
    endloop
  endfacet
  facet normal 0.946922 -0.321462 0
    outer loop
      vertex 41.6477 -29.1377 2.4
      vertex 41.7066 -28.9642 0
      vertex 41.7066 -28.9642 2.4
    endloop
  endfacet
  facet normal 0.946922 -0.321462 0
    outer loop
      vertex 41.7066 -28.9642 0
      vertex 41.6477 -29.1377 2.4
      vertex 41.6477 -29.1377 0
    endloop
  endfacet
  facet normal 0.83163 -0.55533 0
    outer loop
      vertex 41.7876 -28.8 2.4
      vertex 41.8893 -28.6477 0
      vertex 41.8893 -28.6477 2.4
    endloop
  endfacet
  facet normal 0.83163 -0.55533 0
    outer loop
      vertex 41.8893 -28.6477 0
      vertex 41.7876 -28.8 2.4
      vertex 41.7876 -28.8 0
    endloop
  endfacet
  facet normal 0.55533 -0.83163 0
    outer loop
      vertex 42.1477 -28.3893 0
      vertex 42.3 -28.2876 2.4
      vertex 42.1477 -28.3893 2.4
    endloop
  endfacet
  facet normal 0.55533 -0.83163 0
    outer loop
      vertex 42.3 -28.2876 2.4
      vertex 42.1477 -28.3893 0
      vertex 42.3 -28.2876 0
    endloop
  endfacet
  facet normal 0.659162 -0.752001 0
    outer loop
      vertex 42.01 -28.51 0
      vertex 42.1477 -28.3893 2.4
      vertex 42.01 -28.51 2.4
    endloop
  endfacet
  facet normal 0.659162 -0.752001 0
    outer loop
      vertex 42.1477 -28.3893 2.4
      vertex 42.01 -28.51 0
      vertex 42.1477 -28.3893 0
    endloop
  endfacet
  facet normal -0.83163 0.55533 0
    outer loop
      vertex 44.1107 -30.3523 0
      vertex 44.2124 -30.2 20
      vertex 44.2124 -30.2 0
    endloop
  endfacet
  facet normal -0.83163 0.55533 0
    outer loop
      vertex 44.2124 -30.2 20
      vertex 44.1107 -30.3523 0
      vertex 44.1107 -30.3523 20
    endloop
  endfacet
  facet normal -0.0655402 0.99785 0
    outer loop
      vertex 43.1827 -30.888 0
      vertex 43 -30.9 20
      vertex 43.1827 -30.888 20
    endloop
  endfacet
  facet normal -0.0655402 0.99785 0
    outer loop
      vertex 43 -30.9 20
      vertex 43.1827 -30.888 0
      vertex 43 -30.9 0
    endloop
  endfacet
  facet normal 0.946922 0.321462 0
    outer loop
      vertex 41.7066 -30.0358 2.4
      vertex 41.6477 -29.8623 0
      vertex 41.6477 -29.8623 2.4
    endloop
  endfacet
  facet normal 0.946922 0.321462 0
    outer loop
      vertex 41.6477 -29.8623 0
      vertex 41.7066 -30.0358 2.4
      vertex 41.7066 -30.0358 0
    endloop
  endfacet
  facet normal 0.83163 0.55533 0
    outer loop
      vertex 41.8893 -30.3523 20
      vertex 41.7876 -30.2 0
      vertex 41.7876 -30.2 20
    endloop
  endfacet
  facet normal 0.83163 0.55533 0
    outer loop
      vertex 41.7876 -30.2 0
      vertex 41.8893 -30.3523 20
      vertex 41.8893 -30.3523 0
    endloop
  endfacet
  facet normal -0.194961 0.980811 0
    outer loop
      vertex 43.3623 -30.8523 0
      vertex 43.1827 -30.888 20
      vertex 43.3623 -30.8523 20
    endloop
  endfacet
  facet normal -0.194961 0.980811 0
    outer loop
      vertex 43.1827 -30.888 20
      vertex 43.3623 -30.8523 0
      vertex 43.1827 -30.888 0
    endloop
  endfacet
  facet normal -0.99785 0.0655402 0
    outer loop
      vertex 44.388 -29.6827 0
      vertex 44.4 -29.5 2.4
      vertex 44.4 -29.5 0
    endloop
  endfacet
  facet normal -0.99785 0.0655402 0
    outer loop
      vertex 44.4 -29.5 2.4
      vertex 44.388 -29.6827 0
      vertex 44.388 -29.6827 2.4
    endloop
  endfacet
  facet normal -0.751493 0.659741 0
    outer loop
      vertex 43.9899 -30.4899 0
      vertex 44.1107 -30.3523 20
      vertex 44.1107 -30.3523 0
    endloop
  endfacet
  facet normal -0.751493 0.659741 0
    outer loop
      vertex 44.1107 -30.3523 20
      vertex 43.9899 -30.4899 0
      vertex 43.9899 -30.4899 20
    endloop
  endfacet
  facet normal 0.194961 0.980811 -0
    outer loop
      vertex 42.8173 -30.888 0
      vertex 42.6377 -30.8523 20
      vertex 42.8173 -30.888 20
    endloop
  endfacet
  facet normal 0.194961 0.980811 0
    outer loop
      vertex 42.6377 -30.8523 20
      vertex 42.8173 -30.888 0
      vertex 42.6377 -30.8523 0
    endloop
  endfacet
  facet normal 0.99785 0.0655402 0
    outer loop
      vertex 41.612 -29.6827 2.4
      vertex 41.6 -29.5 0
      vertex 41.6 -29.5 2.4
    endloop
  endfacet
  facet normal 0.99785 0.0655402 0
    outer loop
      vertex 41.6 -29.5 0
      vertex 41.612 -29.6827 2.4
      vertex 41.612 -29.6827 0
    endloop
  endfacet
  facet normal 0.751764 0.659432 0
    outer loop
      vertex 42.01 -30.4899 20
      vertex 41.8893 -30.3523 0
      vertex 41.8893 -30.3523 20
    endloop
  endfacet
  facet normal 0.751764 0.659432 0
    outer loop
      vertex 41.8893 -30.3523 0
      vertex 42.01 -30.4899 20
      vertex 42.01 -30.4899 0
    endloop
  endfacet
  facet normal -0.442401 0.896817 0
    outer loop
      vertex 43.7 -30.7124 0
      vertex 43.5358 -30.7934 20
      vertex 43.7 -30.7124 20
    endloop
  endfacet
  facet normal -0.442401 0.896817 0
    outer loop
      vertex 43.5358 -30.7934 20
      vertex 43.7 -30.7124 0
      vertex 43.5358 -30.7934 0
    endloop
  endfacet
  facet normal -0.321462 0.946922 0
    outer loop
      vertex 43.5358 -30.7934 0
      vertex 43.3623 -30.8523 20
      vertex 43.5358 -30.7934 20
    endloop
  endfacet
  facet normal -0.321462 0.946922 0
    outer loop
      vertex 43.3623 -30.8523 20
      vertex 43.5358 -30.7934 0
      vertex 43.3623 -30.8523 0
    endloop
  endfacet
  facet normal -0.659741 0.751493 0
    outer loop
      vertex 43.9899 -30.4899 0
      vertex 43.8523 -30.6107 20
      vertex 43.9899 -30.4899 20
    endloop
  endfacet
  facet normal -0.659741 0.751493 0
    outer loop
      vertex 43.8523 -30.6107 20
      vertex 43.9899 -30.4899 0
      vertex 43.8523 -30.6107 0
    endloop
  endfacet
  facet normal -0.55533 0.83163 0
    outer loop
      vertex 43.8523 -30.6107 0
      vertex 43.7 -30.7124 20
      vertex 43.8523 -30.6107 20
    endloop
  endfacet
  facet normal -0.55533 0.83163 0
    outer loop
      vertex 43.7 -30.7124 20
      vertex 43.8523 -30.6107 0
      vertex 43.7 -30.7124 0
    endloop
  endfacet
  facet normal -0.896817 0.442401 0
    outer loop
      vertex 44.2124 -30.2 0
      vertex 44.2934 -30.0358 20
      vertex 44.2934 -30.0358 0
    endloop
  endfacet
  facet normal -0.896817 0.442401 0
    outer loop
      vertex 44.2934 -30.0358 20
      vertex 44.2124 -30.2 0
      vertex 44.2124 -30.2 20
    endloop
  endfacet
  facet normal 0.0655402 0.99785 -0
    outer loop
      vertex 43 -30.9 0
      vertex 42.8173 -30.888 20
      vertex 43 -30.9 20
    endloop
  endfacet
  facet normal 0.0655402 0.99785 0
    outer loop
      vertex 42.8173 -30.888 20
      vertex 43 -30.9 0
      vertex 42.8173 -30.888 0
    endloop
  endfacet
  facet normal 0.321462 0.946922 -0
    outer loop
      vertex 42.6377 -30.8523 0
      vertex 42.4642 -30.7934 20
      vertex 42.6377 -30.8523 20
    endloop
  endfacet
  facet normal 0.321462 0.946922 0
    outer loop
      vertex 42.4642 -30.7934 20
      vertex 42.6377 -30.8523 0
      vertex 42.4642 -30.7934 0
    endloop
  endfacet
  facet normal 0.442401 0.896817 -0
    outer loop
      vertex 42.4642 -30.7934 0
      vertex 42.3 -30.7124 20
      vertex 42.4642 -30.7934 20
    endloop
  endfacet
  facet normal 0.442401 0.896817 0
    outer loop
      vertex 42.3 -30.7124 20
      vertex 42.4642 -30.7934 0
      vertex 42.3 -30.7124 0
    endloop
  endfacet
  facet normal 0.980811 0.194961 0
    outer loop
      vertex 41.6477 -29.8623 2.4
      vertex 41.612 -29.6827 0
      vertex 41.612 -29.6827 2.4
    endloop
  endfacet
  facet normal 0.980811 0.194961 0
    outer loop
      vertex 41.612 -29.6827 0
      vertex 41.6477 -29.8623 2.4
      vertex 41.6477 -29.8623 0
    endloop
  endfacet
  facet normal 0.55533 0.83163 -0
    outer loop
      vertex 42.3 -30.7124 0
      vertex 42.1477 -30.6107 20
      vertex 42.3 -30.7124 20
    endloop
  endfacet
  facet normal 0.55533 0.83163 0
    outer loop
      vertex 42.1477 -30.6107 20
      vertex 42.3 -30.7124 0
      vertex 42.1477 -30.6107 0
    endloop
  endfacet
  facet normal -0.55533 -0.83163 0
    outer loop
      vertex 43.7 30.7124 0
      vertex 43.8523 30.6107 20
      vertex 43.7 30.7124 20
    endloop
  endfacet
  facet normal -0.55533 -0.83163 -0
    outer loop
      vertex 43.8523 30.6107 20
      vertex 43.7 30.7124 0
      vertex 43.8523 30.6107 0
    endloop
  endfacet
  facet normal -0.980811 0.194961 0
    outer loop
      vertex 44.3523 29.1377 0
      vertex 44.388 29.3173 2.4
      vertex 44.388 29.3173 0
    endloop
  endfacet
  facet normal -0.980811 0.194961 0
    outer loop
      vertex 44.388 29.3173 2.4
      vertex 44.3523 29.1377 0
      vertex 44.3523 29.1377 2.4
    endloop
  endfacet
  facet normal 0.442401 -0.896817 0
    outer loop
      vertex 42.3 30.7124 0
      vertex 42.4642 30.7934 20
      vertex 42.3 30.7124 20
    endloop
  endfacet
  facet normal 0.442401 -0.896817 0
    outer loop
      vertex 42.4642 30.7934 20
      vertex 42.3 30.7124 0
      vertex 42.4642 30.7934 0
    endloop
  endfacet
  facet normal 0.946922 -0.321462 0
    outer loop
      vertex 41.6477 29.8623 2.4
      vertex 41.7066 30.0358 0
      vertex 41.7066 30.0358 2.4
    endloop
  endfacet
  facet normal 0.946922 -0.321462 0
    outer loop
      vertex 41.7066 30.0358 0
      vertex 41.6477 29.8623 2.4
      vertex 41.6477 29.8623 0
    endloop
  endfacet
  facet normal -0.896817 -0.442401 0
    outer loop
      vertex 44.2934 30.0358 0
      vertex 44.2124 30.2 20
      vertex 44.2124 30.2 0
    endloop
  endfacet
  facet normal -0.896817 -0.442401 0
    outer loop
      vertex 44.2124 30.2 20
      vertex 44.2934 30.0358 0
      vertex 44.2934 30.0358 20
    endloop
  endfacet
  facet normal -0.83163 -0.55533 0
    outer loop
      vertex 44.2124 30.2 0
      vertex 44.1107 30.3523 20
      vertex 44.1107 30.3523 0
    endloop
  endfacet
  facet normal -0.83163 -0.55533 0
    outer loop
      vertex 44.1107 30.3523 20
      vertex 44.2124 30.2 0
      vertex 44.2124 30.2 20
    endloop
  endfacet
  facet normal -0.659741 -0.751493 0
    outer loop
      vertex 43.8523 30.6107 0
      vertex 43.9899 30.4899 20
      vertex 43.8523 30.6107 20
    endloop
  endfacet
  facet normal -0.659741 -0.751493 -0
    outer loop
      vertex 43.9899 30.4899 20
      vertex 43.8523 30.6107 0
      vertex 43.9899 30.4899 0
    endloop
  endfacet
  facet normal -0.321462 -0.946922 0
    outer loop
      vertex 43.3623 30.8523 0
      vertex 43.5358 30.7934 20
      vertex 43.3623 30.8523 20
    endloop
  endfacet
  facet normal -0.321462 -0.946922 -0
    outer loop
      vertex 43.5358 30.7934 20
      vertex 43.3623 30.8523 0
      vertex 43.5358 30.7934 0
    endloop
  endfacet
  facet normal 0.0655402 -0.99785 0
    outer loop
      vertex 42.8173 30.888 0
      vertex 43 30.9 20
      vertex 42.8173 30.888 20
    endloop
  endfacet
  facet normal 0.0655402 -0.99785 0
    outer loop
      vertex 43 30.9 20
      vertex 42.8173 30.888 0
      vertex 43 30.9 0
    endloop
  endfacet
  facet normal 0.99785 0.0655402 0
    outer loop
      vertex 41.612 29.3173 2.4
      vertex 41.6 29.5 0
      vertex 41.6 29.5 2.4
    endloop
  endfacet
  facet normal 0.99785 0.0655402 0
    outer loop
      vertex 41.6 29.5 0
      vertex 41.612 29.3173 2.4
      vertex 41.612 29.3173 0
    endloop
  endfacet
  facet normal 0.83163 -0.55533 0
    outer loop
      vertex 41.7876 30.2 20
      vertex 41.8893 30.3523 0
      vertex 41.8893 30.3523 20
    endloop
  endfacet
  facet normal 0.83163 -0.55533 0
    outer loop
      vertex 41.8893 30.3523 0
      vertex 41.7876 30.2 20
      vertex 41.7876 30.2 0
    endloop
  endfacet
  facet normal 0.321462 -0.946922 0
    outer loop
      vertex 42.4642 30.7934 0
      vertex 42.6377 30.8523 20
      vertex 42.4642 30.7934 20
    endloop
  endfacet
  facet normal 0.321462 -0.946922 0
    outer loop
      vertex 42.6377 30.8523 20
      vertex 42.4642 30.7934 0
      vertex 42.6377 30.8523 0
    endloop
  endfacet
  facet normal 0.751764 -0.659432 0
    outer loop
      vertex 41.8893 30.3523 20
      vertex 42.01 30.4899 0
      vertex 42.01 30.4899 20
    endloop
  endfacet
  facet normal 0.751764 -0.659432 0
    outer loop
      vertex 42.01 30.4899 0
      vertex 41.8893 30.3523 20
      vertex 41.8893 30.3523 0
    endloop
  endfacet
  facet normal -0.99785 -0.0655402 0
    outer loop
      vertex 44.4 29.5 0
      vertex 44.388 29.6827 2.4
      vertex 44.388 29.6827 0
    endloop
  endfacet
  facet normal -0.99785 -0.0655402 0
    outer loop
      vertex 44.388 29.6827 2.4
      vertex 44.4 29.5 0
      vertex 44.4 29.5 2.4
    endloop
  endfacet
  facet normal -0.946922 0.321462 0
    outer loop
      vertex 44.2934 28.9642 0
      vertex 44.3523 29.1377 2.4
      vertex 44.3523 29.1377 0
    endloop
  endfacet
  facet normal -0.946922 0.321462 0
    outer loop
      vertex 44.3523 29.1377 2.4
      vertex 44.2934 28.9642 0
      vertex 44.2934 28.9642 2.4
    endloop
  endfacet
  facet normal -0.442401 0.896817 0
    outer loop
      vertex 43.7 28.2876 0
      vertex 43.5358 28.2066 9.4
      vertex 43.7 28.2876 9.4
    endloop
  endfacet
  facet normal -0.442401 0.896817 0
    outer loop
      vertex 43.5358 28.2066 9.4
      vertex 43.7 28.2876 0
      vertex 43.5358 28.2066 0
    endloop
  endfacet
  facet normal -0.0655402 0.99785 0
    outer loop
      vertex 43.1827 28.112 0
      vertex 43 28.1 9.4
      vertex 43.1827 28.112 9.4
    endloop
  endfacet
  facet normal -0.0655402 0.99785 0
    outer loop
      vertex 43 28.1 9.4
      vertex 43.1827 28.112 0
      vertex 43 28.1 0
    endloop
  endfacet
  facet normal 0.55533 0.83163 -0
    outer loop
      vertex 42.3 28.2876 0
      vertex 42.1477 28.3893 9.4
      vertex 42.3 28.2876 9.4
    endloop
  endfacet
  facet normal 0.55533 0.83163 0
    outer loop
      vertex 42.1477 28.3893 9.4
      vertex 42.3 28.2876 0
      vertex 42.1477 28.3893 0
    endloop
  endfacet
  facet normal -0.980782 -0.195105 0
    outer loop
      vertex 44.3523 29.8623 0
      vertex 44.3857 29.6944 2.4
      vertex 44.3523 29.8623 20
    endloop
  endfacet
  facet normal -0.980811 -0.194961 1.04898e-05
    outer loop
      vertex 44.388 29.6827 0
      vertex 44.3857 29.6944 2.4
      vertex 44.3523 29.8623 0
    endloop
  endfacet
  facet normal -0.98122 -0.192889 0
    outer loop
      vertex 44.3857 29.6944 2.4
      vertex 44.388 29.6827 0
      vertex 44.388 29.6827 2.4
    endloop
  endfacet
  facet normal -0.980782 -0.195105 0
    outer loop
      vertex 44.3523 29.8623 20
      vertex 44.3857 29.6944 2.4
      vertex 44.3857 29.6944 20
    endloop
  endfacet
  facet normal -0.946922 -0.321462 0
    outer loop
      vertex 44.3523 29.8623 0
      vertex 44.2934 30.0358 20
      vertex 44.2934 30.0358 0
    endloop
  endfacet
  facet normal -0.946922 -0.321462 0
    outer loop
      vertex 44.2934 30.0358 20
      vertex 44.3523 29.8623 0
      vertex 44.3523 29.8623 20
    endloop
  endfacet
  facet normal -0.751493 -0.659741 0
    outer loop
      vertex 44.1107 30.3523 0
      vertex 43.9899 30.4899 20
      vertex 43.9899 30.4899 0
    endloop
  endfacet
  facet normal -0.751493 -0.659741 0
    outer loop
      vertex 43.9899 30.4899 20
      vertex 44.1107 30.3523 0
      vertex 44.1107 30.3523 20
    endloop
  endfacet
  facet normal -0.442401 -0.896817 0
    outer loop
      vertex 43.5358 30.7934 0
      vertex 43.7 30.7124 20
      vertex 43.5358 30.7934 20
    endloop
  endfacet
  facet normal -0.442401 -0.896817 -0
    outer loop
      vertex 43.7 30.7124 20
      vertex 43.5358 30.7934 0
      vertex 43.7 30.7124 0
    endloop
  endfacet
  facet normal -0.194961 -0.980811 0
    outer loop
      vertex 43.1827 30.888 0
      vertex 43.3623 30.8523 20
      vertex 43.1827 30.888 20
    endloop
  endfacet
  facet normal -0.194961 -0.980811 -0
    outer loop
      vertex 43.3623 30.8523 20
      vertex 43.1827 30.888 0
      vertex 43.3623 30.8523 0
    endloop
  endfacet
  facet normal -0.0655402 -0.99785 0
    outer loop
      vertex 43 30.9 0
      vertex 43.1827 30.888 20
      vertex 43 30.9 20
    endloop
  endfacet
  facet normal -0.0655402 -0.99785 -0
    outer loop
      vertex 43.1827 30.888 20
      vertex 43 30.9 0
      vertex 43.1827 30.888 0
    endloop
  endfacet
  facet normal 0.980811 -0.194961 0
    outer loop
      vertex 41.612 29.6827 2.4
      vertex 41.6477 29.8623 0
      vertex 41.6477 29.8623 2.4
    endloop
  endfacet
  facet normal 0.980811 -0.194961 0
    outer loop
      vertex 41.6477 29.8623 0
      vertex 41.612 29.6827 2.4
      vertex 41.612 29.6827 0
    endloop
  endfacet
  facet normal 0.99785 -0.0655402 0
    outer loop
      vertex 41.6 29.5 2.4
      vertex 41.612 29.6827 0
      vertex 41.612 29.6827 2.4
    endloop
  endfacet
  facet normal 0.99785 -0.0655402 0
    outer loop
      vertex 41.612 29.6827 0
      vertex 41.6 29.5 2.4
      vertex 41.6 29.5 0
    endloop
  endfacet
  facet normal 0.896924 -0.442184 0
    outer loop
      vertex 41.7383 30.1 2.4
      vertex 41.7876 30.2 20
      vertex 41.7383 30.1 20
    endloop
  endfacet
  facet normal 0.896924 -0.442184 0
    outer loop
      vertex 41.7876 30.2 20
      vertex 41.7383 30.1 2.4
      vertex 41.7876 30.2 0
    endloop
  endfacet
  facet normal 0.896651 -0.442739 0
    outer loop
      vertex 41.7066 30.0358 0
      vertex 41.7383 30.1 2.4
      vertex 41.7066 30.0358 2.4
    endloop
  endfacet
  facet normal 0.896817 -0.442401 -1.12421e-05
    outer loop
      vertex 41.7383 30.1 2.4
      vertex 41.7066 30.0358 0
      vertex 41.7876 30.2 0
    endloop
  endfacet
  facet normal 0.194961 -0.980811 0
    outer loop
      vertex 42.6377 30.8523 0
      vertex 42.8173 30.888 20
      vertex 42.6377 30.8523 20
    endloop
  endfacet
  facet normal 0.194961 -0.980811 0
    outer loop
      vertex 42.8173 30.888 20
      vertex 42.6377 30.8523 0
      vertex 42.8173 30.888 0
    endloop
  endfacet
  facet normal 0.65947 -0.751731 0
    outer loop
      vertex 42.01 30.4899 0
      vertex 42.1477 30.6107 20
      vertex 42.01 30.4899 20
    endloop
  endfacet
  facet normal 0.65947 -0.751731 0
    outer loop
      vertex 42.1477 30.6107 20
      vertex 42.01 30.4899 0
      vertex 42.1477 30.6107 0
    endloop
  endfacet
  facet normal 0.55533 -0.83163 0
    outer loop
      vertex 42.1477 30.6107 0
      vertex 42.3 30.7124 20
      vertex 42.1477 30.6107 20
    endloop
  endfacet
  facet normal 0.55533 -0.83163 0
    outer loop
      vertex 42.3 30.7124 20
      vertex 42.1477 30.6107 0
      vertex 42.3 30.7124 0
    endloop
  endfacet
  facet normal -0.99785 0.0655402 0
    outer loop
      vertex 44.388 29.3173 0
      vertex 44.4 29.5 2.4
      vertex 44.4 29.5 0
    endloop
  endfacet
  facet normal -0.99785 0.0655402 0
    outer loop
      vertex 44.4 29.5 2.4
      vertex 44.388 29.3173 0
      vertex 44.388 29.3173 2.4
    endloop
  endfacet
  facet normal -0.194961 0.980811 0
    outer loop
      vertex 43.3623 28.1477 0
      vertex 43.1827 28.112 9.4
      vertex 43.3623 28.1477 9.4
    endloop
  endfacet
  facet normal -0.194961 0.980811 0
    outer loop
      vertex 43.1827 28.112 9.4
      vertex 43.3623 28.1477 0
      vertex 43.1827 28.112 0
    endloop
  endfacet
  facet normal -0.751731 0.65947 0
    outer loop
      vertex 43.9899 28.51 0
      vertex 44.1107 28.6477 9.4
      vertex 44.1107 28.6477 0
    endloop
  endfacet
  facet normal -0.751731 0.65947 0
    outer loop
      vertex 44.1107 28.6477 9.4
      vertex 43.9899 28.51 0
      vertex 43.9899 28.51 9.4
    endloop
  endfacet
  facet normal -0.55533 0.83163 0
    outer loop
      vertex 43.8523 28.3893 0
      vertex 43.7 28.2876 9.4
      vertex 43.8523 28.3893 9.4
    endloop
  endfacet
  facet normal -0.55533 0.83163 0
    outer loop
      vertex 43.7 28.2876 9.4
      vertex 43.8523 28.3893 0
      vertex 43.7 28.2876 0
    endloop
  endfacet
  facet normal 0.194961 0.980811 -0
    outer loop
      vertex 42.8173 28.112 0
      vertex 42.6377 28.1477 9.4
      vertex 42.8173 28.112 9.4
    endloop
  endfacet
  facet normal 0.194961 0.980811 0
    outer loop
      vertex 42.6377 28.1477 9.4
      vertex 42.8173 28.112 0
      vertex 42.6377 28.1477 0
    endloop
  endfacet
  facet normal 0.321462 0.946922 -0
    outer loop
      vertex 42.6377 28.1477 0
      vertex 42.4642 28.2066 9.4
      vertex 42.6377 28.1477 9.4
    endloop
  endfacet
  facet normal 0.321462 0.946922 0
    outer loop
      vertex 42.4642 28.2066 9.4
      vertex 42.6377 28.1477 0
      vertex 42.4642 28.2066 0
    endloop
  endfacet
  facet normal 0.896817 0.442401 0
    outer loop
      vertex 41.7876 28.8 2.4
      vertex 41.7066 28.9642 0
      vertex 41.7066 28.9642 2.4
    endloop
  endfacet
  facet normal 0.896817 0.442401 0
    outer loop
      vertex 41.7066 28.9642 0
      vertex 41.7876 28.8 2.4
      vertex 41.7876 28.8 0
    endloop
  endfacet
  facet normal 0.980811 0.194961 0
    outer loop
      vertex 41.6477 29.1377 2.4
      vertex 41.612 29.3173 0
      vertex 41.612 29.3173 2.4
    endloop
  endfacet
  facet normal 0.980811 0.194961 0
    outer loop
      vertex 41.612 29.3173 0
      vertex 41.6477 29.1377 2.4
      vertex 41.6477 29.1377 0
    endloop
  endfacet
  facet normal 0.659162 0.752001 -0
    outer loop
      vertex 42.1477 28.3893 0
      vertex 42.01 28.51 9.4
      vertex 42.1477 28.3893 9.4
    endloop
  endfacet
  facet normal 0.659162 0.752001 0
    outer loop
      vertex 42.01 28.51 9.4
      vertex 42.1477 28.3893 0
      vertex 42.01 28.51 0
    endloop
  endfacet
  facet normal 0.831806 0.555067 0
    outer loop
      vertex 41.8544 28.7 9.4
      vertex 41.8893 28.6477 9.4
      vertex 41.8544 28.7 2.4
    endloop
  endfacet
  facet normal 0.831538 0.555468 0
    outer loop
      vertex 41.8544 28.7 2.4
      vertex 41.7876 28.8 0
      vertex 41.7876 28.8 2.4
    endloop
  endfacet
  facet normal 0.83163 0.55533 -8.28172e-06
    outer loop
      vertex 41.8544 28.7 2.4
      vertex 41.8893 28.6477 0
      vertex 41.7876 28.8 0
    endloop
  endfacet
  facet normal 0.831806 0.555067 -0
    outer loop
      vertex 41.8893 28.6477 0
      vertex 41.8544 28.7 2.4
      vertex 41.8893 28.6477 9.4
    endloop
  endfacet
  facet normal -0.896817 0.442401 0
    outer loop
      vertex 44.2124 28.8 0
      vertex 44.2934 28.9642 2.4
      vertex 44.2934 28.9642 0
    endloop
  endfacet
  facet normal -0.896817 0.442401 0
    outer loop
      vertex 44.2934 28.9642 2.4
      vertex 44.2124 28.8 0
      vertex 44.2124 28.8 2.4
    endloop
  endfacet
  facet normal -0.831538 0.555468 0
    outer loop
      vertex 44.2124 28.8 0
      vertex 44.1456 28.7 2.4
      vertex 44.2124 28.8 2.4
    endloop
  endfacet
  facet normal -0.83163 0.55533 -8.28172e-06
    outer loop
      vertex 44.1107 28.6477 0
      vertex 44.1456 28.7 2.4
      vertex 44.2124 28.8 0
    endloop
  endfacet
  facet normal -0.831806 0.555067 0
    outer loop
      vertex 44.1107 28.6477 9.4
      vertex 44.1456 28.7 2.4
      vertex 44.1107 28.6477 0
    endloop
  endfacet
  facet normal -0.831806 0.555067 0
    outer loop
      vertex 44.1456 28.7 2.4
      vertex 44.1107 28.6477 9.4
      vertex 44.1456 28.7 9.4
    endloop
  endfacet
  facet normal -0.321462 0.946922 0
    outer loop
      vertex 43.5358 28.2066 0
      vertex 43.3623 28.1477 9.4
      vertex 43.5358 28.2066 9.4
    endloop
  endfacet
  facet normal -0.321462 0.946922 0
    outer loop
      vertex 43.3623 28.1477 9.4
      vertex 43.5358 28.2066 0
      vertex 43.3623 28.1477 0
    endloop
  endfacet
  facet normal -0.659432 0.751764 0
    outer loop
      vertex 43.9899 28.51 0
      vertex 43.8523 28.3893 9.4
      vertex 43.9899 28.51 9.4
    endloop
  endfacet
  facet normal -0.659432 0.751764 0
    outer loop
      vertex 43.8523 28.3893 9.4
      vertex 43.9899 28.51 0
      vertex 43.8523 28.3893 0
    endloop
  endfacet
  facet normal 0.0655402 0.99785 -0
    outer loop
      vertex 43 28.1 0
      vertex 42.8173 28.112 9.4
      vertex 43 28.1 9.4
    endloop
  endfacet
  facet normal 0.0655402 0.99785 0
    outer loop
      vertex 42.8173 28.112 9.4
      vertex 43 28.1 0
      vertex 42.8173 28.112 0
    endloop
  endfacet
  facet normal 0.442401 0.896817 -0
    outer loop
      vertex 42.4642 28.2066 0
      vertex 42.3 28.2876 9.4
      vertex 42.4642 28.2066 9.4
    endloop
  endfacet
  facet normal 0.442401 0.896817 0
    outer loop
      vertex 42.3 28.2876 9.4
      vertex 42.4642 28.2066 0
      vertex 42.3 28.2876 0
    endloop
  endfacet
  facet normal 0.946922 0.321462 0
    outer loop
      vertex 41.7066 28.9642 2.4
      vertex 41.6477 29.1377 0
      vertex 41.6477 29.1377 2.4
    endloop
  endfacet
  facet normal 0.946922 0.321462 0
    outer loop
      vertex 41.6477 29.1377 0
      vertex 41.7066 28.9642 2.4
      vertex 41.7066 28.9642 0
    endloop
  endfacet
  facet normal 0.752001 0.659162 0
    outer loop
      vertex 42.01 28.51 9.4
      vertex 41.8893 28.6477 0
      vertex 41.8893 28.6477 9.4
    endloop
  endfacet
  facet normal 0.752001 0.659162 0
    outer loop
      vertex 41.8893 28.6477 0
      vertex 42.01 28.51 9.4
      vertex 42.01 28.51 0
    endloop
  endfacet
  facet normal 0 0 1
    outer loop
      vertex 45.6 18.3 8.1
      vertex 48 19.8 8.1
      vertex 45.6 19.8 8.1
    endloop
  endfacet
  facet normal 0 0 1
    outer loop
      vertex 48 19.8 8.1
      vertex 45.6 18.3 8.1
      vertex 48 18.1 8.1
    endloop
  endfacet
  facet normal 0 0 1
    outer loop
      vertex 44.6 18.1 8.1
      vertex 45.6 18.3 8.1
      vertex 44.6 18.3 8.1
    endloop
  endfacet
  facet normal 0 0 1
    outer loop
      vertex 45.6 18.3 8.1
      vertex 44.6 18.1 8.1
      vertex 48 18.1 8.1
    endloop
  endfacet
  facet normal 0 0 1
    outer loop
      vertex 48 25.9 8.1
      vertex 45.6 25.7 8.1
      vertex 48 24.2 8.1
    endloop
  endfacet
  facet normal -0 0 1
    outer loop
      vertex 44.6 25.9 8.1
      vertex 45.6 25.7 8.1
      vertex 48 25.9 8.1
    endloop
  endfacet
  facet normal 0 0 1
    outer loop
      vertex 45.6 25.7 8.1
      vertex 44.6 25.9 8.1
      vertex 44.6 25.7 8.1
    endloop
  endfacet
  facet normal 0 0 1
    outer loop
      vertex 48 24.2 8.1
      vertex 45.6 25.7 8.1
      vertex 45.6 24.2 8.1
    endloop
  endfacet
  facet normal -0 0 1
    outer loop
      vertex 45.6 24.2 3.7
      vertex 48 19.8 3.7
      vertex 48 24.2 3.7
    endloop
  endfacet
  facet normal 0 0 1
    outer loop
      vertex 48 19.8 3.7
      vertex 45.6 24.2 3.7
      vertex 45.6 19.8 3.7
    endloop
  endfacet
  facet normal 0 1 -0
    outer loop
      vertex 48 19.8 3.7
      vertex 45.6 19.8 8.1
      vertex 48 19.8 8.1
    endloop
  endfacet
  facet normal 0 1 0
    outer loop
      vertex 45.6 19.8 8.1
      vertex 48 19.8 3.7
      vertex 45.6 19.8 3.7
    endloop
  endfacet
  facet normal 0 -1 0
    outer loop
      vertex 45.6 24.2 3.7
      vertex 48 24.2 8.1
      vertex 45.6 24.2 8.1
    endloop
  endfacet
  facet normal 0 -1 -0
    outer loop
      vertex 48 24.2 8.1
      vertex 45.6 24.2 3.7
      vertex 48 24.2 3.7
    endloop
  endfacet
  facet normal 1 -0 0
    outer loop
      vertex 44.6 18.1 9.4
      vertex 44.6 18.3 8.1
      vertex 44.6 18.3 9.4
    endloop
  endfacet
  facet normal 1 0 0
    outer loop
      vertex 44.6 18.3 8.1
      vertex 44.6 18.1 9.4
      vertex 44.6 18.1 8.1
    endloop
  endfacet
  facet normal 1 -0 0
    outer loop
      vertex 44.6 25.7 9.4
      vertex 44.6 25.9 8.1
      vertex 44.6 25.9 9.4
    endloop
  endfacet
  facet normal 1 0 0
    outer loop
      vertex 44.6 25.9 8.1
      vertex 44.6 25.7 9.4
      vertex 44.6 25.7 8.1
    endloop
  endfacet
  facet normal 0 1 0
    outer loop
      vertex 48 18.1 20
      vertex 45.6 18.1 9.4
      vertex 45.6 18.1 20
    endloop
  endfacet
  facet normal 0 1 -0
    outer loop
      vertex 48 18.1 8.1
      vertex 45.6 18.1 9.4
      vertex 48 18.1 20
    endloop
  endfacet
  facet normal 0 1 0
    outer loop
      vertex 44.6 18.1 8.1
      vertex 45.6 18.1 9.4
      vertex 48 18.1 8.1
    endloop
  endfacet
  facet normal 0 1 0
    outer loop
      vertex 45.6 18.1 9.4
      vertex 44.6 18.1 8.1
      vertex 44.6 18.1 9.4
    endloop
  endfacet
  facet normal 0 -1 0
    outer loop
      vertex 44.6 25.9 9.4
      vertex 44.6 25.9 8.1
      vertex 45.6 25.9 9.4
    endloop
  endfacet
  facet normal 0 -1 0
    outer loop
      vertex 45.6 25.9 9.4
      vertex 48 25.9 20
      vertex 45.6 25.9 20
    endloop
  endfacet
  facet normal 0 -1 0
    outer loop
      vertex 45.6 25.9 9.4
      vertex 48 25.9 8.1
      vertex 48 25.9 20
    endloop
  endfacet
  facet normal 0 -1 0
    outer loop
      vertex 48 25.9 8.1
      vertex 45.6 25.9 9.4
      vertex 44.6 25.9 8.1
    endloop
  endfacet
endsolid OpenSCAD_Model
